Emp_ID,Emp_Name,Order_ID,Delivery_Time_Minutes,Order_Status
DP169,Kiran M,ORD000001,31,Completed
DP003,Manoj Kumar,ORD000002,33,Cancelled
DP153,Ravi Kumar,ORD000003,11,Completed
DP228,Suresh Kumar,ORD000004,34,Completed
DP130,Kiran M,ORD000005,35,Cancelled
DP177,Ravi Kumar,ORD000006,35,Cancelled
DP009,Mohan Raj,ORD000007,17,Cancelled
DP154,Lokesh K,ORD000008,29,Completed
DP121,Nithin P,ORD000009,42,Completed
DP232,Dinesh R,ORD000010,17,Rejected
DP244,Nithin P,ORD000011,39,Rejected
DP163,Prakash S,ORD000012,10,Completed
DP167,Vijay S,ORD000013,14,Completed
DP234,Nithin P,ORD000014,23,Cancelled
DP218,Mohan Raj,ORD000015,29,Completed
DP022,Imran Khan,ORD000016,20,Cancelled
DP192,Vijay S,ORD000017,31,Rejected
DP233,Prakash S,ORD000018,19,Completed
DP239,Lokesh K,ORD000019,43,Completed
DP213,Vijay S,ORD000020,23,Cancelled
DP197,Nithin P,ORD000021,29,Completed
DP129,Manoj Kumar,ORD000022,34,Rejected
DP093,Prakash S,ORD000023,13,Completed
DP122,Vijay S,ORD000024,13,Rejected
DP069,Vijay S,ORD000025,29,Completed
DP135,Dinesh R,ORD000026,45,Cancelled
DP035,Mohan Raj,ORD000027,12,Rejected
DP090,Ajay Kumar,ORD000028,13,Completed
DP005,Vijay S,ORD000029,33,Completed
DP022,Imran Khan,ORD000030,32,Completed
DP057,Ajay Kumar,ORD000031,36,Completed
DP192,Imran Khan,ORD000032,32,Rejected
DP142,Kiran M,ORD000033,13,Rejected
DP229,Manoj Kumar,ORD000034,15,Completed
DP058,Kiran M,ORD000035,13,Completed
DP108,Vijay S,ORD000036,16,Rejected
DP188,Suresh Kumar,ORD000037,22,Completed
DP048,Dinesh R,ORD000038,26,Cancelled
DP038,Nithin P,ORD000039,23,Completed
DP062,Dinesh R,ORD000040,31,Completed
DP165,Kiran M,ORD000041,39,Completed
DP100,Lokesh K,ORD000042,44,Cancelled
DP139,Ravi Kumar,ORD000043,41,Completed
DP188,Lokesh K,ORD000044,38,Completed
DP160,Mohan Raj,ORD000045,31,Completed
DP099,Vijay S,ORD000046,18,Completed
DP175,Prakash S,ORD000047,14,Completed
DP183,Suresh Kumar,ORD000048,24,Cancelled
DP238,Mohan Raj,ORD000049,26,Completed
DP187,Mohan Raj,ORD000050,45,Cancelled
DP109,Prakash S,ORD000051,22,Cancelled
DP124,Imran Khan,ORD000052,15,Rejected
DP114,Prakash S,ORD000053,43,Rejected
DP037,Nithin P,ORD000054,36,Rejected
DP151,Dinesh R,ORD000055,43,Cancelled
DP132,Mohan Raj,ORD000056,42,Completed
DP005,Suresh Kumar,ORD000057,18,Cancelled
DP058,Mohan Raj,ORD000058,11,Completed
DP129,Nithin P,ORD000059,23,Rejected
DP196,Kiran M,ORD000060,44,Rejected
DP165,Dinesh R,ORD000061,32,Cancelled
DP169,Kiran M,ORD000062,42,Cancelled
DP162,Dinesh R,ORD000063,27,Cancelled
DP087,Manoj Kumar,ORD000064,10,Cancelled
DP089,Imran Khan,ORD000065,45,Cancelled
DP102,Ajay Kumar,ORD000066,21,Rejected
DP120,Vijay S,ORD000067,39,Completed
DP138,Ravi Kumar,ORD000068,29,Completed
DP065,Manoj Kumar,ORD000069,35,Completed
DP171,Suresh Kumar,ORD000070,42,Rejected
DP154,Mohan Raj,ORD000071,35,Rejected
DP110,Kiran M,ORD000072,32,Completed
DP128,Imran Khan,ORD000073,31,Cancelled
DP192,Dinesh R,ORD000074,44,Completed
DP052,Manoj Kumar,ORD000075,15,Rejected
DP024,Imran Khan,ORD000076,19,Completed
DP184,Kiran M,ORD000077,25,Cancelled
DP044,Imran Khan,ORD000078,40,Completed
DP084,Mohan Raj,ORD000079,33,Completed
DP179,Mohan Raj,ORD000080,37,Cancelled
DP197,Nithin P,ORD000081,24,Cancelled
DP084,Ajay Kumar,ORD000082,35,Cancelled
DP234,Manoj Kumar,ORD000083,15,Completed
DP200,Kiran M,ORD000084,45,Completed
DP242,Nithin P,ORD000085,10,Completed
DP048,Kiran M,ORD000086,36,Rejected
DP085,Nithin P,ORD000087,23,Completed
DP099,Vijay S,ORD000088,31,Cancelled
DP183,Dinesh R,ORD000089,42,Rejected
DP221,Lokesh K,ORD000090,11,Cancelled
DP014,Vijay S,ORD000091,23,Completed
DP124,Manoj Kumar,ORD000092,43,Completed
DP033,Mohan Raj,ORD000093,36,Completed
DP009,Kiran M,ORD000094,30,Completed
DP111,Manoj Kumar,ORD000095,12,Completed
DP247,Nithin P,ORD000096,21,Cancelled
DP144,Mohan Raj,ORD000097,12,Completed
DP081,Ravi Kumar,ORD000098,25,Cancelled
DP073,Ravi Kumar,ORD000099,15,Completed
DP036,Imran Khan,ORD000100,21,Cancelled
DP167,Prakash S,ORD000101,36,Rejected
DP083,Prakash S,ORD000102,22,Cancelled
DP177,Vijay S,ORD000103,32,Cancelled
DP178,Manoj Kumar,ORD000104,14,Completed
DP014,Suresh Kumar,ORD000105,30,Completed
DP135,Ajay Kumar,ORD000106,31,Completed
DP090,Vijay S,ORD000107,42,Completed
DP174,Prakash S,ORD000108,14,Completed
DP167,Lokesh K,ORD000109,35,Rejected
DP169,Lokesh K,ORD000110,27,Completed
DP214,Imran Khan,ORD000111,18,Cancelled
DP058,Ajay Kumar,ORD000112,10,Completed
DP191,Lokesh K,ORD000113,44,Completed
DP160,Suresh Kumar,ORD000114,43,Completed
DP071,Suresh Kumar,ORD000115,41,Rejected
DP159,Ravi Kumar,ORD000116,44,Completed
DP023,Mohan Raj,ORD000117,22,Completed
DP177,Manoj Kumar,ORD000118,37,Rejected
DP007,Kiran M,ORD000119,31,Completed
DP190,Prakash S,ORD000120,42,Completed
DP062,Nithin P,ORD000121,13,Completed
DP172,Ravi Kumar,ORD000122,23,Completed
DP107,Vijay S,ORD000123,37,Completed
DP022,Manoj Kumar,ORD000124,23,Completed
DP133,Mohan Raj,ORD000125,32,Completed
DP066,Kiran M,ORD000126,12,Completed
DP007,Ajay Kumar,ORD000127,35,Completed
DP027,Vijay S,ORD000128,41,Completed
DP188,Suresh Kumar,ORD000129,43,Cancelled
DP119,Suresh Kumar,ORD000130,35,Completed
DP222,Mohan Raj,ORD000131,13,Rejected
DP248,Suresh Kumar,ORD000132,13,Rejected
DP147,Imran Khan,ORD000133,10,Completed
DP192,Dinesh R,ORD000134,33,Rejected
DP047,Lokesh K,ORD000135,33,Completed
DP203,Nithin P,ORD000136,13,Cancelled
DP086,Suresh Kumar,ORD000137,41,Rejected
DP154,Ajay Kumar,ORD000138,41,Completed
DP176,Mohan Raj,ORD000139,30,Rejected
DP030,Manoj Kumar,ORD000140,25,Cancelled
DP048,Ajay Kumar,ORD000141,32,Completed
DP203,Prakash S,ORD000142,15,Completed
DP209,Dinesh R,ORD000143,14,Cancelled
DP138,Kiran M,ORD000144,39,Completed
DP212,Ravi Kumar,ORD000145,24,Rejected
DP218,Suresh Kumar,ORD000146,31,Cancelled
DP197,Ravi Kumar,ORD000147,36,Cancelled
DP051,Nithin P,ORD000148,37,Completed
DP043,Manoj Kumar,ORD000149,19,Rejected
DP195,Ravi Kumar,ORD000150,20,Completed
DP153,Suresh Kumar,ORD000151,26,Cancelled
DP206,Kiran M,ORD000152,32,Cancelled
DP002,Kiran M,ORD000153,21,Completed
DP211,Ajay Kumar,ORD000154,23,Completed
DP082,Dinesh R,ORD000155,32,Cancelled
DP031,Kiran M,ORD000156,10,Completed
DP089,Kiran M,ORD000157,34,Rejected
DP092,Mohan Raj,ORD000158,21,Completed
DP237,Prakash S,ORD000159,42,Cancelled
DP112,Manoj Kumar,ORD000160,40,Completed
DP175,Nithin P,ORD000161,40,Completed
DP008,Lokesh K,ORD000162,18,Completed
DP033,Prakash S,ORD000163,32,Cancelled
DP228,Mohan Raj,ORD000164,19,Completed
DP005,Suresh Kumar,ORD000165,40,Rejected
DP134,Ajay Kumar,ORD000166,14,Completed
DP208,Suresh Kumar,ORD000167,16,Completed
DP062,Ravi Kumar,ORD000168,25,Completed
DP011,Manoj Kumar,ORD000169,28,Rejected
DP239,Vijay S,ORD000170,10,Completed
DP036,Imran Khan,ORD000171,13,Cancelled
DP207,Mohan Raj,ORD000172,23,Rejected
DP008,Ravi Kumar,ORD000173,26,Completed
DP237,Ajay Kumar,ORD000174,44,Completed
DP238,Manoj Kumar,ORD000175,22,Completed
DP077,Suresh Kumar,ORD000176,29,Cancelled
DP208,Imran Khan,ORD000177,12,Completed
DP009,Kiran M,ORD000178,19,Completed
DP215,Ravi Kumar,ORD000179,30,Completed
DP193,Ajay Kumar,ORD000180,22,Cancelled
DP204,Suresh Kumar,ORD000181,34,Completed
DP094,Vijay S,ORD000182,12,Rejected
DP043,Vijay S,ORD000183,14,Cancelled
DP086,Manoj Kumar,ORD000184,32,Completed
DP024,Ravi Kumar,ORD000185,44,Completed
DP050,Imran Khan,ORD000186,21,Completed
DP128,Prakash S,ORD000187,29,Cancelled
DP140,Suresh Kumar,ORD000188,35,Completed
DP100,Vijay S,ORD000189,30,Rejected
DP203,Vijay S,ORD000190,40,Completed
DP243,Lokesh K,ORD000191,34,Cancelled
DP064,Lokesh K,ORD000192,45,Completed
DP023,Suresh Kumar,ORD000193,42,Completed
DP195,Prakash S,ORD000194,39,Rejected
DP045,Mohan Raj,ORD000195,44,Completed
DP158,Imran Khan,ORD000196,30,Completed
DP042,Dinesh R,ORD000197,36,Cancelled
DP110,Imran Khan,ORD000198,30,Completed
DP076,Manoj Kumar,ORD000199,37,Completed
DP110,Ajay Kumar,ORD000200,34,Completed
DP126,Lokesh K,ORD000201,16,Completed
DP011,Imran Khan,ORD000202,16,Cancelled
DP199,Suresh Kumar,ORD000203,12,Completed
DP203,Kiran M,ORD000204,24,Completed
DP065,Lokesh K,ORD000205,24,Rejected
DP020,Suresh Kumar,ORD000206,15,Completed
DP152,Imran Khan,ORD000207,33,Rejected
DP168,Ravi Kumar,ORD000208,34,Cancelled
DP118,Suresh Kumar,ORD000209,16,Completed
DP181,Kiran M,ORD000210,37,Rejected
DP168,Mohan Raj,ORD000211,21,Completed
DP024,Dinesh R,ORD000212,17,Cancelled
DP123,Vijay S,ORD000213,31,Rejected
DP242,Dinesh R,ORD000214,11,Completed
DP053,Kiran M,ORD000215,19,Completed
DP030,Dinesh R,ORD000216,39,Rejected
DP069,Kiran M,ORD000217,27,Completed
DP145,Nithin P,ORD000218,43,Completed
DP046,Imran Khan,ORD000219,13,Cancelled
DP181,Nithin P,ORD000220,20,Completed
DP078,Lokesh K,ORD000221,18,Completed
DP027,Suresh Kumar,ORD000222,33,Completed
DP051,Mohan Raj,ORD000223,14,Completed
DP105,Dinesh R,ORD000224,11,Completed
DP231,Ajay Kumar,ORD000225,12,Completed
DP015,Vijay S,ORD000226,41,Completed
DP015,Ravi Kumar,ORD000227,38,Rejected
DP087,Dinesh R,ORD000228,29,Completed
DP143,Manoj Kumar,ORD000229,10,Cancelled
DP238,Manoj Kumar,ORD000230,44,completed
DP194,Nithin P,ORD000231,19,Completed
DP175,Ravi Kumar,ORD000232,18,Cancelled
DP040,Dinesh R,ORD000233,40,Rejected
DP053,Ajay Kumar,ORD000234,28,Completed
DP127,Prakash S,ORD000235,29,Completed
DP051,Mohan Raj,ORD000236,23,Cancelled
DP058,Mohan Raj,ORD000237,31,Rejected
DP017,Ajay Kumar,ORD000238,14,Cancelled
DP212,Suresh Kumar,ORD000239,45,Completed
DP238,Ajay Kumar,ORD000240,14,Completed
DP168,Prakash S,ORD000241,29,Completed
DP096,Lokesh K,ORD000242,33,Completed
DP058,Lokesh K,ORD000243,22,Completed
DP248,Vijay S,ORD000244,31,Cancelled
DP103,Ravi Kumar,ORD000245,44,Completed
DP206,Kiran M,ORD000246,13,Completed
DP243,Dinesh R,ORD000247,22,Completed
DP236,Suresh Kumar,ORD000248,14,Completed
DP136,Prakash S,ORD000249,38,Completed
DP201,Lokesh K,ORD000250,40,Completed
DP208,Ravi Kumar,ORD000251,35,Completed
DP090,Vijay S,ORD000252,45,Cancelled
DP220,Mohan Raj,ORD000253,31,Cancelled
DP066,Ajay Kumar,ORD000254,35,Cancelled
DP048,Prakash S,ORD000255,25,Completed
DP043,Manoj Kumar,ORD000256,32,Completed
DP158,Dinesh R,ORD000257,25,Cancelled
DP159,Manoj Kumar,ORD000258,34,Cancelled
DP116,Kiran M,ORD000259,42,Completed
DP132,Nithin P,ORD000260,29,Completed
DP160,Ajay Kumar,ORD000261,13,Completed
DP042,Imran Khan,ORD000262,19,Completed
DP139,Ravi Kumar,ORD000263,37,Rejected
DP124,Manoj Kumar,ORD000264,16,Completed
DP152,Manoj Kumar,ORD000265,41,Completed
DP178,Nithin P,ORD000266,44,Completed
DP248,Imran Khan,ORD000267,25,Completed
DP040,Mohan Raj,ORD000268,22,Completed
DP213,Vijay S,ORD000269,38,Completed
DP065,Dinesh R,ORD000270,32,Cancelled
DP073,Ravi Kumar,ORD000271,10,Rejected
DP181,Imran Khan,ORD000272,11,Rejected
DP126,Ravi Kumar,ORD000273,17,Cancelled
DP001,Kiran M,ORD000274,18,Cancelled
DP123,Imran Khan,ORD000275,14,Cancelled
DP051,Ajay Kumar,ORD000276,31,Completed
DP232,Ajay Kumar,ORD000277,22,Completed
DP195,Nithin P,ORD000278,10,Completed
DP137,Vijay S,ORD000279,31,Completed
DP133,Nithin P,ORD000280,24,Rejected
DP101,Mohan Raj,ORD000281,16,Completed
DP184,Imran Khan,ORD000282,37,Cancelled
DP198,Suresh Kumar,ORD000283,10,Rejected
DP178,Suresh Kumar,ORD000284,32,Completed
DP217,Prakash S,ORD000285,13,Cancelled
DP120,Nithin P,ORD000286,34,Completed
DP073,Nithin P,ORD000287,19,Completed
DP172,Suresh Kumar,ORD000288,21,Completed
DP224,Nithin P,ORD000289,16,Rejected
DP154,Vijay S,ORD000290,25,Cancelled
DP012,Nithin P,ORD000291,22,Rejected
DP079,Vijay S,ORD000292,22,Completed
DP211,Imran Khan,ORD000293,10,Completed
DP173,Ajay Kumar,ORD000294,20,Completed
DP013,Suresh Kumar,ORD000295,18,Cancelled
DP124,Mohan Raj,ORD000296,18,Completed
DP166,Ravi Kumar,ORD000297,16,Completed
DP012,Ravi Kumar,ORD000298,26,Completed
DP056,Lokesh K,ORD000299,11,Rejected
DP229,Mohan Raj,ORD000300,32,Rejected
DP224,Ajay Kumar,ORD000301,20,Cancelled
DP174,Kiran M,ORD000302,45,Completed
DP078,Prakash S,ORD000303,24,Completed
DP190,Ravi Kumar,ORD000304,27,Cancelled
DP165,Ravi Kumar,ORD000305,17,Completed
DP050,Imran Khan,ORD000306,14,Completed
DP078,Suresh Kumar,ORD000307,38,Rejected
DP011,Dinesh R,ORD000308,33,Rejected
DP196,Manoj Kumar,ORD000309,22,Completed
DP163,Lokesh K,ORD000310,14,Cancelled
DP062,Nithin P,ORD000311,21,Rejected
DP127,Ravi Kumar,ORD000312,20,Completed
DP042,Manoj Kumar,ORD000313,12,Completed
DP166,Ajay Kumar,ORD000314,23,Completed
DP044,Prakash S,ORD000315,38,Completed
DP079,Vijay S,ORD000316,25,Cancelled
DP105,Dinesh R,ORD000317,45,Cancelled
DP009,Vijay S,ORD000318,38,Completed
DP005,Prakash S,ORD000319,16,Completed
DP206,Mohan Raj,ORD000320,41,Rejected
DP018,Suresh Kumar,ORD000321,30,Completed
DP187,Suresh Kumar,ORD000322,37,Completed
DP152,Nithin P,ORD000323,42,Rejected
DP120,Ajay Kumar,ORD000324,12,Rejected
DP050,Ajay Kumar,ORD000325,25,Completed
DP039,Imran Khan,ORD000326,25,Rejected
DP157,Ajay Kumar,ORD000327,43,Rejected
DP080,Ajay Kumar,ORD000328,26,Completed
DP021,Prakash S,ORD000329,28,Completed
DP117,Manoj Kumar,ORD000330,31,Completed
DP245,Ajay Kumar,ORD000331,25,Completed
DP154,Nithin P,ORD000332,32,Completed
DP234,Ajay Kumar,ORD000333,36,Completed
DP169,Lokesh K,ORD000334,19,Rejected
DP168,Kiran M,ORD000335,11,Completed
DP207,Ravi Kumar,ORD000336,18,Rejected
DP096,Vijay S,ORD000337,24,Cancelled
DP008,Ajay Kumar,ORD000338,12,Completed
DP070,Kiran M,ORD000339,12,Cancelled
DP090,Dinesh R,ORD000340,21,Cancelled
DP021,Lokesh K,ORD000341,42,Rejected
DP214,Dinesh R,ORD000342,28,Cancelled
DP041,Manoj Kumar,ORD000343,21,Completed
DP017,Vijay S,ORD000344,43,Completed
DP052,Prakash S,ORD000345,39,Completed
DP107,Manoj Kumar,ORD000346,11,Rejected
DP092,Suresh Kumar,ORD000347,32,Completed
DP176,Manoj Kumar,ORD000348,35,Rejected
DP171,Nithin P,ORD000349,25,Completed
DP164,Manoj Kumar,ORD000350,11,Completed
DP020,Suresh Kumar,ORD000351,16,Cancelled
DP154,Vijay S,ORD000352,42,Completed
DP219,Suresh Kumar,ORD000353,14,Completed
DP210,Kiran M,ORD000354,11,Completed
DP088,Kiran M,ORD000355,41,Completed
DP231,Mohan Raj,ORD000356,34,Completed
DP087,Mohan Raj,ORD000357,15,Cancelled
DP129,Dinesh R,ORD000358,33,Completed
DP246,Ravi Kumar,ORD000359,40,Completed
DP184,Vijay S,ORD000360,37,Completed
DP022,Ravi Kumar,ORD000361,33,Completed
DP244,Ravi Kumar,ORD000362,36,Completed
DP212,Mohan Raj,ORD000363,36,Completed
DP044,Kiran M,ORD000364,38,Cancelled
DP196,Mohan Raj,ORD000365,25,Completed
DP062,Vijay S,ORD000366,29,Completed
DP041,Suresh Kumar,ORD000367,21,Completed
DP199,Kiran M,ORD000368,26,Completed
DP094,Mohan Raj,ORD000369,25,Rejected
DP145,Imran Khan,ORD000370,24,Completed
DP052,Suresh Kumar,ORD000371,37,Completed
DP098,Kiran M,ORD000372,33,Completed
DP197,Imran Khan,ORD000373,22,Completed
DP200,Suresh Kumar,ORD000374,18,Completed
DP004,Suresh Kumar,ORD000375,42,Rejected
DP222,Imran Khan,ORD000376,16,Completed
DP007,Vijay S,ORD000377,30,Completed
DP057,Ravi Kumar,ORD000378,36,Completed
DP219,Imran Khan,ORD000379,15,Completed
DP160,Vijay S,ORD000380,34,Completed
DP146,Lokesh K,ORD000381,12,Rejected
DP207,Ravi Kumar,ORD000382,12,Completed
DP021,Mohan Raj,ORD000383,40,Cancelled
DP196,Prakash S,ORD000384,25,Cancelled
DP166,Dinesh R,ORD000385,12,Completed
DP234,Lokesh K,ORD000386,14,Cancelled
DP200,Nithin P,ORD000387,43,Cancelled
DP234,Dinesh R,ORD000388,29,Cancelled
DP170,Ravi Kumar,ORD000389,31,Completed
DP041,Manoj Kumar,ORD000390,41,Cancelled
DP096,Lokesh K,ORD000391,41,Rejected
DP201,Ravi Kumar,ORD000392,30,Completed
DP055,Imran Khan,ORD000393,15,Completed
DP128,Suresh Kumar,ORD000394,39,Completed
DP189,Lokesh K,ORD000395,14,Rejected
DP171,Imran Khan,ORD000396,15,Rejected
DP166,Ajay Kumar,ORD000397,36,Completed
DP218,Imran Khan,ORD000398,15,Completed
DP140,Prakash S,ORD000399,14,Cancelled
DP106,Kiran M,ORD000400,33,Completed
DP187,Suresh Kumar,ORD000401,20,Rejected
DP100,Prakash S,ORD000402,40,Completed
DP158,Lokesh K,ORD000403,20,Completed
DP238,Prakash S,ORD000404,13,Cancelled
DP209,Lokesh K,ORD000405,34,Completed
DP049,Vijay S,ORD000406,12,Cancelled
DP202,Nithin P,ORD000407,17,Completed
DP115,Manoj Kumar,ORD000408,23,Cancelled
DP151,Suresh Kumar,ORD000409,19,Cancelled
DP073,Prakash S,ORD000410,32,Completed
DP100,Ravi Kumar,ORD000411,23,Cancelled
DP076,Lokesh K,ORD000412,25,Completed
DP240,Prakash S,ORD000413,16,Rejected
DP094,Lokesh K,ORD000414,44,Cancelled
DP222,Kiran M,ORD000415,19,Completed
DP186,Suresh Kumar,ORD000416,24,Completed
DP191,Mohan Raj,ORD000417,15,Rejected
DP091,Manoj Kumar,ORD000418,22,Cancelled
DP244,Suresh Kumar,ORD000419,33,Completed
DP073,Vijay S,ORD000420,22,Cancelled
DP102,Prakash S,ORD000421,13,Rejected
DP029,Dinesh R,ORD000422,14,Completed
DP244,Kiran M,ORD000423,22,Completed
DP160,Suresh Kumar,ORD000424,19,Cancelled
DP009,Prakash S,ORD000425,10,Rejected
DP195,Manoj Kumar,ORD000426,37,Rejected
DP233,Vijay S,ORD000427,18,Rejected
DP005,Imran Khan,ORD000428,21,Rejected
DP166,Vijay S,ORD000429,38,Completed
DP178,Kiran M,ORD000430,29,Completed
DP184,Kiran M,ORD000431,41,Cancelled
DP091,Ajay Kumar,ORD000432,27,Cancelled
DP102,Prakash S,ORD000433,21,Completed
DP131,Imran Khan,ORD000434,17,Rejected
DP080,Ajay Kumar,ORD000435,28,Completed
DP030,Manoj Kumar,ORD000436,31,Cancelled
DP041,Dinesh R,ORD000437,15,Completed
DP047,Manoj Kumar,ORD000438,38,Rejected
DP004,Vijay S,ORD000439,41,Completed
DP026,Imran Khan,ORD000440,41,Completed
DP173,Mohan Raj,ORD000441,40,Cancelled
DP117,Kiran M,ORD000442,13,Rejected
DP003,Ravi Kumar,ORD000443,11,Completed
DP051,Lokesh K,ORD000444,20,Completed
DP056,Imran Khan,ORD000445,11,Completed
DP163,Ravi Kumar,ORD000446,15,Completed
DP008,Dinesh R,ORD000447,43,Completed
DP161,Lokesh K,ORD000448,18,Completed
DP245,Nithin P,ORD000449,39,Completed
DP193,Ajay Kumar,ORD000450,14,Completed
DP187,Mohan Raj,ORD000451,20,Completed
DP150,Dinesh R,ORD000452,18,Completed
DP161,Lokesh K,ORD000453,37,Completed
DP143,Manoj Kumar,ORD000454,17,Rejected
DP116,Manoj Kumar,ORD000455,25,Rejected
DP122,Kiran M,ORD000456,14,Cancelled
DP221,Dinesh R,ORD000457,13,Completed
DP132,Imran Khan,ORD000458,14,Completed
DP119,Nithin P,ORD000459,29,Completed
DP196,Kiran M,ORD000460,38,Cancelled
DP141,Dinesh R,ORD000461,33,Rejected
DP141,Ajay Kumar,ORD000462,11,Completed
DP025,Prakash S,ORD000463,15,Completed
DP006,Ravi Kumar,ORD000464,31,Rejected
DP173,Ajay Kumar,ORD000465,24,Rejected
DP175,Mohan Raj,ORD000466,31,Completed
DP223,Lokesh K,ORD000467,45,Rejected
DP155,Imran Khan,ORD000468,10,Completed
DP045,Suresh Kumar,ORD000469,39,Cancelled
DP047,Prakash S,ORD000470,19,Completed
DP031,Nithin P,ORD000471,30,Rejected
DP037,Dinesh R,ORD000472,10,Completed
DP091,Nithin P,ORD000473,39,Completed
DP039,Ravi Kumar,ORD000474,23,Completed
DP050,Nithin P,ORD000475,35,Cancelled
DP160,Mohan Raj,ORD000476,19,Completed
DP143,Imran Khan,ORD000477,26,Rejected
DP245,Imran Khan,ORD000478,40,Rejected
DP237,Ajay Kumar,ORD000479,10,Completed
DP226,Mohan Raj,ORD000480,32,Rejected
DP238,Suresh Kumar,ORD000481,29,Completed
DP079,Dinesh R,ORD000482,44,Cancelled
DP233,Lokesh K,ORD000483,32,Completed
DP250,Mohan Raj,ORD000484,22,Completed
DP015,Vijay S,ORD000485,42,Completed
DP084,Lokesh K,ORD000486,29,Cancelled
DP152,Kiran M,ORD000487,34,Completed
DP006,Dinesh R,ORD000488,45,Completed
DP132,Mohan Raj,ORD000489,43,Cancelled
DP130,Mohan Raj,ORD000490,41,Cancelled
DP112,Lokesh K,ORD000491,25,Completed
DP237,Imran Khan,ORD000492,11,Rejected
DP242,Imran Khan,ORD000493,41,Completed
DP151,Lokesh K,ORD000494,23,Completed
DP232,Ajay Kumar,ORD000495,45,Rejected
DP127,Imran Khan,ORD000496,40,Completed
DP090,Lokesh K,ORD000497,41,Completed
DP022,Imran Khan,ORD000498,20,Cancelled
DP155,Nithin P,ORD000499,31,Completed
DP089,Prakash S,ORD000500,21,Cancelled
DP174,Ravi Kumar,ORD000501,10,Completed
DP210,Lokesh K,ORD000502,18,Completed
DP211,Imran Khan,ORD000503,44,Completed
DP083,Ravi Kumar,ORD000504,35,Completed
DP205,Ajay Kumar,ORD000505,13,Completed
DP054,Manoj Kumar,ORD000506,42,Completed
DP005,Kiran M,ORD000507,17,Completed
DP030,Prakash S,ORD000508,13,Rejected
DP090,Vijay S,ORD000509,44,Completed
DP080,Vijay S,ORD000510,44,Cancelled
DP241,Dinesh R,ORD000511,25,Completed
DP101,Mohan Raj,ORD000512,24,Completed
DP049,Vijay S,ORD000513,44,Cancelled
DP048,Suresh Kumar,ORD000514,28,Rejected
DP149,Vijay S,ORD000515,29,Completed
DP205,Manoj Kumar,ORD000516,12,Completed
DP093,Prakash S,ORD000517,28,Cancelled
DP068,Lokesh K,ORD000518,33,Cancelled
DP246,Ajay Kumar,ORD000519,36,Completed
DP136,Ravi Kumar,ORD000520,33,Completed
DP021,Suresh Kumar,ORD000521,10,Completed
DP214,Nithin P,ORD000522,16,Completed
DP108,Prakash S,ORD000523,28,Completed
DP103,Prakash S,ORD000524,19,Cancelled
DP198,Ravi Kumar,ORD000525,12,Completed
DP131,Suresh Kumar,ORD000526,24,Completed
DP110,Ravi Kumar,ORD000527,38,Cancelled
DP138,Ravi Kumar,ORD000528,27,Completed
DP237,Imran Khan,ORD000529,21,Completed
DP189,Ravi Kumar,ORD000530,28,Completed
DP237,Lokesh K,ORD000531,12,Completed
DP242,Nithin P,ORD000532,11,Completed
DP204,Vijay S,ORD000533,25,Cancelled
DP185,Mohan Raj,ORD000534,21,Completed
DP169,Dinesh R,ORD000535,19,Completed
DP083,Mohan Raj,ORD000536,27,Completed
DP207,Nithin P,ORD000537,10,Cancelled
DP221,Lokesh K,ORD000538,20,Rejected
DP120,Suresh Kumar,ORD000539,32,Completed
DP119,Manoj Kumar,ORD000540,43,Rejected
DP182,Kiran M,ORD000541,40,Rejected
DP129,Kiran M,ORD000542,29,Rejected
DP141,Lokesh K,ORD000543,20,Completed
DP143,Imran Khan,ORD000544,14,Completed
DP214,Lokesh K,ORD000545,34,Completed
DP036,Ravi Kumar,ORD000546,33,Completed
DP073,Prakash S,ORD000547,40,Cancelled
DP140,Lokesh K,ORD000548,23,Completed
DP165,Prakash S,ORD000549,22,Rejected
DP166,Ajay Kumar,ORD000550,25,Completed
DP187,Suresh Kumar,ORD000551,39,Completed
DP128,Lokesh K,ORD000552,21,Completed
DP015,Ajay Kumar,ORD000553,13,Cancelled
DP221,Dinesh R,ORD000554,34,Completed
DP025,Prakash S,ORD000555,11,Completed
DP130,Ravi Kumar,ORD000556,15,Completed
DP163,Manoj Kumar,ORD000557,28,Completed
DP001,Lokesh K,ORD000558,36,Rejected
DP031,Mohan Raj,ORD000559,34,Completed
DP055,Vijay S,ORD000560,32,Rejected
DP194,Lokesh K,ORD000561,27,Completed
DP062,Manoj Kumar,ORD000562,13,Cancelled
DP090,Ajay Kumar,ORD000563,39,Cancelled
DP224,Prakash S,ORD000564,29,Completed
DP142,Kiran M,ORD000565,16,Completed
DP067,Mohan Raj,ORD000566,40,Completed
DP228,Prakash S,ORD000567,20,Rejected
DP013,Lokesh K,ORD000568,17,Cancelled
DP164,Lokesh K,ORD000569,27,Completed
DP084,Prakash S,ORD000570,19,Completed
DP119,Vijay S,ORD000571,33,Completed
DP100,Prakash S,ORD000572,21,Rejected
DP222,Suresh Kumar,ORD000573,15,Completed
DP049,Ajay Kumar,ORD000574,32,Completed
DP242,Dinesh R,ORD000575,18,Completed
DP007,Ajay Kumar,ORD000576,34,Rejected
DP114,Vijay S,ORD000577,15,Rejected
DP250,Dinesh R,ORD000578,25,Cancelled
DP160,Lokesh K,ORD000579,31,Completed
DP186,Suresh Kumar,ORD000580,18,Completed
DP023,Mohan Raj,ORD000581,17,Cancelled
DP064,Imran Khan,ORD000582,32,Completed
DP047,Mohan Raj,ORD000583,25,Completed
DP210,Dinesh R,ORD000584,44,Completed
DP151,Prakash S,ORD000585,10,Rejected
DP184,Manoj Kumar,ORD000586,10,Completed
DP159,Mohan Raj,ORD000587,21,Completed
DP080,Mohan Raj,ORD000588,39,Completed
DP030,Manoj Kumar,ORD000589,29,Cancelled
DP151,Manoj Kumar,ORD000590,25,Completed
DP238,Manoj Kumar,ORD000591,28,Completed
DP246,Dinesh R,ORD000592,32,Completed
DP183,Ravi Kumar,ORD000593,15,Completed
DP046,Imran Khan,ORD000594,43,Cancelled
DP051,Lokesh K,ORD000595,13,Cancelled
DP006,Imran Khan,ORD000596,26,Completed
DP162,Kiran M,ORD000597,20,Rejected
DP007,Suresh Kumar,ORD000598,28,Completed
DP121,Manoj Kumar,ORD000599,27,Completed
DP065,Ajay Kumar,ORD000600,22,Cancelled
DP052,Nithin P,ORD000601,25,Cancelled
DP046,Lokesh K,ORD000602,16,Rejected
DP182,Kiran M,ORD000603,39,Cancelled
DP084,Vijay S,ORD000604,29,Cancelled
DP243,Ajay Kumar,ORD000605,42,Completed
DP108,Manoj Kumar,ORD000606,40,Completed
DP004,Ravi Kumar,ORD000607,13,Completed
DP037,Kiran M,ORD000608,10,Rejected
DP156,Mohan Raj,ORD000609,30,Completed
DP010,Prakash S,ORD000610,19,Rejected
DP083,Ajay Kumar,ORD000611,42,Completed
DP082,Kiran M,ORD000612,17,Completed
DP189,Imran Khan,ORD000613,34,Completed
DP160,Lokesh K,ORD000614,15,Rejected
DP118,Imran Khan,ORD000615,15,Cancelled
DP131,Kiran M,ORD000616,24,Completed
DP031,Mohan Raj,ORD000617,41,Completed
DP134,Ravi Kumar,ORD000618,14,Cancelled
DP009,Nithin P,ORD000619,22,Completed
DP134,Mohan Raj,ORD000620,36,Completed
DP221,Ajay Kumar,ORD000621,24,Completed
DP115,Prakash S,ORD000622,35,Rejected
DP195,Ajay Kumar,ORD000623,39,Completed
DP185,Nithin P,ORD000624,22,Completed
DP216,Dinesh R,ORD000625,27,Completed
DP153,Nithin P,ORD000626,25,Cancelled
DP053,Lokesh K,ORD000627,30,Completed
DP157,Nithin P,ORD000628,20,Completed
DP155,Mohan Raj,ORD000629,24,Completed
DP009,Lokesh K,ORD000630,33,Rejected
DP118,Lokesh K,ORD000631,33,Completed
DP203,Lokesh K,ORD000632,33,Completed
DP058,Vijay S,ORD000633,44,Completed
DP199,Ravi Kumar,ORD000634,10,Completed
DP199,Imran Khan,ORD000635,26,Completed
DP144,Lokesh K,ORD000636,11,Cancelled
DP125,Ajay Kumar,ORD000637,25,Rejected
DP195,Manoj Kumar,ORD000638,44,Completed
DP087,Vijay S,ORD000639,38,Completed
DP102,Manoj Kumar,ORD000640,38,Completed
DP155,Imran Khan,ORD000641,23,Completed
DP231,Ravi Kumar,ORD000642,20,Rejected
DP202,Manoj Kumar,ORD000643,23,Rejected
DP028,Manoj Kumar,ORD000644,31,Rejected
DP142,Kiran M,ORD000645,35,Completed
DP204,Imran Khan,ORD000646,12,Cancelled
DP059,Nithin P,ORD000647,22,Rejected
DP023,,ORD000648,12,Completed
DP193,Prakash S,ORD000649,28,Completed
DP007,Ravi Kumar,ORD000650,21,Cancelled
DP104,Lokesh K,ORD000651,38,Cancelled
DP011,Ravi Kumar,ORD000652,26,Rejected
DP069,Ajay Kumar,ORD000653,42,Completed
DP085,Kiran M,ORD000654,42,Cancelled
DP149,Mohan Raj,ORD000655,34,Completed
DP037,Suresh Kumar,ORD000656,28,Rejected
DP036,Vijay S,ORD000657,42,Completed
DP150,Ravi Kumar,ORD000658,12,Completed
DP241,Nithin P,ORD000659,13,Completed
DP117,Kiran M,ORD000660,38,Completed
DP206,Vijay S,ORD000661,24,Completed
DP032,Manoj Kumar,ORD000662,44,Completed
DP176,Ravi Kumar,ORD000663,17,Rejected
DP092,Suresh Kumar,ORD000664,20,Completed
DP182,Ravi Kumar,ORD000665,12,Cancelled
DP113,Dinesh R,ORD000666,44,Completed
DP144,Nithin P,ORD000667,35,Completed
DP177,Mohan Raj,ORD000668,10,Completed
DP071,Lokesh K,ORD000669,42,Completed
DP050,Nithin P,ORD000670,17,Completed
DP034,Dinesh R,ORD000671,34,Rejected
DP110,Prakash S,ORD000672,36,Cancelled
DP214,Lokesh K,ORD000673,15,Completed
DP119,Nithin P,ORD000674,34,Completed
DP114,Nithin P,ORD000675,20,Completed
DP125,Suresh Kumar,ORD000676,26,Cancelled
DP235,Nithin P,ORD000677,37,Completed
DP128,Lokesh K,ORD000678,27,Rejected
DP110,Manoj Kumar,ORD000679,29,Completed
DP124,Prakash S,ORD000680,32,Completed
DP217,Ajay Kumar,ORD000681,17,Completed
DP114,Ravi Kumar,ORD000682,37,Completed
DP112,Manoj Kumar,ORD000683,32,Rejected
DP187,Imran Khan,ORD000684,28,Cancelled
DP061,Suresh Kumar,ORD000685,38,Cancelled
DP193,Lokesh K,ORD000686,24,Completed
DP026,Kiran M,ORD000687,23,Completed
DP145,Imran Khan,ORD000688,40,Cancelled
DP112,Suresh Kumar,ORD000689,29,Completed
DP050,Mohan Raj,ORD000690,35,Completed
DP051,Ravi Kumar,ORD000691,22,Rejected
DP007,Ravi Kumar,ORD000692,41,Cancelled
DP164,Nithin P,ORD000693,41,Cancelled
DP203,Dinesh R,ORD000694,36,Completed
DP094,Dinesh R,ORD000695,30,Cancelled
DP198,Vijay S,ORD000696,30,Completed
DP168,Mohan Raj,ORD000697,23,Cancelled
DP193,Imran Khan,ORD000698,27,Completed
DP044,Kiran M,ORD000699,42,Completed
DP229,Lokesh K,ORD000700,13,Completed
DP077,Ajay Kumar,ORD000701,41,Completed
DP118,Ravi Kumar,ORD000702,31,Completed
DP044,Ravi Kumar,ORD000703,30,Rejected
DP014,Ravi Kumar,ORD000704,30,Rejected
DP184,Prakash S,ORD000705,14,Completed
DP234,Lokesh K,ORD000706,14,Cancelled
DP218,Dinesh R,ORD000707,27,Rejected
DP025,Suresh Kumar,ORD000708,17,Rejected
DP180,Kiran M,ORD000709,25,Completed
DP130,Ajay Kumar,ORD000710,13,Completed
DP072,Ajay Kumar,ORD000711,33,Completed
DP096,Ravi Kumar,ORD000712,11,Completed
DP011,Kiran M,ORD000713,33,Completed
DP036,Mohan Raj,ORD000714,34,Completed
DP044,Dinesh R,ORD000715,12,Cancelled
DP229,Lokesh K,ORD000716,23,Rejected
DP176,Ravi Kumar,ORD000717,14,Cancelled
DP121,Imran Khan,ORD000718,33,Rejected
DP244,Kiran M,ORD000719,16,Completed
DP135,Dinesh R,ORD000720,32,Completed
DP005,Imran Khan,ORD000721,32,Completed
DP093,Kiran M,ORD000722,36,Cancelled
DP026,Ravi Kumar,ORD000723,25,Rejected
DP136,Kiran M,ORD000724,12,Completed
DP245,Lokesh K,ORD000725,10,Completed
DP101,Ajay Kumar,ORD000726,43,Completed
DP115,Prakash S,ORD000727,40,Cancelled
DP203,Kiran M,ORD000728,22,Completed
DP203,Vijay S,ORD000729,31,Completed
DP110,Suresh Kumar,ORD000730,15,Completed
DP045,Imran Khan,ORD000731,15,Rejected
DP129,Prakash S,ORD000732,10,Rejected
DP002,Vijay S,ORD000733,33,Completed
DP046,Dinesh R,ORD000734,27,Cancelled
DP089,Prakash S,ORD000735,33,Completed
DP003,Suresh Kumar,ORD000736,17,Completed
DP168,Kiran M,ORD000737,15,Cancelled
DP106,Dinesh R,ORD000738,40,Completed
DP113,Nithin P,ORD000739,38,Completed
DP029,Prakash S,ORD000740,32,Completed
DP008,Kiran M,ORD000741,44,Completed
DP104,Imran Khan,ORD000742,27,Cancelled
DP138,Imran Khan,ORD000743,38,Cancelled
DP015,Dinesh R,ORD000744,42,Cancelled
DP019,Lokesh K,ORD000745,45,Cancelled
DP013,Lokesh K,ORD000746,14,Rejected
DP222,Manoj Kumar,ORD000747,30,Completed
DP102,Ajay Kumar,ORD000748,25,Rejected
DP067,Vijay S,ORD000749,28,Rejected
DP187,Kiran M,ORD000750,37,Completed
DP066,Nithin P,ORD000751,18,Completed
DP228,Lokesh K,ORD000752,35,Completed
DP050,Ravi Kumar,ORD000753,24,Completed
DP030,Nithin P,ORD000754,12,Completed
DP205,Kiran M,ORD000755,34,Completed
DP136,Dinesh R,ORD000756,21,Completed
DP219,Imran Khan,ORD000757,17,Cancelled
DP011,Imran Khan,ORD000758,16,Rejected
DP090,Ajay Kumar,ORD000759,29,Rejected
DP033,Imran Khan,ORD000760,43,Completed
DP155,Nithin P,ORD000761,11,Completed
DP064,Suresh Kumar,ORD000762,14,Completed
DP180,Imran Khan,ORD000763,42,Completed
DP237,Nithin P,ORD000764,40,Completed
DP043,Vijay S,ORD000765,29,Cancelled
DP096,Manoj Kumar,ORD000766,10,Rejected
DP182,Ajay Kumar,ORD000767,45,Completed
DP235,Vijay S,ORD000768,24,Completed
DP055,Dinesh R,ORD000769,19,Rejected
DP175,Ajay Kumar,ORD000770,27,Completed
DP221,Prakash S,ORD000771,-5,Completed
DP247,Manoj Kumar,ORD000772,30,Completed
DP038,Nithin P,ORD000773,31,Rejected
DP081,Dinesh R,ORD000774,13,Rejected
DP145,Nithin P,ORD000775,38,Cancelled
DP135,Kiran M,ORD000776,33,Completed
DP114,Dinesh R,ORD000777,44,Rejected
DP098,Vijay S,ORD000778,15,Completed
DP223,Ajay Kumar,ORD000779,18,Rejected
DP170,Vijay S,ORD000780,13,Rejected
DP106,Ravi Kumar,ORD000781,21,Completed
DP096,Manoj Kumar,ORD000782,34,Completed
DP066,Ravi Kumar,ORD000783,44,Completed
DP023,Ravi Kumar,ORD000784,34,Completed
DP146,Suresh Kumar,ORD000785,10,Completed
DP029,Manoj Kumar,ORD000786,19,Cancelled
DP034,Vijay S,ORD000787,28,Cancelled
DP117,Kiran M,ORD000788,45,Cancelled
DP045,Manoj Kumar,ORD000789,23,Rejected
DP039,Suresh Kumar,ORD000790,34,Completed
DP063,Lokesh K,ORD000791,39,Completed
DP079,Vijay S,ORD000792,30,Cancelled
DP007,Ajay Kumar,ORD000793,45,Rejected
DP211,Nithin P,ORD000794,36,Completed
DP211,Ajay Kumar,ORD000795,45,Completed
DP090,Nithin P,ORD000796,25,Cancelled
DP111,Manoj Kumar,ORD000797,13,Cancelled
DP145,Imran Khan,ORD000798,17,Completed
DP191,Suresh Kumar,ORD000799,13,Completed
DP055,Manoj Kumar,ORD000800,40,Completed
DP114,Vijay S,ORD000801,43,Rejected
DP144,Suresh Kumar,ORD000802,41,Completed
DP145,Vijay S,ORD000803,31,Cancelled
DP143,Ravi Kumar,ORD000804,35,Cancelled
DP229,Ajay Kumar,ORD000805,18,Cancelled
DP145,Manoj Kumar,ORD000806,10,Completed
DP073,Ajay Kumar,ORD000807,41,Cancelled
DP075,Ajay Kumar,ORD000808,18,Completed
DP031,Prakash S,ORD000809,17,Cancelled
DP243,Vijay S,ORD000810,13,Rejected
DP158,Dinesh R,ORD000811,30,Completed
DP237,Kiran M,ORD000812,27,Completed
DP225,Nithin P,ORD000813,31,Completed
DP166,Imran Khan,ORD000814,12,Cancelled
DP029,Prakash S,ORD000815,12,Completed
DP030,Nithin P,ORD000816,38,Rejected
DP098,Manoj Kumar,ORD000817,35,Completed
DP219,Ravi Kumar,ORD000818,33,Completed
DP163,Ravi Kumar,ORD000819,42,Completed
DP195,Dinesh R,ORD000820,19,Completed
DP141,Vijay S,ORD000821,17,Rejected
DP116,Ravi Kumar,ORD000822,10,Completed
DP030,Suresh Kumar,ORD000823,30,Completed
DP138,Lokesh K,ORD000824,32,Completed
DP186,Dinesh R,ORD000825,38,Completed
DP087,Lokesh K,ORD000826,21,Completed
DP015,Kiran M,ORD000827,37,Rejected
DP190,Dinesh R,ORD000828,13,Rejected
DP234,Dinesh R,ORD000829,24,Completed
DP137,Dinesh R,ORD000830,31,Cancelled
DP159,Imran Khan,ORD000831,21,Completed
DP112,Suresh Kumar,ORD000832,43,Rejected
DP034,Nithin P,ORD000833,38,Completed
DP045,Ajay Kumar,ORD000834,45,Completed
DP197,Prakash S,ORD000835,26,Cancelled
DP136,Vijay S,ORD000836,21,Completed
DP057,Suresh Kumar,ORD000837,40,Completed
DP103,Nithin P,ORD000838,41,Completed
DP232,Dinesh R,ORD000839,25,Completed
DP163,Ravi Kumar,ORD000840,13,Cancelled
DP005,Kiran M,ORD000841,19,Completed
DP065,Suresh Kumar,ORD000842,16,Completed
DP203,Dinesh R,ORD000843,41,Completed
DP108,Vijay S,ORD000844,16,Completed
DP021,Dinesh R,ORD000845,34,Completed
DP144,Vijay S,ORD000846,30,Rejected
DP174,Nithin P,ORD000847,12,Cancelled
DP124,Imran Khan,ORD000848,14,Completed
DP138,Nithin P,ORD000849,37,Completed
DP238,Dinesh R,ORD000850,23,Rejected
DP155,Manoj Kumar,ORD000851,21,Completed
DP081,Ajay Kumar,ORD000852,13,Completed
DP065,Mohan Raj,ORD000853,38,Cancelled
DP057,Vijay S,ORD000854,29,Rejected
DP141,Suresh Kumar,ORD000855,44,Completed
DP166,Ajay Kumar,ORD000856,32,Completed
DP131,Lokesh K,ORD000857,41,Completed
DP148,Ravi Kumar,ORD000858,31,Rejected
DP038,Lokesh K,ORD000859,21,Completed
DP027,Vijay S,ORD000860,32,Completed
DP001,Prakash S,ORD000861,42,Cancelled
DP107,Ajay Kumar,ORD000862,42,Completed
DP206,Imran Khan,ORD000863,16,Rejected
DP212,Kiran M,ORD000864,17,Completed
DP190,Lokesh K,ORD000865,33,Completed
DP202,Lokesh K,ORD000866,42,Completed
DP087,Nithin P,ORD000867,16,Rejected
DP086,Nithin P,ORD000868,32,Completed
DP056,Prakash S,ORD000869,10,Completed
DP063,Kiran M,ORD000870,32,Rejected
DP195,Kiran M,ORD000871,11,Completed
DP169,Prakash S,ORD000872,42,Completed
DP081,Suresh Kumar,ORD000873,18,Completed
DP120,Ravi Kumar,ORD000874,13,Completed
DP021,Dinesh R,ORD000875,20,Completed
DP143,Imran Khan,ORD000876,20,Completed
DP220,Suresh Kumar,ORD000877,17,Rejected
DP244,Nithin P,ORD000878,13,Rejected
DP119,Ravi Kumar,ORD000879,30,Rejected
DP200,Mohan Raj,ORD000880,20,Completed
DP202,Ajay Kumar,ORD000881,23,Completed
DP217,Kiran M,ORD000882,36,Rejected
DP013,Vijay S,ORD000883,29,Rejected
DP058,Nithin P,ORD000884,11,Cancelled
DP194,Lokesh K,ORD000885,11,Completed
DP006,Vijay S,ORD000886,19,Completed
DP126,Mohan Raj,ORD000887,40,Cancelled
DP133,Prakash S,ORD000888,34,Rejected
DP049,Lokesh K,ORD000889,14,Completed
DP219,Ajay Kumar,ORD000890,42,Completed
DP246,Mohan Raj,ORD000891,35,Rejected
DP162,Suresh Kumar,ORD000892,43,Completed
DP006,Imran Khan,ORD000893,42,Completed
DP155,Mohan Raj,ORD000894,25,Cancelled
DP135,Suresh Kumar,ORD000895,42,Completed
DP225,Manoj Kumar,ORD000896,17,Completed
DP230,Lokesh K,ORD000897,42,Rejected
DP228,Manoj Kumar,ORD000898,11,Completed
DP187,Suresh Kumar,ORD000899,32,Cancelled
DP064,Prakash S,ORD000900,24,Cancelled
DP244,Prakash S,ORD000901,42,Cancelled
DP125,Vijay S,ORD000902,25,Completed
DP093,Lokesh K,ORD000903,45,Completed
DP008,Manoj Kumar,ORD000904,40,Rejected
DP038,Suresh Kumar,ORD000905,14,Completed
DP051,Dinesh R,ORD000906,31,Completed
DP246,Manoj Kumar,ORD000907,35,Rejected
DP044,Manoj Kumar,ORD000908,38,Rejected
DP100,Manoj Kumar,ORD000909,37,Completed
DP234,Nithin P,ORD000910,16,Rejected
DP107,Nithin P,ORD000911,21,Cancelled
DP230,Vijay S,ORD000912,39,Rejected
DP034,Ravi Kumar,ORD000913,38,Completed
DP087,Nithin P,ORD000914,30,Completed
DP235,Manoj Kumar,ORD000915,27,Completed
DP033,Lokesh K,ORD000916,44,Completed
DP145,Lokesh K,ORD000917,35,Completed
DP224,Kiran M,ORD000918,16,Completed
DP012,Prakash S,ORD000919,30,Cancelled
DP120,Prakash S,ORD000920,15,Rejected
DP230,Nithin P,ORD000921,35,Rejected
DP242,Manoj Kumar,ORD000922,45,Rejected
DP206,Lokesh K,ORD000923,17,Completed
DP111,Lokesh K,ORD000924,21,Completed
DP006,Nithin P,ORD000925,38,Completed
DP225,Manoj Kumar,ORD000926,10,Completed
DP205,Ajay Kumar,ORD000927,40,completed
DP131,Kiran M,ORD000928,41,Completed
DP166,Dinesh R,ORD000929,44,Completed
DP117,Vijay S,ORD000930,38,Rejected
DP141,Prakash S,ORD000931,39,Completed
DP084,Suresh Kumar,ORD000932,11,Cancelled
DP118,Mohan Raj,ORD000933,14,Cancelled
DP142,Mohan Raj,ORD000934,29,Completed
DP223,Nithin P,ORD000935,15,Cancelled
DP241,Suresh Kumar,ORD000936,15,Completed
DP101,Ravi Kumar,ORD000937,31,Cancelled
DP117,Nithin P,ORD000938,33,Completed
DP055,Dinesh R,ORD000939,29,Completed
DP223,Suresh Kumar,ORD000940,15,Completed
DP131,Ravi Kumar,ORD000941,20,Completed
DP105,Ravi Kumar,ORD000942,31,Rejected
DP017,Suresh Kumar,ORD000943,45,Completed
DP210,Prakash S,ORD000944,32,Completed
DP053,Ajay Kumar,ORD000945,29,Cancelled
DP208,Kiran M,ORD000946,20,Completed
DP203,Dinesh R,ORD000947,10,Completed
DP152,Prakash S,ORD000948,15,Rejected
DP135,Prakash S,ORD000949,35,Completed
DP203,Lokesh K,ORD000950,22,Completed
DP241,Suresh Kumar,ORD000951,34,Completed
DP223,Nithin P,ORD000952,19,Completed
DP246,Lokesh K,ORD000953,42,Completed
DP223,Kiran M,ORD000954,25,Rejected
DP027,Ajay Kumar,ORD000955,42,Completed
DP220,Kiran M,ORD000956,32,Completed
DP073,Kiran M,ORD000957,23,Completed
DP245,Mohan Raj,ORD000958,24,Cancelled
DP242,Mohan Raj,ORD000959,26,Completed
DP027,Manoj Kumar,ORD000960,37,Completed
DP047,Ravi Kumar,ORD000961,34,Completed
DP077,Ravi Kumar,ORD000962,27,Completed
DP018,Imran Khan,ORD000963,22,Rejected
DP004,Suresh Kumar,ORD000964,19,Completed
DP150,Ravi Kumar,ORD000965,15,Cancelled
DP090,Nithin P,ORD000966,11,Completed
DP140,Dinesh R,ORD000967,42,Cancelled
DP031,Nithin P,ORD000968,37,Completed
DP013,Mohan Raj,ORD000969,32,Cancelled
DP124,Prakash S,ORD000970,16,Rejected
DP166,Vijay S,ORD000971,34,Completed
DP132,Ajay Kumar,ORD000972,33,Rejected
DP048,Vijay S,ORD000973,35,Completed
DP099,Ravi Kumar,ORD000974,30,Rejected
DP095,Kiran M,ORD000975,19,Completed
DP222,Dinesh R,ORD000976,40,Completed
DP192,Ajay Kumar,ORD000977,35,Cancelled
DP006,Prakash S,ORD000978,25,Rejected
DP009,Lokesh K,ORD000979,35,Cancelled
DP220,Ajay Kumar,ORD000980,28,Cancelled
DP015,Dinesh R,ORD000981,11,Cancelled
DP162,Suresh Kumar,ORD000982,34,Rejected
DP157,Mohan Raj,ORD000983,30,Rejected
DP019,Mohan Raj,ORD000984,45,Completed
DP045,Lokesh K,ORD000985,20,Completed
DP147,Ajay Kumar,ORD000986,14,Cancelled
DP180,Suresh Kumar,ORD000987,21,Completed
DP080,Ravi Kumar,ORD000988,19,Rejected
DP115,Ajay Kumar,ORD000989,43,Cancelled
DP184,Kiran M,ORD000990,16,Cancelled
DP022,Prakash S,ORD000991,10,Completed
DP129,Kiran M,ORD000992,24,Cancelled
DP109,Ravi Kumar,ORD000993,26,Completed
DP224,Dinesh R,ORD000994,26,Completed
DP135,Manoj Kumar,ORD000995,18,Completed
DP129,Suresh Kumar,ORD000996,44,Completed
DP245,Suresh Kumar,ORD000997,33,Cancelled
DP009,Nithin P,ORD000998,45,Completed
DP250,Prakash S,ORD000999,38,Completed
DP110,Kiran M,ORD001000,13,Completed
DP173,Suresh Kumar,ORD001001,29,Rejected
DP108,Mohan Raj,ORD001002,24,Cancelled
DP006,Kiran M,ORD001003,17,Completed
DP082,Manoj Kumar,ORD001004,23,Rejected
DP101,Mohan Raj,ORD001005,28,Cancelled
DP239,Suresh Kumar,ORD001006,11,Completed
DP083,Nithin P,ORD001007,18,Completed
DP131,Lokesh K,ORD001008,44,Cancelled
DP013,Imran Khan,ORD001009,15,Cancelled
DP218,Imran Khan,ORD001010,21,Rejected
DP089,Imran Khan,ORD001011,37,Completed
DP228,Suresh Kumar,ORD001012,24,Completed
DP043,Ajay Kumar,ORD001013,15,Cancelled
DP002,Imran Khan,ORD001014,29,Cancelled
DP106,Imran Khan,ORD001015,39,Completed
DP207,Lokesh K,ORD001016,29,Completed
DP207,Ajay Kumar,ORD001017,41,Completed
DP147,Manoj Kumar,ORD001018,38,Completed
DP231,Vijay S,ORD001019,42,Completed
DP197,Ravi Kumar,ORD001020,25,Rejected
DP016,Prakash S,ORD001021,22,Completed
DP185,Nithin P,ORD001022,22,Completed
DP116,Nithin P,ORD001023,14,Cancelled
DP121,Kiran M,ORD001024,16,Completed
DP010,Prakash S,ORD001025,45,Completed
DP080,Imran Khan,ORD001026,18,Completed
DP207,Ajay Kumar,ORD001027,22,Rejected
DP143,Imran Khan,ORD001028,15,Cancelled
DP201,Dinesh R,ORD001029,33,Cancelled
DP205,Nithin P,ORD001030,36,Completed
DP163,Kiran M,ORD001031,39,Rejected
DP248,Prakash S,ORD001032,15,Completed
DP108,Imran Khan,ORD001033,26,Completed
DP033,Ajay Kumar,ORD001034,14,Cancelled
DP105,Mohan Raj,ORD001035,16,Completed
DP232,Lokesh K,ORD001036,21,Rejected
DP088,Vijay S,ORD001037,30,Completed
DP090,Vijay S,ORD001038,42,Rejected
DP114,Dinesh R,ORD001039,35,Cancelled
DP044,Mohan Raj,ORD001040,30,Cancelled
DP153,Suresh Kumar,ORD001041,20,Completed
DP202,Mohan Raj,ORD001042,19,Rejected
DP059,Prakash S,ORD001043,31,Cancelled
DP037,Suresh Kumar,ORD001044,43,Completed
DP045,Suresh Kumar,ORD001045,30,Rejected
DP153,Vijay S,ORD001046,41,Completed
DP184,Manoj Kumar,ORD001047,10,Completed
DP211,Suresh Kumar,ORD001048,43,Rejected
DP196,Mohan Raj,ORD001049,15,Cancelled
DP029,Vijay S,ORD001050,16,Completed
DP003,Prakash S,ORD001051,45,Rejected
DP173,Dinesh R,ORD001052,22,Rejected
DP117,Kiran M,ORD001053,39,Completed
DP189,Prakash S,ORD001054,33,Completed
DP013,Manoj Kumar,ORD001055,25,Completed
DP126,Imran Khan,ORD001056,39,Completed
DP081,Suresh Kumar,ORD001057,19,Cancelled
DP044,Ajay Kumar,ORD001058,24,Completed
DP227,Ravi Kumar,ORD001059,23,Completed
DP214,Lokesh K,ORD001060,39,Completed
DP111,Suresh Kumar,ORD001061,22,Rejected
DP038,Imran Khan,ORD001062,10,Rejected
DP095,Imran Khan,ORD001063,25,Rejected
DP105,Suresh Kumar,ORD001064,24,Completed
DP242,Ajay Kumar,ORD001065,10,Rejected
DP106,Vijay S,ORD001066,39,Rejected
DP139,Manoj Kumar,ORD001067,17,Completed
DP022,Manoj Kumar,ORD001068,33,Rejected
DP172,Dinesh R,ORD001069,24,Completed
DP080,Ravi Kumar,ORD001070,34,Cancelled
DP223,Manoj Kumar,ORD001071,31,Completed
DP168,Imran Khan,ORD001072,45,Completed
DP027,Kiran M,ORD001073,45,Completed
DP044,Ajay Kumar,ORD001074,13,Completed
DP194,Suresh Kumar,ORD001075,16,Cancelled
DP233,Prakash S,ORD001076,44,Completed
DP169,Imran Khan,ORD001077,12,Completed
DP153,Manoj Kumar,ORD001078,33,Cancelled
DP138,Dinesh R,ORD001079,39,Completed
DP129,Prakash S,ORD001080,24,Completed
DP102,Vijay S,ORD001081,25,Completed
DP001,Dinesh R,ORD001082,35,Completed
DP068,Suresh Kumar,ORD001083,12,Cancelled
DP027,Prakash S,ORD001084,20,Completed
DP156,Kiran M,ORD001085,39,Rejected
DP220,Ajay Kumar,ORD001086,35,Rejected
DP066,Mohan Raj,ORD001087,38,Cancelled
DP020,Kiran M,ORD001088,25,Completed
DP142,Nithin P,ORD001089,26,Completed
DP137,Kiran M,ORD001090,20,Rejected
DP110,Manoj Kumar,ORD001091,14,Cancelled
DP089,Vijay S,ORD001092,18,Rejected
DP141,Suresh Kumar,ORD001093,21,Completed
DP190,Ravi Kumar,ORD001094,36,Cancelled
DP104,Prakash S,ORD001095,33,Completed
DP167,Ravi Kumar,ORD001096,28,Rejected
DP217,Mohan Raj,ORD001097,28,Completed
DP155,Vijay S,ORD001098,21,Completed
DP135,Manoj Kumar,ORD001099,40,Rejected
DP163,Vijay S,ORD001100,26,Cancelled
DP035,Prakash S,ORD001101,42,Completed
DP016,Dinesh R,ORD001102,17,Cancelled
DP178,Ajay Kumar,ORD001103,14,Completed
DP142,Vijay S,ORD001104,34,Completed
DP230,Suresh Kumar,ORD001105,11,Completed
DP136,Lokesh K,ORD001106,40,Completed
DP229,Mohan Raj,ORD001107,13,Cancelled
DP058,Ajay Kumar,ORD001108,18,Completed
DP207,Vijay S,ORD001109,29,Completed
DP163,Prakash S,ORD001110,28,Rejected
DP035,Imran Khan,ORD001111,34,Completed
DP137,Ajay Kumar,ORD001112,26,Completed
DP218,Suresh Kumar,ORD001113,35,Rejected
DP009,Mohan Raj,ORD001114,34,Completed
DP151,Imran Khan,ORD001115,24,Completed
DP086,Lokesh K,ORD001116,14,Completed
DP005,Manoj Kumar,ORD001117,23,Completed
DP059,Imran Khan,ORD001118,13,Cancelled
DP037,Nithin P,ORD001119,29,Completed
DP186,Mohan Raj,ORD001120,18,Completed
DP211,Mohan Raj,ORD001121,17,Completed
DP153,Mohan Raj,ORD001122,44,Completed
DP171,Ajay Kumar,ORD001123,45,Completed
DP087,Manoj Kumar,ORD001124,29,Completed
DP124,Ajay Kumar,ORD001125,15,Rejected
DP190,Suresh Kumar,ORD001126,24,Completed
DP012,Imran Khan,ORD001127,41,Rejected
DP020,Ravi Kumar,ORD001128,45,Rejected
DP013,Ravi Kumar,ORD001129,30,Completed
DP180,Lokesh K,ORD001130,44,Completed
DP122,Imran Khan,ORD001131,23,Completed
DP175,Suresh Kumar,ORD001132,17,Rejected
DP240,Nithin P,ORD001133,12,Completed
DP004,Kiran M,ORD001134,36,Cancelled
DP216,Dinesh R,ORD001135,14,Completed
DP195,Imran Khan,ORD001136,15,Completed
DP203,Dinesh R,ORD001137,27,Rejected
DP160,Nithin P,ORD001138,19,Completed
DP016,Lokesh K,ORD001139,35,Cancelled
DP014,Prakash S,ORD001140,43,Rejected
DP096,Ajay Kumar,ORD001141,24,Completed
DP092,Ravi Kumar,ORD001142,42,Cancelled
DP007,Ajay Kumar,ORD001143,44,Cancelled
DP099,Dinesh R,ORD001144,34,Completed
DP041,Suresh Kumar,ORD001145,12,Completed
DP170,Suresh Kumar,ORD001146,45,Completed
DP170,Manoj Kumar,ORD001147,14,Rejected
DP232,Ajay Kumar,ORD001148,31,Completed
DP209,Suresh Kumar,ORD001149,22,Completed
DP246,Suresh Kumar,ORD001150,39,Completed
DP026,Nithin P,ORD001151,41,Rejected
DP188,Mohan Raj,ORD001152,26,Completed
DP038,Nithin P,ORD001153,17,Completed
DP229,Ravi Kumar,ORD001154,35,Cancelled
DP114,Vijay S,ORD001155,43,Completed
DP012,Imran Khan,ORD001156,17,Cancelled
DP239,Ravi Kumar,ORD001157,41,Completed
DP009,Imran Khan,ORD001158,29,Completed
DP211,Manoj Kumar,ORD001159,17,Completed
DP230,Vijay S,ORD001160,41,Rejected
DP246,Mohan Raj,ORD001161,23,Completed
DP133,Ravi Kumar,ORD001162,30,Completed
DP186,Prakash S,ORD001163,37,Completed
DP183,Suresh Kumar,ORD001164,35,Completed
DP024,Manoj Kumar,ORD001165,21,Rejected
DP244,Prakash S,ORD001166,28,Completed
DP156,Ravi Kumar,ORD001167,25,Completed
DP090,Dinesh R,ORD001168,30,Completed
DP021,Ajay Kumar,ORD001169,41,Completed
DP007,Ajay Kumar,ORD001170,29,Rejected
DP101,Prakash S,ORD001171,41,Rejected
DP237,Suresh Kumar,ORD001172,27,Completed
DP247,Nithin P,ORD001173,24,Completed
DP187,Nithin P,ORD001174,11,Completed
DP132,Suresh Kumar,ORD001175,39,Rejected
DP043,Ravi Kumar,ORD001176,17,Completed
DP232,Prakash S,ORD001177,33,Rejected
DP163,Suresh Kumar,ORD001178,21,Completed
DP234,Prakash S,ORD001179,36,Completed
DP212,Dinesh R,ORD001180,30,Completed
DP015,Dinesh R,ORD001181,36,Rejected
DP082,Nithin P,ORD001182,16,Rejected
DP077,Vijay S,ORD001183,13,Completed
DP003,Manoj Kumar,ORD001184,43,Cancelled
DP055,Lokesh K,ORD001185,33,Cancelled
DP133,Dinesh R,ORD001186,10,Completed
DP179,Ajay Kumar,ORD001187,42,Cancelled
DP219,Dinesh R,ORD001188,14,Completed
DP105,Vijay S,ORD001189,37,Rejected
DP213,Vijay S,ORD001190,36,Completed
DP182,Dinesh R,ORD001191,45,Completed
DP166,Ajay Kumar,ORD001192,38,Completed
DP031,Ravi Kumar,ORD001193,34,Cancelled
DP213,Mohan Raj,ORD001194,27,Rejected
DP153,Vijay S,ORD001195,29,Completed
DP152,Imran Khan,ORD001196,34,Cancelled
DP025,Imran Khan,ORD001197,11,Completed
DP179,Kiran M,ORD001198,27,Rejected
DP158,Imran Khan,ORD001199,44,Rejected
DP231,Mohan Raj,ORD001200,21,Completed
DP002,Ravi Kumar,ORD001201,31,Rejected
DP136,Ravi Kumar,ORD001202,19,Completed
DP004,Mohan Raj,ORD001203,11,Completed
DP171,Prakash S,ORD001204,43,Completed
DP088,Ajay Kumar,ORD001205,36,Completed
DP246,Manoj Kumar,ORD001206,45,Completed
DP047,Vijay S,ORD001207,44,Completed
DP032,Imran Khan,ORD001208,41,Cancelled
DP129,Prakash S,ORD001209,35,Completed
DP065,Prakash S,ORD001210,38,Completed
DP192,Manoj Kumar,ORD001211,30,Completed
DP094,Ravi Kumar,ORD001212,14,Cancelled
DP035,Kiran M,ORD001213,37,Completed
DP020,Imran Khan,ORD001214,23,Rejected
DP118,Ravi Kumar,ORD001215,42,Completed
DP121,Manoj Kumar,ORD001216,24,Completed
DP215,Imran Khan,ORD001217,36,Cancelled
DP236,Mohan Raj,ORD001218,42,Cancelled
DP214,Ajay Kumar,ORD001219,24,Completed
DP073,Lokesh K,ORD001220,18,Completed
DP032,Dinesh R,ORD001221,43,Completed
DP248,Suresh Kumar,ORD001222,15,Cancelled
DP174,Mohan Raj,ORD001223,16,Cancelled
DP126,Vijay S,ORD001224,29,Cancelled
DP220,Manoj Kumar,ORD001225,43,Completed
DP120,Dinesh R,ORD001226,10,Completed
DP042,Nithin P,ORD001227,18,Completed
DP187,Dinesh R,ORD001228,26,Rejected
DP178,Kiran M,ORD001229,23,Completed
DP244,Dinesh R,ORD001230,26,Cancelled
DP082,Lokesh K,ORD001231,16,Completed
DP063,Kiran M,ORD001232,32,Completed
DP122,Ravi Kumar,ORD001233,30,Rejected
DP029,Mohan Raj,ORD001234,38,Completed
DP021,Lokesh K,ORD001235,20,Completed
DP154,Kiran M,ORD001236,28,Rejected
DP123,Mohan Raj,ORD001237,35,Completed
DP098,Dinesh R,ORD001238,19,Rejected
DP233,Ajay Kumar,ORD001239,45,Completed
DP122,Manoj Kumar,ORD001240,39,Completed
DP197,Mohan Raj,ORD001241,10,Completed
DP193,Manoj Kumar,ORD001242,13,Completed
DP080,Lokesh K,ORD001243,10,Rejected
DP234,Nithin P,ORD001244,28,Completed
DP234,Dinesh R,ORD001245,12,Cancelled
DP231,Imran Khan,ORD001246,12,Completed
DP072,Imran Khan,ORD001247,45,Completed
DP089,Dinesh R,ORD001248,14,Rejected
DP033,Lokesh K,ORD001249,31,Completed
DP139,Suresh Kumar,ORD001250,32,Completed
DP138,Mohan Raj,ORD001251,34,Completed
DP202,Vijay S,ORD001252,19,Completed
DP244,Vijay S,ORD001253,21,Completed
DP147,Imran Khan,ORD001254,44,Completed
DP011,Suresh Kumar,ORD001255,11,Completed
DP245,Suresh Kumar,ORD001256,20,Completed
DP223,Ajay Kumar,ORD001257,10,Completed
DP034,Dinesh R,ORD001258,40,Cancelled
DP145,Prakash S,ORD001259,31,Completed
DP127,Vijay S,ORD001260,41,Completed
DP067,Mohan Raj,ORD001261,34,Completed
DP021,Prakash S,ORD001262,22,Completed
DP169,Ajay Kumar,ORD001263,12,Cancelled
DP025,Ajay Kumar,ORD001264,30,Completed
DP104,Vijay S,ORD001265,23,Cancelled
DP106,Nithin P,ORD001266,13,Cancelled
DP004,Ravi Kumar,ORD001267,34,Rejected
DP123,Imran Khan,ORD001268,42,Completed
DP137,Prakash S,ORD001269,33,Rejected
DP054,Nithin P,ORD001270,21,Completed
DP031,Suresh Kumar,ORD001271,12,Completed
DP155,Dinesh R,ORD001272,29,Rejected
DP209,Manoj Kumar,ORD001273,23,Cancelled
DP216,Vijay S,ORD001274,32,Completed
DP074,Ravi Kumar,ORD001275,35,Completed
DP024,Ajay Kumar,ORD001276,24,Completed
DP126,Ravi Kumar,ORD001277,32, Rejected 
DP143,Nithin P,ORD001278,17,Cancelled
DP134,Kiran M,ORD001279,22,Rejected
DP045,Imran Khan,ORD001280,21,Completed
DP195,Vijay S,ORD001281,31,Completed
DP249,Manoj Kumar,ORD001282,28,Rejected
DP015,Mohan Raj,ORD001283,33,Completed
DP064,Ajay Kumar,ORD001284,43,Cancelled
DP144,Suresh Kumar,ORD001285,16,Completed
DP223,Imran Khan,ORD001286,35,Rejected
DP066,Prakash S,ORD001287,29,Cancelled
DP088,Mohan Raj,ORD001288,42,Completed
DP016,Kiran M,ORD001289,28,Completed
DP055,Nithin P,ORD001290,34,Rejected
DP172,Manoj Kumar,ORD001291,27,Completed
DP001,Dinesh R,ORD001292,36,Completed
DP134,Manoj Kumar,ORD001293,43,Cancelled
DP121,Manoj Kumar,ORD001294,22,Rejected
DP089,Manoj Kumar,ORD001295,36,Rejected
DP201,Prakash S,ORD001296,28,Cancelled
DP053,Dinesh R,ORD001297,28,Completed
DP179,Imran Khan,ORD001298,23,Cancelled
DP244,Nithin P,ORD001299,26,Completed
DP250,Kiran M,ORD001300,38,Cancelled
DP201,Ajay Kumar,ORD001301,10,Rejected
DP179,Mohan Raj,ORD001302,33,Completed
DP236,Manoj Kumar,ORD001303,26,Completed
DP031,Nithin P,ORD001304,32,Completed
DP213,Dinesh R,ORD001305,23,Completed
DP118,Lokesh K,ORD001306,24,Completed
DP218,Ajay Kumar,ORD001307,12,Completed
DP134,Prakash S,ORD001308,15,Cancelled
DP063,Suresh Kumar,ORD001309,41,Completed
DP099,Manoj Kumar,ORD001310,36,Completed
DP097,Ravi Kumar,ORD001311,26,Cancelled
DP102,Lokesh K,ORD001312,31,Rejected
DP219,Lokesh K,ORD001313,15,Rejected
DP033,Nithin P,ORD001314,23,Cancelled
DP249,Kiran M,ORD001315,30,Completed
DP052,Mohan Raj,ORD001316,31,Cancelled
DP038,Manoj Kumar,ORD001317,43,Rejected
DP016,Dinesh R,ORD001318,16,Completed
DP007,Ravi Kumar,ORD001319,31,Rejected
DP138,Nithin P,ORD001320,36,Rejected
DP055,Lokesh K,ORD001321,21,Cancelled
DP202,Ajay Kumar,ORD001322,37,Cancelled
DP047,Mohan Raj,ORD001323,16,Rejected
DP113,Ravi Kumar,ORD001324,34,Completed
DP012,Lokesh K,ORD001325,40,Cancelled
DP246,Mohan Raj,ORD001326,14,Rejected
DP226,Ajay Kumar,ORD001327,19,Completed
DP121,Ajay Kumar,ORD001328,24,Completed
DP063,Prakash S,ORD001329,11,Rejected
DP239,Suresh Kumar,ORD001330,37,Completed
DP066,Dinesh R,ORD001331,15,Rejected
DP065,Kiran M,ORD001332,23,Completed
DP011,Nithin P,ORD001333,10,Completed
DP205,Imran Khan,ORD001334,26,Completed
DP147,Imran Khan,ORD001335,36,Completed
DP088,Kiran M,ORD001336,23,Rejected
DP126,Imran Khan,ORD001337,26,Completed
DP078,Mohan Raj,ORD001338,16,Rejected
DP048,Suresh Kumar,ORD001339,45,Cancelled
DP054,Dinesh R,ORD001340,42,Completed
DP073,Imran Khan,ORD001341,20,Completed
DP087,Ajay Kumar,ORD001342,36,Completed
DP137,Manoj Kumar,ORD001343,23,Rejected
DP143,Ravi Kumar,ORD001344,23,Completed
DP093,Ajay Kumar,ORD001345,29,Completed
DP008,Nithin P,ORD001346,43,Rejected
DP116,Mohan Raj,ORD001347,14,Rejected
DP093,Dinesh R,ORD001348,31,Rejected
DP062,Ravi Kumar,ORD001349,11,Completed
DP085,Mohan Raj,ORD001350,27,Completed
DP145,Mohan Raj,ORD001351,28,Rejected
DP223,Kiran M,ORD001352,30,Rejected
DP228,Dinesh R,ORD001353,14,Cancelled
DP113,Ajay Kumar,ORD001354,19,Completed
DP163,Mohan Raj,ORD001355,17,Cancelled
DP014,Prakash S,ORD001356,15,Completed
DP202,Vijay S,ORD001357,23,Completed
DP170,Vijay S,ORD001358,11,Completed
DP136,Imran Khan,ORD001359,22,Completed
DP144,Ravi Kumar,ORD001360,44,Completed
DP089,Lokesh K,ORD001361,38,Completed
DP176,Nithin P,ORD001362,26,Completed
DP062,Prakash S,ORD001363,31,Cancelled
DP047,Lokesh K,ORD001364,44,Completed
DP193,Ajay Kumar,ORD001365,10,Cancelled
DP156,Ajay Kumar,ORD001366,39,Completed
DP115,Prakash S,ORD001367,16,Completed
DP006,Dinesh R,ORD001368,18,Cancelled
DP099,Imran Khan,ORD001369,41,Rejected
DP148,Ravi Kumar,ORD001370,14,Rejected
DP115,Vijay S,ORD001371,40,Cancelled
DP080,Mohan Raj,ORD001372,24,Cancelled
DP175,Suresh Kumar,ORD001373,45,Completed
DP212,Vijay S,ORD001374,10,Completed
DP105,Suresh Kumar,ORD001375,22,Completed
DP153,Prakash S,ORD001376,42,Completed
DP053,Ajay Kumar,ORD001377,37,Cancelled
DP138,Lokesh K,ORD001378,30,Cancelled
DP144,Prakash S,ORD001379,14,Completed
DP059,Lokesh K,ORD001380,32,Cancelled
DP147,Lokesh K,ORD001381,16,Completed
DP112,Mohan Raj,ORD001382,26,Completed
DP250,Suresh Kumar,ORD001383,37,Cancelled
DP167,Dinesh R,ORD001384,30,Cancelled
DP021,Vijay S,ORD001385,10,Cancelled
DP083,Kiran M,ORD001386,13,Rejected
DP236,Ajay Kumar,ORD001387,35,Completed
DP039,Lokesh K,ORD001388,24,Completed
DP053,Dinesh R,ORD001389,14,Completed
DP160,Nithin P,ORD001390,28,Completed
DP236,Ajay Kumar,ORD001391,15,Completed
DP006,Prakash S,ORD001392,38,Cancelled
DP144,Ajay Kumar,ORD001393,32,Rejected
DP124,Ravi Kumar,ORD001394,15,Cancelled
DP220,Ajay Kumar,ORD001395,10,Completed
DP131,Manoj Kumar,ORD001396,10,Completed
DP107,Imran Khan,ORD001397,26,Completed
DP090,Mohan Raj,ORD001398,25,Completed
DP021,Ravi Kumar,ORD001399,26,Cancelled
DP121,Manoj Kumar,ORD001400,11,Rejected
DP206,Prakash S,ORD001401,36,Completed
DP248,Suresh Kumar,ORD001402,13,Completed
DP039,Nithin P,ORD001403,35,Cancelled
DP162,Lokesh K,ORD001404,14,Cancelled
DP022,Dinesh R,ORD001405,36,Cancelled
DP073,Imran Khan,ORD001406,31,Rejected
DP063,Vijay S,ORD001407,13,Completed
DP193,Vijay S,ORD001408,12,Completed
DP196,Lokesh K,ORD001409,45,Completed
DP168,Ravi Kumar,ORD001410,45,Completed
DP151,Vijay S,ORD001411,21,Completed
DP217,Mohan Raj,ORD001412,12,Cancelled
DP141,Dinesh R,ORD001413,44,Completed
DP208,Mohan Raj,ORD001414,25,Completed
DP117,Lokesh K,ORD001415,33,Completed
DP105,Ajay Kumar,ORD001416,41,Cancelled
DP228,Prakash S,ORD001417,39,Rejected
DP061,Lokesh K,ORD001418,18,Completed
DP171,Ajay Kumar,ORD001419,22,Completed
DP081,Dinesh R,ORD001420,18,Completed
DP008,Vijay S,ORD001421,32,Completed
DP200,Mohan Raj,ORD001422,44,Cancelled
DP174,Dinesh R,ORD001423,35,Cancelled
DP184,Manoj Kumar,ORD001424,40,Cancelled
DP026,Manoj Kumar,ORD001425,19,Rejected
DP167,Ajay Kumar,ORD001426,15,Cancelled
DP074,Lokesh K,ORD001427,12,Rejected
DP026,Manoj Kumar,ORD001428,21,Cancelled
DP001,Imran Khan,ORD001429,29,Completed
DP161,Imran Khan,ORD001430,17,Rejected
DP071,Vijay S,ORD001431,34,Rejected
DP168,Lokesh K,ORD001432,39,Completed
DP128,Ajay Kumar,ORD001433,35,Completed
DP086,Mohan Raj,ORD001434,30,Rejected
DP190,Prakash S,ORD001435,28,Cancelled
DP054,Kiran M,ORD001436,32,Completed
DP093,Mohan Raj,ORD001437,22,Cancelled
DP052,Lokesh K,ORD001438,37,Completed
DP113,Prakash S,ORD001439,18,Cancelled
DP170,Kiran M,ORD001440,40,Completed
DP075,Nithin P,ORD001441,39,Rejected
DP035,Nithin P,ORD001442,22,Completed
DP016,Kiran M,ORD001443,21,Completed
DP007,Nithin P,ORD001444,39,Cancelled
DP214,Ravi Kumar,ORD001445,22,Completed
DP136,Ravi Kumar,ORD001446,22,Completed
DP225,Prakash S,ORD001447,15,Completed
DP248,Manoj Kumar,ORD001448,37,Completed
DP060,Prakash S,ORD001449,39,Completed
DP248,Kiran M,ORD001450,31,Cancelled
DP120,Lokesh K,ORD001451,35,Cancelled
DP182,Dinesh R,ORD001452,30,Completed
DP053,Dinesh R,ORD001453,29,Completed
DP171,Kiran M,ORD001454,10,Completed
DP239,Mohan Raj,ORD001455,27,Rejected
DP167,Prakash S,ORD001456,32,Completed
DP240,Kiran M,ORD001457,23,Completed
DP100,Kiran M,ORD001458,19,Completed
DP065,Ajay Kumar,ORD001459,11,Completed
DP038,Dinesh R,ORD001460,29,Completed
DP202,Vijay S,ORD001461,21,Completed
DP030,Kiran M,ORD001462,33,Completed
DP247,Imran Khan,ORD001463,11,Completed
DP130,Manoj Kumar,ORD001464,41,Rejected
DP110,Vijay S,ORD001465,39,Rejected
DP155,Vijay S,ORD001466,22,Rejected
DP235,Lokesh K,ORD001467,16,Completed
DP102,Vijay S,ORD001468,14,Completed
DP103,Manoj Kumar,ORD001469,26,Completed
DP071,Kiran M,ORD001470,43,Completed
DP033,Ravi Kumar,ORD001471,42,Rejected
DP029,Kiran M,ORD001472,42,Completed
DP034,Nithin P,ORD001473,30,Cancelled
DP229,Kiran M,ORD001474,17,Rejected
DP002,Prakash S,ORD001475,25,Completed
DP086,Dinesh R,ORD001476,45,Completed
DP161,Ravi Kumar,ORD001477,22,Completed
DP099,Vijay S,ORD001478,39,Rejected
DP201,Prakash S,ORD001479,19,Completed
DP083,Manoj Kumar,ORD001480,25,Rejected
DP171,Suresh Kumar,ORD001481,24,Rejected
DP061,Ravi Kumar,ORD001482,14,Rejected
DP025,Kiran M,ORD001483,15,Completed
DP174,Prakash S,ORD001484,28,completed
DP194,Nithin P,ORD001485,34,Completed
DP077,Lokesh K,ORD001486,39,Cancelled
DP177,Kiran M,ORD001487,22,Completed
DP041,Suresh Kumar,ORD001488,31,Completed
DP226,Vijay S,ORD001489,29,Completed
DP034,Dinesh R,ORD001490,19,Cancelled
DP135,Ajay Kumar,ORD001491,33,Completed
DP194,Dinesh R,ORD001492,23,Completed
DP112,Imran Khan,ORD001493,44,Rejected
DP241,Imran Khan,ORD001494,16,Completed
DP238,Prakash S,ORD001495,28,Completed
DP115,Manoj Kumar,ORD001496,11,Completed
DP054,Ajay Kumar,ORD001497,29,Cancelled
DP132,Imran Khan,ORD001498,44,Completed
DP193,Manoj Kumar,ORD001499,30,Cancelled
DP120,Kiran M,ORD001500,44,Completed
DP156,Kiran M,ORD001501,24,Rejected
DP003,Ravi Kumar,ORD001502,37,Completed
DP158,Prakash S,ORD001503,29,Completed
DP010,Suresh Kumar,ORD001504,11,Completed
DP026,Manoj Kumar,ORD001505,29,Rejected
DP110,Manoj Kumar,ORD001506,19,Rejected
DP073,Ravi Kumar,ORD001507,11,Rejected
DP204,Mohan Raj,ORD001508,12,Completed
DP190,Vijay S,ORD001509,32,Completed
DP123,Mohan Raj,ORD001510,21,Cancelled
DP096,Manoj Kumar,ORD001511,10,Completed
DP135,Ravi Kumar,ORD001512,11,Completed
DP162,Imran Khan,ORD001513,43,Completed
DP167,Mohan Raj,ORD001514,27,Completed
DP085,Manoj Kumar,ORD001515,30,Completed
DP150,Ravi Kumar,ORD001516,31,Completed
DP044,Vijay S,ORD001517,19,Completed
DP244,Mohan Raj,ORD001518,29,Completed
DP171,Imran Khan,ORD001519,40,Completed
DP112,Dinesh R,ORD001520,44,Cancelled
DP096,Kiran M,ORD001521,32,Cancelled
DP192,Ravi Kumar,ORD001522,24,Rejected
DP084,Ajay Kumar,ORD001523,11,Rejected
DP028,Imran Khan,ORD001524,40,Cancelled
DP250,Lokesh K,ORD001525,40,Cancelled
DP229,Ajay Kumar,ORD001526,16,Rejected
DP236,Mohan Raj,ORD001527,23,Completed
DP047,Imran Khan,ORD001528,24,completed
DP066,Mohan Raj,ORD001529,17,Completed
DP115,Dinesh R,ORD001530,29,Completed
DP236,Vijay S,ORD001531,35,Completed
DP179,Nithin P,ORD001532,21,Completed
DP234,Nithin P,ORD001533,26,Rejected
DP189,Dinesh R,ORD001534,25,Cancelled
DP056,Manoj Kumar,ORD001535,13,Completed
DP145,Ravi Kumar,ORD001536,33,Completed
DP195,Vijay S,ORD001537,28,Completed
DP059,Dinesh R,ORD001538,42,Cancelled
DP115,Ajay Kumar,ORD001539,42,Completed
DP088,Nithin P,ORD001540,30,Completed
DP154,Vijay S,ORD001541,45,Completed
DP180,Manoj Kumar,ORD001542,34,Completed
DP230,Suresh Kumar,ORD001543,37,Completed
DP165,Kiran M,ORD001544,11,Cancelled
DP133,Ajay Kumar,ORD001545,23,Completed
DP203,Suresh Kumar,ORD001546,28,Completed
DP032,Imran Khan,ORD001547,42,Completed
DP130,Ravi Kumar,ORD001548,25,Completed
DP032,Kiran M,ORD001549,17,Cancelled
DP195,Imran Khan,ORD001550,34,Completed
DP156,Prakash S,ORD001551,19,Completed
DP084,Ajay Kumar,ORD001552,30,Completed
DP233,Mohan Raj,ORD001553,18,Completed
DP220,Lokesh K,ORD001554,36,Completed
DP100,Vijay S,ORD001555,16,Completed
DP184,Mohan Raj,ORD001556,39,Cancelled
DP104,Prakash S,ORD001557,42,Completed
DP060,Dinesh R,ORD001558,38,Rejected
DP119,Lokesh K,ORD001559,27,Completed
DP118,Vijay S,ORD001560,41,Rejected
DP145,Suresh Kumar,ORD001561,33,Rejected
DP018,Suresh Kumar,ORD001562,30,Completed
DP098,Lokesh K,ORD001563,42,Rejected
DP028,Ajay Kumar,ORD001564,13,Completed
DP143,Suresh Kumar,ORD001565,44,Completed
DP210,Mohan Raj,ORD001566,43,Rejected
DP101,Dinesh R,ORD001567,21,Completed
DP054,Suresh Kumar,ORD001568,41,Cancelled
DP218,Nithin P,ORD001569,43,Cancelled
DP135,Ravi Kumar,ORD001570,35,Completed
DP127,Mohan Raj,ORD001571,18,Completed
DP100,Prakash S,ORD001572,18,Rejected
DP096,Ajay Kumar,ORD001573,33,Cancelled
DP127,Mohan Raj,ORD001574,11,Completed
DP218,Suresh Kumar,ORD001575,16,Rejected
DP037,Imran Khan,ORD001576,14,Completed
DP082,Dinesh R,ORD001577,30,Completed
DP100,Kiran M,ORD001578,13,Completed
DP217,Ajay Kumar,ORD001579,24,Completed
DP054,Mohan Raj,ORD001580,23,Cancelled
DP123,Ravi Kumar,ORD001581,13,Rejected
DP248,Lokesh K,ORD001582,40,Completed
DP245,Mohan Raj,ORD001583,12,Rejected
DP153,Manoj Kumar,ORD001584,29,Rejected
DP159,Manoj Kumar,ORD001585,29,Completed
DP005,Ravi Kumar,ORD001586,31,Rejected
DP189,Lokesh K,ORD001587,43,Completed
DP017,Suresh Kumar,ORD001588,10,Completed
DP016,Ajay Kumar,ORD001589,44,Completed
DP150,Imran Khan,ORD001590,16,Cancelled
DP003,Manoj Kumar,ORD001591,26,Cancelled
DP076,Ajay Kumar,ORD001592,17,Rejected
DP092,Suresh Kumar,ORD001593,40,Completed
DP229,Vijay S,ORD001594,16,Rejected
DP152,Ajay Kumar,ORD001595,25,Completed
DP147,Imran Khan,ORD001596,13,Completed
DP024,Suresh Kumar,ORD001597,28,Rejected
DP187,Lokesh K,ORD001598,42,Completed
DP065,Kiran M,ORD001599,44,Cancelled
DP249,Imran Khan,ORD001600,16,Completed
DP034,Prakash S,ORD001601,14,Cancelled
DP210,Vijay S,ORD001602,33,Completed
DP157,Suresh Kumar,ORD001603,38,Rejected
DP123,Dinesh R,ORD001604,40,Rejected
DP160,Ravi Kumar,ORD001605,43,Cancelled
DP018,Vijay S,ORD001606,19,Rejected
DP047,Lokesh K,ORD001607,32,Completed
DP173,Manoj Kumar,ORD001608,36,Completed
DP126,Dinesh R,ORD001609,45,Completed
DP119,Ajay Kumar,ORD001610,23,Completed
DP138,Manoj Kumar,ORD001611,39,Completed
DP237,Prakash S,ORD001612,16,Completed
DP022,Manoj Kumar,ORD001613,38,Cancelled
DP105,Nithin P,ORD001614,10,Rejected
DP165,Lokesh K,ORD001615,14,Rejected
DP043,Kiran M,ORD001616,37,Completed
DP189,Manoj Kumar,ORD001617,18,Cancelled
DP025,Manoj Kumar,ORD001618,17,Cancelled
DP032,Mohan Raj,ORD001619,21,Rejected
DP179,Vijay S,ORD001620,19,Cancelled
DP056,Ajay Kumar,ORD001621,30,Completed
DP216,Prakash S,ORD001622,27,Completed
DP229,Vijay S,ORD001623,33,completed
DP016,Dinesh R,ORD001624,13,Cancelled
DP157,Ajay Kumar,ORD001625,42,Cancelled
DP206,Lokesh K,ORD001626,39,Cancelled
DP138,Mohan Raj,ORD001627,12,Completed
DP050,Suresh Kumar,ORD001628,45,Rejected
DP023,Lokesh K,ORD001629,18,Cancelled
DP163,Vijay S,ORD001630,38,Completed
DP245,Imran Khan,ORD001631,45,Cancelled
DP031,Dinesh R,ORD001632,22,Completed
DP220,Imran Khan,ORD001633,16,Completed
DP180,Imran Khan,ORD001634,32,Cancelled
DP115,Imran Khan,ORD001635,28,Completed
DP060,Ajay Kumar,ORD001636,27,Cancelled
DP054,Imran Khan,ORD001637,28,Cancelled
DP168,Vijay S,ORD001638,17,Rejected
DP159,Lokesh K,ORD001639,23,Completed
DP191,Dinesh R,ORD001640,14,Rejected
DP203,Mohan Raj,ORD001641,21,Completed
DP159,Mohan Raj,ORD001642,12,Cancelled
DP024,Suresh Kumar,ORD001643,31,Cancelled
DP056,Lokesh K,ORD001644,11,Completed
DP032,Suresh Kumar,ORD001645,21,Completed
DP188,Nithin P,ORD001646,33,Completed
DP233,Kiran M,ORD001647,17,Completed
DP034,Dinesh R,ORD001648,42,Cancelled
DP012,Lokesh K,ORD001649,28,Cancelled
DP185,Ajay Kumar,ORD001650,33,Completed
DP035,Ajay Kumar,ORD001651,17,Completed
DP247,Prakash S,ORD001652,28,Cancelled
DP066,Ajay Kumar,ORD001653,14,Completed
DP156,Prakash S,ORD001654,29,Cancelled
DP009,Kiran M,ORD001655,42,Completed
DP128,Lokesh K,ORD001656,41,Completed
DP005,Suresh Kumar,ORD001657,16,Cancelled
DP116,Mohan Raj,ORD001658,11,Cancelled
DP238,Dinesh R,ORD001659,12,Rejected
DP011,Imran Khan,ORD001660,14,Cancelled
DP183,Kiran M,ORD001661,22,Completed
DP027,Lokesh K,ORD001662,12,Rejected
DP003,Mohan Raj,ORD001663,36,Cancelled
DP197,Dinesh R,ORD001664,10,Completed
DP031,Manoj Kumar,ORD001665,18,Completed
DP215,Prakash S,ORD001666,33,Completed
DP204,Dinesh R,ORD001667,29,Completed
DP131,Ravi Kumar,ORD001668,33,Completed
DP120,Manoj Kumar,ORD001669,24,Completed
DP141,Nithin P,ORD001670,24,Cancelled
DP008,Ajay Kumar,ORD001671,38,Completed
DP103,Dinesh R,ORD001672,45,Completed
DP174,Nithin P,ORD001673,40,Completed
DP212,Dinesh R,ORD001674,14,Completed
DP123,Suresh Kumar,ORD001675,22,Completed
DP241,Vijay S,ORD001676,16,Completed
DP021,Manoj Kumar,ORD001677,24,Rejected
DP164,Kiran M,ORD001678,10,Completed
DP139,Ravi Kumar,ORD001679,37,Completed
DP029,Lokesh K,ORD001680,34,Completed
DP031,Lokesh K,ORD001681,40,Completed
DP063,Manoj Kumar,ORD001682,11,Rejected
DP126,Ajay Kumar,ORD001683,35,Completed
DP051,Suresh Kumar,ORD001684,27,Completed
DP070,Kiran M,ORD001685,20,Cancelled
DP230,Ravi Kumar,ORD001686,34,Cancelled
DP050,Dinesh R,ORD001687,42,Rejected
DP177,Mohan Raj,ORD001688,30,Completed
DP232,Ravi Kumar,ORD001689,45,Completed
DP128,Vijay S,ORD001690,26,Rejected
DP100,Imran Khan,ORD001691,27,Rejected
DP061,Dinesh R,ORD001692,13,Completed
DP073,Nithin P,ORD001693,28,Cancelled
DP237,Lokesh K,ORD001694,31,Cancelled
DP086,Prakash S,ORD001695,13,Cancelled
DP161,Nithin P,ORD001696,35,Cancelled
DP247,Ravi Kumar,ORD001697,10,Cancelled
DP001,Ravi Kumar,ORD001698,29,Completed
DP218,Mohan Raj,ORD001699,29,Completed
DP131,Mohan Raj,ORD001700,19,Cancelled
DP037,Dinesh R,ORD001701,32,Completed
DP030,Lokesh K,ORD001702,21,Completed
DP121,Ajay Kumar,ORD001703,22,Completed
DP120,Lokesh K,ORD001704,25,Completed
DP118,Mohan Raj,ORD001705,10,Completed
DP146,Manoj Kumar,ORD001706,16,Rejected
DP010,Ravi Kumar,ORD001707,22,Rejected
DP116,Mohan Raj,ORD001708,21,Completed
DP212,Lokesh K,ORD001709,44,Cancelled
DP109,Suresh Kumar,ORD001710,14,Completed
DP242,Ajay Kumar,ORD001711,11,Cancelled
DP113,Nithin P,ORD001712,13,Completed
DP191,Nithin P,ORD001713,14,Cancelled
DP056,Suresh Kumar,ORD001714,17,Rejected
DP023,Ravi Kumar,ORD001715,39,Completed
DP232,Prakash S,ORD001716,33,Completed
DP224,Nithin P,ORD001717,39,Completed
DP240,Suresh Kumar,ORD001718,17,Cancelled
DP176,Suresh Kumar,ORD001719,18,Completed
DP038,Mohan Raj,ORD001720,27,Completed
DP096,Suresh Kumar,ORD001721,13,Rejected
DP029,Vijay S,ORD001722,20,Cancelled
DP041,Ravi Kumar,ORD001723,30,Rejected
DP174,Lokesh K,ORD001724,32,Completed
DP044,Manoj Kumar,ORD001725,34,Rejected
DP068,Vijay S,ORD001726,14,Completed
DP115,Vijay S,ORD001727,44,Rejected
DP078,Manoj Kumar,ORD001728,35,Rejected
DP131,Ravi Kumar,ORD001729,39,Completed
DP090,Imran Khan,ORD001730,20,Completed
DP037,Prakash S,ORD001731,27,Rejected
DP037,Mohan Raj,ORD001732,43,Completed
DP080,Suresh Kumar,ORD001733,18,Cancelled
DP055,Dinesh R,ORD001734,41,Completed
DP157,Kiran M,ORD001735,17,Cancelled
DP042,Manoj Kumar,ORD001736,34,Rejected
DP032,Nithin P,ORD001737,39,Completed
DP055,Lokesh K,ORD001738,17,Rejected
DP191,Nithin P,ORD001739,15,Cancelled
DP012,Nithin P,ORD001740,36,Cancelled
DP115,Ajay Kumar,ORD001741,45,Rejected
DP210,Manoj Kumar,ORD001742,19,Cancelled
DP109,Nithin P,ORD001743,30,Rejected
DP221,Imran Khan,ORD001744,14,Completed
DP162,Lokesh K,ORD001745,23,Completed
DP213,Lokesh K,ORD001746,26,Cancelled
DP003,Suresh Kumar,ORD001747,32,Completed
DP070,Ajay Kumar,ORD001748,21,Cancelled
DP162,Dinesh R,ORD001749,35,Cancelled
DP191,Kiran M,ORD001750,44,Completed
DP192,Ajay Kumar,ORD001751,12,Completed
DP101,Manoj Kumar,ORD001752,40,Cancelled
DP190,Nithin P,ORD001753,11,Completed
DP030,Ravi Kumar,ORD001754,19,Rejected
DP083,Ajay Kumar,ORD001755,37,Completed
DP191,Lokesh K,ORD001756,36,Completed
DP105,Prakash S,ORD001757,41,Completed
DP102,Imran Khan,ORD001758,24,Cancelled
DP068,Lokesh K,ORD001759,43,Completed
DP246,Kiran M,ORD001760,19,Cancelled
DP033,Lokesh K,ORD001761,28,Completed
DP052,Mohan Raj,ORD001762,19,Completed
DP249,Kiran M,ORD001763,26,Rejected
DP109,Lokesh K,ORD001764,42,Rejected
DP050,Mohan Raj,ORD001765,43,Cancelled
DP227,Lokesh K,ORD001766,11,Rejected
DP102,Ajay Kumar,ORD001767,39,Completed
DP126,Prakash S,ORD001768,30,Completed
DP170,Ajay Kumar,ORD001769,34,Completed
DP044,Lokesh K,ORD001770,15,Rejected
DP160,Prakash S,ORD001771,35,Completed
DP093,Prakash S,ORD001772,45,Rejected
DP095,Manoj Kumar,ORD001773,32,Completed
DP113,Dinesh R,ORD001774,42,Rejected
DP067,Kiran M,ORD001775,44,Rejected
DP012,Vijay S,ORD001776,39,Completed
DP208,Ajay Kumar,ORD001777,40,Rejected
DP008,Vijay S,ORD001778,43,Completed
DP113,Nithin P,ORD001779,45,Completed
DP128,Dinesh R,ORD001780,17,Completed
DP038,Dinesh R,ORD001781,14,Completed
DP109,Imran Khan,ORD001782,12,Rejected
DP011,Suresh Kumar,ORD001783,22,Completed
DP111,Suresh Kumar,ORD001784,27,Completed
DP202,Nithin P,ORD001785,26,Rejected
DP097,Suresh Kumar,ORD001786,14,Completed
DP027,Dinesh R,ORD001787,11,Completed
DP045,Vijay S,ORD001788,10,Completed
DP091,Ravi Kumar,ORD001789,36,Completed
DP039,Nithin P,ORD001790,32,Completed
DP181,Imran Khan,ORD001791,34,Completed
DP015,Kiran M,ORD001792,39,Cancelled
DP077,Ravi Kumar,ORD001793,37,Completed
DP160,Imran Khan,ORD001794,43,Completed
DP013,Ravi Kumar,ORD001795,10,Cancelled
DP056,Prakash S,ORD001796,18,Cancelled
DP051,Prakash S,ORD001797,22,Completed
DP191,Manoj Kumar,ORD001798,23,Completed
DP197,Suresh Kumar,ORD001799,21,Completed
DP100,Kiran M,ORD001800,19,Completed
DP204,Prakash S,ORD001801,25,Rejected
DP036,Vijay S,ORD001802,26,Rejected
DP223,Kiran M,ORD001803,23,Rejected
DP015,Ajay Kumar,ORD001804,39,Completed
DP125,Kiran M,ORD001805,36,Completed
DP104,Nithin P,ORD001806,16,Cancelled
DP227,Prakash S,ORD001807,13,Cancelled
DP242,Kiran M,ORD001808,14,Completed
DP117,Vijay S,ORD001809,16,Rejected
DP135,Ravi Kumar,ORD001810,22,Cancelled
DP217,Dinesh R,ORD001811,19,Completed
DP185,Imran Khan,ORD001812,36,Completed
DP055,Ajay Kumar,ORD001813,41,Completed
DP183,Prakash S,ORD001814,17,Completed
DP168,Mohan Raj,ORD001815,18,Cancelled
DP155,Prakash S,ORD001816,18,Completed
DP051,Imran Khan,ORD001817,18,Completed
DP091,Suresh Kumar,ORD001818,39,Completed
DP125,Manoj Kumar,ORD001819,10,Completed
DP169,Ravi Kumar,ORD001820,25,Completed
DP234,Manoj Kumar,ORD001821,15,Completed
DP163,Lokesh K,ORD001822,27,Completed
DP168,Mohan Raj,ORD001823,20,Completed
DP042,Lokesh K,ORD001824,30,Completed
DP231,Prakash S,ORD001825,26,Completed
DP102,Ajay Kumar,ORD001826,23,Completed
DP080,Vijay S,ORD001827,11,Rejected
DP224,Kiran M,ORD001828,24,Rejected
DP004,Lokesh K,ORD001829,19,Completed
DP017,Lokesh K,ORD001830,25,Completed
DP216,Dinesh R,ORD001831,18,Rejected
DP124,Lokesh K,ORD001832,40,Completed
DP177,Kiran M,ORD001833,32,Completed
DP169,Ravi Kumar,ORD001834,38,Rejected
DP163,Mohan Raj,ORD001835,27,Completed
DP144,Mohan Raj,ORD001836,24,Completed
DP182,Manoj Kumar,ORD001837,39,Completed
DP045,Ajay Kumar,ORD001838,14,Completed
DP108,Mohan Raj,ORD001839,13,Rejected
DP103,Nithin P,ORD001840,16,Rejected
DP058,Ajay Kumar,ORD001841,18,Rejected
DP021,Lokesh K,ORD001842,37,Cancelled
DP057,Suresh Kumar,ORD001843,42,Cancelled
DP043,Dinesh R,ORD001844,11,Completed
DP079,Mohan Raj,ORD001845,33,Rejected
DP029,Vijay S,ORD001846,14,Cancelled
DP072,Manoj Kumar,ORD001847,38,Completed
DP007,Dinesh R,ORD001848,38,Completed
DP038,Ajay Kumar,ORD001849,21,Completed
DP197,Vijay S,ORD001850,23,Completed
DP051,Dinesh R,ORD001851,20,Rejected
DP139,Manoj Kumar,ORD001852,26,Completed
DP123,Nithin P,ORD001853,43,Completed
DP024,Ajay Kumar,ORD001854,16,Rejected
DP041,Prakash S,ORD001855,12,Completed
DP053,Ravi Kumar,ORD001856,41,Completed
DP137,Suresh Kumar,ORD001857,19,Completed
DP091,Mohan Raj,ORD001858,31,Completed
DP205,Vijay S,ORD001859,26,Cancelled
DP007,Kiran M,ORD001860,17,Cancelled
DP228,Imran Khan,ORD001861,33,Cancelled
DP216,Suresh Kumar,ORD001862,23,Cancelled
DP069,Kiran M,ORD001863,32,Cancelled
DP039,Kiran M,ORD001864,17,Completed
DP168,Prakash S,ORD001865,11,Completed
DP070,Suresh Kumar,ORD001866,26,Completed
DP106,Mohan Raj,ORD001867,44,Cancelled
DP036,Vijay S,ORD001868,22,Completed
DP039,Dinesh R,ORD001869,16,Cancelled
DP113,Ravi Kumar,ORD001870,20,Rejected
DP169,Ajay Kumar,ORD001871,30,Completed
DP123,Lokesh K,ORD001872,29,Rejected
DP222,Ajay Kumar,ORD001873,30,Completed
DP186,Nithin P,ORD001874,15,Rejected
DP100,Manoj Kumar,ORD001875,12,Rejected
DP170,Mohan Raj,ORD001876,38,Completed
DP103,Ravi Kumar,ORD001877,11,Completed
DP030,Nithin P,ORD001878,28,Completed
DP018,Kiran M,ORD001879,19,Completed
DP058,Nithin P,ORD001880,29,Cancelled
DP075,Manoj Kumar,ORD001881,21,Completed
DP171,Kiran M,ORD001882,20,Rejected
DP191,Imran Khan,ORD001883,19,Rejected
DP042,Prakash S,ORD001884,20,Cancelled
DP155,Lokesh K,ORD001885,32,Cancelled
DP160,Manoj Kumar,ORD001886,14,Completed
DP072,Mohan Raj,ORD001887,40,Completed
DP160,Nithin P,ORD001888,21,Rejected
DP098,Imran Khan,ORD001889,25,Rejected
DP029,Ajay Kumar,ORD001890,21,Completed
DP033,Nithin P,ORD001891,25,Completed
DP109,Nithin P,ORD001892,28,Completed
DP009,Prakash S,ORD001893,11,Cancelled
DP116,Imran Khan,ORD001894,15,Completed
DP094,Ajay Kumar,ORD001895,35,Completed
DP013,Ravi Kumar,ORD001896,20,Cancelled
DP054,Ajay Kumar,ORD001897,16,Completed
DP034,Ajay Kumar,ORD001898,26,Completed
DP216,Nithin P,ORD001899,22,Rejected
DP244,Nithin P,ORD001900,10,Cancelled
DP236,Imran Khan,ORD001901,44,Completed
DP172,Prakash S,ORD001902,22,Completed
DP153,Manoj Kumar,ORD001903,13,Completed
DP084,Manoj Kumar,ORD001904,42,Rejected
DP230,Manoj Kumar,ORD001905,32,Completed
DP051,Ajay Kumar,ORD001906,14,Completed
DP010,Suresh Kumar,ORD001907,45,Rejected
DP158,Prakash S,ORD001908,13,Rejected
DP106,Kiran M,ORD001909,25,Completed
DP003,Suresh Kumar,ORD001910,29,Rejected
DP212,Manoj Kumar,ORD001911,37,Rejected
DP026,Dinesh R,ORD001912,23,Cancelled
DP211,Prakash S,ORD001913,38,Completed
DP013,Prakash S,ORD001914,45,Completed
DP049,Ajay Kumar,ORD001915,40,Completed
DP080,Ravi Kumar,ORD001916,32,Completed
DP191,Suresh Kumar,ORD001917,22,Rejected
DP049,Prakash S,ORD001918,10,Completed
DP026,Dinesh R,ORD001919,13,Cancelled
DP083,Ajay Kumar,ORD001920,13,Completed
DP009,Lokesh K,ORD001921,18,Completed
DP058,Ajay Kumar,ORD001922,40,Completed
DP149,Prakash S,ORD001923,40,Completed
DP048,Ajay Kumar,ORD001924,37,Cancelled
DP222,Ravi Kumar,ORD001925,30,Rejected
DP007,Prakash S,ORD001926,40,Cancelled
DP173,Ravi Kumar,ORD001927,25,Completed
DP148,Prakash S,ORD001928,45,Completed
DP101,Prakash S,ORD001929,21,Completed
DP007,Mohan Raj,ORD001930,17,Rejected
DP128,Vijay S,ORD001931,33,Rejected
DP153,Ajay Kumar,ORD001932,43,Cancelled
DP120,Ajay Kumar,ORD001933,25,Completed
DP034,Manoj Kumar,ORD001934,15,Rejected
DP129,Ravi Kumar,ORD001935,40,Completed
DP165,Kiran M,ORD001936,25,Completed
DP105,Ravi Kumar,ORD001937,42,Completed
DP118,Dinesh R,ORD001938,11,Completed
DP142,Ajay Kumar,ORD001939,32,Completed
DP147,Vijay S,ORD001940,34,Completed
DP057,Vijay S,ORD001941,25,Completed
DP078,Mohan Raj,ORD001942,43,Completed
DP030,Vijay S,ORD001943,19,Completed
DP173,Vijay S,ORD001944,17,Completed
DP171,Ravi Kumar,ORD001945,21,Rejected
DP039,Lokesh K,ORD001946,17,Rejected
DP196,Lokesh K,ORD001947,24,Completed
DP222,Imran Khan,ORD001948,42,Rejected
DP133,Mohan Raj,ORD001949,10,Completed
DP107,Nithin P,ORD001950,41,Completed
DP097,Vijay S,ORD001951,29,Rejected
DP179,Imran Khan,ORD001952,28,Cancelled
DP221,Nithin P,ORD001953,22,Rejected
DP225,Ravi Kumar,ORD001954,28,Cancelled
DP182,Mohan Raj,ORD001955,17,Rejected
DP121,Ravi Kumar,ORD001956,21,Completed
DP185,Suresh Kumar,ORD001957,26,Completed
DP238,Imran Khan,ORD001958,16,Completed
DP019,Ravi Kumar,ORD001959,25,Completed
DP231,Lokesh K,ORD001960,45,Completed
DP084,Manoj Kumar,ORD001961,45,Completed
DP105,Suresh Kumar,ORD001962,16,Completed
DP029,Imran Khan,ORD001963,23,Completed
DP181,Imran Khan,ORD001964,41,Completed
DP224,Dinesh R,ORD001965,14,Cancelled
DP117,Prakash S,ORD001966,37,Rejected
DP105,Mohan Raj,ORD001967,26,Completed
DP082,Ravi Kumar,ORD001968,38,Completed
DP189,Ajay Kumar,ORD001969,13,Completed
DP057,Mohan Raj,ORD001970,22,Completed
DP021,Ravi Kumar,ORD001971,35,Completed
DP026,Prakash S,ORD001972,35,Cancelled
DP245,Lokesh K,ORD001973,11,Cancelled
DP155,Vijay S,ORD001974,14,Rejected
DP032,Ravi Kumar,ORD001975,39,Completed
DP114,Mohan Raj,ORD001976,44,Cancelled
DP135,Suresh Kumar,ORD001977,21,Rejected
DP178,Nithin P,ORD001978,21,Cancelled
DP178,Vijay S,ORD001979,16,Completed
DP105,Nithin P,ORD001980,23,Completed
DP070,Lokesh K,ORD001981,32,Completed
DP223,Lokesh K,ORD001982,29,Rejected
DP234,Prakash S,ORD001983,26,Rejected
DP141,Dinesh R,ORD001984,31,Completed
DP044,Ravi Kumar,ORD001985,40,Rejected
DP132,Imran Khan,ORD001986,14,Rejected
DP175,Prakash S,ORD001987,43,Completed
DP116,Ravi Kumar,ORD001988,17,Completed
DP162,Ajay Kumar,ORD001989,40,Completed
DP206,Vijay S,ORD001990,29,Completed
DP149,Dinesh R,ORD001991,31,Completed
DP136,Lokesh K,ORD001992,39,Cancelled
DP198,Lokesh K,ORD001993,38,Completed
DP225,Prakash S,ORD001994,34,Completed
DP248,Mohan Raj,ORD001995,36,Rejected
DP026,Suresh Kumar,ORD001996,14,Cancelled
DP133,Mohan Raj,ORD001997,22,Rejected
DP116,Prakash S,ORD001998,28,Completed
DP004,Manoj Kumar,ORD001999,13,Cancelled
DP063,Dinesh R,ORD002000,36,Completed
DP052,Suresh Kumar,ORD002001,25,Cancelled
DP139,Ajay Kumar,ORD002002,19,Completed
DP067,Nithin P,ORD002003,34,Completed
DP104,Lokesh K,ORD002004,28,Completed
DP103,Kiran M,ORD002005,10,Completed
DP177,Vijay S,ORD002006,39,Cancelled
DP038,Imran Khan,ORD002007,22,Cancelled
DP124,Dinesh R,ORD002008,10,Cancelled
DP071,Manoj Kumar,ORD002009,24,Rejected
DP002,Nithin P,ORD002010,43,Completed
DP128,Ravi Kumar,ORD002011,11,Rejected
DP021,Manoj Kumar,ORD002012,13,Completed
DP037,Imran Khan,ORD002013,28,Rejected
DP102,Kiran M,ORD002014,40,Completed
DP238,Dinesh R,ORD002015,35,Rejected
DP098,Manoj Kumar,ORD002016,27,Completed
DP143,Lokesh K,ORD002017,24,Rejected
DP010,Manoj Kumar,ORD002018,10,Cancelled
DP240,Dinesh R,ORD002019,34,Completed
DP037,Dinesh R,ORD002020,39,Completed
DP087,Vijay S,ORD002021,32,Completed
DP008,Lokesh K,ORD002022,44,Completed
DP152,Prakash S,ORD002023,31,Completed
DP205,Imran Khan,ORD002024,13,Rejected
DP247,Nithin P,ORD002025,15,Rejected
DP204,Prakash S,ORD002026,35,Completed
DP028,Manoj Kumar,ORD002027,25,Completed
DP208,Imran Khan,ORD002028,40,Cancelled
DP208,Manoj Kumar,ORD002029,21,Completed
DP241,Lokesh K,ORD002030,41,Completed
DP094,Prakash S,ORD002031,19,Completed
DP222,Ajay Kumar,ORD002032,23,Completed
DP210,Kiran M,ORD002033,25,Completed
DP015,Ajay Kumar,ORD002034,33,Completed
DP210,Manoj Kumar,ORD002035,34,Completed
DP017,Nithin P,ORD002036,28,Completed
DP028,Ajay Kumar,ORD002037,10,Completed
DP095,Mohan Raj,ORD002038,25,Completed
DP223,Vijay S,ORD002039,20,Completed
DP090,Lokesh K,ORD002040,37,Rejected
DP107,Suresh Kumar,ORD002041,26,Cancelled
DP142,Vijay S,ORD002042,19,Rejected
DP047,Mohan Raj,ORD002043,31,Rejected
DP128,Kiran M,ORD002044,38,Cancelled
DP136,Mohan Raj,ORD002045,43,Completed
DP246,Lokesh K,ORD002046,44,Completed
DP013,Kiran M,ORD002047,43,Completed
DP063,Lokesh K,ORD002048,26,Cancelled
DP181,Vijay S,ORD002049,21,Rejected
DP226,Suresh Kumar,ORD002050,16,Completed
DP025,Dinesh R,ORD002051,17,Completed
DP102,Mohan Raj,ORD002052,14,Completed
DP119,Vijay S,ORD002053,10,Completed
DP138,Vijay S,ORD002054,37,Rejected
DP007,Manoj Kumar,ORD002055,44,Completed
DP238,Mohan Raj,ORD002056,17,Rejected
DP097,Nithin P,ORD002057,41,Completed
DP139,Kiran M,ORD002058,11,Completed
DP156,Lokesh K,ORD002059,30,Completed
DP187,Dinesh R,ORD002060,28,Completed
DP013,Mohan Raj,ORD002061,26,Rejected
DP063,Kiran M,ORD002062,19,Completed
DP225,Prakash S,ORD002063,17,Completed
DP104,Dinesh R,ORD002064,35,Completed
DP139,Nithin P,ORD002065,32,Completed
DP242,Ajay Kumar,ORD002066,38,Completed
DP166,Dinesh R,ORD002067,25,Completed
DP084,Vijay S,ORD002068,29,Cancelled
DP225,Manoj Kumar,ORD002069,28,Completed
DP182,Imran Khan,ORD002070,36,Rejected
DP014,Suresh Kumar,ORD002071,25,Completed
DP232,Kiran M,ORD002072,39,Rejected
DP064,Lokesh K,ORD002073,29,Completed
DP101,Kiran M,ORD002074,10,Completed
DP028,Mohan Raj,ORD002075,10,Completed
DP039,Lokesh K,ORD002076,21,Completed
DP096,Kiran M,ORD002077,32,Completed
DP249,Lokesh K,ORD002078,20,Cancelled
DP050,Ajay Kumar,ORD002079,13,Cancelled
DP108,Kiran M,ORD002080,14,Completed
DP169,Nithin P,ORD002081,28,Cancelled
DP004,Vijay S,ORD002082,37,Cancelled
DP166,Mohan Raj,ORD002083,26,Rejected
DP068,Vijay S,ORD002084,30,Completed
DP225,Dinesh R,ORD002085,34,Cancelled
DP174,Kiran M,ORD002086,24,Completed
DP168,Ajay Kumar,ORD002087,38,Rejected
DP075,Ravi Kumar,ORD002088,37,Completed
DP182,Imran Khan,ORD002089,27,Completed
DP101,Prakash S,ORD002090,41,Cancelled
DP217,Nithin P,ORD002091,37,Rejected
DP083,Ravi Kumar,ORD002092,26,Cancelled
DP232,Prakash S,ORD002093,39,Completed
DP169,Vijay S,ORD002094,35,Completed
DP201,Ajay Kumar,ORD002095,15,Rejected
DP131,Mohan Raj,ORD002096,11,Completed
DP105,Mohan Raj,ORD002097,35,Completed
DP069,Imran Khan,ORD002098,11,Rejected
DP123,Prakash S,ORD002099,32,Completed
DP216,Manoj Kumar,ORD002100,30,Cancelled
DP069,Kiran M,ORD002101,16,Completed
DP027,Ravi Kumar,ORD002102,19,Completed
DP249,Dinesh R,ORD002103,38,Cancelled
DP128,Imran Khan,ORD002104,19,Rejected
DP122,Ajay Kumar,ORD002105,11,Completed
DP151,Ravi Kumar,ORD002106,44,Rejected
DP210,Suresh Kumar,ORD002107,36,Completed
DP140,Kiran M,ORD002108,36,Completed
DP088,Nithin P,ORD002109,27,Rejected
DP056,Lokesh K,ORD002110,39,Completed
DP046,Nithin P,ORD002111,35,Completed
DP173,Vijay S,ORD002112,20,Cancelled
DP224,Suresh Kumar,ORD002113,35,Cancelled
DP048,Prakash S,ORD002114,29,Cancelled
DP239,Lokesh K,ORD002115,37,Cancelled
DP052,Nithin P,ORD002116,27,Completed
DP237,Ajay Kumar,ORD002117,29,Completed
DP061,Vijay S,ORD002118,35,Completed
DP063,Vijay S,ORD002119,38,Completed
DP168,Ravi Kumar,ORD002120,13,Cancelled
DP218,Manoj Kumar,ORD002121,44,Cancelled
DP039,Nithin P,ORD002122,20,Completed
DP107,Mohan Raj,ORD002123,31,Completed
DP170,Imran Khan,ORD002124,45,Rejected
DP173,Prakash S,ORD002125,11,Completed
DP156,Nithin P,ORD002126,17,Rejected
DP074,Ajay Kumar,ORD002127,44,Completed
DP228,Dinesh R,ORD002128,36,Completed
DP023,Kiran M,ORD002129,35,Cancelled
DP138,Lokesh K,ORD002130,15,Completed
DP109,Prakash S,ORD002131,39,Cancelled
DP039,Manoj Kumar,ORD002132,34,Completed
DP079,Ajay Kumar,ORD002133,20,Completed
DP206,Kiran M,ORD002134,45,Rejected
DP076,Ravi Kumar,ORD002135,45,Cancelled
DP028,Lokesh K,ORD002136,26,Completed
DP149,Ravi Kumar,ORD002137,15,Rejected
DP162,Nithin P,ORD002138,38,Completed
DP169,Kiran M,ORD002139,36,Completed
DP203,Lokesh K,ORD002140,22,Completed
DP124,Mohan Raj,ORD002141,41,Cancelled
DP019,Kiran M,ORD002142,35,Completed
DP050,Prakash S,ORD002143,18,Cancelled
DP019,Manoj Kumar,ORD002144,40,Cancelled
DP144,Lokesh K,ORD002145,37,Rejected
DP024,Lokesh K,ORD002146,22,Completed
DP182,Kiran M,ORD002147,31,Rejected
DP248,Nithin P,ORD002148,14,Completed
DP089,Mohan Raj,ORD002149,37,Completed
DP077,Nithin P,ORD002150,15,Completed
DP219,Dinesh R,ORD002151,14,Completed
DP046,Kiran M,ORD002152,10,Completed
DP144,Ajay Kumar,ORD002153,26,Cancelled
DP146,Lokesh K,ORD002154,18,Completed
DP229,Mohan Raj,ORD002155,19,Completed
DP245,Vijay S,ORD002156,29,Rejected
DP094,Manoj Kumar,ORD002157,38,Cancelled
DP139,Lokesh K,ORD002158,11,Completed
DP222,Prakash S,ORD002159,17,Rejected
DP027,Ravi Kumar,ORD002160,45,Cancelled
DP020,Vijay S,ORD002161,38,Completed
DP066,Prakash S,ORD002162,45,Rejected
DP176,Mohan Raj,ORD002163,27,Completed
DP173,Manoj Kumar,ORD002164,29,Cancelled
DP125,Lokesh K,ORD002165,38,Cancelled
DP151,Dinesh R,ORD002166,45,Completed
DP242,Vijay S,ORD002167,15,Completed
DP214,Vijay S,ORD002168,30,Cancelled
DP175,Kiran M,ORD002169,10,Completed
DP109,Lokesh K,ORD002170,31,Completed
DP051,Prakash S,ORD002171,32,Completed
DP029,Prakash S,ORD002172,34,Rejected
DP214,Mohan Raj,ORD002173,30,Rejected
DP108,Kiran M,ORD002174,15,Completed
DP150,Suresh Kumar,ORD002175,43,Completed
DP039,Dinesh R,ORD002176,27,Rejected
DP026,Prakash S,ORD002177,38,Completed
DP011,Imran Khan,ORD002178,38,Completed
DP180,Manoj Kumar,ORD002179,43,Rejected
DP097,Ravi Kumar,ORD002180,30,Completed
DP113,Kiran M,ORD002181,25,Completed
DP177,Vijay S,ORD002182,44,Cancelled
DP013,Imran Khan,ORD002183,11,Completed
DP056,Imran Khan,ORD002184,30,Completed
DP002,Nithin P,ORD002185,10,Completed
DP130,Lokesh K,ORD002186,34,Completed
DP201,Dinesh R,ORD002187,16,Rejected
DP171,Imran Khan,ORD002188,31,Completed
DP034,Manoj Kumar,ORD002189,43,Cancelled
DP133,Dinesh R,ORD002190,18,Completed
DP138,Suresh Kumar,ORD002191,25,Completed
DP149,Imran Khan,ORD002192,28,Rejected
DP159,Kiran M,ORD002193,10,Cancelled
DP152,Dinesh R,ORD002194,43,Rejected
DP076,Mohan Raj,ORD002195,26,Completed
DP210,Kiran M,ORD002196,21,Cancelled
DP020,Mohan Raj,ORD002197,42,Cancelled
DP217,Mohan Raj,ORD002198,38,Completed
DP046,Nithin P,ORD002199,27,Completed
DP106,Prakash S,ORD002200,30,Completed
DP096,Vijay S,ORD002201,15,Rejected
DP026,Mohan Raj,ORD002202,32,Rejected
DP193,Dinesh R,ORD002203,13,Rejected
DP157,Manoj Kumar,ORD002204,35,Completed
DP012,Suresh Kumar,ORD002205,20,Cancelled
DP175,Nithin P,ORD002206,40,Completed
DP151,Imran Khan,ORD002207,42,Completed
DP143,Dinesh R,ORD002208,20,Completed
DP091,Ravi Kumar,ORD002209,30,Completed
DP233,Ajay Kumar,ORD002210,11,Cancelled
DP204,Nithin P,ORD002211,30,Completed
DP013,Imran Khan,ORD002212,23,Cancelled
DP054,Lokesh K,ORD002213,37,Completed
DP044,Ravi Kumar,ORD002214,12,Completed
DP029,Kiran M,ORD002215,10,Cancelled
DP124,Suresh Kumar,ORD002216,30,Completed
DP152,Dinesh R,ORD002217,45,Completed
DP145,Suresh Kumar,ORD002218,17,Completed
DP094,Mohan Raj,ORD002219,42,Completed
DP151,Prakash S,ORD002220,40,Completed
DP236,Lokesh K,ORD002221,36,Completed
DP246,Manoj Kumar,ORD002222,32,Completed
DP089,Ravi Kumar,ORD002223,19,Rejected
DP030,Vijay S,ORD002224,14,Completed
DP238,Mohan Raj,ORD002225,17,Completed
DP025,Nithin P,ORD002226,21,Rejected
DP100,Ajay Kumar,ORD002227,24,Rejected
DP100,Lokesh K,ORD002228,26,Rejected
DP250,Nithin P,ORD002229,10,Cancelled
DP091,Prakash S,ORD002230,42,Cancelled
DP220,Imran Khan,ORD002231,21,Completed
DP018,Imran Khan,ORD002232,45,Completed
DP089,Ravi Kumar,ORD002233,42,Cancelled
DP031,Nithin P,ORD002234,29,Completed
DP200,Manoj Kumar,ORD002235,32,Cancelled
DP044,Prakash S,ORD002236,44,Completed
DP054,Imran Khan,ORD002237,19,Completed
DP093,Manoj Kumar,ORD002238,14,Completed
DP082,Manoj Kumar,ORD002239,26,Completed
DP198,Mohan Raj,ORD002240,36,Completed
DP151,Imran Khan,ORD002241,31,Completed
DP108,Dinesh R,ORD002242,38,Completed
DP203,Dinesh R,ORD002243,16,Completed
DP215,Dinesh R,ORD002244,22,Cancelled
DP174,Manoj Kumar,ORD002245,44,Completed
DP137,Kiran M,ORD002246,13,Completed
DP210,Suresh Kumar,ORD002247,37,Completed
DP097,Imran Khan,ORD002248,18,Rejected
DP068,Prakash S,ORD002249,37,Rejected
DP072,Manoj Kumar,ORD002250,37,Completed
DP002,Imran Khan,ORD002251,17,Completed
DP142,Ajay Kumar,ORD002252,24,Completed
DP041,Imran Khan,ORD002253,10,Cancelled
DP163,Suresh Kumar,ORD002254,14,Completed
DP132,Imran Khan,ORD002255,29,Cancelled
DP053,Manoj Kumar,ORD002256,18,Rejected
DP019,Prakash S,ORD002257,40,Completed
DP108,Suresh Kumar,ORD002258,25,Rejected
DP037,Vijay S,ORD002259,32,Rejected
DP250,Mohan Raj,ORD002260,33,Cancelled
DP201,Nithin P,ORD002261,41,Cancelled
DP004,Manoj Kumar,ORD002262,12,Completed
DP197,Prakash S,ORD002263,24,Cancelled
DP207,Lokesh K,ORD002264,24,Rejected
DP130,Manoj Kumar,ORD002265,16,Completed
DP005,Nithin P,ORD002266,10,Cancelled
DP020,Ravi Kumar,ORD002267,31,Completed
DP062,Ravi Kumar,ORD002268,16,Completed
DP191,Vijay S,ORD002269,29,Completed
DP249,Nithin P,ORD002270,39,Completed
DP099,Ajay Kumar,ORD002271,15,Completed
DP072,Prakash S,ORD002272,36,Completed
DP027,Suresh Kumar,ORD002273,21,Completed
DP148,Kiran M,ORD002274,40,Cancelled
DP232,Prakash S,ORD002275,31,Completed
DP146,Vijay S,ORD002276,17,Rejected
DP127,Kiran M,ORD002277,36,Cancelled
DP157,Imran Khan,ORD002278,22,Cancelled
DP096,Imran Khan,ORD002279,28,Completed
DP237,Imran Khan,ORD002280,12,Completed
DP091,Ravi Kumar,ORD002281,32,Completed
DP159,Suresh Kumar,ORD002282,44,Completed
DP174,Nithin P,ORD002283,23,Cancelled
DP007,Lokesh K,ORD002284,25,Completed
DP073,Kiran M,ORD002285,17,Completed
DP098,Vijay S,ORD002286,41,Completed
DP079,Dinesh R,ORD002287,10,Rejected
DP039,Lokesh K,ORD002288,25,Rejected
DP022,Imran Khan,ORD002289,41,Completed
DP103,Lokesh K,ORD002290,37,Cancelled
DP156,Imran Khan,ORD002291,36,Completed
DP207,Vijay S,ORD002292,29,Rejected
DP241,Ravi Kumar,ORD002293,12,Rejected
DP167,Ajay Kumar,ORD002294,29,Completed
DP166,Dinesh R,ORD002295,35,Completed
DP158,Mohan Raj,ORD002296,16,Cancelled
DP188,Manoj Kumar,ORD002297,30,Cancelled
DP169,Manoj Kumar,ORD002298,36,Completed
DP156,Nithin P,ORD002299,30,Completed
DP228,Ravi Kumar,ORD002300,14,Completed
DP094,Imran Khan,ORD002301,21,Completed
DP214,Dinesh R,ORD002302,40,Completed
DP019,Suresh Kumar,ORD002303,31,Completed
DP183,Vijay S,ORD002304,29,Completed
DP216,Imran Khan,ORD002305,33,Completed
DP111,Prakash S,ORD002306,43,Rejected
DP055,Ajay Kumar,ORD002307,28,Cancelled
DP121,Dinesh R,ORD002308,34,Cancelled
DP091,Lokesh K,ORD002309,20,Completed
DP013,Prakash S,ORD002310,38,Completed
DP201,Prakash S,ORD002311,39,Completed
DP178,Kiran M,ORD002312,29,Cancelled
DP032,Vijay S,ORD002313,42,Completed
DP087,Kiran M,ORD002314,18,Completed
DP009,Lokesh K,ORD002315,20,Completed
DP080,Ravi Kumar,ORD002316,39,Rejected
DP001,Vijay S,ORD002317,33,Rejected
DP080,Manoj Kumar,ORD002318,27,Completed
DP157,Suresh Kumar,ORD002319,16,Completed
DP238,Vijay S,ORD002320,22,Completed
DP123,Manoj Kumar,ORD002321,40,Completed
DP249,Vijay S,ORD002322,26,Completed
DP002,Prakash S,ORD002323,31,Completed
DP050,Prakash S,ORD002324,36,Cancelled
DP142,Prakash S,ORD002325,30,Completed
DP166,Lokesh K,ORD002326,34,Cancelled
DP145,Dinesh R,ORD002327,17,Cancelled
DP041,Prakash S,ORD002328,11,Rejected
DP091,Kiran M,ORD002329,20,Cancelled
DP154,Lokesh K,ORD002330,37,Completed
DP015,Dinesh R,ORD002331,20,Completed
DP040,Suresh Kumar,ORD002332,10,Completed
DP183,Dinesh R,ORD002333,45,Cancelled
DP189,Ajay Kumar,ORD002334,10,Completed
DP131,Imran Khan,ORD002335,26,Completed
DP102,Suresh Kumar,ORD002336,12, Rejected 
DP221,Prakash S,ORD002337,29,Cancelled
DP196,Ravi Kumar,ORD002338,20,Completed
DP226,Suresh Kumar,ORD002339,43,Completed
DP080,Lokesh K,ORD002340,19,Completed
DP042,Mohan Raj,ORD002341,18,Completed
DP163,Kiran M,ORD002342,18,Completed
DP206,Prakash S,ORD002343,38,Completed
DP121,Mohan Raj,ORD002344,36,Cancelled
DP113,Manoj Kumar,ORD002345,24,Rejected
DP044,Prakash S,ORD002346,43,Completed
DP215,Mohan Raj,ORD002347,13,Completed
DP141,Prakash S,ORD002348,12,Completed
DP055,Ravi Kumar,ORD002349,14,Completed
DP173,Lokesh K,ORD002350,33,Cancelled
DP114,Ravi Kumar,ORD002351,38,Rejected
DP058,Prakash S,ORD002352,43,Completed
DP125,Imran Khan,ORD002353,24,Completed
DP147,Lokesh K,ORD002354,24,Completed
DP154,Mohan Raj,ORD002355,39,Completed
DP079,Manoj Kumar,ORD002356,29,Completed
DP128,Imran Khan,ORD002357,25,Rejected
DP206,Manoj Kumar,ORD002358,10,Completed
DP222,Mohan Raj,ORD002359,43,Completed
DP004,Ajay Kumar,ORD002360,22,Cancelled
DP241,Lokesh K,ORD002361,39,Completed
DP023,Lokesh K,ORD002362,36,Cancelled
DP090,Ajay Kumar,ORD002363,12,Completed
DP050,Mohan Raj,ORD002364,33,Completed
DP124,Imran Khan,ORD002365,33,Completed
DP249,Ravi Kumar,ORD002366,28,Completed
DP110,Imran Khan,ORD002367,35,Completed
DP236,Nithin P,ORD002368,23,Completed
DP218,Vijay S,ORD002369,12,Completed
DP142,Dinesh R,ORD002370,33,Cancelled
DP027,Kiran M,ORD002371,21,Completed
DP084,Vijay S,ORD002372,19,Rejected
DP067,Kiran M,ORD002373,29,Completed
DP176,Imran Khan,ORD002374,43,Completed
DP139,Nithin P,ORD002375,28,Completed
DP017,Nithin P,ORD002376,17,Completed
DP069,Prakash S,ORD002377,34,Completed
DP048,Imran Khan,ORD002378,43,Rejected
DP178,Suresh Kumar,ORD002379,22,Completed
DP020,Ravi Kumar,ORD002380,14,Rejected
DP012,Nithin P,ORD002381,23,Rejected
DP139,Suresh Kumar,ORD002382,36,Rejected
DP154,Prakash S,ORD002383,41,Completed
DP199,Imran Khan,ORD002384,40,Cancelled
DP001,Suresh Kumar,ORD002385,24,Completed
DP210,Ravi Kumar,ORD002386,20,Completed
DP096,Imran Khan,ORD002387,28,Completed
DP115,Kiran M,ORD002388,45,Completed
DP056,Ajay Kumar,ORD002389,31,Completed
DP143,Nithin P,ORD002390,14,Completed
DP134,Vijay S,ORD002391,34,Completed
DP014,,ORD002392,13,Completed
DP204,Kiran M,ORD002393,26,Completed
DP196,Kiran M,ORD002394,36,Completed
DP078,Nithin P,ORD002395,30,Completed
DP123,Vijay S,ORD002396,15,Completed
DP228,Suresh Kumar,ORD002397,35,Completed
DP102,Imran Khan,ORD002398,44,Rejected
DP026,Manoj Kumar,ORD002399,37,Completed
DP062,Manoj Kumar,ORD002400,25,Completed
DP159,Lokesh K,ORD002401,37,Completed
DP157,Mohan Raj,ORD002402,27,Rejected
DP164,Ajay Kumar,ORD002403,33,Completed
DP032,Ravi Kumar,ORD002404,30,Rejected
DP059,Vijay S,ORD002405,11,Completed
DP007,Imran Khan,ORD002406,43,Rejected
DP191,Nithin P,ORD002407,15,Completed
DP018,Suresh Kumar,ORD002408,22,Completed
DP186,Lokesh K,ORD002409,27,Completed
DP026,Vijay S,ORD002410,12,Completed
DP240,Suresh Kumar,ORD002411,12,Cancelled
DP119,Imran Khan,ORD002412,41,Rejected
DP154,Suresh Kumar,ORD002413,42,Rejected
DP171,Mohan Raj,ORD002414,15,Completed
DP158,Prakash S,ORD002415,43,Completed
DP037,Manoj Kumar,ORD002416,23,Completed
DP183,Nithin P,ORD002417,31,Completed
DP199,Mohan Raj,ORD002418,15,Completed
DP050,Vijay S,ORD002419,27,Completed
DP084,Ajay Kumar,ORD002420,14,Completed
DP105,Ravi Kumar,ORD002421,26,Cancelled
DP079,Lokesh K,ORD002422,16,Completed
DP119,Ravi Kumar,ORD002423,37,Cancelled
DP002,Ravi Kumar,ORD002424,28,Completed
DP217,Ajay Kumar,ORD002425,39,Completed
DP019,Ajay Kumar,ORD002426,18,Completed
DP131,Suresh Kumar,ORD002427,37,Completed
DP187,Nithin P,ORD002428,30,Completed
DP246,Lokesh K,ORD002429,30,Rejected
DP204,Ravi Kumar,ORD002430,23,Completed
DP185,Mohan Raj,ORD002431,44,Cancelled
DP055,Imran Khan,ORD002432,38,Cancelled
DP235,Ravi Kumar,ORD002433,24,Completed
DP206,Dinesh R,ORD002434,30,Completed
DP146,Vijay S,ORD002435,10,Completed
DP157,Nithin P,ORD002436,38,Completed
DP001,Ajay Kumar,ORD002437,37,Rejected
DP241,Prakash S,ORD002438,45,Completed
DP044,Nithin P,ORD002439,42,Rejected
DP122,Manoj Kumar,ORD002440,41,Completed
DP043,Mohan Raj,ORD002441,21,Completed
DP173,Manoj Kumar,ORD002442,45,Completed
DP004,Manoj Kumar,ORD002443,35,Rejected
DP215,Kiran M,ORD002444,29,Completed
DP130,Imran Khan,ORD002445,30,Rejected
DP104,Dinesh R,ORD002446,41,Cancelled
DP097,Kiran M,ORD002447,37,Completed
DP083,Dinesh R,ORD002448,39,Completed
DP049,Nithin P,ORD002449,12,Completed
DP190,Imran Khan,ORD002450,21,Cancelled
DP054,Mohan Raj,ORD002451,26,Cancelled
DP044,Ravi Kumar,ORD002452,30,Rejected
DP242,Ravi Kumar,ORD002453,18,Completed
DP210,Kiran M,ORD002454,35,Completed
DP103,Prakash S,ORD002455,-5,Completed
DP031,Suresh Kumar,ORD002456,23,Rejected
DP112,Suresh Kumar,ORD002457,15,Completed
DP012,Ravi Kumar,ORD002458,30,Rejected
DP194,Nithin P,ORD002459,24,Rejected
DP250,Ajay Kumar,ORD002460,20,Completed
DP155,Lokesh K,ORD002461,42,Completed
DP167,Dinesh R,ORD002462,27,Cancelled
DP055,Ravi Kumar,ORD002463,32,Cancelled
DP091,Suresh Kumar,ORD002464,17,Rejected
DP057,Vijay S,ORD002465,10,Rejected
DP020,Kiran M,ORD002466,17,Completed
DP229,Imran Khan,ORD002467,42,Completed
DP115,Kiran M,ORD002468,35,Completed
DP131,Lokesh K,ORD002469,21,Completed
DP075,Dinesh R,ORD002470,30,Rejected
DP103,Suresh Kumar,ORD002471,23,Completed
DP220,Kiran M,ORD002472,16,Completed
DP067,Manoj Kumar,ORD002473,37,Completed
DP010,Ravi Kumar,ORD002474,14,Cancelled
DP073,Ravi Kumar,ORD002475,19,Completed
DP158,Imran Khan,ORD002476,21,Completed
DP114,Suresh Kumar,ORD002477,34,Completed
DP044,Nithin P,ORD002478,18,Completed
DP240,Prakash S,ORD002479,15,Rejected
DP177,Suresh Kumar,ORD002480,21,Rejected
DP111,Imran Khan,ORD002481,44,Completed
DP172,Ravi Kumar,ORD002482,17,Rejected
DP177,Dinesh R,ORD002483,29,Completed
DP087,Prakash S,ORD002484,43,Completed
DP014,Lokesh K,ORD002485,41,Completed
DP131,Imran Khan,ORD002486,23,Completed
DP225,Nithin P,ORD002487,13,Completed
DP053,Kiran M,ORD002488,39,Completed
DP136,Prakash S,ORD002489,22,Completed
DP101,Suresh Kumar,ORD002490,20,Completed
DP106,Mohan Raj,ORD002491,31,Completed
DP076,Mohan Raj,ORD002492,18,Completed
DP107,Mohan Raj,ORD002493,33,Completed
DP054,Manoj Kumar,ORD002494,30,Rejected
DP101,Lokesh K,ORD002495,14,Completed
DP237,Dinesh R,ORD002496,31,Completed
DP083,Prakash S,ORD002497,29,Completed
DP202,Kiran M,ORD002498,43,Completed
DP078,Mohan Raj,ORD002499,41,Completed
DP134,Kiran M,ORD002500,10,Completed
DP233,Prakash S,ORD002501,26,Completed
DP051,Ravi Kumar,ORD002502,24,Cancelled
DP161,Suresh Kumar,ORD002503,21,Completed
DP135,Mohan Raj,ORD002504,12,Cancelled
DP081,Dinesh R,ORD002505,44,Rejected
DP072,Lokesh K,ORD002506,14,Completed
DP085,Kiran M,ORD002507,11,Rejected
DP036,Ravi Kumar,ORD002508,21,Completed
DP068,Dinesh R,ORD002509,15,Rejected
DP075,Vijay S,ORD002510,44,Completed
DP161,Ajay Kumar,ORD002511,41,Completed
DP237,Kiran M,ORD002512,24,Rejected
DP066,Dinesh R,ORD002513,17,Completed
DP243,Nithin P,ORD002514,22,completed
DP157,Manoj Kumar,ORD002515,23,Completed
DP155,Ajay Kumar,ORD002516,20,Completed
DP106,Lokesh K,ORD002517,31,Completed
DP184,Dinesh R,ORD002518,23,Completed
DP045,Dinesh R,ORD002519,33,Completed
DP115,Prakash S,ORD002520,30,Completed
DP194,Ajay Kumar,ORD002521,11,Completed
DP201,Manoj Kumar,ORD002522,13,Completed
DP220,Suresh Kumar,ORD002523,14,Completed
DP126,Kiran M,ORD002524,14,Completed
DP068,Lokesh K,ORD002525,39,Cancelled
DP041,Prakash S,ORD002526,43,Completed
DP106,Ravi Kumar,ORD002527,40,Completed
DP155,Lokesh K,ORD002528,12,Rejected
DP124,Dinesh R,ORD002529,34,Rejected
DP123,Lokesh K,ORD002530,31,Completed
DP024,Ravi Kumar,ORD002531,43,Completed
DP149,Lokesh K,ORD002532,44,Completed
DP141,Imran Khan,ORD002533,41,Cancelled
DP003,Ajay Kumar,ORD002534,35,Completed
DP061,Suresh Kumar,ORD002535,43,Completed
DP221,Kiran M,ORD002536,43,Completed
DP198,Manoj Kumar,ORD002537,26,Completed
DP015,Suresh Kumar,ORD002538,19,Completed
DP183,Lokesh K,ORD002539,31,Completed
DP078,Prakash S,ORD002540,40,Rejected
DP026,Ajay Kumar,ORD002541,16,Completed
DP172,Dinesh R,ORD002542,28,Completed
DP096,Ajay Kumar,ORD002543,40,Completed
DP061,Imran Khan,ORD002544,44,Rejected
DP199,Lokesh K,ORD002545,16,Completed
DP128,Vijay S,ORD002546,36,Completed
DP097,Kiran M,ORD002547,33,Cancelled
DP050,Vijay S,ORD002548,27,Rejected
DP127,Suresh Kumar,ORD002549,41,Completed
DP136,Suresh Kumar,ORD002550,21,Cancelled
DP235,Imran Khan,ORD002551,31,Rejected
DP114,Lokesh K,ORD002552,32,Rejected
DP132,Vijay S,ORD002553,26,Completed
DP136,Prakash S,ORD002554,14,Completed
DP025,Nithin P,ORD002555,31,Completed
DP050,Prakash S,ORD002556,12,Rejected
DP214,Ajay Kumar,ORD002557,44,Completed
DP119,Lokesh K,ORD002558,16,Cancelled
DP144,Vijay S,ORD002559,37,Rejected
DP017,Ajay Kumar,ORD002560,10,Completed
DP218,Mohan Raj,ORD002561,10,Completed
DP051,Ravi Kumar,ORD002562,18,Cancelled
DP134,Nithin P,ORD002563,18,Completed
DP068,Lokesh K,ORD002564,45,Completed
DP074,Suresh Kumar,ORD002565,17,Rejected
DP116,Ravi Kumar,ORD002566,30,Completed
DP085,Suresh Kumar,ORD002567,16,Cancelled
DP164,Nithin P,ORD002568,38,Completed
DP124,Mohan Raj,ORD002569,33,Completed
DP043,Imran Khan,ORD002570,21,Rejected
DP139,Nithin P,ORD002571,33,Completed
DP104,Suresh Kumar,ORD002572,44,Rejected
DP001,Suresh Kumar,ORD002573,13,Cancelled
DP244,Kiran M,ORD002574,35,Completed
DP104,Prakash S,ORD002575,33,Cancelled
DP054,Vijay S,ORD002576,29,Completed
DP064,Manoj Kumar,ORD002577,27,Rejected
DP054,Mohan Raj,ORD002578,33,Completed
DP163,Nithin P,ORD002579,41,Completed
DP087,Kiran M,ORD002580,43,Cancelled
DP161,Prakash S,ORD002581,13,Rejected
DP098,Imran Khan,ORD002582,41,Completed
DP233,Manoj Kumar,ORD002583,22,Completed
DP036,Kiran M,ORD002584,18,Completed
DP140,Mohan Raj,ORD002585,37,Completed
DP120,Vijay S,ORD002586,35,Cancelled
DP186,Vijay S,ORD002587,31,Cancelled
DP020,Vijay S,ORD002588,42,Cancelled
DP176,Ajay Kumar,ORD002589,12,Cancelled
DP050,Nithin P,ORD002590,44,Completed
DP247,Lokesh K,ORD002591,41,Completed
DP016,Imran Khan,ORD002592,14,Cancelled
DP029,Mohan Raj,ORD002593,21,Completed
DP017,Nithin P,ORD002594,21,Completed
DP012,Ajay Kumar,ORD002595,14,Completed
DP250,Manoj Kumar,ORD002596,35,Completed
DP130,Lokesh K,ORD002597,36,Completed
DP016,Dinesh R,ORD002598,45,Completed
DP178,Nithin P,ORD002599,18,Rejected
DP054,Ajay Kumar,ORD002600,30,Rejected
DP079,Kiran M,ORD002601,19,Completed
DP233,Ravi Kumar,ORD002602,13,Completed
DP220,Ajay Kumar,ORD002603,12,Rejected
DP142,Imran Khan,ORD002604,39,Completed
DP011,Manoj Kumar,ORD002605,40,Completed
DP241,Imran Khan,ORD002606,13,Cancelled
DP086,Manoj Kumar,ORD002607,38,Completed
DP227,Dinesh R,ORD002608,12,Rejected
DP203,Kiran M,ORD002609,45,Completed
DP069,Mohan Raj,ORD002610,15,Rejected
DP031,Mohan Raj,ORD002611,27,Cancelled
DP149,Ajay Kumar,ORD002612,18,Rejected
DP194,Kiran M,ORD002613,16,Completed
DP102,Vijay S,ORD002614,13,Cancelled
DP024,Prakash S,ORD002615,44,Completed
DP063,Vijay S,ORD002616,33,Completed
DP230,Ravi Kumar,ORD002617,19,Rejected
DP007,Mohan Raj,ORD002618,29,Cancelled
DP234,Imran Khan,ORD002619,44,Completed
DP108,Prakash S,ORD002620,35,Cancelled
DP015,Nithin P,ORD002621,33,Completed
DP192,Imran Khan,ORD002622,36,Rejected
DP003,Lokesh K,ORD002623,23,Rejected
DP098,Kiran M,ORD002624,19,Rejected
DP121,Nithin P,ORD002625,38,Rejected
DP212,Manoj Kumar,ORD002626,27,Cancelled
DP181,Manoj Kumar,ORD002627,36,Completed
DP036,Dinesh R,ORD002628,36,Cancelled
DP147,Ravi Kumar,ORD002629,40,Completed
DP066,Ravi Kumar,ORD002630,32,Completed
DP068,Nithin P,ORD002631,13,Cancelled
DP014,Vijay S,ORD002632,35,Completed
DP177,Nithin P,ORD002633,22,Completed
DP118,Prakash S,ORD002634,38,Completed
DP180,Ajay Kumar,ORD002635,23,Completed
DP103,Imran Khan,ORD002636,27,Completed
DP073,Ajay Kumar,ORD002637,36,Cancelled
DP217,Ravi Kumar,ORD002638,27,Cancelled
DP011,Manoj Kumar,ORD002639,41,Completed
DP086,Dinesh R,ORD002640,45,Rejected
DP140,Prakash S,ORD002641,43,Cancelled
DP197,Vijay S,ORD002642,33,Completed
DP066,Manoj Kumar,ORD002643,40,Completed
DP095,Lokesh K,ORD002644,34,Cancelled
DP045,Vijay S,ORD002645,15,Completed
DP001,Ravi Kumar,ORD002646,25,Completed
DP054,Lokesh K,ORD002647,14,Rejected
DP149,Prakash S,ORD002648,23,Completed
DP065,Prakash S,ORD002649,24,Completed
DP159,Ravi Kumar,ORD002650,43,Completed
DP078,Vijay S,ORD002651,24,Completed
DP151,Lokesh K,ORD002652,41,Completed
DP011,Ravi Kumar,ORD002653,27,Completed
DP093,Dinesh R,ORD002654,34,Completed
DP012,Mohan Raj,ORD002655,28,Rejected
DP073,Suresh Kumar,ORD002656,26,Rejected
DP055,Ajay Kumar,ORD002657,35,Rejected
DP042,Imran Khan,ORD002658,35,Cancelled
DP164,Prakash S,ORD002659,16,Completed
DP194,Nithin P,ORD002660,36,Rejected
DP247,Vijay S,ORD002661,40,Rejected
DP162,Ajay Kumar,ORD002662,12,Completed
DP026,Manoj Kumar,ORD002663,45,Completed
DP106,Ravi Kumar,ORD002664,21,Completed
DP152,Prakash S,ORD002665,18,Completed
DP230,Prakash S,ORD002666,39,Completed
DP084,Lokesh K,ORD002667,26,Rejected
DP208,Ravi Kumar,ORD002668,13,Completed
DP080,Kiran M,ORD002669,11,Completed
DP064,Kiran M,ORD002670,16,Cancelled
DP149,Kiran M,ORD002671,14,Rejected
DP091,Manoj Kumar,ORD002672,13,Rejected
DP068,Ajay Kumar,ORD002673,25,Completed
DP195,Mohan Raj,ORD002674,20,Completed
DP117,Dinesh R,ORD002675,31,Completed
DP031,Nithin P,ORD002676,41,Completed
DP078,Dinesh R,ORD002677,39,Completed
DP033,Kiran M,ORD002678,35,Completed
DP038,Manoj Kumar,ORD002679,40,Completed
DP205,Imran Khan,ORD002680,11,Completed
DP106,Vijay S,ORD002681,13,Completed
DP160,Ravi Kumar,ORD002682,29,Completed
DP105,Prakash S,ORD002683,20,Completed
DP039,Prakash S,ORD002684,33,Completed
DP179,Ravi Kumar,ORD002685,20,Rejected
DP198,Mohan Raj,ORD002686,17,Completed
DP125,Ajay Kumar,ORD002687,44,Completed
DP234,Prakash S,ORD002688,17,Completed
DP229,Suresh Kumar,ORD002689,33,Completed
DP176,Suresh Kumar,ORD002690,19,Completed
DP072,Ajay Kumar,ORD002691,42,Completed
DP040,Prakash S,ORD002692,36,Cancelled
DP155,Nithin P,ORD002693,21,Rejected
DP071,Suresh Kumar,ORD002694,25,Cancelled
DP185,Prakash S,ORD002695,35,Rejected
DP068,Manoj Kumar,ORD002696,13,Cancelled
DP092,Prakash S,ORD002697,17,Completed
DP224,Ajay Kumar,ORD002698,40,Completed
DP031,Nithin P,ORD002699,45,Completed
DP158,Manoj Kumar,ORD002700,44,Completed
DP153,Prakash S,ORD002701,28,Completed
DP198,Mohan Raj,ORD002702,44,Completed
DP197,Ravi Kumar,ORD002703,21,Completed
DP165,Dinesh R,ORD002704,27,Completed
DP225,Prakash S,ORD002705,26,Completed
DP014,Dinesh R,ORD002706,12,Cancelled
DP006,Ajay Kumar,ORD002707,44,Completed
DP008,Mohan Raj,ORD002708,36,Completed
DP221,Vijay S,ORD002709,43,Completed
DP107,Nithin P,ORD002710,26,Completed
DP007,Kiran M,ORD002711,33,Completed
DP080,Prakash S,ORD002712,17,Cancelled
DP031,Ajay Kumar,ORD002713,29,Completed
DP022,Dinesh R,ORD002714,30,Cancelled
DP085,Imran Khan,ORD002715,42,Completed
DP078,Prakash S,ORD002716,29,Cancelled
DP103,Nithin P,ORD002717,20,Completed
DP228,Ravi Kumar,ORD002718,44,Cancelled
DP024,Imran Khan,ORD002719,35,Rejected
DP187,Ajay Kumar,ORD002720,23,Completed
DP008,Kiran M,ORD002721,31,Completed
DP066,Mohan Raj,ORD002722,43,Completed
DP176,Vijay S,ORD002723,43,Completed
DP051,Vijay S,ORD002724,14,Completed
DP150,Dinesh R,ORD002725,42,Completed
DP184,Manoj Kumar,ORD002726,25,Cancelled
DP173,Ravi Kumar,ORD002727,21,Rejected
DP105,Suresh Kumar,ORD002728,11,Cancelled
DP193,Vijay S,ORD002729,11,Completed
DP213,Imran Khan,ORD002730,24,Completed
DP079,Manoj Kumar,ORD002731,40,Completed
DP007,Kiran M,ORD002732,39,Cancelled
DP152,Dinesh R,ORD002733,19,Completed
DP165,Manoj Kumar,ORD002734,10,Completed
DP065,Ajay Kumar,ORD002735,43,Completed
DP191,Mohan Raj,ORD002736,45,Rejected
DP191,Ajay Kumar,ORD002737,44,Rejected
DP179,Nithin P,ORD002738,20,Rejected
DP158,Imran Khan,ORD002739,29,Completed
DP002,Kiran M,ORD002740,29,Completed
DP118,Nithin P,ORD002741,16,Cancelled
DP008,Prakash S,ORD002742,14,Completed
DP134,Lokesh K,ORD002743,32,Cancelled
DP191,Mohan Raj,ORD002744,27,Cancelled
DP175,Suresh Kumar,ORD002745,31,Rejected
DP196,Suresh Kumar,ORD002746,33,Completed
DP208,Manoj Kumar,ORD002747,26,Rejected
DP042,Imran Khan,ORD002748,31,Rejected
DP029,Ravi Kumar,ORD002749,33,Cancelled
DP079,Lokesh K,ORD002750,33,Completed
DP035,Lokesh K,ORD002751,34,Completed
DP019,Suresh Kumar,ORD002752,45,Cancelled
DP235,Ravi Kumar,ORD002753,45,Completed
DP118,Lokesh K,ORD002754,25,Rejected
DP149,Ajay Kumar,ORD002755,41,Completed
DP028,Prakash S,ORD002756,35,Completed
DP012,Manoj Kumar,ORD002757,14,Completed
DP032,Suresh Kumar,ORD002758,43,Completed
DP092,Kiran M,ORD002759,18,Rejected
DP046,Vijay S,ORD002760,16,Completed
DP111,Mohan Raj,ORD002761,13,Completed
DP129,Kiran M,ORD002762,43,Rejected
DP246,Kiran M,ORD002763,18,Completed
DP119,Lokesh K,ORD002764,44,Completed
DP105,Vijay S,ORD002765,35,Cancelled
DP186,Mohan Raj,ORD002766,11,Cancelled
DP063,Mohan Raj,ORD002767,18,Rejected
DP003,Imran Khan,ORD002768,12,Completed
DP094,Manoj Kumar,ORD002769,30,Completed
DP154,Dinesh R,ORD002770,33,Completed
DP074,Lokesh K,ORD002771,33,Completed
DP190,Ajay Kumar,ORD002772,19,Completed
DP234,Mohan Raj,ORD002773,12,Completed
DP183,Imran Khan,ORD002774,15,Cancelled
DP119,Ajay Kumar,ORD002775,42,Completed
DP050,Dinesh R,ORD002776,17,Completed
DP148,Suresh Kumar,ORD002777,31,Completed
DP172,Mohan Raj,ORD002778,38,Rejected
DP161,Prakash S,ORD002779,12,Rejected
DP231,Kiran M,ORD002780,35,Rejected
DP174,Manoj Kumar,ORD002781,20,Rejected
DP226,Dinesh R,ORD002782,13,Completed
DP130,Mohan Raj,ORD002783,25,Completed
DP063,Prakash S,ORD002784,34,Completed
DP239,Prakash S,ORD002785,42,Completed
DP026,Vijay S,ORD002786,26,Cancelled
DP152,Dinesh R,ORD002787,43,Rejected
DP212,Imran Khan,ORD002788,40,Cancelled
DP098,Imran Khan,ORD002789,11,Cancelled
DP008,Nithin P,ORD002790,21,Cancelled
DP099,Ajay Kumar,ORD002791,45,Completed
DP091,Dinesh R,ORD002792,40,Completed
DP075,Nithin P,ORD002793,26,Rejected
DP100,Vijay S,ORD002794,43,Completed
DP082,Kiran M,ORD002795,30,Completed
DP127,Kiran M,ORD002796,23,Completed
DP088,Lokesh K,ORD002797,20,Rejected
DP213,Suresh Kumar,ORD002798,30,Rejected
DP159,Kiran M,ORD002799,33,Cancelled
DP176,Nithin P,ORD002800,33,Completed
DP225,Ravi Kumar,ORD002801,22,Completed
DP028,Manoj Kumar,ORD002802,10,Completed
DP155,Mohan Raj,ORD002803,12,Cancelled
DP149,Imran Khan,ORD002804,20,Rejected
DP081,Manoj Kumar,ORD002805,10,Completed
DP055,Imran Khan,ORD002806,28,Completed
DP210,Dinesh R,ORD002807,32,Rejected
DP108,Prakash S,ORD002808,38,Completed
DP245,Dinesh R,ORD002809,42,Completed
DP134,Mohan Raj,ORD002810,27,Rejected
DP058,Kiran M,ORD002811,11,Completed
DP250,Nithin P,ORD002812,19,Completed
DP160,Ajay Kumar,ORD002813,19,Completed
DP204,Lokesh K,ORD002814,18,Rejected
DP176,Manoj Kumar,ORD002815,45,Completed
DP104,Vijay S,ORD002816,39,Rejected
DP055,Dinesh R,ORD002817,43,Cancelled
DP153,Prakash S,ORD002818,14,Completed
DP031,Dinesh R,ORD002819,27,Completed
DP001,Prakash S,ORD002820,28,Rejected
DP135,Dinesh R,ORD002821,11,Cancelled
DP053,Manoj Kumar,ORD002822,21,Completed
DP086,Ravi Kumar,ORD002823,35,Completed
DP218,Manoj Kumar,ORD002824,29,Completed
DP032,Vijay S,ORD002825,24,Completed
DP055,Dinesh R,ORD002826,32,Completed
DP198,Mohan Raj,ORD002827,37,Completed
DP147,Imran Khan,ORD002828,14,Completed
DP153,Ajay Kumar,ORD002829,29,Completed
DP198,Imran Khan,ORD002830,16,Completed
DP129,Suresh Kumar,ORD002831,16, Rejected 
DP162,Nithin P,ORD002832,41,Completed
DP016,Dinesh R,ORD002833,18,Completed
DP127,Dinesh R,ORD002834,13,Completed
DP036,Manoj Kumar,ORD002835,30,Completed
DP015,Lokesh K,ORD002836,28,Cancelled
DP041,Vijay S,ORD002837,28,Completed
DP206,Ajay Kumar,ORD002838,23,Rejected
DP239,Mohan Raj,ORD002839,29,Completed
DP142,Imran Khan,ORD002840,15,Completed
DP157,Dinesh R,ORD002841,36,Completed
DP105,Dinesh R,ORD002842,24,Cancelled
DP054,Nithin P,ORD002843,42,Completed
DP074,Suresh Kumar,ORD002844,14,Completed
DP026,Kiran M,ORD002845,35,Cancelled
DP184,Lokesh K,ORD002846,40,Cancelled
DP050,Prakash S,ORD002847,16,Rejected
DP060,Nithin P,ORD002848,36,Rejected
DP200,Lokesh K,ORD002849,19,Rejected
DP163,Dinesh R,ORD002850,22,Rejected
DP129,Lokesh K,ORD002851,14,Completed
DP136,Prakash S,ORD002852,38,Completed
DP085,Kiran M,ORD002853,21,Cancelled
DP107,Prakash S,ORD002854,19,Rejected
DP060,Kiran M,ORD002855,39,Completed
DP056,Ajay Kumar,ORD002856,23,Cancelled
DP032,Manoj Kumar,ORD002857,19,Completed
DP080,Kiran M,ORD002858,35,Completed
DP195,Kiran M,ORD002859,11,Completed
DP036,Ravi Kumar,ORD002860,27,Rejected
DP009,Dinesh R,ORD002861,25,Completed
DP070,Manoj Kumar,ORD002862,39,Completed
DP097,Vijay S,ORD002863,11,Completed
DP012,Kiran M,ORD002864,28,Completed
DP246,Prakash S,ORD002865,12,Rejected
DP238,Kiran M,ORD002866,17,Completed
DP192,Manoj Kumar,ORD002867,27,Completed
DP029,Manoj Kumar,ORD002868,23,Rejected
DP005,Imran Khan,ORD002869,20,Rejected
DP012,Dinesh R,ORD002870,19,Rejected
DP179,Vijay S,ORD002871,41,Completed
DP085,Suresh Kumar,ORD002872,43,Completed
DP045,Lokesh K,ORD002873,36,Rejected
DP243,Suresh Kumar,ORD002874,45,Cancelled
DP148,Prakash S,ORD002875,34,Cancelled
DP231,Vijay S,ORD002876,26,Completed
DP205,Lokesh K,ORD002877,26,Completed
DP159,Ravi Kumar,ORD002878,31,Completed
DP100,Ravi Kumar,ORD002879,13,Completed
DP169,Lokesh K,ORD002880,26,Completed
DP125,Lokesh K,ORD002881,31,Rejected
DP183,Vijay S,ORD002882,34,Cancelled
DP160,Manoj Kumar,ORD002883,39,Rejected
DP120,Dinesh R,ORD002884,38,Rejected
DP177,Ajay Kumar,ORD002885,25,Completed
DP167,Ajay Kumar,ORD002886,17,Cancelled
DP025,Lokesh K,ORD002887,11,Completed
DP175,Dinesh R,ORD002888,24,Completed
DP158,Dinesh R,ORD002889,19,Completed
DP112,Suresh Kumar,ORD002890,42,Rejected
DP111,Dinesh R,ORD002891,10,Rejected
DP173,Suresh Kumar,ORD002892,10,Cancelled
DP189,Ravi Kumar,ORD002893,11,Rejected
DP176,Manoj Kumar,ORD002894,38,Completed
DP031,Kiran M,ORD002895,20,Rejected
DP102,Imran Khan,ORD002896,21,Cancelled
DP198,Ajay Kumar,ORD002897,13,Cancelled
DP094,Kiran M,ORD002898,13,Cancelled
DP153,Ravi Kumar,ORD002899,20,Completed
DP087,Lokesh K,ORD002900,13,Cancelled
DP160,Manoj Kumar,ORD002901,40,Cancelled
DP201,Kiran M,ORD002902,43,Completed
DP076,Kiran M,ORD002903,19,Rejected
DP005,Nithin P,ORD002904,21,Completed
DP056,Mohan Raj,ORD002905,24,Cancelled
DP224,Nithin P,ORD002906,19,Completed
DP141,Ravi Kumar,ORD002907,27,Cancelled
DP103,Dinesh R,ORD002908,12,Completed
DP226,Lokesh K,ORD002909,29,Completed
DP239,Imran Khan,ORD002910,13,Rejected
DP062,Kiran M,ORD002911,42,Rejected
DP163,Dinesh R,ORD002912,32,Cancelled
DP003,Imran Khan,ORD002913,39,Cancelled
DP136,Vijay S,ORD002914,45,Completed
DP090,Mohan Raj,ORD002915,20,Cancelled
DP129,Lokesh K,ORD002916,43,Rejected
DP126,Suresh Kumar,ORD002917,36,Rejected
DP198,Ravi Kumar,ORD002918,35,Rejected
DP209,Ajay Kumar,ORD002919,32,Completed
DP142,Prakash S,ORD002920,40,Completed
DP227,Prakash S,ORD002921,29,Completed
DP246,Ravi Kumar,ORD002922,40,Completed
DP081,Suresh Kumar,ORD002923,13,Rejected
DP238,Imran Khan,ORD002924,29,Rejected
DP079,Mohan Raj,ORD002925,35,Rejected
DP061,Prakash S,ORD002926,36,Completed
DP167,Lokesh K,ORD002927,31,Completed
DP151,Manoj Kumar,ORD002928,18,Cancelled
DP017,Nithin P,ORD002929,21,Completed
DP132,Imran Khan,ORD002930,24,Completed
DP147,Lokesh K,ORD002931,10,Completed
DP122,Manoj Kumar,ORD002932,18,Completed
DP119,Nithin P,ORD002933,26,Cancelled
DP001,Prakash S,ORD002934,35,Completed
DP024,Kiran M,ORD002935,17,Completed
DP032,Vijay S,ORD002936,32,Cancelled
DP205,Mohan Raj,ORD002937,42,Completed
DP128,Prakash S,ORD002938,33,Completed
DP205,Mohan Raj,ORD002939,16,Rejected
DP027,Suresh Kumar,ORD002940,12,Completed
DP093,Kiran M,ORD002941,42,Rejected
DP058,Manoj Kumar,ORD002942,39,Cancelled
DP230,Dinesh R,ORD002943,22,Cancelled
DP018,Prakash S,ORD002944,36,Completed
DP149,Mohan Raj,ORD002945,34,Rejected
DP160,Mohan Raj,ORD002946,26,Completed
DP249,Prakash S,ORD002947,34,Completed
DP046,Suresh Kumar,ORD002948,26,Completed
DP044,Nithin P,ORD002949,12,Completed
DP004,Dinesh R,ORD002950,37,Rejected
DP080,Dinesh R,ORD002951,21,Completed
DP019,Imran Khan,ORD002952,37,Completed
DP200,Kiran M,ORD002953,20,Completed
DP017,Manoj Kumar,ORD002954,22,Rejected
DP155,Ravi Kumar,ORD002955,22,Completed
DP129,Prakash S,ORD002956,18,Rejected
DP203,Ajay Kumar,ORD002957,30,Completed
DP153,Ajay Kumar,ORD002958,22,Cancelled
DP047,Dinesh R,ORD002959,33,Cancelled
DP174,Manoj Kumar,ORD002960,45,Rejected
DP080,Ajay Kumar,ORD002961,18,Completed
DP066,Nithin P,ORD002962,44,Completed
DP130,Prakash S,ORD002963,26,Completed
DP128,Kiran M,ORD002964,31,Completed
DP133,Nithin P,ORD002965,19,Cancelled
DP092,Prakash S,ORD002966,35,Completed
DP020,Dinesh R,ORD002967,32,Rejected
DP074,Kiran M,ORD002968,18,Completed
DP180,Dinesh R,ORD002969,29,Completed
DP162,Lokesh K,ORD002970,43,Completed
DP060,Mohan Raj,ORD002971,44,Rejected
DP059,Lokesh K,ORD002972,21,Cancelled
DP091,Kiran M,ORD002973,42,Completed
DP128,Ajay Kumar,ORD002974,15,Completed
DP243,Lokesh K,ORD002975,28,Completed
DP087,Ajay Kumar,ORD002976,38,Completed
DP005,Ajay Kumar,ORD002977,14,Cancelled
DP093,Manoj Kumar,ORD002978,23,Completed
DP170,Ajay Kumar,ORD002979,20,Completed
DP108,Manoj Kumar,ORD002980,37,Cancelled
DP081,Mohan Raj,ORD002981,17,Rejected
DP001,Imran Khan,ORD002982,18,Completed
DP121,Manoj Kumar,ORD002983,11,Completed
DP239,Prakash S,ORD002984,30,Completed
DP192,Mohan Raj,ORD002985,40,Cancelled
DP091,Vijay S,ORD002986,13,Completed
DP163,Dinesh R,ORD002987,38,Rejected
DP097,Dinesh R,ORD002988,45,Completed
DP219,Mohan Raj,ORD002989,24,Rejected
DP202,Suresh Kumar,ORD002990,28,Rejected
DP078,Nithin P,ORD002991,42,Cancelled
DP202,Kiran M,ORD002992,18,Rejected
DP240,Imran Khan,ORD002993,44,Cancelled
DP171,Imran Khan,ORD002994,45,Completed
DP173,Suresh Kumar,ORD002995,13,Completed
DP164,Nithin P,ORD002996,29,Cancelled
DP021,Ravi Kumar,ORD002997,35,Completed
DP223,Lokesh K,ORD002998,22,Rejected
DP102,Dinesh R,ORD002999,33,Completed
DP123,Dinesh R,ORD003000,30,Completed
DP129,Nithin P,ORD003001,19,Rejected
DP149,Prakash S,ORD003002,17,Cancelled
DP076,Ajay Kumar,ORD003003,15,Cancelled
DP034,Nithin P,ORD003004,36,Cancelled
DP165,Kiran M,ORD003005,45,Cancelled
DP010,Ajay Kumar,ORD003006,24,Completed
DP146,Kiran M,ORD003007,31,Completed
DP040,Manoj Kumar,ORD003008,15,Completed
DP109,Nithin P,ORD003009,40,Completed
DP075,Ravi Kumar,ORD003010,14,Rejected
DP140,Kiran M,ORD003011,25,Completed
DP152,Manoj Kumar,ORD003012,13,Cancelled
DP213,Suresh Kumar,ORD003013,29,Rejected
DP166,Mohan Raj,ORD003014,13,Completed
DP145,Manoj Kumar,ORD003015,19,Cancelled
DP030,Suresh Kumar,ORD003016,13,Completed
DP053,Ravi Kumar,ORD003017,38,Completed
DP189,Vijay S,ORD003018,35,Completed
DP234,Prakash S,ORD003019,16,Completed
DP231,Dinesh R,ORD003020,13,Completed
DP245,Manoj Kumar,ORD003021,35,Completed
DP052,Nithin P,ORD003022,29,Completed
DP017,Ravi Kumar,ORD003023,18,Completed
DP097,Suresh Kumar,ORD003024,32,Cancelled
DP171,Imran Khan,ORD003025,25,Completed
DP004,Lokesh K,ORD003026,39,Cancelled
DP105,Prakash S,ORD003027,26,Cancelled
DP200,Dinesh R,ORD003028,36,Completed
DP111,Vijay S,ORD003029,13,Rejected
DP014,Ajay Kumar,ORD003030,13,Completed
DP179,Vijay S,ORD003031,31,Cancelled
DP198,Kiran M,ORD003032,17,Rejected
DP108,Vijay S,ORD003033,12,Completed
DP224,Kiran M,ORD003034,28,Cancelled
DP210,Nithin P,ORD003035,15,Completed
DP156,Suresh Kumar,ORD003036,24,Completed
DP091,Mohan Raj,ORD003037,19,Completed
DP168,Lokesh K,ORD003038,16, Rejected 
DP040,Lokesh K,ORD003039,13,Completed
DP116,Imran Khan,ORD003040,27,Completed
DP138,Manoj Kumar,ORD003041,29,Completed
DP172,Mohan Raj,ORD003042,22,Cancelled
DP082,Vijay S,ORD003043,22,Completed
DP096,Dinesh R,ORD003044,36,Rejected
DP129,Lokesh K,ORD003045,25,Completed
DP081,Lokesh K,ORD003046,27,Cancelled
DP108,Lokesh K,ORD003047,13,Cancelled
DP233,Ajay Kumar,ORD003048,27,Completed
DP223,Ajay Kumar,ORD003049,12,Cancelled
DP165,Vijay S,ORD003050,11,Completed
DP145,Kiran M,ORD003051,11,Rejected
DP154,Prakash S,ORD003052,23,Rejected
DP246,Manoj Kumar,ORD003053,25,Completed
DP190,Ravi Kumar,ORD003054,11,Completed
DP061,Ajay Kumar,ORD003055,36,Cancelled
DP057,Ravi Kumar,ORD003056,40,Rejected
DP098,Lokesh K,ORD003057,44,Completed
DP123,Suresh Kumar,ORD003058,25,Cancelled
DP177,Vijay S,ORD003059,11,Completed
DP053,Prakash S,ORD003060,14,Completed
DP216,Manoj Kumar,ORD003061,35,Rejected
DP009,Mohan Raj,ORD003062,40,Rejected
DP015,Manoj Kumar,ORD003063,32,Completed
DP005,Prakash S,ORD003064,13,Completed
DP246,Ajay Kumar,ORD003065,14,Rejected
DP117,Imran Khan,ORD003066,24,Rejected
DP217,Dinesh R,ORD003067,10,Rejected
DP187,Dinesh R,ORD003068,15,Completed
DP034,Manoj Kumar,ORD003069,22,Cancelled
DP159,Lokesh K,ORD003070,21,Cancelled
DP233,Ajay Kumar,ORD003071,44,Rejected
DP225,Ajay Kumar,ORD003072,43,Completed
DP117,Prakash S,ORD003073,21,Completed
DP080,Ravi Kumar,ORD003074,25,Completed
DP093,Imran Khan,ORD003075,22,Completed
DP191,Suresh Kumar,ORD003076,33,Completed
DP158,Vijay S,ORD003077,40,Completed
DP216,Suresh Kumar,ORD003078,20,Completed
DP021,Suresh Kumar,ORD003079,28,Completed
DP241,Mohan Raj,ORD003080,30,Completed
DP209,Manoj Kumar,ORD003081,29,Cancelled
DP189,Imran Khan,ORD003082,16,Cancelled
DP007,Suresh Kumar,ORD003083,35,Cancelled
DP088,Kiran M,ORD003084,38,Rejected
DP068,Ajay Kumar,ORD003085,14,Rejected
DP142,Vijay S,ORD003086,39,Completed
DP101,Vijay S,ORD003087,11,Completed
DP109,Mohan Raj,ORD003088,19,Completed
DP247,Mohan Raj,ORD003089,10,Completed
DP190,Imran Khan,ORD003090,25,Rejected
DP199,Ajay Kumar,ORD003091,34,Completed
DP123,Kiran M,ORD003092,26,Completed
DP003,Ravi Kumar,ORD003093,25,Cancelled
DP093,Imran Khan,ORD003094,25,Rejected
DP094,Nithin P,ORD003095,12,Rejected
DP210,Vijay S,ORD003096,15,Cancelled
DP213,Lokesh K,ORD003097,31,Completed
DP112,Suresh Kumar,ORD003098,24,Rejected
DP027,Suresh Kumar,ORD003099,26,Completed
DP010,Lokesh K,ORD003100,41,Completed
DP139,Ajay Kumar,ORD003101,35,Completed
DP046,Manoj Kumar,ORD003102,26,Completed
DP051,Vijay S,ORD003103,11,Rejected
DP232,Manoj Kumar,ORD003104,42,Completed
DP061,Manoj Kumar,ORD003105,17,Cancelled
DP025,Prakash S,ORD003106,20,Completed
DP043,Mohan Raj,ORD003107,41,Completed
DP128,Ravi Kumar,ORD003108,13,Completed
DP177,Prakash S,ORD003109,17,Completed
DP102,Mohan Raj,ORD003110,16,Completed
DP121,Kiran M,ORD003111,28,Completed
DP181,Dinesh R,ORD003112,13,Cancelled
DP156,Mohan Raj,ORD003113,16,Completed
DP130,Vijay S,ORD003114,32,Completed
DP011,Ajay Kumar,ORD003115,16,Cancelled
DP113,,ORD003116,38,Cancelled
DP110,Kiran M,ORD003117,17,Completed
DP245,Mohan Raj,ORD003118,22,Rejected
DP094,Vijay S,ORD003119,21,Cancelled
DP038,Mohan Raj,ORD003120,33,Completed
DP200,Imran Khan,ORD003121,23,Cancelled
DP203,Prakash S,ORD003122,16,Completed
DP216,Prakash S,ORD003123,16,Completed
DP076,Nithin P,ORD003124,18,Completed
DP229,Ravi Kumar,ORD003125,24,Rejected
DP239,Imran Khan,ORD003126,16,Completed
DP124,Dinesh R,ORD003127,18,Completed
DP242,Dinesh R,ORD003128,24,Completed
DP227,Kiran M,ORD003129,36,Completed
DP037,Kiran M,ORD003130,15,Rejected
DP091,Suresh Kumar,ORD003131,27,Completed
DP116,Ravi Kumar,ORD003132,26,Completed
DP117,Lokesh K,ORD003133,12,Cancelled
DP123,Manoj Kumar,ORD003134,29,Completed
DP171,Mohan Raj,ORD003135,27,Cancelled
DP038,Manoj Kumar,ORD003136,41,Completed
DP006,Vijay S,ORD003137,31,Completed
DP079,Nithin P,ORD003138,17,Completed
DP193,Dinesh R,ORD003139,28,Completed
DP133,Lokesh K,ORD003140,19,Rejected
DP066,Imran Khan,ORD003141,41,Completed
DP246,Kiran M,ORD003142,14,Completed
DP214,Manoj Kumar,ORD003143,32,Completed
DP122,Kiran M,ORD003144,27,Completed
DP125,Ravi Kumar,ORD003145,37,Completed
DP145,Nithin P,ORD003146,26,Rejected
DP168,Mohan Raj,ORD003147,12,Completed
DP086,Prakash S,ORD003148,40,Completed
DP241,Mohan Raj,ORD003149,15,Completed
DP236,Ajay Kumar,ORD003150,32,Completed
DP226,Manoj Kumar,ORD003151,10,Rejected
DP206,Imran Khan,ORD003152,21,Rejected
DP241,Imran Khan,ORD003153,39,Cancelled
DP176,Suresh Kumar,ORD003154,43,Completed
DP216,Vijay S,ORD003155,42,Rejected
DP204,Ravi Kumar,ORD003156,26,Rejected
DP045,Vijay S,ORD003157,36,Completed
DP212,Nithin P,ORD003158,38,Cancelled
DP083,Manoj Kumar,ORD003159,29,Rejected
DP065,Manoj Kumar,ORD003160,41,Completed
DP089,Dinesh R,ORD003161,24,Rejected
DP117,Nithin P,ORD003162,15,Cancelled
DP043,Imran Khan,ORD003163,17,Rejected
DP078,Imran Khan,ORD003164,24,Cancelled
DP237,Dinesh R,ORD003165,38,Completed
DP134,Prakash S,ORD003166,22,Cancelled
DP090,Imran Khan,ORD003167,16,Rejected
DP058,Dinesh R,ORD003168,26,Completed
DP234,Suresh Kumar,ORD003169,22,Completed
DP221,Lokesh K,ORD003170,10,Completed
DP110,Lokesh K,ORD003171,31,Cancelled
DP038,Imran Khan,ORD003172,19,Cancelled
DP014,Vijay S,ORD003173,12,Cancelled
DP131,Imran Khan,ORD003174,23,Cancelled
DP137,Mohan Raj,ORD003175,31,Completed
DP176,Ajay Kumar,ORD003176,33,Completed
DP009,Nithin P,ORD003177,33,Rejected
DP089,Kiran M,ORD003178,44,Cancelled
DP095,Vijay S,ORD003179,34,Completed
DP219,Dinesh R,ORD003180,39,Completed
DP077,Ajay Kumar,ORD003181,19,Rejected
DP080,Mohan Raj,ORD003182,42,Rejected
DP027,Mohan Raj,ORD003183,43,Completed
DP158,Dinesh R,ORD003184,41,Completed
DP236,Vijay S,ORD003185,22,Cancelled
DP081,Manoj Kumar,ORD003186,28,Completed
DP053,Nithin P,ORD003187,24,Cancelled
DP232,Manoj Kumar,ORD003188,10,Completed
DP007,Manoj Kumar,ORD003189,34,Completed
DP241,Lokesh K,ORD003190,37,Rejected
DP145,Mohan Raj,ORD003191,37,Cancelled
DP131,Mohan Raj,ORD003192,18,Completed
DP026,Manoj Kumar,ORD003193,41,Completed
DP160,Lokesh K,ORD003194,24,Completed
DP230,Vijay S,ORD003195,29,Cancelled
DP165,Manoj Kumar,ORD003196,22,Completed
DP120,Mohan Raj,ORD003197,24,Completed
DP106,Mohan Raj,ORD003198,40,Completed
DP024,Manoj Kumar,ORD003199,11,Completed
DP043,Dinesh R,ORD003200,21,Completed
DP151,Ajay Kumar,ORD003201,33,Rejected
DP087,Manoj Kumar,ORD003202,21,Cancelled
DP117,Prakash S,ORD003203,37,Completed
DP076,Prakash S,ORD003204,38,Cancelled
DP077,Nithin P,ORD003205,28,Completed
DP039,Nithin P,ORD003206,45,Completed
DP243,Kiran M,ORD003207,45,Completed
DP045,Kiran M,ORD003208,19,Completed
DP133,Prakash S,ORD003209,19,Completed
DP172,Prakash S,ORD003210,10,Completed
DP241,Manoj Kumar,ORD003211,18,Rejected
DP157,Imran Khan,ORD003212,44,Rejected
DP089,Kiran M,ORD003213,34,Completed
DP155,Nithin P,ORD003214,31,Completed
DP240,Ravi Kumar,ORD003215,17,Completed
DP102,Ravi Kumar,ORD003216,10,Completed
DP174,Dinesh R,ORD003217,40,Completed
DP068,Vijay S,ORD003218,35,Completed
DP205,Lokesh K,ORD003219,19,Completed
DP146,Kiran M,ORD003220,34,Completed
DP239,Dinesh R,ORD003221,18,Completed
DP028,Dinesh R,ORD003222,30,Cancelled
DP180,Imran Khan,ORD003223,41,Completed
DP022,Kiran M,ORD003224,20,Completed
DP200,Ravi Kumar,ORD003225,45,Completed
DP155,Suresh Kumar,ORD003226,14,Rejected
DP168,Mohan Raj,ORD003227,40,Completed
DP199,Prakash S,ORD003228,31,Cancelled
DP128,Imran Khan,ORD003229,37,Completed
DP195,Vijay S,ORD003230,26,Cancelled
DP117,Manoj Kumar,ORD003231,15,Completed
DP139,Dinesh R,ORD003232,10,Completed
DP239,Mohan Raj,ORD003233,22,Completed
DP170,Imran Khan,ORD003234,16,Completed
DP171,Kiran M,ORD003235,16,Completed
DP247,Mohan Raj,ORD003236,34,Cancelled
DP050,Mohan Raj,ORD003237,37,Completed
DP153,Mohan Raj,ORD003238,28,Completed
DP073,Kiran M,ORD003239,29,Cancelled
DP047,Suresh Kumar,ORD003240,21,Rejected
DP097,Vijay S,ORD003241,10,Completed
DP024,Vijay S,ORD003242,33,Completed
DP143,Imran Khan,ORD003243,30,Cancelled
DP195,Prakash S,ORD003244,29,Completed
DP084,Prakash S,ORD003245,44,Completed
DP144,Prakash S,ORD003246,25,Completed
DP169,Lokesh K,ORD003247,22,Rejected
DP062,Ravi Kumar,ORD003248,26,Rejected
DP124,Ajay Kumar,ORD003249,26,Cancelled
DP172,Suresh Kumar,ORD003250,32,Completed
DP182,Vijay S,ORD003251,28,Rejected
DP235,Manoj Kumar,ORD003252,35,Completed
DP127,Nithin P,ORD003253,22,Completed
DP215,Lokesh K,ORD003254,19,Rejected
DP205,Dinesh R,ORD003255,12,Cancelled
DP220,Mohan Raj,ORD003256,45,Completed
DP186,Kiran M,ORD003257,45,Rejected
DP195,Ajay Kumar,ORD003258,37,Completed
DP180,Dinesh R,ORD003259,28,Rejected
DP028,Vijay S,ORD003260,21,Completed
DP184,Vijay S,ORD003261,12,Cancelled
DP224,Ajay Kumar,ORD003262,15,Rejected
DP215,Ravi Kumar,ORD003263,24,Completed
DP124,Suresh Kumar,ORD003264,15,Completed
DP084,Dinesh R,ORD003265,18,Completed
DP062,Lokesh K,ORD003266,13,Cancelled
DP140,Ajay Kumar,ORD003267,37,Completed
DP082,Mohan Raj,ORD003268,36,Completed
DP034,Ajay Kumar,ORD003269,26,Rejected
DP081,Mohan Raj,ORD003270,29,Rejected
DP229,Prakash S,ORD003271,39,Rejected
DP121,Suresh Kumar,ORD003272,28,Cancelled
DP003,Lokesh K,ORD003273,28,Completed
DP249,Nithin P,ORD003274,32,Completed
DP109,Mohan Raj,ORD003275,10,Completed
DP014,Ajay Kumar,ORD003276,26,Rejected
DP129,Dinesh R,ORD003277,26,Completed
DP211,Kiran M,ORD003278,24,Completed
DP214,Prakash S,ORD003279,22,Completed
DP068,Dinesh R,ORD003280,36,Cancelled
DP231,Nithin P,ORD003281,13,Completed
DP189,Ajay Kumar,ORD003282,28,Completed
DP030,Ajay Kumar,ORD003283,42,Completed
DP222,Manoj Kumar,ORD003284,14,Completed
DP239,Kiran M,ORD003285,23,Completed
DP222,Kiran M,ORD003286,20,Cancelled
DP205,Suresh Kumar,ORD003287,39,Completed
DP131,Dinesh R,ORD003288,17,Completed
DP017,Prakash S,ORD003289,32,Completed
DP170,Ajay Kumar,ORD003290,30,Cancelled
DP224,Prakash S,ORD003291,15,Completed
DP082,Suresh Kumar,ORD003292,13,Cancelled
DP236,Ravi Kumar,ORD003293,30,Completed
DP087,Lokesh K,ORD003294,38,Rejected
DP235,Vijay S,ORD003295,38,Cancelled
DP060,Mohan Raj,ORD003296,24,Completed
DP214,Vijay S,ORD003297,10,Cancelled
DP149,Vijay S,ORD003298,31,Cancelled
DP235,Suresh Kumar,ORD003299,29,Completed
DP195,Prakash S,ORD003300,37,Completed
DP007,Suresh Kumar,ORD003301,19,Rejected
DP216,Mohan Raj,ORD003302,23,Cancelled
DP135,Kiran M,ORD003303,16,Rejected
DP049,Manoj Kumar,ORD003304,28,Completed
DP202,Prakash S,ORD003305,34,Completed
DP218,Manoj Kumar,ORD003306,20,Completed
DP197,Lokesh K,ORD003307,39,Cancelled
DP164,Prakash S,ORD003308,32,Rejected
DP003,Prakash S,ORD003309,20,Completed
DP087,Imran Khan,ORD003310,20,Completed
DP047,Manoj Kumar,ORD003311,19,Completed
DP196,Imran Khan,ORD003312,45,Completed
DP215,Ajay Kumar,ORD003313,16,Completed
DP031,Lokesh K,ORD003314,17,Cancelled
DP020,Imran Khan,ORD003315,36,Completed
DP107,Vijay S,ORD003316,22,Completed
DP243,Kiran M,ORD003317,12,Rejected
DP191,Dinesh R,ORD003318,33,Cancelled
DP224,Mohan Raj,ORD003319,21,Completed
DP013,Manoj Kumar,ORD003320,43,Completed
DP231,Nithin P,ORD003321,40,Completed
DP170,Nithin P,ORD003322,21,Completed
DP144,Imran Khan,ORD003323,17,Rejected
DP104,Imran Khan,ORD003324,27,Completed
DP035,Manoj Kumar,ORD003325,12,Completed
DP184,Vijay S,ORD003326,31,Completed
DP025,Imran Khan,ORD003327,42,Completed
DP183,Kiran M,ORD003328,27,Completed
DP149,Imran Khan,ORD003329,10,Completed
DP081,Ravi Kumar,ORD003330,13,Rejected
DP193,Kiran M,ORD003331,14,Completed
DP151,Prakash S,ORD003332,30,Completed
DP033,Ravi Kumar,ORD003333,40,Completed
DP237,Nithin P,ORD003334,27,Rejected
DP062,Suresh Kumar,ORD003335,29,Completed
DP142,Ajay Kumar,ORD003336,12,Completed
DP062,Vijay S,ORD003337,26,Completed
DP041,Imran Khan,ORD003338,45,Completed
DP203,Prakash S,ORD003339,17,Rejected
DP098,Suresh Kumar,ORD003340,25,Completed
DP102,Vijay S,ORD003341,26,Completed
DP197,Nithin P,ORD003342,14,Completed
DP206,Prakash S,ORD003343,31,Cancelled
DP248,Vijay S,ORD003344,10,Completed
DP221,Prakash S,ORD003345,25,Completed
DP071,Lokesh K,ORD003346,42,Rejected
DP168,Ravi Kumar,ORD003347,36,Completed
DP209,Ravi Kumar,ORD003348,39,Completed
DP086,Manoj Kumar,ORD003349,23,Completed
DP237,Ravi Kumar,ORD003350,34,Completed
DP128,Mohan Raj,ORD003351,18,Completed
DP225,Ajay Kumar,ORD003352,16,Rejected
DP218,Imran Khan,ORD003353,34,Completed
DP174,Manoj Kumar,ORD003354,21,Completed
DP113,Vijay S,ORD003355,27,Completed
DP233,Dinesh R,ORD003356,12,Completed
DP009,Ravi Kumar,ORD003357,40,Completed
DP001,Mohan Raj,ORD003358,19,Rejected
DP225,Imran Khan,ORD003359,20,Completed
DP074,Prakash S,ORD003360,28,Rejected
DP028,Ravi Kumar,ORD003361,29,Completed
DP181,Nithin P,ORD003362,15,Rejected
DP009,Imran Khan,ORD003363,41,Completed
DP220,Nithin P,ORD003364,10,Rejected
DP149,Kiran M,ORD003365,36,Completed
DP121,Manoj Kumar,ORD003366,12,Cancelled
DP129,Prakash S,ORD003367,33,Rejected
DP020,Kiran M,ORD003368,31,Rejected
DP164,Nithin P,ORD003369,32,Completed
DP228,Prakash S,ORD003370,27,Rejected
DP188,Suresh Kumar,ORD003371,24,Cancelled
DP088,Manoj Kumar,ORD003372,11,Rejected
DP200,Suresh Kumar,ORD003373,22,Completed
DP036,Suresh Kumar,ORD003374,23,Completed
DP150,Ravi Kumar,ORD003375,11,Completed
DP075,Vijay S,ORD003376,13,Completed
DP035,Mohan Raj,ORD003377,34,Rejected
DP129,Ajay Kumar,ORD003378,31,Cancelled
DP114,Ajay Kumar,ORD003379,33,Completed
DP027,Manoj Kumar,ORD003380,45,Completed
DP168,Mohan Raj,ORD003381,44,Completed
DP191,Ajay Kumar,ORD003382,38,Completed
DP184,Ravi Kumar,ORD003383,42,Completed
DP203,Ravi Kumar,ORD003384,17,Completed
DP179,Prakash S,ORD003385,20,Completed
DP098,Vijay S,ORD003386,44,Cancelled
DP214,Vijay S,ORD003387,38,Completed
DP071,Dinesh R,ORD003388,26,Rejected
DP243,Ajay Kumar,ORD003389,41,Completed
DP164,Dinesh R,ORD003390,44,Cancelled
DP239,Ravi Kumar,ORD003391,40,Completed
DP173,Kiran M,ORD003392,36,Completed
DP099,Manoj Kumar,ORD003393,29,Cancelled
DP001,Ravi Kumar,ORD003394,14,Cancelled
DP238,Vijay S,ORD003395,23,Completed
DP228,Vijay S,ORD003396,11,Rejected
DP128,Ajay Kumar,ORD003397,36,Completed
DP229,Vijay S,ORD003398,12,Completed
DP147,Dinesh R,ORD003399,17,Rejected
DP099,Prakash S,ORD003400,21,Completed
DP030,Imran Khan,ORD003401,18,Completed
DP150,Mohan Raj,ORD003402,33,Completed
DP179,Nithin P,ORD003403,11,Cancelled
DP152,Dinesh R,ORD003404,17,Cancelled
DP034,Prakash S,ORD003405,28,Completed
DP150,Ravi Kumar,ORD003406,42,Completed
DP248,Kiran M,ORD003407,28,Cancelled
DP249,Lokesh K,ORD003408,14,Rejected
DP051,Ravi Kumar,ORD003409,21,Rejected
DP113,Suresh Kumar,ORD003410,24,Completed
DP021,Imran Khan,ORD003411,29,Completed
DP005,Prakash S,ORD003412,34,Completed
DP228,Ravi Kumar,ORD003413,14,Completed
DP028,Ravi Kumar,ORD003414,10,Completed
DP112,Imran Khan,ORD003415,41,Completed
DP075,Kiran M,ORD003416,23,Completed
DP164,Ravi Kumar,ORD003417,14,Completed
DP057,Kiran M,ORD003418,21,Completed
DP039,Suresh Kumar,ORD003419,45,Completed
DP029,Manoj Kumar,ORD003420,25,Cancelled
DP097,Prakash S,ORD003421,32,Cancelled
DP019,Lokesh K,ORD003422,40,Completed
DP027,Ravi Kumar,ORD003423,29,Completed
DP249,Ravi Kumar,ORD003424,29,Completed
DP139,Ravi Kumar,ORD003425,30,Completed
DP204,Lokesh K,ORD003426,29,Cancelled
DP062,Manoj Kumar,ORD003427,45,Cancelled
DP114,Ravi Kumar,ORD003428,13,Completed
DP207,Imran Khan,ORD003429,18,Completed
DP141,Suresh Kumar,ORD003430,38,Completed
DP216,Mohan Raj,ORD003431,19,Completed
DP048,Kiran M,ORD003432,26,Completed
DP208,Nithin P,ORD003433,39,Rejected
DP132,Nithin P,ORD003434,31,Cancelled
DP038,Manoj Kumar,ORD003435,43,Completed
DP041,Manoj Kumar,ORD003436,12,Cancelled
DP094,Manoj Kumar,ORD003437,35,Completed
DP093,Vijay S,ORD003438,34,Rejected
DP016,Ajay Kumar,ORD003439,10,Completed
DP182,Nithin P,ORD003440,29,Cancelled
DP074,Dinesh R,ORD003441,16,Completed
DP228,Kiran M,ORD003442,36,Completed
DP221,Vijay S,ORD003443,37,Completed
DP166,Vijay S,ORD003444,34,Completed
DP214,Dinesh R,ORD003445,44,Completed
DP007,Ajay Kumar,ORD003446,14,Completed
DP080,Dinesh R,ORD003447,41,Cancelled
DP207,Prakash S,ORD003448,31,Completed
DP027,Nithin P,ORD003449,33,Completed
DP035,Ajay Kumar,ORD003450,29,Completed
DP008,Vijay S,ORD003451,21,Rejected
DP091,Suresh Kumar,ORD003452,23,Rejected
DP139,Ajay Kumar,ORD003453,34,Completed
DP124,Ajay Kumar,ORD003454,28,Cancelled
DP164,Kiran M,ORD003455,31,Rejected
DP017,Manoj Kumar,ORD003456,35,Completed
DP102,Ravi Kumar,ORD003457,31,Cancelled
DP064,Ravi Kumar,ORD003458,14,Completed
DP219,Imran Khan,ORD003459,22,Completed
DP076,Imran Khan,ORD003460,43,Cancelled
DP057,Manoj Kumar,ORD003461,44,Completed
DP224,Vijay S,ORD003462,29,Rejected
DP179,Vijay S,ORD003463,32,Completed
DP152,Ajay Kumar,ORD003464,33,Completed
DP216,Ravi Kumar,ORD003465,11,Cancelled
DP011,Ravi Kumar,ORD003466,29,Completed
DP115,Dinesh R,ORD003467,24,Rejected
DP011,Ravi Kumar,ORD003468,30,Completed
DP217,Manoj Kumar,ORD003469,15,Completed
DP208,Ajay Kumar,ORD003470,26,Cancelled
DP086,Suresh Kumar,ORD003471,11,Cancelled
DP228,Manoj Kumar,ORD003472,29,Completed
DP130,Imran Khan,ORD003473,23,Cancelled
DP016,Imran Khan,ORD003474,22,Rejected
DP058,Ravi Kumar,ORD003475,44,Completed
DP030,Ajay Kumar,ORD003476,27,Cancelled
DP071,Ajay Kumar,ORD003477,28,Completed
DP209,Dinesh R,ORD003478,32,Completed
DP098,Vijay S,ORD003479,26,Cancelled
DP131,Suresh Kumar,ORD003480,36,Completed
DP137,Ravi Kumar,ORD003481,30,Rejected
DP155,Prakash S,ORD003482,25,Completed
DP112,Imran Khan,ORD003483,20,Rejected
DP023,Nithin P,ORD003484,26,Completed
DP142,Imran Khan,ORD003485,31,Completed
DP069,Dinesh R,ORD003486,15,Rejected
DP144,Dinesh R,ORD003487,23,Completed
DP153,Manoj Kumar,ORD003488,35,Completed
DP172,Dinesh R,ORD003489,11,Cancelled
DP232,Lokesh K,ORD003490,42,Rejected
DP011,Suresh Kumar,ORD003491,10,Completed
DP001,Prakash S,ORD003492,40,Rejected
DP234,Suresh Kumar,ORD003493,36,Completed
DP119,Manoj Kumar,ORD003494,38,Cancelled
DP135,Dinesh R,ORD003495,22,Cancelled
DP245,Prakash S,ORD003496,14,Cancelled
DP085,Mohan Raj,ORD003497,25,Completed
DP247,Manoj Kumar,ORD003498,25,Cancelled
DP054,Manoj Kumar,ORD003499,26,Rejected
DP030,Vijay S,ORD003500,22,Completed
DP158,Nithin P,ORD003501,10,Completed
DP030,Ravi Kumar,ORD003502,27,Rejected
DP041,Manoj Kumar,ORD003503,10,Cancelled
DP134,Mohan Raj,ORD003504,14,Completed
DP181,Imran Khan,ORD003505,44,Completed
DP094,Ravi Kumar,ORD003506,16,Completed
DP139,Prakash S,ORD003507,24,Cancelled
DP127,Prakash S,ORD003508,34,Completed
DP068,Kiran M,ORD003509,18,Completed
DP036,Dinesh R,ORD003510,20,Rejected
DP131,Ajay Kumar,ORD003511,45,Completed
DP222,Suresh Kumar,ORD003512,15,Completed
DP157,Suresh Kumar,ORD003513,41,Completed
DP039,Suresh Kumar,ORD003514,45,Rejected
DP081,Vijay S,ORD003515,19,Rejected
DP169,Lokesh K,ORD003516,21,Completed
DP239,Nithin P,ORD003517,36,Completed
DP175,Mohan Raj,ORD003518,23,Completed
DP183,Ravi Kumar,ORD003519,30,Rejected
DP120,Vijay S,ORD003520,15,Completed
DP175,Nithin P,ORD003521,41,Completed
DP042,Imran Khan,ORD003522,22,Completed
DP198,Ajay Kumar,ORD003523,23,Cancelled
DP200,Prakash S,ORD003524,38,Cancelled
DP103,Ajay Kumar,ORD003525,35,Completed
DP130,Imran Khan,ORD003526,27,Completed
DP109,Prakash S,ORD003527,43,Completed
DP041,Ajay Kumar,ORD003528,38,Completed
DP202,Manoj Kumar,ORD003529,14,Cancelled
DP077,Mohan Raj,ORD003530,21,Rejected
DP062,Nithin P,ORD003531,22,Completed
DP115,Imran Khan,ORD003532,10,Completed
DP232,Kiran M,ORD003533,20,Completed
DP165,Imran Khan,ORD003534,13,Cancelled
DP241,Mohan Raj,ORD003535,14,Rejected
DP061,Lokesh K,ORD003536,12,Rejected
DP096,Kiran M,ORD003537,38,Completed
DP089,Mohan Raj,ORD003538,34,Rejected
DP082,Mohan Raj,ORD003539,35,Completed
DP017,Kiran M,ORD003540,16,Rejected
DP029,Mohan Raj,ORD003541,28,Completed
DP005,Manoj Kumar,ORD003542,34,Cancelled
DP083,Ravi Kumar,ORD003543,25,Cancelled
DP022,Suresh Kumar,ORD003544,29,Completed
DP092,Dinesh R,ORD003545,27,Completed
DP200,Ajay Kumar,ORD003546,21,Rejected
DP022,Dinesh R,ORD003547,30,Completed
DP047,Suresh Kumar,ORD003548,21,Rejected
DP222,Ajay Kumar,ORD003549,29,Cancelled
DP039,Manoj Kumar,ORD003550,17,Completed
DP205,Manoj Kumar,ORD003551,31,Completed
DP174,Vijay S,ORD003552,34,Completed
DP205,Manoj Kumar,ORD003553,14,Completed
DP089,Ajay Kumar,ORD003554,28,Completed
DP038,Mohan Raj,ORD003555,21,Completed
DP040,Manoj Kumar,ORD003556,24,Completed
DP021,Ravi Kumar,ORD003557,11,Completed
DP062,Manoj Kumar,ORD003558,28,Completed
DP218,Lokesh K,ORD003559,44,Cancelled
DP060,Dinesh R,ORD003560,17,Completed
DP187,Mohan Raj,ORD003561,10,Completed
DP068,Kiran M,ORD003562,31,Completed
DP220,Suresh Kumar,ORD003563,12,Rejected
DP066,Lokesh K,ORD003564,41,Cancelled
DP198,Suresh Kumar,ORD003565,25,Completed
DP020,Imran Khan,ORD003566,22,Completed
DP162,Mohan Raj,ORD003567,18,Rejected
DP068,Ravi Kumar,ORD003568,31,Rejected
DP100,Mohan Raj,ORD003569,31,Completed
DP211,Nithin P,ORD003570,11,Completed
DP250,Kiran M,ORD003571,17,Cancelled
DP082,Ravi Kumar,ORD003572,44,Completed
DP043,Vijay S,ORD003573,29,Completed
DP150,Prakash S,ORD003574,29,Rejected
DP048,Lokesh K,ORD003575,42,Completed
DP078,Kiran M,ORD003576,33,Completed
DP097,Nithin P,ORD003577,40,Cancelled
DP108,Suresh Kumar,ORD003578,21,Rejected
DP152,Vijay S,ORD003579,45,Completed
DP159,Kiran M,ORD003580,36,Cancelled
DP059,Suresh Kumar,ORD003581,13,Completed
DP064,Nithin P,ORD003582,10,Completed
DP234,Kiran M,ORD003583,22,Cancelled
DP026,Lokesh K,ORD003584,39,Cancelled
DP004,Suresh Kumar,ORD003585,30,Cancelled
DP126,Imran Khan,ORD003586,33,Completed
DP126,Kiran M,ORD003587,33,Completed
DP023,,ORD003588,29,Rejected
DP161,Vijay S,ORD003589,38,Completed
DP183,Ravi Kumar,ORD003590,26,Cancelled
DP030,Imran Khan,ORD003591,45,Rejected
DP119,Suresh Kumar,ORD003592,31,Completed
DP087,Suresh Kumar,ORD003593,21,Rejected
DP069,Ajay Kumar,ORD003594,14,Rejected
DP049,Ajay Kumar,ORD003595,31,Rejected
DP031,Suresh Kumar,ORD003596,42,Cancelled
DP190,Ravi Kumar,ORD003597,19,Rejected
DP172,Prakash S,ORD003598,24,Completed
DP166,Lokesh K,ORD003599,33,Completed
DP072,Suresh Kumar,ORD003600,29,Completed
DP189,Manoj Kumar,ORD003601,12,Completed
DP059,Suresh Kumar,ORD003602,19,Completed
DP114,Vijay S,ORD003603,15,Completed
DP008,Prakash S,ORD003604,32,Completed
DP029,Dinesh R,ORD003605,14,Completed
DP038,Manoj Kumar,ORD003606,11,Completed
DP153,Prakash S,ORD003607,39,Rejected
DP054,Mohan Raj,ORD003608,19,Completed
DP053,Dinesh R,ORD003609,27,Rejected
DP109,Manoj Kumar,ORD003610,26,Completed
DP241,Manoj Kumar,ORD003611,35,Cancelled
DP147,Dinesh R,ORD003612,45,Completed
DP043,Ravi Kumar,ORD003613,14,Completed
DP091,Lokesh K,ORD003614,33,Rejected
DP180,Nithin P,ORD003615,23,Completed
DP240,Vijay S,ORD003616,26,Completed
DP035,Prakash S,ORD003617,16,Completed
DP099,Suresh Kumar,ORD003618,15,Cancelled
DP080,Imran Khan,ORD003619,39,Completed
DP193,Lokesh K,ORD003620,14,Completed
DP042,Kiran M,ORD003621,11,Cancelled
DP212,Manoj Kumar,ORD003622,11,Completed
DP233,Imran Khan,ORD003623,24,Rejected
DP095,Manoj Kumar,ORD003624,22,Cancelled
DP096,Mohan Raj,ORD003625,21,Completed
DP208,Ravi Kumar,ORD003626,40,Rejected
DP129,Nithin P,ORD003627,32,Cancelled
DP198,Suresh Kumar,ORD003628,13,Cancelled
DP079,Ravi Kumar,ORD003629,14,Rejected
DP195,Dinesh R,ORD003630,19,Cancelled
DP092,Kiran M,ORD003631,25,Rejected
DP160,Vijay S,ORD003632,19,Completed
DP086,Nithin P,ORD003633,15,Completed
DP094,Nithin P,ORD003634,15,Rejected
DP179,Ajay Kumar,ORD003635,43,Rejected
DP085,Dinesh R,ORD003636,23,Rejected
DP134,Ajay Kumar,ORD003637,21,Completed
DP112,Nithin P,ORD003638,38,Completed
DP124,Suresh Kumar,ORD003639,36,Completed
DP047,Ajay Kumar,ORD003640,18,Rejected
DP132,Lokesh K,ORD003641,14,Cancelled
DP124,Ravi Kumar,ORD003642,29,Completed
DP076,Manoj Kumar,ORD003643,29,Cancelled
DP210,Suresh Kumar,ORD003644,40,Cancelled
DP025,Kiran M,ORD003645,39,Completed
DP206,Kiran M,ORD003646,20,Completed
DP210,Imran Khan,ORD003647,36,Completed
DP126,Lokesh K,ORD003648,41,Completed
DP039,Ajay Kumar,ORD003649,44,Cancelled
DP104,Dinesh R,ORD003650,24,Rejected
DP202,Ravi Kumar,ORD003651,30,Cancelled
DP121,Suresh Kumar,ORD003652,28,Rejected
DP061,Vijay S,ORD003653,13,Cancelled
DP025,Kiran M,ORD003654,44,Completed
DP247,Kiran M,ORD003655,42,Completed
DP003,Vijay S,ORD003656,17,Cancelled
DP117,Lokesh K,ORD003657,12,Completed
DP192,Imran Khan,ORD003658,39,Cancelled
DP043,Ravi Kumar,ORD003659,38,Completed
DP240,Suresh Kumar,ORD003660,44,Completed
DP047,Kiran M,ORD003661,32,Rejected
DP231,Manoj Kumar,ORD003662,39,Completed
DP123,Lokesh K,ORD003663,22,Completed
DP079,Suresh Kumar,ORD003664,16,Completed
DP072,Prakash S,ORD003665,30,Completed
DP136,Ravi Kumar,ORD003666,25,Completed
DP113,Manoj Kumar,ORD003667,34,Completed
DP083,Kiran M,ORD003668,45,Rejected
DP029,Manoj Kumar,ORD003669,19,Cancelled
DP036,Ravi Kumar,ORD003670,17,Completed
DP145,Imran Khan,ORD003671,31,Completed
DP159,Imran Khan,ORD003672,42,Completed
DP062,Prakash S,ORD003673,30,Completed
DP200,Mohan Raj,ORD003674,31,Completed
DP133,Ravi Kumar,ORD003675,43,Cancelled
DP238,Imran Khan,ORD003676,40,Completed
DP049,Dinesh R,ORD003677,27,Completed
DP143,Ravi Kumar,ORD003678,35,Completed
DP008,Prakash S,ORD003679,43,Completed
DP103,Prakash S,ORD003680,35,Completed
DP102,Ajay Kumar,ORD003681,44,Completed
DP191,Mohan Raj,ORD003682,42,Completed
DP231,Suresh Kumar,ORD003683,34,Completed
DP043,Lokesh K,ORD003684,43,Cancelled
DP154,Manoj Kumar,ORD003685,42,Completed
DP107,Mohan Raj,ORD003686,18,Cancelled
DP226,Imran Khan,ORD003687,34,Rejected
DP079,Ajay Kumar,ORD003688,42,Completed
DP191,Manoj Kumar,ORD003689,19,Cancelled
DP034,Imran Khan,ORD003690,15,Rejected
DP104,Nithin P,ORD003691,25,Cancelled
DP146,Prakash S,ORD003692,42,Completed
DP191,Imran Khan,ORD003693,22,Cancelled
DP157,Imran Khan,ORD003694,37,Completed
DP220,Dinesh R,ORD003695,32,Completed
DP192,Dinesh R,ORD003696,36,Completed
DP038,Imran Khan,ORD003697,43,Completed
DP060,Vijay S,ORD003698,30,Completed
DP044,Ravi Kumar,ORD003699,18,Completed
DP138,Kiran M,ORD003700,37,Completed
DP159,Ajay Kumar,ORD003701,39,Completed
DP054,Dinesh R,ORD003702,26,Cancelled
DP123,Nithin P,ORD003703,37,Completed
DP219,Nithin P,ORD003704,13,Completed
DP127,Mohan Raj,ORD003705,25,Rejected
DP003,Prakash S,ORD003706,44,Cancelled
DP165,Dinesh R,ORD003707,28,Completed
DP166,Suresh Kumar,ORD003708,36,Completed
DP063,Ravi Kumar,ORD003709,26,Completed
DP219,Nithin P,ORD003710,21,Completed
DP224,Manoj Kumar,ORD003711,27,Cancelled
DP092,Vijay S,ORD003712,32,Completed
DP111,Prakash S,ORD003713,37,Completed
DP021,Lokesh K,ORD003714,29,Cancelled
DP026,Kiran M,ORD003715,22,Completed
DP054,Ajay Kumar,ORD003716,32,Completed
DP123,Ravi Kumar,ORD003717,22,Completed
DP070,Manoj Kumar,ORD003718,17,Completed
DP159,Mohan Raj,ORD003719,33,Completed
DP247,Kiran M,ORD003720,21,Completed
DP100,Mohan Raj,ORD003721,44,Completed
DP017,Kiran M,ORD003722,35,Completed
DP169,Mohan Raj,ORD003723,25,Completed
DP200,Imran Khan,ORD003724,11,Cancelled
DP022,Nithin P,ORD003725,10,Cancelled
DP240,Kiran M,ORD003726,43,Completed
DP149,Dinesh R,ORD003727,24,Completed
DP090,Suresh Kumar,ORD003728,37,Rejected
DP065,Nithin P,ORD003729,45,Completed
DP063,Ravi Kumar,ORD003730,10,Rejected
DP091,Ravi Kumar,ORD003731,14,Cancelled
DP094,Lokesh K,ORD003732,28,Completed
DP010,Ravi Kumar,ORD003733,24,Cancelled
DP086,Ajay Kumar,ORD003734,23,Completed
DP129,Lokesh K,ORD003735,16,Completed
DP121,Manoj Kumar,ORD003736,18,Rejected
DP100,Manoj Kumar,ORD003737,26,Completed
DP249,Prakash S,ORD003738,43,Completed
DP203,Suresh Kumar,ORD003739,10,Cancelled
DP069,Imran Khan,ORD003740,27,Completed
DP133,Manoj Kumar,ORD003741,32,Completed
DP201,Dinesh R,ORD003742,23,Cancelled
DP109,Mohan Raj,ORD003743,26,Cancelled
DP005,Ravi Kumar,ORD003744,25,Completed
DP125,Nithin P,ORD003745,15,Completed
DP065,Vijay S,ORD003746,17,Completed
DP076,Ravi Kumar,ORD003747,10,Completed
DP188,Manoj Kumar,ORD003748,13,Rejected
DP186,Ravi Kumar,ORD003749,21,Completed
DP028,Lokesh K,ORD003750,19,Completed
DP027,Kiran M,ORD003751,33,Completed
DP115,Kiran M,ORD003752,38,Completed
DP101,Kiran M,ORD003753,27,Completed
DP017,Nithin P,ORD003754,21,Completed
DP043,Mohan Raj,ORD003755,26,Completed
DP081,Lokesh K,ORD003756,31,Rejected
DP242,Nithin P,ORD003757,29,Completed
DP194,Ajay Kumar,ORD003758,27,Completed
DP134,Prakash S,ORD003759,19,Completed
DP134,Kiran M,ORD003760,22,Completed
DP030,Kiran M,ORD003761,28,Cancelled
DP131,Kiran M,ORD003762,36,Completed
DP244,Kiran M,ORD003763,13,Cancelled
DP181,Nithin P,ORD003764,33,Cancelled
DP056,Imran Khan,ORD003765,45,Rejected
DP215,Prakash S,ORD003766,42,Cancelled
DP246,Ravi Kumar,ORD003767,20,Completed
DP149,Imran Khan,ORD003768,32,Completed
DP033,Dinesh R,ORD003769,32,Completed
DP088,Lokesh K,ORD003770,10,Cancelled
DP025,Vijay S,ORD003771,33,Cancelled
DP214,Prakash S,ORD003772,30,Completed
DP087,Mohan Raj,ORD003773,23,Rejected
DP217,Nithin P,ORD003774,44,Cancelled
DP225,Mohan Raj,ORD003775,24,Rejected
DP106,Nithin P,ORD003776,33,Completed
DP177,Vijay S,ORD003777,41,Completed
DP046,Dinesh R,ORD003778,10,Cancelled
DP029,Mohan Raj,ORD003779,33,Cancelled
DP025,Kiran M,ORD003780,12,Cancelled
DP118,Nithin P,ORD003781,40,Completed
DP167,Prakash S,ORD003782,23,Completed
DP179,Mohan Raj,ORD003783,40,Completed
DP196,Mohan Raj,ORD003784,12,Completed
DP146,Nithin P,ORD003785,22,Cancelled
DP145,Ajay Kumar,ORD003786,41,Completed
DP162,Suresh Kumar,ORD003787,22,Completed
DP007,Ajay Kumar,ORD003788,28,Completed
DP050,Nithin P,ORD003789,45,Completed
DP163,Manoj Kumar,ORD003790,19,Rejected
DP074,Manoj Kumar,ORD003791,23,Completed
DP143,Mohan Raj,ORD003792,22,Cancelled
DP056,Prakash S,ORD003793,18,Completed
DP163,Mohan Raj,ORD003794,36,Completed
DP181,Lokesh K,ORD003795,30,Completed
DP142,Prakash S,ORD003796,24,Completed
DP013,Ravi Kumar,ORD003797,23,Cancelled
DP076,Lokesh K,ORD003798,35,Cancelled
DP155,Ajay Kumar,ORD003799,42,Completed
DP078,Mohan Raj,ORD003800,34,Completed
DP099,Lokesh K,ORD003801,20,Completed
DP078,Ajay Kumar,ORD003802,30,Completed
DP189,Vijay S,ORD003803,10,Completed
DP236,Lokesh K,ORD003804,30,Completed
DP021,Ravi Kumar,ORD003805,19,Completed
DP039,Kiran M,ORD003806,16,Rejected
DP140,Mohan Raj,ORD003807,39,Completed
DP185,Kiran M,ORD003808,19,Completed
DP218,Lokesh K,ORD003809,25,Rejected
DP030,Suresh Kumar,ORD003810,37,Cancelled
DP034,Ajay Kumar,ORD003811,29,Completed
DP138,Prakash S,ORD003812,21,Completed
DP024,Dinesh R,ORD003813,44,Completed
DP058,Ravi Kumar,ORD003814,15,Completed
DP202,Manoj Kumar,ORD003815,31,Completed
DP245,Kiran M,ORD003816,37,Rejected
DP055,Mohan Raj,ORD003817,25,Completed
DP224,Lokesh K,ORD003818,21,Cancelled
DP133,Dinesh R,ORD003819,22,Rejected
DP101,Manoj Kumar,ORD003820,15,Completed
DP090,Manoj Kumar,ORD003821,33,Completed
DP215,Ajay Kumar,ORD003822,17,Cancelled
DP244,Vijay S,ORD003823,44,Completed
DP206,Lokesh K,ORD003824,20,Completed
DP177,Manoj Kumar,ORD003825,14,Completed
DP121,Prakash S,ORD003826,30,Completed
DP179,Ravi Kumar,ORD003827,30,Completed
DP201,Dinesh R,ORD003828,21,Cancelled
DP218,Ravi Kumar,ORD003829,29,Cancelled
DP006,Vijay S,ORD003830,23,Cancelled
DP085,Manoj Kumar,ORD003831,24,Completed
DP080,Ravi Kumar,ORD003832,17,Completed
DP127,Prakash S,ORD003833,37,Cancelled
DP085,Imran Khan,ORD003834,45,Completed
DP026,Imran Khan,ORD003835,42,Rejected
DP199,Manoj Kumar,ORD003836,18,Completed
DP219,Dinesh R,ORD003837,12,Completed
DP031,Ajay Kumar,ORD003838,29,Completed
DP042,Ravi Kumar,ORD003839,15,Completed
DP217,Ravi Kumar,ORD003840,28,Cancelled
DP124,Ravi Kumar,ORD003841,39,Cancelled
DP179,Kiran M,ORD003842,45,Completed
DP144,Dinesh R,ORD003843,37,Completed
DP045,Prakash S,ORD003844,37,Rejected
DP125,Prakash S,ORD003845,11,Completed
DP235,Ravi Kumar,ORD003846,26,Rejected
DP176,Dinesh R,ORD003847,13,Rejected
DP134,Nithin P,ORD003848,18,Completed
DP034,Mohan Raj,ORD003849,12,Cancelled
DP133,Suresh Kumar,ORD003850,45,Cancelled
DP234,Dinesh R,ORD003851,24,Cancelled
DP047,Lokesh K,ORD003852,17,Cancelled
DP161,Nithin P,ORD003853,44,Completed
DP035,Vijay S,ORD003854,45,Completed
DP124,Dinesh R,ORD003855,32,Completed
DP209,Ravi Kumar,ORD003856,42,Rejected
DP058,Ajay Kumar,ORD003857,37,Completed
DP075,Nithin P,ORD003858,45,Completed
DP239,Vijay S,ORD003859,30,Rejected
DP028,Suresh Kumar,ORD003860,11,Rejected
DP060,Ajay Kumar,ORD003861,44,Completed
DP118,Lokesh K,ORD003862,45,Completed
DP104,Ravi Kumar,ORD003863,39,Completed
DP080,Nithin P,ORD003864,33,Cancelled
DP039,Nithin P,ORD003865,41,Completed
DP076,Vijay S,ORD003866,24,Rejected
DP131,Kiran M,ORD003867,35,Completed
DP216,Manoj Kumar,ORD003868,43,Completed
DP243,Nithin P,ORD003869,28,Completed
DP071,Ravi Kumar,ORD003870,22,Completed
DP164,Prakash S,ORD003871,24,Completed
DP115,Prakash S,ORD003872,28,Completed
DP053,Manoj Kumar,ORD003873,33,Rejected
DP004,Kiran M,ORD003874,26,Completed
DP100,Manoj Kumar,ORD003875,30,Completed
DP194,Lokesh K,ORD003876,30,Rejected
DP026,Nithin P,ORD003877,29,Completed
DP082,Suresh Kumar,ORD003878,11,Completed
DP126,Imran Khan,ORD003879,35,Completed
DP128,Prakash S,ORD003880,16,Cancelled
DP228,Vijay S,ORD003881,36,Completed
DP071,Dinesh R,ORD003882,34,Completed
DP020,Mohan Raj,ORD003883,12,Cancelled
DP067,Ravi Kumar,ORD003884,16,Cancelled
DP060,Lokesh K,ORD003885,13,Rejected
DP153,Ravi Kumar,ORD003886,24,Rejected
DP227,Manoj Kumar,ORD003887,32,Rejected
DP214,Nithin P,ORD003888,13,Completed
DP056,Ravi Kumar,ORD003889,45,Completed
DP222,Ravi Kumar,ORD003890,40,Completed
DP100,Prakash S,ORD003891,20,Cancelled
DP151,Prakash S,ORD003892,44,Completed
DP055,Ravi Kumar,ORD003893,27,Completed
DP225,Prakash S,ORD003894,15,Completed
DP237,Vijay S,ORD003895,17,Rejected
DP218,Suresh Kumar,ORD003896,13,Rejected
DP123,Manoj Kumar,ORD003897,39,Rejected
DP215,Manoj Kumar,ORD003898,24,Completed
DP144,Ravi Kumar,ORD003899,43,Completed
DP047,Vijay S,ORD003900,28,Completed
DP116,Ravi Kumar,ORD003901,28,Completed
DP179,Prakash S,ORD003902,10,Rejected
DP141,Vijay S,ORD003903,21,Completed
DP072,Ravi Kumar,ORD003904,39,Completed
DP151,Manoj Kumar,ORD003905,43,Cancelled
DP193,Dinesh R,ORD003906,44,Completed
DP152,Suresh Kumar,ORD003907,32,Completed
DP183,Suresh Kumar,ORD003908,42,Cancelled
DP012,Suresh Kumar,ORD003909,14,Rejected
DP194,Vijay S,ORD003910,33,Completed
DP216,Ravi Kumar,ORD003911,36,Completed
DP187,Ravi Kumar,ORD003912,11,Completed
DP236,Ravi Kumar,ORD003913,33,Completed
DP205,Lokesh K,ORD003914,23,Completed
DP093,Kiran M,ORD003915,18,Completed
DP020,Suresh Kumar,ORD003916,36,Completed
DP068,Kiran M,ORD003917,34,Completed
DP185,Manoj Kumar,ORD003918,41,Completed
DP199,Lokesh K,ORD003919,43,Completed
DP019,Prakash S,ORD003920,12,Completed
DP201,Suresh Kumar,ORD003921,45,Completed
DP017,Kiran M,ORD003922,17,Completed
DP145,Vijay S,ORD003923,33,Completed
DP088,Kiran M,ORD003924,18,Completed
DP111,Dinesh R,ORD003925,15,Completed
DP113,Lokesh K,ORD003926,15,Completed
DP238,Mohan Raj,ORD003927,20,Cancelled
DP234,Nithin P,ORD003928,42,Completed
DP051,Lokesh K,ORD003929,23,Completed
DP214,Nithin P,ORD003930,19,Completed
DP121,Imran Khan,ORD003931,40,Cancelled
DP190,Kiran M,ORD003932,24,Rejected
DP236,Ravi Kumar,ORD003933,15,Completed
DP036,Vijay S,ORD003934,27,Completed
DP021,Prakash S,ORD003935,15,Rejected
DP150,Manoj Kumar,ORD003936,45,Completed
DP070,Manoj Kumar,ORD003937,24,Completed
DP185,Ajay Kumar,ORD003938,24,Completed
DP017,Lokesh K,ORD003939,19,Completed
DP035,Vijay S,ORD003940,36,Completed
DP133,Nithin P,ORD003941,22,Cancelled
DP185,Ajay Kumar,ORD003942,45,Cancelled
DP001,Dinesh R,ORD003943,35,Completed
DP246,Suresh Kumar,ORD003944,40,Cancelled
DP074,Dinesh R,ORD003945,33,Completed
DP227,Vijay S,ORD003946,13,Completed
DP122,Ravi Kumar,ORD003947,42,Completed
DP111,Lokesh K,ORD003948,39,Completed
DP214,Mohan Raj,ORD003949,37,Completed
DP178,Lokesh K,ORD003950,23,Completed
DP043,Nithin P,ORD003951,30,Completed
DP026,Ajay Kumar,ORD003952,44,Completed
DP169,Ajay Kumar,ORD003953,45,Rejected
DP075,Dinesh R,ORD003954,22,Completed
DP186,Imran Khan,ORD003955,34,Cancelled
DP176,Dinesh R,ORD003956,26,Completed
DP039,Nithin P,ORD003957,37,Completed
DP108,Kiran M,ORD003958,34,Rejected
DP200,Ajay Kumar,ORD003959,18,Completed
DP065,Manoj Kumar,ORD003960,41,Completed
DP011,Dinesh R,ORD003961,27,Rejected
DP235,Mohan Raj,ORD003962,21,Completed
DP169,Mohan Raj,ORD003963,34,Cancelled
DP054,Imran Khan,ORD003964,28,Rejected
DP049,Kiran M,ORD003965,16,Completed
DP080,Manoj Kumar,ORD003966,28,Completed
DP212,Lokesh K,ORD003967,25,Completed
DP210,Ajay Kumar,ORD003968,41,Completed
DP032,Manoj Kumar,ORD003969,23,Completed
DP071,Imran Khan,ORD003970,39,Completed
DP040,Suresh Kumar,ORD003971,12,Completed
DP145,Kiran M,ORD003972,18,Completed
DP105,Lokesh K,ORD003973,24,Rejected
DP229,Kiran M,ORD003974,36,Completed
DP001,Kiran M,ORD003975,39,Completed
DP094,Dinesh R,ORD003976,35,Cancelled
DP015,Kiran M,ORD003977,45,Rejected
DP013,Nithin P,ORD003978,14,Completed
DP050,Imran Khan,ORD003979,22,Completed
DP013,Imran Khan,ORD003980,31,Completed
DP187,Suresh Kumar,ORD003981,18,Completed
DP050,Imran Khan,ORD003982,21,Cancelled
DP225,Suresh Kumar,ORD003983,18,Completed
DP184,Manoj Kumar,ORD003984,39,Completed
DP155,Imran Khan,ORD003985,19,Completed
DP207,Vijay S,ORD003986,22,Completed
DP025,Nithin P,ORD003987,43,Completed
DP236,Prakash S,ORD003988,24,Completed
DP191,Lokesh K,ORD003989,39,Completed
DP118,Prakash S,ORD003990,19,Cancelled
DP024,Prakash S,ORD003991,42,Completed
DP003,Manoj Kumar,ORD003992,30,Completed
DP014,Prakash S,ORD003993,42,Rejected
DP183,Suresh Kumar,ORD003994,40,Rejected
DP122,Manoj Kumar,ORD003995,13,Rejected
DP028,Ajay Kumar,ORD003996,19,Completed
DP042,Mohan Raj,ORD003997,25,Completed
DP184,Mohan Raj,ORD003998,21,Completed
DP097,Prakash S,ORD003999,26,Rejected
DP052,Dinesh R,ORD004000,43,Cancelled
DP045,Vijay S,ORD004001,35,Rejected
DP212,Ajay Kumar,ORD004002,15,Rejected
DP194,Lokesh K,ORD004003,17,Rejected
DP171,Prakash S,ORD004004,34,Completed
DP037,Kiran M,ORD004005,37,Completed
DP083,Suresh Kumar,ORD004006,11,Completed
DP203,Kiran M,ORD004007,20,Completed
DP106,Ravi Kumar,ORD004008,30,Rejected
DP187,Ravi Kumar,ORD004009,44,Completed
DP052,Imran Khan,ORD004010,36,Completed
DP144,Ajay Kumar,ORD004011,31,Cancelled
DP010,Ravi Kumar,ORD004012,14,Rejected
DP116,Kiran M,ORD004013,12,Completed
DP144,Vijay S,ORD004014,13,Completed
DP096,Manoj Kumar,ORD004015,14,Rejected
DP223,Prakash S,ORD004016,10,Completed
DP228,Dinesh R,ORD004017,14,Rejected
DP121,Dinesh R,ORD004018,42,Completed
DP048,Mohan Raj,ORD004019,14,Rejected
DP183,Vijay S,ORD004020,19, Rejected 
DP006,Imran Khan,ORD004021,30,Completed
DP192,Lokesh K,ORD004022,19,Cancelled
DP176,Kiran M,ORD004023,32,Rejected
DP039,Vijay S,ORD004024,45,Rejected
DP156,Vijay S,ORD004025,33,Completed
DP048,Ravi Kumar,ORD004026,44,Completed
DP133,Manoj Kumar,ORD004027,26,Completed
DP058,Mohan Raj,ORD004028,30,Completed
DP049,Prakash S,ORD004029,45,Completed
DP079,Kiran M,ORD004030,37,Completed
DP182,Manoj Kumar,ORD004031,11,Rejected
DP054,Vijay S,ORD004032,19,Rejected
DP166,Prakash S,ORD004033,19,Completed
DP046,Mohan Raj,ORD004034,17,Rejected
DP232,Kiran M,ORD004035,43,Completed
DP068,Imran Khan,ORD004036,24,Completed
DP244,Kiran M,ORD004037,17,Completed
DP205,Suresh Kumar,ORD004038,27,Cancelled
DP107,Suresh Kumar,ORD004039,11,Rejected
DP054,Manoj Kumar,ORD004040,18,Rejected
DP037,Vijay S,ORD004041,38,Completed
DP220,Imran Khan,ORD004042,11,Cancelled
DP185,Kiran M,ORD004043,10,Cancelled
DP135,Ravi Kumar,ORD004044,28,Completed
DP140,Lokesh K,ORD004045,29,Completed
DP133,Ajay Kumar,ORD004046,32,Cancelled
DP155,Mohan Raj,ORD004047,28,Cancelled
DP059,Ajay Kumar,ORD004048,24,Completed
DP104,Nithin P,ORD004049,24,Completed
DP135,Kiran M,ORD004050,34,Completed
DP233,Vijay S,ORD004051,19,Rejected
DP239,Suresh Kumar,ORD004052,35,Completed
DP042,Suresh Kumar,ORD004053,23,Completed
DP096,Suresh Kumar,ORD004054,11,Rejected
DP116,Nithin P,ORD004055,33,Completed
DP125,Imran Khan,ORD004056,18,Cancelled
DP117,Manoj Kumar,ORD004057,29,Completed
DP144,Suresh Kumar,ORD004058,24,Cancelled
DP198,Mohan Raj,ORD004059,22,Rejected
DP195,Mohan Raj,ORD004060,36,Rejected
DP247,Nithin P,ORD004061,20,Completed
DP096,Nithin P,ORD004062,11,Completed
DP030,Manoj Kumar,ORD004063,25,Cancelled
DP080,Lokesh K,ORD004064,28,Completed
DP109,Mohan Raj,ORD004065,22,Completed
DP126,Ajay Kumar,ORD004066,20,Completed
DP227,Prakash S,ORD004067,21,Completed
DP157,Imran Khan,ORD004068,37,Completed
DP128,Ajay Kumar,ORD004069,10,Completed
DP143,Ajay Kumar,ORD004070,14,Rejected
DP190,Mohan Raj,ORD004071,34,Rejected
DP016,Vijay S,ORD004072,37,Completed
DP010,Ajay Kumar,ORD004073,28,Cancelled
DP019,Dinesh R,ORD004074,43,Completed
DP151,Manoj Kumar,ORD004075,28,Cancelled
DP187,Vijay S,ORD004076,29,Cancelled
DP143,Lokesh K,ORD004077,16,Completed
DP236,Prakash S,ORD004078,28,Rejected
DP221,Mohan Raj,ORD004079,15,Completed
DP207,Prakash S,ORD004080,30,Rejected
DP032,Nithin P,ORD004081,12,Cancelled
DP049,Suresh Kumar,ORD004082,19,Completed
DP184,Prakash S,ORD004083,18,Cancelled
DP004,Suresh Kumar,ORD004084,11,Cancelled
DP014,Manoj Kumar,ORD004085,29,Rejected
DP186,Ajay Kumar,ORD004086,45,Completed
DP011,Imran Khan,ORD004087,21,Completed
DP009,Prakash S,ORD004088,19,Completed
DP093,Suresh Kumar,ORD004089,29,Completed
DP241,Dinesh R,ORD004090,14,Completed
DP176,Kiran M,ORD004091,12,Completed
DP120,Mohan Raj,ORD004092,10,Completed
DP072,Lokesh K,ORD004093,35,Completed
DP126,Ajay Kumar,ORD004094,30,Cancelled
DP031,Suresh Kumar,ORD004095,21,Rejected
DP059,Nithin P,ORD004096,34,Cancelled
DP085,Prakash S,ORD004097,38,Rejected
DP222,Imran Khan,ORD004098,31,Rejected
DP006,Prakash S,ORD004099,19,Completed
DP209,Dinesh R,ORD004100,42,Completed
DP097,Prakash S,ORD004101,21,Completed
DP071,Vijay S,ORD004102,34,Rejected
DP131,Suresh Kumar,ORD004103,34,Completed
DP009,Ajay Kumar,ORD004104,40,Rejected
DP033,Imran Khan,ORD004105,44,Cancelled
DP136,Suresh Kumar,ORD004106,23,Completed
DP167,Mohan Raj,ORD004107,41,Rejected
DP240,Manoj Kumar,ORD004108,31,Completed
DP246,Lokesh K,ORD004109,24,Completed
DP187,Kiran M,ORD004110,23,Completed
DP033,Mohan Raj,ORD004111,22,Cancelled
DP121,Imran Khan,ORD004112,16,Completed
DP247,Mohan Raj,ORD004113,21,Completed
DP003,Lokesh K,ORD004114,28,Completed
DP201,Vijay S,ORD004115,32,Cancelled
DP214,Mohan Raj,ORD004116,18,Cancelled
DP234,Suresh Kumar,ORD004117,34,Completed
DP074,Vijay S,ORD004118,17,Cancelled
DP056,Dinesh R,ORD004119,34,Cancelled
DP071,Prakash S,ORD004120,34,Completed
DP042,Vijay S,ORD004121,13,Completed
DP038,Imran Khan,ORD004122,27,Completed
DP032,Manoj Kumar,ORD004123,14,Rejected
DP026,Suresh Kumar,ORD004124,30,Rejected
DP045,Suresh Kumar,ORD004125,20,Completed
DP156,Ravi Kumar,ORD004126,13,Rejected
DP081,Nithin P,ORD004127,41,Rejected
DP029,Mohan Raj,ORD004128,27,Completed
DP124,Manoj Kumar,ORD004129,34,Completed
DP094,Lokesh K,ORD004130,10,Cancelled
DP229,Ravi Kumar,ORD004131,11,Completed
DP203,Manoj Kumar,ORD004132,15,Completed
DP194,Imran Khan,ORD004133,40,Completed
DP054,Nithin P,ORD004134,43,Completed
DP069,Mohan Raj,ORD004135,34,Completed
DP135,Dinesh R,ORD004136,19,Completed
DP024,Kiran M,ORD004137,37,Completed
DP169,Mohan Raj,ORD004138,11,Rejected
DP214,Ravi Kumar,ORD004139,41,Completed
DP249,Dinesh R,ORD004140,11,Completed
DP087,Imran Khan,ORD004141,30,Completed
DP235,Ravi Kumar,ORD004142,40,Completed
DP037,Kiran M,ORD004143,23,Rejected
DP193,Prakash S,ORD004144,42,Rejected
DP196,Ravi Kumar,ORD004145,37,Cancelled
DP146,Ravi Kumar,ORD004146,41,Cancelled
DP069,Lokesh K,ORD004147,36,Completed
DP018,Vijay S,ORD004148,20,Completed
DP057,Prakash S,ORD004149,31,Completed
DP091,Kiran M,ORD004150,20,Cancelled
DP127,Prakash S,ORD004151,30,Completed
DP175,Suresh Kumar,ORD004152,44,Completed
DP125,Suresh Kumar,ORD004153,25,Completed
DP003,Prakash S,ORD004154,14,Completed
DP164,Nithin P,ORD004155,15,Completed
DP112,Ravi Kumar,ORD004156,29,Completed
DP119,Dinesh R,ORD004157,20,Completed
DP070,Vijay S,ORD004158,19,Cancelled
DP201,Mohan Raj,ORD004159,23,Completed
DP060,Prakash S,ORD004160,15,Completed
DP181,Prakash S,ORD004161,44,Cancelled
DP066,Kiran M,ORD004162,42,Completed
DP240,Kiran M,ORD004163,43,Rejected
DP089,Lokesh K,ORD004164,39,Completed
DP164,Mohan Raj,ORD004165,15,Completed
DP079,Mohan Raj,ORD004166,33,Completed
DP138,Suresh Kumar,ORD004167,13,Rejected
DP151,Nithin P,ORD004168,43,Completed
DP087,Prakash S,ORD004169,45,Cancelled
DP211,Prakash S,ORD004170,36,Completed
DP027,Dinesh R,ORD004171,19,Cancelled
DP061,Ajay Kumar,ORD004172,40,Completed
DP233,Mohan Raj,ORD004173,20,Completed
DP118,Prakash S,ORD004174,26,Completed
DP143,Mohan Raj,ORD004175,15,Completed
DP180,Kiran M,ORD004176,12,Cancelled
DP120,Ajay Kumar,ORD004177,15,Completed
DP140,Imran Khan,ORD004178,37,Rejected
DP159,Mohan Raj,ORD004179,34,Cancelled
DP212,Manoj Kumar,ORD004180,35,Rejected
DP203,Ravi Kumar,ORD004181,37,Rejected
DP118,Vijay S,ORD004182,16,Completed
DP038,Mohan Raj,ORD004183,26,Cancelled
DP124,Ajay Kumar,ORD004184,15,Completed
DP248,Nithin P,ORD004185,17,Completed
DP011,Vijay S,ORD004186,17,Completed
DP217,Prakash S,ORD004187,17,Rejected
DP147,Manoj Kumar,ORD004188,19,Completed
DP119,Prakash S,ORD004189,23,Completed
DP197,Dinesh R,ORD004190,15,Completed
DP049,Prakash S,ORD004191,28,Completed
DP079,Dinesh R,ORD004192,14,Rejected
DP215,Manoj Kumar,ORD004193,16,Completed
DP134,Nithin P,ORD004194,24,Completed
DP196,Mohan Raj,ORD004195,41,Cancelled
DP229,Lokesh K,ORD004196,21,Cancelled
DP027,Suresh Kumar,ORD004197,41,Cancelled
DP237,Lokesh K,ORD004198,21,Cancelled
DP116,Prakash S,ORD004199,29,Completed
DP206,Mohan Raj,ORD004200,26,Cancelled
DP222,Manoj Kumar,ORD004201,42,Rejected
DP210,Vijay S,ORD004202,39,Cancelled
DP205,Suresh Kumar,ORD004203,38,Completed
DP008,Lokesh K,ORD004204,17,Completed
DP190,Ajay Kumar,ORD004205,12,Cancelled
DP071,Vijay S,ORD004206,23,Completed
DP237,Manoj Kumar,ORD004207,18,Cancelled
DP183,Dinesh R,ORD004208,28,Cancelled
DP043,Ravi Kumar,ORD004209,12,Completed
DP067,Imran Khan,ORD004210,39,Completed
DP215,Ravi Kumar,ORD004211,37,Cancelled
DP233,Suresh Kumar,ORD004212,23,Completed
DP247,Ajay Kumar,ORD004213,19,Cancelled
DP067,Vijay S,ORD004214,38,Completed
DP035,Suresh Kumar,ORD004215,11,Rejected
DP193,Prakash S,ORD004216,21,Completed
DP169,Ravi Kumar,ORD004217,29,Completed
DP017,Kiran M,ORD004218,41,Rejected
DP182,Prakash S,ORD004219,12,Completed
DP134,Prakash S,ORD004220,18,Completed
DP145,Ajay Kumar,ORD004221,24,Completed
DP123,Suresh Kumar,ORD004222,23,Rejected
DP045,Nithin P,ORD004223,39,Rejected
DP115,Kiran M,ORD004224,19,Cancelled
DP034,Kiran M,ORD004225,38,Completed
DP159,Nithin P,ORD004226,23,Completed
DP171,Imran Khan,ORD004227,20,Completed
DP115,Prakash S,ORD004228,26,Completed
DP123,Ajay Kumar,ORD004229,39,Completed
DP090,Manoj Kumar,ORD004230,12,Completed
DP001,Ajay Kumar,ORD004231,17,Rejected
DP193,Manoj Kumar,ORD004232,40,Rejected
DP078,Dinesh R,ORD004233,30,Cancelled
DP177,Kiran M,ORD004234,38,Completed
DP052,Kiran M,ORD004235,22,Completed
DP101,Mohan Raj,ORD004236,27,Completed
DP166,Lokesh K,ORD004237,13,Completed
DP208,Dinesh R,ORD004238,18,Completed
DP014,Manoj Kumar,ORD004239,23,Cancelled
DP173,,ORD004240,43,Cancelled
DP120,Vijay S,ORD004241,35,Completed
DP050,Suresh Kumar,ORD004242,33,Completed
DP196,Kiran M,ORD004243,26,Completed
DP213,Lokesh K,ORD004244,30,Rejected
DP136,Kiran M,ORD004245,18,Cancelled
DP079,Nithin P,ORD004246,31,Cancelled
DP117,Ravi Kumar,ORD004247,36,Completed
DP026,Ravi Kumar,ORD004248,36,Completed
DP033,Lokesh K,ORD004249,17,Completed
DP250,Suresh Kumar,ORD004250,36,Rejected
DP152,Prakash S,ORD004251,45,Completed
DP086,Nithin P,ORD004252,44,Cancelled
DP137,Ajay Kumar,ORD004253,43,Completed
DP219,Vijay S,ORD004254,26,Rejected
DP191,Manoj Kumar,ORD004255,23,Completed
DP049,Prakash S,ORD004256,21,Completed
DP015,Dinesh R,ORD004257,13,Completed
DP185,Imran Khan,ORD004258,24,Rejected
DP166,Ajay Kumar,ORD004259,17,Completed
DP092,Ravi Kumar,ORD004260,31,Cancelled
DP012,Vijay S,ORD004261,17,Completed
DP093,Kiran M,ORD004262,32,Rejected
DP003,Vijay S,ORD004263,35,Completed
DP191,Imran Khan,ORD004264,42,Rejected
DP213,Suresh Kumar,ORD004265,29,Rejected
DP068,Prakash S,ORD004266,40,Rejected
DP130,Imran Khan,ORD004267,18,Rejected
DP144,Imran Khan,ORD004268,39,Completed
DP208,Nithin P,ORD004269,24,Completed
DP173,Nithin P,ORD004270,32,Completed
DP224,Ajay Kumar,ORD004271,36,Completed
DP019,Mohan Raj,ORD004272,28,Completed
DP040,Mohan Raj,ORD004273,23,Rejected
DP201,Nithin P,ORD004274,28,Rejected
DP029,Imran Khan,ORD004275,22,Completed
DP178,Mohan Raj,ORD004276,14,Completed
DP181,Nithin P,ORD004277,20,Cancelled
DP172,Prakash S,ORD004278,19,Completed
DP183,Ravi Kumar,ORD004279,33,Cancelled
DP163,Suresh Kumar,ORD004280,33,Rejected
DP030,Kiran M,ORD004281,14,Completed
DP093,Lokesh K,ORD004282,42,Completed
DP197,Lokesh K,ORD004283,28,Cancelled
DP138,Kiran M,ORD004284,43,Completed
DP018,Suresh Kumar,ORD004285,45,Completed
DP142,Ravi Kumar,ORD004286,44,Completed
DP132,Suresh Kumar,ORD004287,18,Cancelled
DP116,Ajay Kumar,ORD004288,25,Rejected
DP166,Prakash S,ORD004289,13,Completed
DP029,Mohan Raj,ORD004290,18,Cancelled
DP137,Vijay S,ORD004291,17,Rejected
DP116,Manoj Kumar,ORD004292,30,Completed
DP243,Suresh Kumar,ORD004293,24,Completed
DP231,Suresh Kumar,ORD004294,35,Rejected
DP152,Nithin P,ORD004295,20,Cancelled
DP194,Manoj Kumar,ORD004296,33,Completed
DP131,Ajay Kumar,ORD004297,26,Completed
DP177,Prakash S,ORD004298,11,Rejected
DP189,Suresh Kumar,ORD004299,42,Completed
DP050,Prakash S,ORD004300,40,Completed
DP250,Manoj Kumar,ORD004301,29,Completed
DP072,Imran Khan,ORD004302,26,Completed
DP150,Kiran M,ORD004303,20,Completed
DP095,Kiran M,ORD004304,17,Rejected
DP189,Kiran M,ORD004305,25,Completed
DP175,Suresh Kumar,ORD004306,19,Completed
DP117,Manoj Kumar,ORD004307,30,Completed
DP112,Prakash S,ORD004308,41,Cancelled
DP012,Manoj Kumar,ORD004309,18,Completed
DP230,Vijay S,ORD004310,18,Completed
DP090,Mohan Raj,ORD004311,17,Rejected
DP132,Dinesh R,ORD004312,13,Completed
DP188,Ajay Kumar,ORD004313,21,Completed
DP135,Lokesh K,ORD004314,39,Rejected
DP029,Vijay S,ORD004315,33,Rejected
DP141,Ajay Kumar,ORD004316,43,Completed
DP080,Ajay Kumar,ORD004317,10,Completed
DP240,Ajay Kumar,ORD004318,42,Completed
DP153,Suresh Kumar,ORD004319,45,Completed
DP088,Manoj Kumar,ORD004320,13,Cancelled
DP109,Dinesh R,ORD004321,16,Rejected
DP218,Manoj Kumar,ORD004322,14,Completed
DP223,Kiran M,ORD004323,27,Completed
DP141,Manoj Kumar,ORD004324,29,Completed
DP054,Vijay S,ORD004325,16,Rejected
DP230,Lokesh K,ORD004326,18,Completed
DP012,Imran Khan,ORD004327,35,Completed
DP161,Nithin P,ORD004328,10,Completed
DP019,Prakash S,ORD004329,10,Completed
DP107,Mohan Raj,ORD004330,39,Cancelled
DP165,Ajay Kumar,ORD004331,41,Completed
DP129,Dinesh R,ORD004332,43,Cancelled
DP126,Lokesh K,ORD004333,10,Completed
DP234,Prakash S,ORD004334,28,Completed
DP033,Nithin P,ORD004335,42,Cancelled
DP007,Ravi Kumar,ORD004336,25,Rejected
DP191,Imran Khan,ORD004337,36,Cancelled
DP098,Ajay Kumar,ORD004338,10,Completed
DP113,Ravi Kumar,ORD004339,43,Completed
DP087,Prakash S,ORD004340,26,Rejected
DP090,Manoj Kumar,ORD004341,42,Completed
DP228,Imran Khan,ORD004342,13,Rejected
DP168,Imran Khan,ORD004343,36,Completed
DP240,,ORD004344,16,Cancelled
DP153,Vijay S,ORD004345,22,Cancelled
DP150,Nithin P,ORD004346,36,Completed
DP221,Suresh Kumar,ORD004347,16,Completed
DP197,Mohan Raj,ORD004348,20,Rejected
DP050,Kiran M,ORD004349,35,Completed
DP189,Prakash S,ORD004350,29,Completed
DP140,Kiran M,ORD004351,16,Completed
DP207,Vijay S,ORD004352,42,Rejected
DP221,Lokesh K,ORD004353,23,Completed
DP173,Mohan Raj,ORD004354,29,Cancelled
DP231,Ravi Kumar,ORD004355,28,Completed
DP071,Ravi Kumar,ORD004356,27,Completed
DP237,Mohan Raj,ORD004357,-5,Completed
DP005,Nithin P,ORD004358,40,Completed
DP084,Prakash S,ORD004359,12,Cancelled
DP078,Imran Khan,ORD004360,22,Completed
DP059,Ravi Kumar,ORD004361,10,Rejected
DP233,Nithin P,ORD004362,15,Completed
DP154,Ajay Kumar,ORD004363,18,Completed
DP180,Lokesh K,ORD004364,22,Rejected
DP038,Mohan Raj,ORD004365,12,Completed
DP052,Lokesh K,ORD004366,22,Completed
DP180,Nithin P,ORD004367,23,Completed
DP010,Nithin P,ORD004368,20,Cancelled
DP117,Manoj Kumar,ORD004369,45,Completed
DP153,Ajay Kumar,ORD004370,20,Cancelled
DP169,Prakash S,ORD004371,29,Rejected
DP028,Manoj Kumar,ORD004372,21,Rejected
DP109,Kiran M,ORD004373,11,Completed
DP021,Ravi Kumar,ORD004374,35,Cancelled
DP137,Ajay Kumar,ORD004375,35,Rejected
DP135,Lokesh K,ORD004376,30,Completed
DP246,Manoj Kumar,ORD004377,10,Completed
DP137,Ravi Kumar,ORD004378,23,Completed
DP186,Suresh Kumar,ORD004379,39,Completed
DP192,Vijay S,ORD004380,28,Completed
DP083,Vijay S,ORD004381,25,Cancelled
DP150,Vijay S,ORD004382,44,Completed
DP038,Lokesh K,ORD004383,42,Rejected
DP151,Prakash S,ORD004384,36,Rejected
DP088,Mohan Raj,ORD004385,42,Cancelled
DP230,Nithin P,ORD004386,25,Cancelled
DP215,Imran Khan,ORD004387,43,Completed
DP061,Suresh Kumar,ORD004388,17,Completed
DP074,Prakash S,ORD004389,37,Completed
DP181,Manoj Kumar,ORD004390,29,Cancelled
DP064,Ajay Kumar,ORD004391,44,Rejected
DP118,Mohan Raj,ORD004392,18,Completed
DP061,Nithin P,ORD004393,23,Completed
DP006,Kiran M,ORD004394,16,Cancelled
DP245,Imran Khan,ORD004395,43,Completed
DP158,Lokesh K,ORD004396,15,Cancelled
DP124,Nithin P,ORD004397,22,Cancelled
DP011,Ravi Kumar,ORD004398,27,Completed
DP158,Manoj Kumar,ORD004399,30,Completed
DP194,Suresh Kumar,ORD004400,34,Rejected
DP159,Vijay S,ORD004401,27,Completed
DP202,Prakash S,ORD004402,41,Completed
DP083,Kiran M,ORD004403,40,Completed
DP105,Dinesh R,ORD004404,33,Cancelled
DP071,Imran Khan,ORD004405,37,Rejected
DP002,Prakash S,ORD004406,33,Rejected
DP031,Suresh Kumar,ORD004407,37,Cancelled
DP101,Suresh Kumar,ORD004408,14,Completed
DP139,Kiran M,ORD004409,25,Cancelled
DP097,Manoj Kumar,ORD004410,14,Completed
DP036,Manoj Kumar,ORD004411,20,Completed
DP098,Suresh Kumar,ORD004412,39,Completed
DP135,Manoj Kumar,ORD004413,14,Cancelled
DP011,Suresh Kumar,ORD004414,38,Cancelled
DP242,Suresh Kumar,ORD004415,45,Rejected
DP222,Kiran M,ORD004416,12,Cancelled
DP150,Mohan Raj,ORD004417,17,Rejected
DP218,Ravi Kumar,ORD004418,31,Cancelled
DP043,Prakash S,ORD004419,28,Cancelled
DP107,Dinesh R,ORD004420,11,Rejected
DP078,Ajay Kumar,ORD004421,32,Completed
DP079,Kiran M,ORD004422,36,Completed
DP043,Suresh Kumar,ORD004423,31,completed
DP214,Prakash S,ORD004424,17,Rejected
DP188,Lokesh K,ORD004425,38,Completed
DP179,Lokesh K,ORD004426,36,Completed
DP080,Kiran M,ORD004427,41,Rejected
DP242,Vijay S,ORD004428,41,Completed
DP212,Kiran M,ORD004429,22,Completed
DP030,Nithin P,ORD004430,19,Completed
DP096,Ajay Kumar,ORD004431,43,Completed
DP188,Ajay Kumar,ORD004432,41,Cancelled
DP134,Imran Khan,ORD004433,41,Completed
DP185,Manoj Kumar,ORD004434,39,Cancelled
DP005,Dinesh R,ORD004435,31,Completed
DP205,Nithin P,ORD004436,13,Completed
DP148,Nithin P,ORD004437,20,Completed
DP209,Manoj Kumar,ORD004438,19,Completed
DP244,Vijay S,ORD004439,22,Completed
DP058,Manoj Kumar,ORD004440,19,Rejected
DP215,Nithin P,ORD004441,40,Completed
DP213,Dinesh R,ORD004442,32,Completed
DP036,Prakash S,ORD004443,32,Completed
DP070,Dinesh R,ORD004444,38,Completed
DP134,Dinesh R,ORD004445,19,Completed
DP097,Manoj Kumar,ORD004446,38,Rejected
DP187,Imran Khan,ORD004447,27,Cancelled
DP173,Ravi Kumar,ORD004448,11,Rejected
DP048,Manoj Kumar,ORD004449,13,Completed
DP221,Kiran M,ORD004450,44,Completed
DP132,Suresh Kumar,ORD004451,11,Rejected
DP060,Manoj Kumar,ORD004452,16,Completed
DP150,Nithin P,ORD004453,43,Completed
DP131,Prakash S,ORD004454,43,Completed
DP229,Dinesh R,ORD004455,44,Completed
DP132,Vijay S,ORD004456,17,Completed
DP154,Kiran M,ORD004457,22,Completed
DP234,Nithin P,ORD004458,13,Completed
DP056,Ravi Kumar,ORD004459,36,Rejected
DP074,Lokesh K,ORD004460,41,Completed
DP179,Lokesh K,ORD004461,43,Rejected
DP176,Manoj Kumar,ORD004462,35,Cancelled
DP025,Vijay S,ORD004463,28,Rejected
DP235,Imran Khan,ORD004464,44,Completed
DP018,Kiran M,ORD004465,41,Completed
DP191,Nithin P,ORD004466,15,Completed
DP175,Ravi Kumar,ORD004467,14,Completed
DP146,Prakash S,ORD004468,26,Completed
DP040,Lokesh K,ORD004469,43,Cancelled
DP119,Kiran M,ORD004470,24,Completed
DP206,Vijay S,ORD004471,40,Completed
DP025,Mohan Raj,ORD004472,41,Completed
DP093,Dinesh R,ORD004473,10,Completed
DP150,Lokesh K,ORD004474,13,Completed
DP054,Ravi Kumar,ORD004475,40,Rejected
DP192,Nithin P,ORD004476,16,Cancelled
DP139,Suresh Kumar,ORD004477,44,Cancelled
DP212,Dinesh R,ORD004478,14,Cancelled
DP246,Manoj Kumar,ORD004479,32,Rejected
DP200,Dinesh R,ORD004480,14,Completed
DP051,Suresh Kumar,ORD004481,13,Completed
DP152,Ajay Kumar,ORD004482,27,Completed
DP128,Dinesh R,ORD004483,30,Rejected
DP198,Mohan Raj,ORD004484,33,Rejected
DP193,Kiran M,ORD004485,35,Completed
DP010,Ajay Kumar,ORD004486,22,Rejected
DP043,Nithin P,ORD004487,42,Completed
DP247,Ajay Kumar,ORD004488,34,Cancelled
DP181,Mohan Raj,ORD004489,23,Cancelled
DP187,,ORD004490,23,Completed
DP103,Imran Khan,ORD004491,24,Completed
DP040,Kiran M,ORD004492,14,Completed
DP037,Imran Khan,ORD004493,40,Cancelled
DP127,Nithin P,ORD004494,25,Completed
DP101,Imran Khan,ORD004495,30,Completed
DP105,Suresh Kumar,ORD004496,19,Cancelled
DP043,Dinesh R,ORD004497,28,Cancelled
DP142,Ravi Kumar,ORD004498,14,Completed
DP071,Nithin P,ORD004499,20,Completed
DP163,Nithin P,ORD004500,44,Rejected
DP159,Lokesh K,ORD004501,16,Completed
DP039,Vijay S,ORD004502,18,Rejected
DP122,Ajay Kumar,ORD004503,34,Completed
DP063,Ajay Kumar,ORD004504,35,Rejected
DP194,Ravi Kumar,ORD004505,18,Completed
DP180,Ajay Kumar,ORD004506,19,Rejected
DP112,Vijay S,ORD004507,12,Completed
DP069,Vijay S,ORD004508,16,Cancelled
DP180,Manoj Kumar,ORD004509,44,Cancelled
DP083,Vijay S,ORD004510,27,Completed
DP116,Kiran M,ORD004511,20,Rejected
DP142,Kiran M,ORD004512,34,Cancelled
DP190,Manoj Kumar,ORD004513,22,Completed
DP073,Lokesh K,ORD004514,10,Completed
DP059,Ravi Kumar,ORD004515,20,Completed
DP129,Kiran M,ORD004516,22,Completed
DP041,Kiran M,ORD004517,23,Completed
DP147,Ravi Kumar,ORD004518,30,Completed
DP065,Suresh Kumar,ORD004519,31,Cancelled
DP141,Lokesh K,ORD004520,23,Completed
DP083,Nithin P,ORD004521,16,Rejected
DP061,Suresh Kumar,ORD004522,36,Completed
DP205,Mohan Raj,ORD004523,37,Completed
DP040,Vijay S,ORD004524,20,Completed
DP226,Vijay S,ORD004525,38,Rejected
DP030,Lokesh K,ORD004526,33,Completed
DP055,Manoj Kumar,ORD004527,38,Completed
DP029,Kiran M,ORD004528,20,Rejected
DP120,Kiran M,ORD004529,41,Completed
DP086,Kiran M,ORD004530,29,Completed
DP241,Manoj Kumar,ORD004531,28,Rejected
DP026,Ravi Kumar,ORD004532,19,Cancelled
DP185,Imran Khan,ORD004533,40,Rejected
DP219,Vijay S,ORD004534,41,Rejected
DP215,Kiran M,ORD004535,20,Rejected
DP148,Ravi Kumar,ORD004536,29,Rejected
DP151,Dinesh R,ORD004537,26,Completed
DP209,Kiran M,ORD004538,13,Cancelled
DP014,Kiran M,ORD004539,28,Completed
DP173,Vijay S,ORD004540,23,Completed
DP174,Suresh Kumar,ORD004541,29,Rejected
DP047,Prakash S,ORD004542,44,Completed
DP234,Lokesh K,ORD004543,24,Completed
DP110,Ajay Kumar,ORD004544,22,Completed
DP208,Vijay S,ORD004545,27,Completed
DP043,Imran Khan,ORD004546,37,Rejected
DP158,Manoj Kumar,ORD004547,17,Cancelled
DP128,Ravi Kumar,ORD004548,24,Rejected
DP170,Imran Khan,ORD004549,31,Completed
DP230,Lokesh K,ORD004550,43,Rejected
DP118,Vijay S,ORD004551,33,Completed
DP047,Suresh Kumar,ORD004552,43,Completed
DP073,Ravi Kumar,ORD004553,19,Completed
DP180,Ajay Kumar,ORD004554,32,Completed
DP038,Nithin P,ORD004555,21,Completed
DP163,Suresh Kumar,ORD004556,17,Completed
DP099,Nithin P,ORD004557,14,Completed
DP087,Prakash S,ORD004558,41,Completed
DP113,Mohan Raj,ORD004559,22,Completed
DP064,Imran Khan,ORD004560,28,Completed
DP225,Vijay S,ORD004561,31,Completed
DP109,Manoj Kumar,ORD004562,43,Completed
DP170,Imran Khan,ORD004563,15,Completed
DP038,Prakash S,ORD004564,41,Cancelled
DP062,Nithin P,ORD004565,40,Completed
DP100,Prakash S,ORD004566,38,Cancelled
DP075,Mohan Raj,ORD004567,27,Completed
DP142,Dinesh R,ORD004568,45,Completed
DP170,Kiran M,ORD004569,23,Completed
DP210,Lokesh K,ORD004570,27,Completed
DP038,Manoj Kumar,ORD004571,26,Completed
DP127,Vijay S,ORD004572,26,Cancelled
DP065,Suresh Kumar,ORD004573,16,Completed
DP081,Mohan Raj,ORD004574,19,Cancelled
DP230,Ravi Kumar,ORD004575,38,Completed
DP234,Manoj Kumar,ORD004576,18,Cancelled
DP198,Imran Khan,ORD004577,36,Cancelled
DP121,Suresh Kumar,ORD004578,23,Completed
DP088,Dinesh R,ORD004579,30,Completed
DP241,Nithin P,ORD004580,13,Completed
DP065,Kiran M,ORD004581,33,Completed
DP012,Manoj Kumar,ORD004582,40,Completed
DP048,Prakash S,ORD004583,39,Completed
DP071,Ajay Kumar,ORD004584,26,Rejected
DP231,Prakash S,ORD004585,33,Completed
DP232,Prakash S,ORD004586,19,Completed
DP223,Vijay S,ORD004587,41,Completed
DP021,Lokesh K,ORD004588,12,Completed
DP008,Manoj Kumar,ORD004589,25,Completed
DP098,Mohan Raj,ORD004590,27,Completed
DP179,Imran Khan,ORD004591,45,Completed
DP056,Mohan Raj,ORD004592,43,Completed
DP070,Ravi Kumar,ORD004593,14,Rejected
DP019,Nithin P,ORD004594,44,Completed
DP072,Ravi Kumar,ORD004595,40,Cancelled
DP218,Manoj Kumar,ORD004596,32,Completed
DP075,Ajay Kumar,ORD004597,40,Completed
DP209,Imran Khan,ORD004598,25,Completed
DP231,Suresh Kumar,ORD004599,42,Cancelled
DP179,Suresh Kumar,ORD004600,27,Cancelled
DP002,Dinesh R,ORD004601,36,Completed
DP016,Suresh Kumar,ORD004602,20,Completed
DP011,Mohan Raj,ORD004603,25,Completed
DP173,Dinesh R,ORD004604,23,Completed
DP172,Suresh Kumar,ORD004605,25,Cancelled
DP007,Prakash S,ORD004606,43,Completed
DP034,Ravi Kumar,ORD004607,20,Completed
DP071,Dinesh R,ORD004608,23,Completed
DP206,Prakash S,ORD004609,18,Completed
DP130,Kiran M,ORD004610,25,Completed
DP029,Mohan Raj,ORD004611,42,Completed
DP129,Ajay Kumar,ORD004612,20,Completed
DP108,Prakash S,ORD004613,34,Completed
DP217,Manoj Kumar,ORD004614,26,Completed
DP216,Ravi Kumar,ORD004615,15,Completed
DP167,Prakash S,ORD004616,11,Completed
DP221,Mohan Raj,ORD004617,21,Completed
DP151,Mohan Raj,ORD004618,20,Cancelled
DP154,Kiran M,ORD004619,35,Completed
DP106,Mohan Raj,ORD004620,35,Cancelled
DP197,Prakash S,ORD004621,37,Cancelled
DP220,Ravi Kumar,ORD004622,32,Completed
DP150,Ajay Kumar,ORD004623,23,Completed
DP071,Lokesh K,ORD004624,23,Completed
DP169,Prakash S,ORD004625,44,Completed
DP148,Vijay S,ORD004626,23,Completed
DP087,Lokesh K,ORD004627,41,Completed
DP105,Prakash S,ORD004628,38,Completed
DP015,Lokesh K,ORD004629,22,Completed
DP076,Suresh Kumar,ORD004630,27,Cancelled
DP018,Mohan Raj,ORD004631,10,Completed
DP211,Prakash S,ORD004632,35,Completed
DP036,Kiran M,ORD004633,40,Cancelled
DP092,Ajay Kumar,ORD004634,32,Cancelled
DP194,Dinesh R,ORD004635,22,Cancelled
DP209,Kiran M,ORD004636,26,Completed
DP032,Ravi Kumar,ORD004637,15,Completed
DP022,Mohan Raj,ORD004638,24,Completed
DP038,Mohan Raj,ORD004639,41,Completed
DP169,Nithin P,ORD004640,10,Cancelled
DP006,Manoj Kumar,ORD004641,25,Cancelled
DP049,Suresh Kumar,ORD004642,13,Completed
DP232,Imran Khan,ORD004643,28,Completed
DP068,Suresh Kumar,ORD004644,45,Cancelled
DP155,Vijay S,ORD004645,34,Rejected
DP118,Vijay S,ORD004646,17,Rejected
DP181,Suresh Kumar,ORD004647,35,Completed
DP167,Ajay Kumar,ORD004648,37,Cancelled
DP242,Lokesh K,ORD004649,10,Completed
DP021,Vijay S,ORD004650,35,Cancelled
DP075,Manoj Kumar,ORD004651,33,Completed
DP129,Suresh Kumar,ORD004652,26,Completed
DP061,Kiran M,ORD004653,42,Cancelled
DP113,Nithin P,ORD004654,40,Cancelled
DP031,Manoj Kumar,ORD004655,13,Completed
DP134,Mohan Raj,ORD004656,21,Completed
DP227,Ajay Kumar,ORD004657,24,Completed
DP227,Ajay Kumar,ORD004658,16,Rejected
DP102,Nithin P,ORD004659,27,Completed
DP114,Mohan Raj,ORD004660,11,Completed
DP067,Manoj Kumar,ORD004661,30,Rejected
DP082,Ravi Kumar,ORD004662,25,Rejected
DP151,Ravi Kumar,ORD004663,39,Cancelled
DP047,Dinesh R,ORD004664,41,Completed
DP003,Nithin P,ORD004665,14,Rejected
DP244,Vijay S,ORD004666,29,Rejected
DP049,Suresh Kumar,ORD004667,10,Completed
DP188,Dinesh R,ORD004668,25,Cancelled
DP045,Vijay S,ORD004669,28,Cancelled
DP198,Suresh Kumar,ORD004670,39,Rejected
DP029,Suresh Kumar,ORD004671,17,Completed
DP146,Imran Khan,ORD004672,33,Cancelled
DP025,Mohan Raj,ORD004673,22,Completed
DP003,Nithin P,ORD004674,40,Cancelled
DP041,Prakash S,ORD004675,27,Rejected
DP179,Imran Khan,ORD004676,23,Completed
DP078,Nithin P,ORD004677,28,Completed
DP166,Ajay Kumar,ORD004678,39,Completed
DP030,Manoj Kumar,ORD004679,28,Rejected
DP079,Vijay S,ORD004680,30,Completed
DP042,Ravi Kumar,ORD004681,14,Completed
DP242,Kiran M,ORD004682,14,Cancelled
DP158,Kiran M,ORD004683,28,Completed
DP100,Suresh Kumar,ORD004684,23,Cancelled
DP225,Prakash S,ORD004685,35,Cancelled
DP202,Nithin P,ORD004686,40,Completed
DP010,Imran Khan,ORD004687,16,Completed
DP070,Kiran M,ORD004688,42,Rejected
DP099,Imran Khan,ORD004689,45,Rejected
DP062,Imran Khan,ORD004690,17,Completed
DP080,Dinesh R,ORD004691,18,Rejected
DP108,Vijay S,ORD004692,44,Completed
DP024,Dinesh R,ORD004693,25,Cancelled
DP137,Vijay S,ORD004694,23,Completed
DP105,Prakash S,ORD004695,38,Cancelled
DP124,Ajay Kumar,ORD004696,10,Cancelled
DP141,Suresh Kumar,ORD004697,23,Completed
DP183,Dinesh R,ORD004698,16,Completed
DP160,Manoj Kumar,ORD004699,35,Completed
DP156,Kiran M,ORD004700,44,Completed
DP191,Kiran M,ORD004701,27,Completed
DP228,Prakash S,ORD004702,43,Completed
DP090,Ajay Kumar,ORD004703,13,Completed
DP105,Prakash S,ORD004704,44,Completed
DP019,Dinesh R,ORD004705,10,Completed
DP096,Imran Khan,ORD004706,12,Rejected
DP066,Mohan Raj,ORD004707,16,Rejected
DP083,Lokesh K,ORD004708,35,Completed
DP100,Mohan Raj,ORD004709,22,Rejected
DP238,Vijay S,ORD004710,27,Rejected
DP106,Imran Khan,ORD004711,12,Cancelled
DP122,Vijay S,ORD004712,35,Completed
DP053,Manoj Kumar,ORD004713,19,Rejected
DP089,Prakash S,ORD004714,11,Completed
DP069,Vijay S,ORD004715,21,Completed
DP230,Kiran M,ORD004716,22,Rejected
DP059,Prakash S,ORD004717,41,Cancelled
DP029,Lokesh K,ORD004718,45,Completed
DP119,Suresh Kumar,ORD004719,19,Rejected
DP124,Manoj Kumar,ORD004720,21,Completed
DP137,Ajay Kumar,ORD004721,44,Completed
DP060,Manoj Kumar,ORD004722,12,Completed
DP177,Kiran M,ORD004723,25,Completed
DP065,Manoj Kumar,ORD004724,17,Rejected
DP220,Manoj Kumar,ORD004725,21,Rejected
DP008,Dinesh R,ORD004726,14,Rejected
DP095,Suresh Kumar,ORD004727,24,Completed
DP105,Dinesh R,ORD004728,18,Completed
DP164,Imran Khan,ORD004729,19,Completed
DP186,Ravi Kumar,ORD004730,40,Completed
DP097,Mohan Raj,ORD004731,33,Completed
DP163,Vijay S,ORD004732,33,Cancelled
DP154,Suresh Kumar,ORD004733,44,Cancelled
DP143,Prakash S,ORD004734,18,Completed
DP187,Manoj Kumar,ORD004735,34,Completed
DP123,Vijay S,ORD004736,37,Completed
DP145,Kiran M,ORD004737,16,Completed
DP025,Ajay Kumar,ORD004738,42,Cancelled
DP139,Manoj Kumar,ORD004739,44,Completed
DP013,Manoj Kumar,ORD004740,13,Completed
DP077,Nithin P,ORD004741,37,Completed
DP228,Ravi Kumar,ORD004742,31,Cancelled
DP222,Prakash S,ORD004743,24,Completed
DP119,Lokesh K,ORD004744,26,Cancelled
DP059,Ravi Kumar,ORD004745,33,Rejected
DP135,Dinesh R,ORD004746,29,Completed
DP235,Suresh Kumar,ORD004747,42,Completed
DP151,Imran Khan,ORD004748,15,Completed
DP164,Kiran M,ORD004749,28,Completed
DP004,Ajay Kumar,ORD004750,15,Completed
DP134,Imran Khan,ORD004751,26,Completed
DP099,Imran Khan,ORD004752,44,Completed
DP201,Ravi Kumar,ORD004753,28,Cancelled
DP094,Kiran M,ORD004754,41,Cancelled
DP075,Dinesh R,ORD004755,19,Completed
DP009,Imran Khan,ORD004756,17,Cancelled
DP145,Imran Khan,ORD004757,15,Cancelled
DP071,Mohan Raj,ORD004758,18,Cancelled
DP127,Mohan Raj,ORD004759,10,Completed
DP001,Manoj Kumar,ORD004760,37,Rejected
DP064,Manoj Kumar,ORD004761,27,Completed
DP023,Imran Khan,ORD004762,14,Completed
DP206,Nithin P,ORD004763,37,Completed
DP069,Suresh Kumar,ORD004764,19,Cancelled
DP134,Nithin P,ORD004765,36,Cancelled
DP069,Manoj Kumar,ORD004766,27,Completed
DP200,Suresh Kumar,ORD004767,44,Completed
DP122,Imran Khan,ORD004768,40,Rejected
DP169,Dinesh R,ORD004769,29,Completed
DP026,Imran Khan,ORD004770,35,Cancelled
DP160,,ORD004771,31,Cancelled
DP229,Dinesh R,ORD004772,20,Rejected
DP058,Ravi Kumar,ORD004773,34,Rejected
DP124,Lokesh K,ORD004774,20,Cancelled
DP040,Mohan Raj,ORD004775,42,Completed
DP125,Mohan Raj,ORD004776,11,Completed
DP138,Kiran M,ORD004777,16,Rejected
DP149,Lokesh K,ORD004778,41,Completed
DP211,Suresh Kumar,ORD004779,34,Cancelled
DP099,Suresh Kumar,ORD004780,34,Completed
DP012,Prakash S,ORD004781,40,Cancelled
DP047,Suresh Kumar,ORD004782,33,Completed
DP150,Suresh Kumar,ORD004783,35,Cancelled
DP195,Nithin P,ORD004784,29,Completed
DP209,Kiran M,ORD004785,12,Rejected
DP095,Mohan Raj,ORD004786,13,Completed
DP225,Dinesh R,ORD004787,16,Cancelled
DP041,Ravi Kumar,ORD004788,42,Rejected
DP026,Dinesh R,ORD004789,25,Completed
DP011,Lokesh K,ORD004790,43,Cancelled
DP135,Lokesh K,ORD004791,23,Completed
DP037,Dinesh R,ORD004792,42,Completed
DP020,Nithin P,ORD004793,38,Cancelled
DP046,Nithin P,ORD004794,27,Completed
DP139,Ravi Kumar,ORD004795,15,Completed
DP151,Ravi Kumar,ORD004796,29,Rejected
DP028,Imran Khan,ORD004797,38,Rejected
DP193,Lokesh K,ORD004798,29,Completed
DP024,Ravi Kumar,ORD004799,19,Completed
DP218,Imran Khan,ORD004800,40,Completed
DP080,Imran Khan,ORD004801,32,Completed
DP032,Kiran M,ORD004802,12,Rejected
DP137,Kiran M,ORD004803,24,Completed
DP093,Ajay Kumar,ORD004804,43,Completed
DP104,Ravi Kumar,ORD004805,10,Completed
DP182,Nithin P,ORD004806,27,Completed
DP015,Ajay Kumar,ORD004807,44,Rejected
DP233,Ajay Kumar,ORD004808,26,Rejected
DP015,Kiran M,ORD004809,23,Completed
DP198,Ravi Kumar,ORD004810,44,Completed
DP068,Prakash S,ORD004811,14,Completed
DP066,Dinesh R,ORD004812,32,Completed
DP065,Ravi Kumar,ORD004813,44,Cancelled
DP033,Prakash S,ORD004814,23,Completed
DP190,Vijay S,ORD004815,16,Cancelled
DP028,Manoj Kumar,ORD004816,15,Cancelled
DP209,Kiran M,ORD004817,43,Cancelled
DP134,Ravi Kumar,ORD004818,11,Rejected
DP234,Vijay S,ORD004819,14,Completed
DP169,Prakash S,ORD004820,17,Rejected
DP045,Imran Khan,ORD004821,11,Completed
DP233,Ravi Kumar,ORD004822,17,Cancelled
DP163,Suresh Kumar,ORD004823,16,Cancelled
DP132,Lokesh K,ORD004824,22,Cancelled
DP142,Vijay S,ORD004825,40,Completed
DP067,Dinesh R,ORD004826,30,Completed
DP164,Mohan Raj,ORD004827,31,Completed
DP030,Ajay Kumar,ORD004828,21,Cancelled
DP197,Dinesh R,ORD004829,26,Cancelled
DP136,Ravi Kumar,ORD004830,37,Completed
DP093,Prakash S,ORD004831,10,Completed
DP120,Vijay S,ORD004832,38,Completed
DP141,Prakash S,ORD004833,36,Cancelled
DP201,Kiran M,ORD004834,27,Completed
DP037,Mohan Raj,ORD004835,23,Cancelled
DP041,Manoj Kumar,ORD004836,31,Completed
DP249,Ravi Kumar,ORD004837,24,Completed
DP223,Manoj Kumar,ORD004838,15,Cancelled
DP098,Manoj Kumar,ORD004839,15,Completed
DP024,Prakash S,ORD004840,44,Completed
DP009,Kiran M,ORD004841,20,Cancelled
DP007,Dinesh R,ORD004842,39,Rejected
DP139,Lokesh K,ORD004843,25,Completed
DP068,Imran Khan,ORD004844,14,Completed
DP005,Ajay Kumar,ORD004845,23,Cancelled
DP159,Lokesh K,ORD004846,30,Completed
DP208,Prakash S,ORD004847,18,Completed
DP153,Mohan Raj,ORD004848,29,Cancelled
DP067,Ajay Kumar,ORD004849,28,Completed
DP113,Ravi Kumar,ORD004850,35,Rejected
DP207,Vijay S,ORD004851,42,Completed
DP121,Vijay S,ORD004852,21,Completed
DP095,Ravi Kumar,ORD004853,41,Cancelled
DP174,Nithin P,ORD004854,44,Cancelled
DP014,Vijay S,ORD004855,38,Completed
DP037,Vijay S,ORD004856,45,Rejected
DP005,Ravi Kumar,ORD004857,42,Completed
DP193,Imran Khan,ORD004858,11,Completed
DP209,Nithin P,ORD004859,32,Cancelled
DP115,Imran Khan,ORD004860,27,Rejected
DP135,Prakash S,ORD004861,20,Completed
DP129,Imran Khan,ORD004862,20,Completed
DP040,Ravi Kumar,ORD004863,17,Completed
DP234,Nithin P,ORD004864,17,Rejected
DP081,Mohan Raj,ORD004865,10,Cancelled
DP136,Dinesh R,ORD004866,33,Completed
DP210,Imran Khan,ORD004867,38,Completed
DP095,Kiran M,ORD004868,23,Completed
DP125,Mohan Raj,ORD004869,31,Cancelled
DP038,Imran Khan,ORD004870,22,Completed
DP241,Mohan Raj,ORD004871,28,Completed
DP152,Ravi Kumar,ORD004872,43,Completed
DP064,Kiran M,ORD004873,-5,Cancelled
DP107,,ORD004874,37,Completed
DP230,Ravi Kumar,ORD004875,15,Completed
DP156,Suresh Kumar,ORD004876,10,Completed
DP230,Lokesh K,ORD004877,29,Completed
DP209,Vijay S,ORD004878,45,Cancelled
DP137,Prakash S,ORD004879,44,Cancelled
DP211,Ravi Kumar,ORD004880,10,Rejected
DP089,Nithin P,ORD004881,44,Cancelled
DP040,Kiran M,ORD004882,36,Completed
DP035,Kiran M,ORD004883,26,Completed
DP089,Mohan Raj,ORD004884,38,Rejected
DP034,Dinesh R,ORD004885,20,Completed
DP044,Manoj Kumar,ORD004886,42,Completed
DP171,Kiran M,ORD004887,10,Completed
DP074,Nithin P,ORD004888,45,Rejected
DP227,Manoj Kumar,ORD004889,11,Cancelled
DP042,Suresh Kumar,ORD004890,37,Completed
DP069,Mohan Raj,ORD004891,37,Rejected
DP020,Mohan Raj,ORD004892,28,Completed
DP013,Nithin P,ORD004893,44,Completed
DP007,Imran Khan,ORD004894,31,Completed
DP123,Ajay Kumar,ORD004895,42,Completed
DP051,Mohan Raj,ORD004896,16,Cancelled
DP027,Mohan Raj,ORD004897,19,Completed
DP057,Ravi Kumar,ORD004898,22,Completed
DP037,Mohan Raj,ORD004899,32,Completed
DP133,Ravi Kumar,ORD004900,45,Completed
DP069,Ajay Kumar,ORD004901,40,Rejected
DP145,Lokesh K,ORD004902,28,Rejected
DP024,Dinesh R,ORD004903,12,Cancelled
DP031,Ajay Kumar,ORD004904,17,Completed
DP106,Manoj Kumar,ORD004905,20,Completed
DP122,Prakash S,ORD004906,19,Rejected
DP075,Prakash S,ORD004907,31,Rejected
DP208,Mohan Raj,ORD004908,39,Rejected
DP028,Suresh Kumar,ORD004909,22,Completed
DP211,Kiran M,ORD004910,19,Completed
DP186,Ravi Kumar,ORD004911,25,Completed
DP013,Lokesh K,ORD004912,15,Rejected
DP184,Imran Khan,ORD004913,30,Completed
DP029,Manoj Kumar,ORD004914,12,Rejected
DP175,Suresh Kumar,ORD004915,39,Completed
DP246,Lokesh K,ORD004916,16,Completed
DP084,Dinesh R,ORD004917,16,Completed
DP123,Nithin P,ORD004918,34,Completed
DP113,Vijay S,ORD004919,32,Completed
DP005,Ajay Kumar,ORD004920,30,Completed
DP018,Manoj Kumar,ORD004921,33,Cancelled
DP112,Ajay Kumar,ORD004922,26,Completed
DP140,Mohan Raj,ORD004923,44,Completed
DP237,Lokesh K,ORD004924,40,Cancelled
DP100,Prakash S,ORD004925,33,Completed
DP079,Kiran M,ORD004926,17,Cancelled
DP221,Vijay S,ORD004927,37,Completed
DP218,Vijay S,ORD004928,24,Rejected
DP039,Prakash S,ORD004929,34,Completed
DP176,Kiran M,ORD004930,45,Completed
DP218,Dinesh R,ORD004931,19,Cancelled
DP031,Lokesh K,ORD004932,31,Completed
DP179,Suresh Kumar,ORD004933,26,Rejected
DP033,Suresh Kumar,ORD004934,14,Completed
DP105,Vijay S,ORD004935,14,Cancelled
DP002,Suresh Kumar,ORD004936,38,Completed
DP073,Suresh Kumar,ORD004937,26,Completed
DP021,Lokesh K,ORD004938,31,Rejected
DP150,Lokesh K,ORD004939,18,Completed
DP229,Mohan Raj,ORD004940,44,Completed
DP065,Manoj Kumar,ORD004941,41,Completed
DP121,Kiran M,ORD004942,44,Completed
DP085,Kiran M,ORD004943,13,Completed
DP090,Kiran M,ORD004944,30,Completed
DP019,Vijay S,ORD004945,25,Completed
DP250,Lokesh K,ORD004946,31,Rejected
DP139,Dinesh R,ORD004947,44,Completed
DP070,Kiran M,ORD004948,24,Completed
DP148,Prakash S,ORD004949,31,Completed
DP122,Mohan Raj,ORD004950,41,Rejected
DP179,Dinesh R,ORD004951,29,Cancelled
DP015,Prakash S,ORD004952,44,Completed
DP198,Mohan Raj,ORD004953,23,Cancelled
DP139,Manoj Kumar,ORD004954,44,Completed
DP013,Ajay Kumar,ORD004955,41,Completed
DP105,Nithin P,ORD004956,14,Completed
DP250,Ravi Kumar,ORD004957,23,Completed
DP145,Kiran M,ORD004958,14,Completed
DP177,Vijay S,ORD004959,34,Completed
DP171,Ajay Kumar,ORD004960,45,Completed
DP036,Dinesh R,ORD004961,27,Completed
DP244,Vijay S,ORD004962,32,Completed
DP199,Mohan Raj,ORD004963,36,Cancelled
DP241,Ravi Kumar,ORD004964,42,Cancelled
DP141,Ravi Kumar,ORD004965,12,Completed
DP070,Ajay Kumar,ORD004966,37,Rejected
DP170,Suresh Kumar,ORD004967,45,Completed
DP211,Ajay Kumar,ORD004968,26,Completed
DP198,Dinesh R,ORD004969,29,Cancelled
DP001,Ravi Kumar,ORD004970,39,Cancelled
DP007,Nithin P,ORD004971,30,Completed
DP019,Imran Khan,ORD004972,41,Completed
DP022,Lokesh K,ORD004973,27,Completed
DP216,Kiran M,ORD004974,44,Completed
DP086,Vijay S,ORD004975,28,Completed
DP241,Dinesh R,ORD004976,41,Completed
DP016,Manoj Kumar,ORD004977,43,Rejected
DP110,Nithin P,ORD004978,34,Completed
DP017,Ravi Kumar,ORD004979,25,Cancelled
DP176,Suresh Kumar,ORD004980,10,Completed
DP160,Mohan Raj,ORD004981,41,Rejected
DP166,Mohan Raj,ORD004982,25,Completed
DP089,Vijay S,ORD004983,45,Completed
DP205,Lokesh K,ORD004984,45,Rejected
DP071,Suresh Kumar,ORD004985,39,Rejected
DP019,Ajay Kumar,ORD004986,24,Completed
DP148,Mohan Raj,ORD004987,12,Cancelled
DP195,Nithin P,ORD004988,13,Cancelled
DP168,Imran Khan,ORD004989,28,Completed
DP078,Mohan Raj,ORD004990,14,Rejected
DP157,Ravi Kumar,ORD004991,14,Rejected
DP131,Nithin P,ORD004992,21,Cancelled
DP057,Ravi Kumar,ORD004993,-5,Cancelled
DP090,Vijay S,ORD004994,23,Cancelled
DP182,Prakash S,ORD004995,15,Completed
DP009,Imran Khan,ORD004996,11,Cancelled
DP120,Dinesh R,ORD004997,39,Rejected
DP241,Mohan Raj,ORD004998,26,Cancelled
DP149,Mohan Raj,ORD004999,43,Completed
DP215,Dinesh R,ORD005000,24,Completed
DP138,Nithin P,ORD005001,23,Completed
DP054,Dinesh R,ORD005002,36,Completed
DP182,Prakash S,ORD005003,39,Rejected
DP169,Kiran M,ORD005004,43,Completed
DP216,Imran Khan,ORD005005,30,Rejected
DP200,Vijay S,ORD005006,33,Cancelled
DP233,Suresh Kumar,ORD005007,24,Completed
DP056,Manoj Kumar,ORD005008,21,Completed
DP003,Suresh Kumar,ORD005009,14,Completed
DP025,Nithin P,ORD005010,41,Completed
DP240,Prakash S,ORD005011,18,Completed
DP193,Nithin P,ORD005012,44,Completed
DP205,Prakash S,ORD005013,23,Cancelled
DP142,Kiran M,ORD005014,20,Rejected
DP051,Imran Khan,ORD005015,36,Completed
DP144,Imran Khan,ORD005016,15,Rejected
DP159,Nithin P,ORD005017,38,Rejected
DP154,Nithin P,ORD005018,45,Completed
DP176,Prakash S,ORD005019,41,Rejected
DP144,Vijay S,ORD005020,39,Completed
DP028,Lokesh K,ORD005021,39,Completed
DP155,Suresh Kumar,ORD005022,45,Rejected
DP230,Prakash S,ORD005023,16,Completed
DP179,Suresh Kumar,ORD005024,37,Cancelled
DP201,Prakash S,ORD005025,27,Rejected
DP020,Lokesh K,ORD005026,27,Cancelled
DP236,Kiran M,ORD005027,18,Completed
DP243,Imran Khan,ORD005028,19,Completed
DP126,Vijay S,ORD005029,45,Completed
DP123,Manoj Kumar,ORD005030,19,Rejected
DP056,Prakash S,ORD005031,13,Completed
DP184,Imran Khan,ORD005032,18,Cancelled
DP058,Prakash S,ORD005033,11,Completed
DP010,Prakash S,ORD005034,43,Cancelled
DP187,,ORD005035,26,Completed
DP139,Nithin P,ORD005036,13,Completed
DP130,Vijay S,ORD005037,30,Cancelled
DP229,Lokesh K,ORD005038,17,Rejected
DP157,Ajay Kumar,ORD005039,21,Completed
DP156,Suresh Kumar,ORD005040,30,Completed
DP128,Ajay Kumar,ORD005041,33,Completed
DP187,Nithin P,ORD005042,29,Completed
DP047,Mohan Raj,ORD005043,25,Completed
DP012,Mohan Raj,ORD005044,29,Completed
DP013,Suresh Kumar,ORD005045,29,Completed
DP179,Nithin P,ORD005046,35,Completed
DP235,Ravi Kumar,ORD005047,42,Completed
DP135,Vijay S,ORD005048,34,Cancelled
DP090,Lokesh K,ORD005049,24,Completed
DP244,Suresh Kumar,ORD005050,36,Cancelled
DP184,Manoj Kumar,ORD005051,13,Completed
DP114,Lokesh K,ORD005052,36,Rejected
DP025,Dinesh R,ORD005053,42,Completed
DP062,Nithin P,ORD005054,25,Completed
DP118,Imran Khan,ORD005055,20,Completed
DP195,Dinesh R,ORD005056,34,Completed
DP124,Manoj Kumar,ORD005057,22,Cancelled
DP032,Prakash S,ORD005058,24,Completed
DP182,Prakash S,ORD005059,36,Completed
DP126,Dinesh R,ORD005060,31,Cancelled
DP028,Suresh Kumar,ORD005061,44,Completed
DP019,Nithin P,ORD005062,16,Rejected
DP124,Lokesh K,ORD005063,30,Completed
DP009,Ajay Kumar,ORD005064,16,Completed
DP141,Imran Khan,ORD005065,22,Completed
DP058,Ajay Kumar,ORD005066,14,Completed
DP157,Dinesh R,ORD005067,23,Rejected
DP250,Dinesh R,ORD005068,35,Cancelled
DP112,Suresh Kumar,ORD005069,28,Rejected
DP113,Kiran M,ORD005070,32,Completed
DP233,Ravi Kumar,ORD005071,34,Completed
DP240,Manoj Kumar,ORD005072,28,Rejected
DP153,Mohan Raj,ORD005073,36,Completed
DP113,Manoj Kumar,ORD005074,24,Completed
DP005,Manoj Kumar,ORD005075,17,Rejected
DP228,Kiran M,ORD005076,40,Completed
DP129,Vijay S,ORD005077,38,Cancelled
DP137,Nithin P,ORD005078,30,Completed
DP201,Ravi Kumar,ORD005079,27,Completed
DP194,Lokesh K,ORD005080,41,Completed
DP148,Vijay S,ORD005081,32,Completed
DP173,Imran Khan,ORD005082,28,Completed
DP094,Lokesh K,ORD005083,35,Cancelled
DP216,Nithin P,ORD005084,30,Completed
DP145,Mohan Raj,ORD005085,43,Rejected
DP235,Nithin P,ORD005086,12,Rejected
DP207,Suresh Kumar,ORD005087,35,Cancelled
DP197,Suresh Kumar,ORD005088,10,Completed
DP175,Prakash S,ORD005089,30,Completed
DP245,Mohan Raj,ORD005090,36,Completed
DP228,Imran Khan,ORD005091,38,Completed
DP038,Dinesh R,ORD005092,25,Completed
DP016,Manoj Kumar,ORD005093,21,Rejected
DP035,Suresh Kumar,ORD005094,28,Cancelled
DP132,Lokesh K,ORD005095,22,Completed
DP046,Manoj Kumar,ORD005096,42,Completed
DP011,Nithin P,ORD005097,13,Completed
DP219,Ajay Kumar,ORD005098,11,Completed
DP007,Prakash S,ORD005099,21,Completed
DP020,Imran Khan,ORD005100,34,Rejected
DP182,Prakash S,ORD005101,17,Completed
DP231,Imran Khan,ORD005102,37,Cancelled
DP143,Lokesh K,ORD005103,42,Completed
DP174,Vijay S,ORD005104,44,Completed
DP216,Vijay S,ORD005105,42,Rejected
DP029,Vijay S,ORD005106,17,Completed
DP081,Imran Khan,ORD005107,29,Cancelled
DP146,Nithin P,ORD005108,30,Completed
DP243,Vijay S,ORD005109,25,Rejected
DP166,Ajay Kumar,ORD005110,42,Completed
DP036,Imran Khan,ORD005111,20,Completed
DP059,Nithin P,ORD005112,33,Completed
DP238,Lokesh K,ORD005113,21,Completed
DP082,Suresh Kumar,ORD005114,32,Rejected
DP027,Vijay S,ORD005115,17,Completed
DP200,Dinesh R,ORD005116,16,Completed
DP045,Imran Khan,ORD005117,15,Cancelled
DP169,Vijay S,ORD005118,28,Rejected
DP117,Mohan Raj,ORD005119,24,Cancelled
DP102,Kiran M,ORD005120,37,Rejected
DP003,Nithin P,ORD005121,12,Cancelled
DP235,Prakash S,ORD005122,38,Rejected
DP198,Ravi Kumar,ORD005123,27,Rejected
DP247,Prakash S,ORD005124,41,Cancelled
DP034,Imran Khan,ORD005125,30,Cancelled
DP181,Nithin P,ORD005126,14,Cancelled
DP017,Suresh Kumar,ORD005127,28,Completed
DP094,Kiran M,ORD005128,24,Cancelled
DP220,Lokesh K,ORD005129,14,Rejected
DP137,Prakash S,ORD005130,34,Completed
DP023,Vijay S,ORD005131,45,Completed
DP112,Imran Khan,ORD005132,41,Completed
DP212,Mohan Raj,ORD005133,27,Completed
DP144,Manoj Kumar,ORD005134,45,Completed
DP094,Vijay S,ORD005135,16,Completed
DP222,Prakash S,ORD005136,22,Completed
DP248,Mohan Raj,ORD005137,31,Completed
DP056,Prakash S,ORD005138,21,Rejected
DP150,Manoj Kumar,ORD005139,17,Completed
DP028,Dinesh R,ORD005140,45,Rejected
DP182,Nithin P,ORD005141,22,Completed
DP155,Vijay S,ORD005142,27,Completed
DP195,Imran Khan,ORD005143,14,Cancelled
DP223,Ravi Kumar,ORD005144,19,Cancelled
DP133,Vijay S,ORD005145,34,Completed
DP137,Prakash S,ORD005146,12,Rejected
DP201,Mohan Raj,ORD005147,29,Rejected
DP143,Ajay Kumar,ORD005148,10,Rejected
DP146,Lokesh K,ORD005149,43,Rejected
DP156,Manoj Kumar,ORD005150,21,Completed
DP198,Ajay Kumar,ORD005151,11,Completed
DP171,Ajay Kumar,ORD005152,45,Cancelled
DP166,Kiran M,ORD005153,44,Completed
DP072,Imran Khan,ORD005154,23,Completed
DP071,Prakash S,ORD005155,12,Completed
DP185,Prakash S,ORD005156,24,Rejected
DP230,Mohan Raj,ORD005157,40,Completed
DP164,Vijay S,ORD005158,21,Completed
DP081,Dinesh R,ORD005159,11,Rejected
DP021,Imran Khan,ORD005160,14,Rejected
DP165,Prakash S,ORD005161,31,Completed
DP017,Ajay Kumar,ORD005162,29,Completed
DP104,Prakash S,ORD005163,39,Rejected
DP098,Mohan Raj,ORD005164,25,Completed
DP060,Imran Khan,ORD005165,18,Cancelled
DP240,Mohan Raj,ORD005166,24,Cancelled
DP075,Nithin P,ORD005167,26,Rejected
DP247,Imran Khan,ORD005168,40,Completed
DP129,Vijay S,ORD005169,35,Completed
DP122,Nithin P,ORD005170,23,Rejected
DP144,Lokesh K,ORD005171,32,Completed
DP063,Dinesh R,ORD005172,12,Cancelled
DP163,Suresh Kumar,ORD005173,13,Completed
DP032,Lokesh K,ORD005174,22,Completed
DP007,Imran Khan,ORD005175,43,Completed
DP248,Dinesh R,ORD005176,22,Completed
DP071,Manoj Kumar,ORD005177,22,Cancelled
DP120,Lokesh K,ORD005178,15,Rejected
DP233,Prakash S,ORD005179,43,Completed
DP142,Prakash S,ORD005180,10,Rejected
DP134,Ajay Kumar,ORD005181,10,Completed
DP100,Mohan Raj,ORD005182,19,Completed
DP158,Suresh Kumar,ORD005183,16,Rejected
DP001,Kiran M,ORD005184,42,Completed
DP100,Dinesh R,ORD005185,17,Cancelled
DP161,Lokesh K,ORD005186,40,Completed
DP159,Mohan Raj,ORD005187,30,Completed
DP197,Suresh Kumar,ORD005188,37,Cancelled
DP061,Ravi Kumar,ORD005189,18,Rejected
DP212,Kiran M,ORD005190,41,Completed
DP095,Vijay S,ORD005191,45,Completed
DP090,Kiran M,ORD005192,10,Cancelled
DP106,Prakash S,ORD005193,33,Completed
DP075,Manoj Kumar,ORD005194,17,Completed
DP093,Vijay S,ORD005195,29,Completed
DP194,Mohan Raj,ORD005196,32,Completed
DP139,Kiran M,ORD005197,41,Completed
DP036,Lokesh K,ORD005198,40,Rejected
DP190,Mohan Raj,ORD005199,34,Rejected
DP129,Manoj Kumar,ORD005200,38,Rejected
DP219,Kiran M,ORD005201,36,Completed
DP191,Dinesh R,ORD005202,22,Rejected
DP169,Prakash S,ORD005203,30,Completed
DP211,Suresh Kumar,ORD005204,40,Rejected
DP238,Lokesh K,ORD005205,25,Completed
DP141,Suresh Kumar,ORD005206,40,Cancelled
DP050,Lokesh K,ORD005207,24,Completed
DP134,Ravi Kumar,ORD005208,45,Rejected
DP234,Dinesh R,ORD005209,41,Completed
DP013,Imran Khan,ORD005210,36,Completed
DP064,Dinesh R,ORD005211,25,Completed
DP173,Nithin P,ORD005212,24,Cancelled
DP212,Vijay S,ORD005213,12,Completed
DP198,Dinesh R,ORD005214,28,Rejected
DP240,Dinesh R,ORD005215,28,Completed
DP133,Kiran M,ORD005216,20,Rejected
DP060,Ravi Kumar,ORD005217,17,Cancelled
DP017,Ajay Kumar,ORD005218,18,Rejected
DP158,Mohan Raj,ORD005219,18,Completed
DP244,Dinesh R,ORD005220,41,Completed
DP057,Nithin P,ORD005221,23,Completed
DP097,Lokesh K,ORD005222,40,Rejected
DP136,Nithin P,ORD005223,35,Completed
DP111,Suresh Kumar,ORD005224,28,Cancelled
DP106,Prakash S,ORD005225,10,Rejected
DP088,Lokesh K,ORD005226,33,Cancelled
DP119,Mohan Raj,ORD005227,27,Rejected
DP108,Nithin P,ORD005228,14,Completed
DP154,Prakash S,ORD005229,36,Cancelled
DP195,Ajay Kumar,ORD005230,11,Rejected
DP009,Suresh Kumar,ORD005231,31,Completed
DP153,Suresh Kumar,ORD005232,28,Rejected
DP212,Mohan Raj,ORD005233,17,Completed
DP212,Lokesh K,ORD005234,36,Completed
DP061,Prakash S,ORD005235,27,Rejected
DP243,Lokesh K,ORD005236,17,Cancelled
DP173,Ravi Kumar,ORD005237,38,Completed
DP106,Vijay S,ORD005238,14,Cancelled
DP088,Imran Khan,ORD005239,31,Completed
DP225,Ajay Kumar,ORD005240,41,Rejected
DP112,Ravi Kumar,ORD005241,27,Completed
DP226,Kiran M,ORD005242,27,Cancelled
DP104,Vijay S,ORD005243,15,Rejected
DP169,Vijay S,ORD005244,28,Completed
DP238,Ajay Kumar,ORD005245,25,Cancelled
DP071,Kiran M,ORD005246,39,Completed
DP201,Suresh Kumar,ORD005247,33,Rejected
DP198,Mohan Raj,ORD005248,31,Rejected
DP138,Lokesh K,ORD005249,38,Rejected
DP025,Vijay S,ORD005250,15,Completed
DP188,Suresh Kumar,ORD005251,41,Rejected
DP160,Prakash S,ORD005252,41,Cancelled
DP217,Prakash S,ORD005253,12,Completed
DP012,Manoj Kumar,ORD005254,44,Completed
DP029,Ajay Kumar,ORD005255,28,Completed
DP172,Vijay S,ORD005256,35,Completed
DP122,Prakash S,ORD005257,38,Completed
DP231,Suresh Kumar,ORD005258,26,Completed
DP060,Kiran M,ORD005259,32,Completed
DP118,Nithin P,ORD005260,26,Completed
DP138,Nithin P,ORD005261,45,Completed
DP034,Mohan Raj,ORD005262,33,Rejected
DP194,Mohan Raj,ORD005263,37,Completed
DP233,Imran Khan,ORD005264,19,Completed
DP054,Vijay S,ORD005265,43,Rejected
DP107,Ravi Kumar,ORD005266,30,Cancelled
DP012,Lokesh K,ORD005267,18,Cancelled
DP249,Imran Khan,ORD005268,12,Completed
DP235,Mohan Raj,ORD005269,37,Cancelled
DP116,Imran Khan,ORD005270,43,Cancelled
DP067,Imran Khan,ORD005271,10,Rejected
DP095,Dinesh R,ORD005272,23,Rejected
DP039,Suresh Kumar,ORD005273,10,Completed
DP035,Mohan Raj,ORD005274,16,Completed
DP127,Dinesh R,ORD005275,31,Completed
DP184,Imran Khan,ORD005276,29,Completed
DP230,Lokesh K,ORD005277,39,Completed
DP136,Mohan Raj,ORD005278,16,Cancelled
DP245,Suresh Kumar,ORD005279,32,Completed
DP141,Imran Khan,ORD005280,14,Completed
DP047,Ravi Kumar,ORD005281,16,Cancelled
DP148,Ajay Kumar,ORD005282,42,Rejected
DP071,Dinesh R,ORD005283,19,Completed
DP088,Suresh Kumar,ORD005284,36,Rejected
DP193,Kiran M,ORD005285,41,Cancelled
DP186,Prakash S,ORD005286,42,Completed
DP186,Vijay S,ORD005287,19,Completed
DP128,Ajay Kumar,ORD005288,22,Completed
DP002,Lokesh K,ORD005289,26,Rejected
DP144,Mohan Raj,ORD005290,17,Completed
DP189,Vijay S,ORD005291,33,Completed
DP188,Mohan Raj,ORD005292,41,Cancelled
DP243,Ravi Kumar,ORD005293,22,Completed
DP086,Lokesh K,ORD005294,19,Completed
DP118,Ajay Kumar,ORD005295,36,Rejected
DP085,Ajay Kumar,ORD005296,26,Completed
DP197,Nithin P,ORD005297,22,Completed
DP161,Nithin P,ORD005298,28,Rejected
DP245,Nithin P,ORD005299,39,Rejected
DP069,Vijay S,ORD005300,43,Completed
DP109,Manoj Kumar,ORD005301,15,Completed
DP045,Ravi Kumar,ORD005302,14,Cancelled
DP082,Prakash S,ORD005303,11,Completed
DP060,Lokesh K,ORD005304,16,Completed
DP052,Dinesh R,ORD005305,37,Cancelled
DP083,Kiran M,ORD005306,18,Rejected
DP098,Imran Khan,ORD005307,37,Cancelled
DP193,Prakash S,ORD005308,21,Completed
DP129,Prakash S,ORD005309,27,Completed
DP078,Vijay S,ORD005310,14,Completed
DP023,Mohan Raj,ORD005311,36,Rejected
DP127,Manoj Kumar,ORD005312,42,Cancelled
DP103,Mohan Raj,ORD005313,10,Completed
DP233,Ajay Kumar,ORD005314,17,Cancelled
DP140,Dinesh R,ORD005315,23,Completed
DP241,,ORD005316,25,Rejected
DP227,Mohan Raj,ORD005317,26,Cancelled
DP007,Imran Khan,ORD005318,45,Completed
DP009,Kiran M,ORD005319,29,Cancelled
DP246,Dinesh R,ORD005320,15,Completed
DP203,Vijay S,ORD005321,26,Cancelled
DP032,Manoj Kumar,ORD005322,24,Completed
DP092,Manoj Kumar,ORD005323,12,Completed
DP041,Kiran M,ORD005324,45,Cancelled
DP009,Imran Khan,ORD005325,34,Completed
DP038,Manoj Kumar,ORD005326,45,Rejected
DP234,Kiran M,ORD005327,21,Rejected
DP001,Suresh Kumar,ORD005328,35,Completed
DP211,Dinesh R,ORD005329,34,Cancelled
DP223,Prakash S,ORD005330,20,Completed
DP214,Prakash S,ORD005331,13,Completed
DP170,Imran Khan,ORD005332,38,Completed
DP040,Imran Khan,ORD005333,17,Completed
DP014,Suresh Kumar,ORD005334,36,Cancelled
DP101,Dinesh R,ORD005335,11,Completed
DP116,Ajay Kumar,ORD005336,14,Completed
DP012,Suresh Kumar,ORD005337,10,Completed
DP052,Suresh Kumar,ORD005338,29,Completed
DP187,Ajay Kumar,ORD005339,37,Completed
DP186,Mohan Raj,ORD005340,44,Rejected
DP158,Lokesh K,ORD005341,10,Cancelled
DP223,Prakash S,ORD005342,36,Completed
DP228,Ravi Kumar,ORD005343,23,Rejected
DP238,Imran Khan,ORD005344,31,Cancelled
DP021,Ravi Kumar,ORD005345,42,Cancelled
DP078,Ravi Kumar,ORD005346,42,Rejected
DP216,Manoj Kumar,ORD005347,20,Cancelled
DP074,Ajay Kumar,ORD005348,38,completed
DP012,Suresh Kumar,ORD005349,15,Completed
DP152,Kiran M,ORD005350,16,Completed
DP232,Dinesh R,ORD005351,24,Completed
DP216,Vijay S,ORD005352,32,Completed
DP043,Dinesh R,ORD005353,36,Cancelled
DP060,Ravi Kumar,ORD005354,41,Completed
DP234,Manoj Kumar,ORD005355,25,Completed
DP170,Dinesh R,ORD005356,41,Cancelled
DP224,Imran Khan,ORD005357,21,Rejected
DP052,Dinesh R,ORD005358,27,Completed
DP191,Prakash S,ORD005359,12,Completed
DP052,Kiran M,ORD005360,27,Completed
DP060,Mohan Raj,ORD005361,38,Completed
DP037,Dinesh R,ORD005362,34,Completed
DP236,Kiran M,ORD005363,39,Completed
DP047,Suresh Kumar,ORD005364,29,Cancelled
DP055,Prakash S,ORD005365,11,Cancelled
DP193,Mohan Raj,ORD005366,31,Completed
DP024,Ravi Kumar,ORD005367,31,Completed
DP211,Mohan Raj,ORD005368,18,Completed
DP029,Dinesh R,ORD005369,33,Completed
DP051,Suresh Kumar,ORD005370,44,Completed
DP157,Mohan Raj,ORD005371,45,Completed
DP212,Prakash S,ORD005372,21,Completed
DP029,Imran Khan,ORD005373,26,Rejected
DP151,Imran Khan,ORD005374,18,Rejected
DP021,Vijay S,ORD005375,16,Cancelled
DP071,Ajay Kumar,ORD005376,39,Completed
DP157,Manoj Kumar,ORD005377,27,Completed
DP135,Suresh Kumar,ORD005378,11,Completed
DP201,Imran Khan,ORD005379,25,Completed
DP037,Suresh Kumar,ORD005380,35,Cancelled
DP118,Lokesh K,ORD005381,13,Completed
DP222,Nithin P,ORD005382,28,Completed
DP108,Prakash S,ORD005383,19,Rejected
DP220,Prakash S,ORD005384,22,Rejected
DP120,Manoj Kumar,ORD005385,13,Cancelled
DP071,Nithin P,ORD005386,35,Completed
DP068,Dinesh R,ORD005387,24,Completed
DP027,Ravi Kumar,ORD005388,40,Cancelled
DP118,Lokesh K,ORD005389,27,Completed
DP183,Imran Khan,ORD005390,41,Rejected
DP087,Vijay S,ORD005391,12,Rejected
DP174,Ajay Kumar,ORD005392,16,Completed
DP051,Ajay Kumar,ORD005393,44,Completed
DP147,Kiran M,ORD005394,11,Completed
DP249,Ajay Kumar,ORD005395,24,Rejected
DP160,Kiran M,ORD005396,20,Completed
DP023,Prakash S,ORD005397,41,Completed
DP065,Kiran M,ORD005398,19,Completed
DP079,Ajay Kumar,ORD005399,35,Completed
DP236,Imran Khan,ORD005400,11,Completed
DP067,Dinesh R,ORD005401,16,Completed
DP176,Prakash S,ORD005402,26,Cancelled
DP066,Manoj Kumar,ORD005403,35,Cancelled
DP015,Vijay S,ORD005404,10,Completed
DP020,Ajay Kumar,ORD005405,42,Completed
DP141,Nithin P,ORD005406,41,Completed
DP199,Prakash S,ORD005407,21,Rejected
DP214,Ravi Kumar,ORD005408,12,Completed
DP202,Imran Khan,ORD005409,13,Cancelled
DP190,Vijay S,ORD005410,17,Cancelled
DP212,Kiran M,ORD005411,33,Rejected
DP198,Suresh Kumar,ORD005412,28,Cancelled
DP045,Suresh Kumar,ORD005413,21,Completed
DP025,Mohan Raj,ORD005414,37,Completed
DP197,Suresh Kumar,ORD005415,20,Completed
DP059,Prakash S,ORD005416,14,Completed
DP057,Dinesh R,ORD005417,24,Completed
DP180,Mohan Raj,ORD005418,41,Cancelled
DP197,Kiran M,ORD005419,19,Cancelled
DP002,Nithin P,ORD005420,42,Rejected
DP062,Lokesh K,ORD005421,11,Rejected
DP160,Lokesh K,ORD005422,20,Cancelled
DP224,Kiran M,ORD005423,11,Completed
DP063,Imran Khan,ORD005424,36,Rejected
DP147,Nithin P,ORD005425,39,Completed
DP074,Ajay Kumar,ORD005426,36,Completed
DP145,Ravi Kumar,ORD005427,38,Completed
DP195,Prakash S,ORD005428,14,Cancelled
DP050,Suresh Kumar,ORD005429,39,Completed
DP029,Mohan Raj,ORD005430,13,Rejected
DP239,Nithin P,ORD005431,44,Completed
DP195,Nithin P,ORD005432,16,Completed
DP094,Prakash S,ORD005433,20,Rejected
DP047,Nithin P,ORD005434,45,Rejected
DP031,Mohan Raj,ORD005435,25,Completed
DP148,Vijay S,ORD005436,21,Cancelled
DP007,Prakash S,ORD005437,20,Completed
DP245,Prakash S,ORD005438,11,Rejected
DP005,Dinesh R,ORD005439,12,Completed
DP247,Imran Khan,ORD005440,31,Completed
DP137,Manoj Kumar,ORD005441,24,Completed
DP219,Ravi Kumar,ORD005442,21,Completed
DP224,Nithin P,ORD005443,39,Cancelled
DP098,Manoj Kumar,ORD005444,45,Cancelled
DP073,Nithin P,ORD005445,27,Completed
DP124,Mohan Raj,ORD005446,30,Completed
DP039,Imran Khan,ORD005447,11,Completed
DP082,Mohan Raj,ORD005448,18,Completed
DP180,Kiran M,ORD005449,31,Completed
DP172,Imran Khan,ORD005450,44,Completed
DP059,Mohan Raj,ORD005451,45,Completed
DP085,Manoj Kumar,ORD005452,11,Completed
DP191,Manoj Kumar,ORD005453,10,Completed
DP213,Imran Khan,ORD005454,22,Completed
DP190,Dinesh R,ORD005455,12,Completed
DP209,Suresh Kumar,ORD005456,45,Cancelled
DP181,Ajay Kumar,ORD005457,11,Rejected
DP184,Imran Khan,ORD005458,20, Rejected 
DP121,Ravi Kumar,ORD005459,19,Completed
DP043,Nithin P,ORD005460,43,Completed
DP216,Lokesh K,ORD005461,31,Cancelled
DP016,Kiran M,ORD005462,12,Completed
DP128,Prakash S,ORD005463,21,Cancelled
DP241,Kiran M,ORD005464,41,Completed
DP069,Ajay Kumar,ORD005465,22,Completed
DP119,Vijay S,ORD005466,22,Completed
DP082,Kiran M,ORD005467,11,Completed
DP062,Manoj Kumar,ORD005468,15,Rejected
DP182,Suresh Kumar,ORD005469,14,Cancelled
DP043,Suresh Kumar,ORD005470,17,Completed
DP110,Nithin P,ORD005471,21,Cancelled
DP018,Mohan Raj,ORD005472,16,Completed
DP156,Dinesh R,ORD005473,44,Cancelled
DP106,Lokesh K,ORD005474,17,Completed
DP232,Ravi Kumar,ORD005475,12,Rejected
DP113,Manoj Kumar,ORD005476,40,Completed
DP069,Imran Khan,ORD005477,26,Completed
DP020,Imran Khan,ORD005478,19,Completed
DP038,Kiran M,ORD005479,10,Cancelled
DP176,Prakash S,ORD005480,42,Completed
DP160,Kiran M,ORD005481,36,Rejected
DP225,Ajay Kumar,ORD005482,25,Completed
DP188,Lokesh K,ORD005483,40,Completed
DP236,Manoj Kumar,ORD005484,30,Completed
DP229,Vijay S,ORD005485,11,Rejected
DP192,Ravi Kumar,ORD005486,39,Completed
DP076,Imran Khan,ORD005487,19,Completed
DP107,Kiran M,ORD005488,33,Completed
DP004,Dinesh R,ORD005489,23,Completed
DP055,Kiran M,ORD005490,27,Rejected
DP155,Kiran M,ORD005491,34,Cancelled
DP143,Kiran M,ORD005492,31,Completed
DP230,Mohan Raj,ORD005493,40,Completed
DP184,Manoj Kumar,ORD005494,37,Cancelled
DP173,Ravi Kumar,ORD005495,40,Cancelled
DP084,Nithin P,ORD005496,21,Completed
DP088,Vijay S,ORD005497,24,Completed
DP008,Ravi Kumar,ORD005498,22,Completed
DP050,Dinesh R,ORD005499,40,Completed
DP163,Prakash S,ORD005500,28,Rejected
DP009,Prakash S,ORD005501,34,Cancelled
DP233,Vijay S,ORD005502,25,Cancelled
DP190,Ajay Kumar,ORD005503,41,Rejected
DP106,Imran Khan,ORD005504,32,Completed
DP062,Suresh Kumar,ORD005505,27,Cancelled
DP189,Kiran M,ORD005506,40,Completed
DP014,Dinesh R,ORD005507,24,Completed
DP149,Imran Khan,ORD005508,16,Completed
DP186,Suresh Kumar,ORD005509,30,Completed
DP217,Imran Khan,ORD005510,26,Rejected
DP192,Suresh Kumar,ORD005511,35,Completed
DP167,Ajay Kumar,ORD005512,43,Completed
DP002,Ajay Kumar,ORD005513,31,Cancelled
DP032,Nithin P,ORD005514,10,Completed
DP174,Suresh Kumar,ORD005515,21,Completed
DP165,Suresh Kumar,ORD005516,12,Completed
DP158,Dinesh R,ORD005517,18,Rejected
DP212,Dinesh R,ORD005518,40,Rejected
DP208,Ajay Kumar,ORD005519,31,Cancelled
DP112,Prakash S,ORD005520,15,Completed
DP205,Kiran M,ORD005521,19,Completed
DP245,Suresh Kumar,ORD005522,27,Completed
DP035,Ravi Kumar,ORD005523,15,Rejected
DP149,Dinesh R,ORD005524,44,Completed
DP024,Dinesh R,ORD005525,41,Completed
DP162,Ravi Kumar,ORD005526,22,Completed
DP197,Kiran M,ORD005527,22,Completed
DP174,Vijay S,ORD005528,27,Rejected
DP208,Manoj Kumar,ORD005529,14,Completed
DP186,Prakash S,ORD005530,43,Completed
DP019,Lokesh K,ORD005531,11,Completed
DP095,Prakash S,ORD005532,35,Completed
DP096,Imran Khan,ORD005533,43,Cancelled
DP209,Vijay S,ORD005534,38,Completed
DP216,Vijay S,ORD005535,28,Completed
DP169,Mohan Raj,ORD005536,32,Rejected
DP206,Imran Khan,ORD005537,20,Rejected
DP152,Ravi Kumar,ORD005538,39,Rejected
DP108,Imran Khan,ORD005539,39,Completed
DP028,Suresh Kumar,ORD005540,19,Rejected
DP039,Vijay S,ORD005541,25,Completed
DP010,Mohan Raj,ORD005542,43,Completed
DP145,Lokesh K,ORD005543,37,Cancelled
DP150,Vijay S,ORD005544,38,Completed
DP116,Kiran M,ORD005545,19,Completed
DP129,Imran Khan,ORD005546,21,Completed
DP194,Suresh Kumar,ORD005547,11,Completed
DP198,Vijay S,ORD005548,18,Cancelled
DP138,Suresh Kumar,ORD005549,17,Completed
DP220,Mohan Raj,ORD005550,22,Rejected
DP209,Lokesh K,ORD005551,18,Completed
DP032,Manoj Kumar,ORD005552,19,Completed
DP066,Nithin P,ORD005553,37,Rejected
DP010,Prakash S,ORD005554,34,Completed
DP002,Ajay Kumar,ORD005555,28,Completed
DP124,Dinesh R,ORD005556,21,Completed
DP052,Ravi Kumar,ORD005557,20,Completed
DP043,Mohan Raj,ORD005558,30,Completed
DP008,Dinesh R,ORD005559,21,Completed
DP101,Nithin P,ORD005560,24,Cancelled
DP035,Manoj Kumar,ORD005561,24,Completed
DP114,Manoj Kumar,ORD005562,37,Rejected
DP205,Lokesh K,ORD005563,42,Cancelled
DP045,Lokesh K,ORD005564,15,Rejected
DP176,Prakash S,ORD005565,30,Completed
DP163,Ravi Kumar,ORD005566,32,Completed
DP247,Ravi Kumar,ORD005567,13,Completed
DP208,Dinesh R,ORD005568,18,Completed
DP162,Dinesh R,ORD005569,17,Completed
DP152,Lokesh K,ORD005570,28,Completed
DP025,Ajay Kumar,ORD005571,24,Rejected
DP156,Ajay Kumar,ORD005572,31,Completed
DP167,Lokesh K,ORD005573,20,Completed
DP196,Nithin P,ORD005574,40,Completed
DP249,Suresh Kumar,ORD005575,44,Rejected
DP101,Dinesh R,ORD005576,18,Completed
DP166,Ajay Kumar,ORD005577,21,Completed
DP232,Lokesh K,ORD005578,16,Completed
DP169,Manoj Kumar,ORD005579,40,Completed
DP100,Imran Khan,ORD005580,11,Completed
DP243,Dinesh R,ORD005581,30,Completed
DP191,Vijay S,ORD005582,44,Completed
DP068,Nithin P,ORD005583,21,Cancelled
DP220,Vijay S,ORD005584,39,Completed
DP114,Vijay S,ORD005585,17,Cancelled
DP075,Dinesh R,ORD005586,19,Completed
DP123,Manoj Kumar,ORD005587,33,Cancelled
DP230,Imran Khan,ORD005588,30,Completed
DP091,Vijay S,ORD005589,20,Completed
DP222,Ajay Kumar,ORD005590,37,Completed
DP114,Lokesh K,ORD005591,11,Completed
DP085,Manoj Kumar,ORD005592,36,Completed
DP093,Vijay S,ORD005593,30,Completed
DP124,Kiran M,ORD005594,42,Completed
DP091,Mohan Raj,ORD005595,16,Completed
DP113,Suresh Kumar,ORD005596,41,Completed
DP100,Kiran M,ORD005597,25,Completed
DP105,Manoj Kumar,ORD005598,10,completed
DP106,Mohan Raj,ORD005599,12,Cancelled
DP063,Ravi Kumar,ORD005600,39,Cancelled
DP141,Vijay S,ORD005601,27,Completed
DP012,Prakash S,ORD005602,43,Cancelled
DP192,Dinesh R,ORD005603,35,Completed
DP234,Suresh Kumar,ORD005604,15,Completed
DP002,Ravi Kumar,ORD005605,36,Rejected
DP174,Mohan Raj,ORD005606,32,Cancelled
DP181,Ravi Kumar,ORD005607,23,Rejected
DP106,Manoj Kumar,ORD005608,34,Rejected
DP222,Ajay Kumar,ORD005609,39,Rejected
DP220,Dinesh R,ORD005610,43,Completed
DP233,Nithin P,ORD005611,12,Cancelled
DP115,Imran Khan,ORD005612,13,Rejected
DP077,Manoj Kumar,ORD005613,37,Rejected
DP101,Mohan Raj,ORD005614,45,Rejected
DP213,Suresh Kumar,ORD005615,42,Completed
DP118,Mohan Raj,ORD005616,38,Cancelled
DP176,Imran Khan,ORD005617,32,Completed
DP076,Mohan Raj,ORD005618,39,Cancelled
DP180,Ajay Kumar,ORD005619,43,Cancelled
DP105,Ajay Kumar,ORD005620,13,Rejected
DP142,Vijay S,ORD005621,45,Cancelled
DP080,Manoj Kumar,ORD005622,14,Completed
DP073,Kiran M,ORD005623,19,Rejected
DP091,Nithin P,ORD005624,37,Completed
DP173,Ajay Kumar,ORD005625,16,Cancelled
DP226,Ravi Kumar,ORD005626,32,Completed
DP079,Mohan Raj,ORD005627,23,Cancelled
DP220,Kiran M,ORD005628,45,Cancelled
DP225,Manoj Kumar,ORD005629,20,Completed
DP094,Suresh Kumar,ORD005630,15,Rejected
DP106,Vijay S,ORD005631,23,Cancelled
DP144,Ravi Kumar,ORD005632,16,Rejected
DP045,Lokesh K,ORD005633,38,Completed
DP022,Suresh Kumar,ORD005634,29,Rejected
DP087,Manoj Kumar,ORD005635,41,Completed
DP031,Imran Khan,ORD005636,44,Completed
DP013,Prakash S,ORD005637,34,Completed
DP168,Nithin P,ORD005638,19,Cancelled
DP142,Imran Khan,ORD005639,25,Completed
DP090,Suresh Kumar,ORD005640,26,Completed
DP073,Mohan Raj,ORD005641,44,Cancelled
DP115,Mohan Raj,ORD005642,18,Completed
DP177,Ravi Kumar,ORD005643,33,Completed
DP135,Vijay S,ORD005644,18,Rejected
DP225,Vijay S,ORD005645,10,Cancelled
DP126,Ajay Kumar,ORD005646,37,Completed
DP221,Mohan Raj,ORD005647,40,Completed
DP008,Kiran M,ORD005648,31,Cancelled
DP105,Dinesh R,ORD005649,10,Cancelled
DP146,Manoj Kumar,ORD005650,19,Rejected
DP249,Dinesh R,ORD005651,12,Completed
DP141,Imran Khan,ORD005652,12,Completed
DP109,Imran Khan,ORD005653,12,Completed
DP193,Manoj Kumar,ORD005654,27,Completed
DP236,Ajay Kumar,ORD005655,41,Rejected
DP001,Dinesh R,ORD005656,12,Completed
DP020,Mohan Raj,ORD005657,22,Completed
DP020,Nithin P,ORD005658,35,Completed
DP073,Dinesh R,ORD005659,33,Completed
DP192,Manoj Kumar,ORD005660,12,Rejected
DP004,Dinesh R,ORD005661,23,Cancelled
DP184,Suresh Kumar,ORD005662,43,Rejected
DP019,Imran Khan,ORD005663,24,Cancelled
DP020,Nithin P,ORD005664,38,Rejected
DP037,Lokesh K,ORD005665,22,Rejected
DP009,Manoj Kumar,ORD005666,41,Completed
DP099,Vijay S,ORD005667,10,Completed
DP232,Kiran M,ORD005668,30,Completed
DP081,Ajay Kumar,ORD005669,43,Cancelled
DP117,Imran Khan,ORD005670,38,Completed
DP220,Lokesh K,ORD005671,13,Completed
DP035,Ravi Kumar,ORD005672,32,Completed
DP217,Lokesh K,ORD005673,35,Completed
DP239,Imran Khan,ORD005674,31,Completed
DP179,Manoj Kumar,ORD005675,18,Completed
DP187,Manoj Kumar,ORD005676,32,Completed
DP098,Imran Khan,ORD005677,42,Completed
DP100,Ravi Kumar,ORD005678,15,Completed
DP223,Dinesh R,ORD005679,39,Completed
DP056,Suresh Kumar,ORD005680,22,Completed
DP179,Suresh Kumar,ORD005681,35,Rejected
DP125,Vijay S,ORD005682,17,Completed
DP246,Dinesh R,ORD005683,28,Completed
DP078,Dinesh R,ORD005684,37,Rejected
DP011,Kiran M,ORD005685,44,Completed
DP088,Ravi Kumar,ORD005686,44,Completed
DP094,Imran Khan,ORD005687,16,Cancelled
DP113,Lokesh K,ORD005688,39,Completed
DP178,Nithin P,ORD005689,33,Cancelled
DP179,Imran Khan,ORD005690,25,Cancelled
DP101,Suresh Kumar,ORD005691,38,Completed
DP006,Mohan Raj,ORD005692,17,Completed
DP224,Lokesh K,ORD005693,41,Completed
DP185,Dinesh R,ORD005694,14,Completed
DP104,Ajay Kumar,ORD005695,12,Cancelled
DP127,Ravi Kumar,ORD005696,28,Completed
DP102,Lokesh K,ORD005697,27,Completed
DP084,Vijay S,ORD005698,44,Completed
DP115,Prakash S,ORD005699,23,Completed
DP208,Manoj Kumar,ORD005700,44,Cancelled
DP095,Kiran M,ORD005701,21,Rejected
DP054,Vijay S,ORD005702,28,Cancelled
DP101,Kiran M,ORD005703,11,Completed
DP109,Kiran M,ORD005704,25,Cancelled
DP215,Ajay Kumar,ORD005705,34,Completed
DP075,Vijay S,ORD005706,15,Rejected
DP144,Ajay Kumar,ORD005707,16,Cancelled
DP175,Prakash S,ORD005708,13,Completed
DP227,Nithin P,ORD005709,44,Rejected
DP209,Prakash S,ORD005710,16,Completed
DP055,Vijay S,ORD005711,21,Completed
DP110,Ravi Kumar,ORD005712,29,Completed
DP058,Ravi Kumar,ORD005713,43,Rejected
DP207,Imran Khan,ORD005714,22,Completed
DP120,Dinesh R,ORD005715,24,Completed
DP028,Dinesh R,ORD005716,36,Rejected
DP069,Lokesh K,ORD005717,34,Completed
DP213,Imran Khan,ORD005718,44,Completed
DP100,Kiran M,ORD005719,15,Completed
DP229,Vijay S,ORD005720,36,Rejected
DP187,Ajay Kumar,ORD005721,38,Completed
DP220,Suresh Kumar,ORD005722,13,Completed
DP101,Ravi Kumar,ORD005723,38,Completed
DP053,Kiran M,ORD005724,11,Completed
DP154,Kiran M,ORD005725,38,Completed
DP052,Imran Khan,ORD005726,38,Cancelled
DP036,Vijay S,ORD005727,18,Completed
DP107,Ravi Kumar,ORD005728,37,Rejected
DP087,Imran Khan,ORD005729,45,Completed
DP140,Nithin P,ORD005730,23,Completed
DP093,Mohan Raj,ORD005731,27,Completed
DP199,Mohan Raj,ORD005732,12,Rejected
DP153,Suresh Kumar,ORD005733,13,Completed
DP078,Dinesh R,ORD005734,18,Completed
DP126,Nithin P,ORD005735,38,Completed
DP138,Manoj Kumar,ORD005736,32,Rejected
DP250,Prakash S,ORD005737,14,Completed
DP054,Prakash S,ORD005738,15,Completed
DP117,Mohan Raj,ORD005739,23,Completed
DP180,Suresh Kumar,ORD005740,31,Rejected
DP182,Vijay S,ORD005741,20,Rejected
DP070,Dinesh R,ORD005742,32,Completed
DP096,Mohan Raj,ORD005743,35,Completed
DP066,Ajay Kumar,ORD005744,23,Completed
DP105,Lokesh K,ORD005745,22,Rejected
DP163,Prakash S,ORD005746,27,Completed
DP182,Mohan Raj,ORD005747,13,Completed
DP101,Ajay Kumar,ORD005748,10,Cancelled
DP173,Mohan Raj,ORD005749,32,Cancelled
DP106,Vijay S,ORD005750,26,Rejected
DP222,Kiran M,ORD005751,12,Cancelled
DP039,Nithin P,ORD005752,34,Cancelled
DP029,Dinesh R,ORD005753,31,Completed
DP167,Dinesh R,ORD005754,14,Cancelled
DP071,Suresh Kumar,ORD005755,10,Cancelled
DP087,Vijay S,ORD005756,42,Rejected
DP246,Vijay S,ORD005757,34,Rejected
DP123,Ravi Kumar,ORD005758,36,Completed
DP132,Mohan Raj,ORD005759,30,Cancelled
DP050,Kiran M,ORD005760,42,Completed
DP232,Manoj Kumar,ORD005761,18,Cancelled
DP245,Vijay S,ORD005762,10,Completed
DP120,Dinesh R,ORD005763,13,Rejected
DP134,Kiran M,ORD005764,32,Cancelled
DP198,Mohan Raj,ORD005765,24,Rejected
DP114,Manoj Kumar,ORD005766,22,Completed
DP189,Ravi Kumar,ORD005767,31,Completed
DP180,Lokesh K,ORD005768,12,Cancelled
DP217,Dinesh R,ORD005769,16,Completed
DP019,Mohan Raj,ORD005770,35,Completed
DP249,Mohan Raj,ORD005771,42,Cancelled
DP065,Ajay Kumar,ORD005772,43,Cancelled
DP126,Dinesh R,ORD005773,10,Rejected
DP076,Imran Khan,ORD005774,28,Rejected
DP109,Lokesh K,ORD005775,26,Completed
DP137,Nithin P,ORD005776,27,Completed
DP077,Ravi Kumar,ORD005777,38,Rejected
DP047,Lokesh K,ORD005778,22,Completed
DP131,Dinesh R,ORD005779,44,Cancelled
DP012,Suresh Kumar,ORD005780,44,Completed
DP074,Manoj Kumar,ORD005781,37,Cancelled
DP051,Imran Khan,ORD005782,14,Completed
DP222,Lokesh K,ORD005783,16,Cancelled
DP151,Nithin P,ORD005784,42,Rejected
DP100,Prakash S,ORD005785,45,Cancelled
DP068,Vijay S,ORD005786,36,Completed
DP151,Ajay Kumar,ORD005787,40,Completed
DP127,Mohan Raj,ORD005788,13,Completed
DP201,Ajay Kumar,ORD005789,21,Completed
DP143,Ravi Kumar,ORD005790,23,Rejected
DP120,Kiran M,ORD005791,17,Rejected
DP152,Vijay S,ORD005792,20,Completed
DP195,Imran Khan,ORD005793,42,Completed
DP187,Imran Khan,ORD005794,27,Rejected
DP037,Nithin P,ORD005795,16,Cancelled
DP025,Ravi Kumar,ORD005796,13,Cancelled
DP194,Suresh Kumar,ORD005797,38,Completed
DP202,Suresh Kumar,ORD005798,37,Completed
DP230,Manoj Kumar,ORD005799,45,Completed
DP033,Prakash S,ORD005800,38,Completed
DP180,Prakash S,ORD005801,23,Completed
DP173,Ajay Kumar,ORD005802,29,Completed
DP191,Prakash S,ORD005803,16,Completed
DP214,Ajay Kumar,ORD005804,44,Completed
DP241,Vijay S,ORD005805,22,Rejected
DP003,Suresh Kumar,ORD005806,20,Completed
DP234,Mohan Raj,ORD005807,40,Completed
DP069,Mohan Raj,ORD005808,17,Completed
DP126,Dinesh R,ORD005809,27,Completed
DP204,Mohan Raj,ORD005810,32,Cancelled
DP013,Lokesh K,ORD005811,37,Completed
DP137,Prakash S,ORD005812,20,Rejected
DP113,Dinesh R,ORD005813,24,Completed
DP104,Imran Khan,ORD005814,10,Completed
DP103,Manoj Kumar,ORD005815,26,Completed
DP153,Prakash S,ORD005816,12,Rejected
DP238,Ravi Kumar,ORD005817,14,Completed
DP224,Prakash S,ORD005818,26,Completed
DP219,Ajay Kumar,ORD005819,20,Completed
DP232,Nithin P,ORD005820,34,Completed
DP227,Manoj Kumar,ORD005821,11,Completed
DP190,Nithin P,ORD005822,22,Rejected
DP046,Prakash S,ORD005823,36,Completed
DP161,Manoj Kumar,ORD005824,14,Completed
DP083,Suresh Kumar,ORD005825,44,Rejected
DP186,Suresh Kumar,ORD005826,13,Cancelled
DP087,Ravi Kumar,ORD005827,23,Completed
DP055,Mohan Raj,ORD005828,36,Cancelled
DP114,Dinesh R,ORD005829,23,Completed
DP124,Dinesh R,ORD005830,33,Cancelled
DP123,Vijay S,ORD005831,13,Cancelled
DP238,Ajay Kumar,ORD005832,45,Rejected
DP182,Prakash S,ORD005833,14,Cancelled
DP102,Nithin P,ORD005834,36,Completed
DP197,Imran Khan,ORD005835,36,Completed
DP212,Manoj Kumar,ORD005836,10,Completed
DP186,Ravi Kumar,ORD005837,31,Cancelled
DP129,Imran Khan,ORD005838,32,Completed
DP160,Kiran M,ORD005839,39,Cancelled
DP228,Ajay Kumar,ORD005840,42,Completed
DP175,Mohan Raj,ORD005841,10,Completed
DP107,Mohan Raj,ORD005842,20,Completed
DP180,Vijay S,ORD005843,29,Completed
DP227,Lokesh K,ORD005844,17,Completed
DP182,Prakash S,ORD005845,42,Cancelled
DP010,Lokesh K,ORD005846,30,Completed
DP153,Imran Khan,ORD005847,23,Completed
DP057,Ravi Kumar,ORD005848,23,Completed
DP018,Prakash S,ORD005849,15,Rejected
DP103,Mohan Raj,ORD005850,30,Completed
DP015,Ravi Kumar,ORD005851,11,Cancelled
DP054,Kiran M,ORD005852,10,Cancelled
DP147,Mohan Raj,ORD005853,11,Completed
DP073,Ravi Kumar,ORD005854,34,Completed
DP157,Prakash S,ORD005855,21,Completed
DP086,Ravi Kumar,ORD005856,40,Completed
DP128,Manoj Kumar,ORD005857,39,Completed
DP161,Ajay Kumar,ORD005858,38,Completed
DP163,Imran Khan,ORD005859,45,Rejected
DP006,Ajay Kumar,ORD005860,39,Rejected
DP248,Vijay S,ORD005861,23,Cancelled
DP086,Kiran M,ORD005862,10,Completed
DP233,Kiran M,ORD005863,22,Cancelled
DP090,Suresh Kumar,ORD005864,16,Cancelled
DP193,Ravi Kumar,ORD005865,11,Cancelled
DP048,Nithin P,ORD005866,19,Rejected
DP196,Lokesh K,ORD005867,22,Completed
DP064,Nithin P,ORD005868,20,Rejected
DP136,Dinesh R,ORD005869,12,Completed
DP010,Nithin P,ORD005870,39,Rejected
DP024,Vijay S,ORD005871,15,Completed
DP102,Imran Khan,ORD005872,16,Cancelled
DP147,Manoj Kumar,ORD005873,10,Cancelled
DP200,Ravi Kumar,ORD005874,34,Completed
DP145,Dinesh R,ORD005875,13,Cancelled
DP247,Dinesh R,ORD005876,16,Completed
DP100,Prakash S,ORD005877,31,Rejected
DP064,Prakash S,ORD005878,12,Completed
DP093,Imran Khan,ORD005879,24,Rejected
DP165,Nithin P,ORD005880,35,Rejected
DP096,Ravi Kumar,ORD005881,41,Cancelled
DP072,Suresh Kumar,ORD005882,23,Completed
DP015,Vijay S,ORD005883,44,Completed
DP199,Imran Khan,ORD005884,32,Completed
DP102,Ravi Kumar,ORD005885,38,Rejected
DP019,Mohan Raj,ORD005886,33,Completed
DP110,Imran Khan,ORD005887,27,Completed
DP082,Vijay S,ORD005888,15,Rejected
DP205,Prakash S,ORD005889,10,Cancelled
DP027,Dinesh R,ORD005890,14,Rejected
DP115,Suresh Kumar,ORD005891,14,Cancelled
DP076,Manoj Kumar,ORD005892,23,Completed
DP166,Manoj Kumar,ORD005893,18,Cancelled
DP164,Kiran M,ORD005894,25,Cancelled
DP050,Nithin P,ORD005895,26,Cancelled
DP250,Ajay Kumar,ORD005896,20,Completed
DP039,Suresh Kumar,ORD005897,22,Cancelled
DP080,Prakash S,ORD005898,23,Cancelled
DP209,Dinesh R,ORD005899,13,Rejected
DP027,Kiran M,ORD005900,20,Completed
DP157,Kiran M,ORD005901,23,Rejected
DP089,Mohan Raj,ORD005902,28,Completed
DP048,Ravi Kumar,ORD005903,11,Rejected
DP113,Suresh Kumar,ORD005904,39,Cancelled
DP047,Ajay Kumar,ORD005905,32,Completed
DP209,Vijay S,ORD005906,37,Completed
DP244,Kiran M,ORD005907,33,Completed
DP139,Imran Khan,ORD005908,27,Completed
DP103,Manoj Kumar,ORD005909,16,Rejected
DP063,Vijay S,ORD005910,15,Rejected
DP219,Imran Khan,ORD005911,33,Completed
DP145,Manoj Kumar,ORD005912,38,Cancelled
DP134,Ajay Kumar,ORD005913,17,Cancelled
DP235,Dinesh R,ORD005914,24,Cancelled
DP036,Ajay Kumar,ORD005915,34,Completed
DP111,Vijay S,ORD005916,33,Rejected
DP052,Mohan Raj,ORD005917,19,Rejected
DP228,Kiran M,ORD005918,41,Rejected
DP163,Kiran M,ORD005919,23,Completed
DP125,Ajay Kumar,ORD005920,38,Cancelled
DP080,Lokesh K,ORD005921,39,Cancelled
DP203,Nithin P,ORD005922,26,Rejected
DP002,Vijay S,ORD005923,13,Cancelled
DP211,Nithin P,ORD005924,23,Cancelled
DP048,Prakash S,ORD005925,33,Completed
DP013,Kiran M,ORD005926,34,Completed
DP060,Vijay S,ORD005927,17,Rejected
DP193,Mohan Raj,ORD005928,40,Completed
DP174,Suresh Kumar,ORD005929,14,Completed
DP129,Dinesh R,ORD005930,15,Completed
DP158,Suresh Kumar,ORD005931,42,Completed
DP192,Manoj Kumar,ORD005932,35,Completed
DP078,Suresh Kumar,ORD005933,35,Completed
DP148,Nithin P,ORD005934,21,Completed
DP250,Manoj Kumar,ORD005935,39,Rejected
DP021,Nithin P,ORD005936,33,Completed
DP209,Manoj Kumar,ORD005937,15,Completed
DP013,Ravi Kumar,ORD005938,12,Cancelled
DP160,Dinesh R,ORD005939,39,Completed
DP063,Ravi Kumar,ORD005940,40,completed
DP049,Dinesh R,ORD005941,12,Completed
DP180,Kiran M,ORD005942,38,Completed
DP196,Ravi Kumar,ORD005943,18,Completed
DP199,Vijay S,ORD005944,10,Completed
DP082,Imran Khan,ORD005945,10,Completed
DP088,Kiran M,ORD005946,43,Completed
DP008,Imran Khan,ORD005947,38,Cancelled
DP109,Lokesh K,ORD005948,34,Rejected
DP016,Nithin P,ORD005949,45,Completed
DP188,Manoj Kumar,ORD005950,31,Completed
DP059,Kiran M,ORD005951,31,Completed
DP235,Lokesh K,ORD005952,44,Cancelled
DP030,Lokesh K,ORD005953,14,Completed
DP244,Manoj Kumar,ORD005954,35,Completed
DP021,Vijay S,ORD005955,28,Completed
DP162,Ajay Kumar,ORD005956,44,Completed
DP080,Ravi Kumar,ORD005957,35,Completed
DP115,Suresh Kumar,ORD005958,45,Completed
DP188,Dinesh R,ORD005959,38,Completed
DP020,Mohan Raj,ORD005960,23,Cancelled
DP141,Dinesh R,ORD005961,24,Completed
DP247,Mohan Raj,ORD005962,30,Completed
DP188,Manoj Kumar,ORD005963,16,Rejected
DP098,Kiran M,ORD005964,40,Completed
DP096,Mohan Raj,ORD005965,10,Completed
DP117,Suresh Kumar,ORD005966,11,Cancelled
DP186,Ajay Kumar,ORD005967,34,Cancelled
DP003,Vijay S,ORD005968,38,Cancelled
DP143,Vijay S,ORD005969,21,Cancelled
DP071,Lokesh K,ORD005970,14,Completed
DP241,Mohan Raj,ORD005971,13,Completed
DP119,Ravi Kumar,ORD005972,37,Completed
DP143,Prakash S,ORD005973,29,Completed
DP127,Imran Khan,ORD005974,29,Completed
DP221,Prakash S,ORD005975,36,Rejected
DP228,Nithin P,ORD005976,35,Completed
DP053,Dinesh R,ORD005977,19,Completed
DP213,Prakash S,ORD005978,37,Rejected
DP063,Manoj Kumar,ORD005979,44,Rejected
DP195,Ajay Kumar,ORD005980,34,Completed
DP173,Suresh Kumar,ORD005981,14,Rejected
DP085,Ravi Kumar,ORD005982,15,Completed
DP243,Kiran M,ORD005983,30,Completed
DP073,Prakash S,ORD005984,38,Rejected
DP175,Prakash S,ORD005985,13,Completed
DP115,Suresh Kumar,ORD005986,42,Completed
DP062,Manoj Kumar,ORD005987,42,Completed
DP136,Manoj Kumar,ORD005988,42,Completed
DP246,Nithin P,ORD005989,25,Completed
DP151,Ravi Kumar,ORD005990,34,Completed
DP142,Ajay Kumar,ORD005991,19,Rejected
DP022,Ajay Kumar,ORD005992,41,Cancelled
DP084,Dinesh R,ORD005993,27,Rejected
DP218,Mohan Raj,ORD005994,34,Completed
DP088,Dinesh R,ORD005995,37,Completed
DP007,Ravi Kumar,ORD005996,19,Completed
DP237,Lokesh K,ORD005997,10,Completed
DP158,Dinesh R,ORD005998,32,Completed
DP225,Ajay Kumar,ORD005999,19,Cancelled
DP081,Lokesh K,ORD006000,30,Rejected
DP008,Ravi Kumar,ORD006001,18,Completed
DP062,Nithin P,ORD006002,15,Completed
DP194,Nithin P,ORD006003,21,Completed
DP119,Lokesh K,ORD006004,16,Completed
DP186,Imran Khan,ORD006005,15,Completed
DP180,Dinesh R,ORD006006,13,Completed
DP180,Mohan Raj,ORD006007,15,Completed
DP214,Dinesh R,ORD006008,35,Rejected
DP172,Nithin P,ORD006009,23,Completed
DP230,Mohan Raj,ORD006010,33,Completed
DP131,Ravi Kumar,ORD006011,37,Completed
DP201,Ajay Kumar,ORD006012,31,Completed
DP021,Kiran M,ORD006013,26,Cancelled
DP025,Ravi Kumar,ORD006014,42,Completed
DP091,Imran Khan,ORD006015,34,Completed
DP246,Lokesh K,ORD006016,30,Rejected
DP116,Prakash S,ORD006017,26,Cancelled
DP046,Kiran M,ORD006018,22,Completed
DP085,Mohan Raj,ORD006019,39,Completed
DP138,Suresh Kumar,ORD006020,21,Completed
DP128,Lokesh K,ORD006021,21,Completed
DP116,Vijay S,ORD006022,39,Completed
DP068,Mohan Raj,ORD006023,26,Completed
DP028,Dinesh R,ORD006024,18,Completed
DP204,Manoj Kumar,ORD006025,25,Completed
DP202,Nithin P,ORD006026,39,Rejected
DP202,Kiran M,ORD006027,18,Completed
DP198,Dinesh R,ORD006028,15,Cancelled
DP145,Kiran M,ORD006029,41,Completed
DP216,Ravi Kumar,ORD006030,39,Completed
DP089,Lokesh K,ORD006031,11,Completed
DP066,Ajay Kumar,ORD006032,24,Cancelled
DP019,Ravi Kumar,ORD006033,37,Cancelled
DP067,Ajay Kumar,ORD006034,18,Rejected
DP076,Vijay S,ORD006035,29,Completed
DP070,Imran Khan,ORD006036,39,Completed
DP009,Suresh Kumar,ORD006037,25,Completed
DP238,Ajay Kumar,ORD006038,11,Completed
DP001,Ravi Kumar,ORD006039,19,Cancelled
DP056,Suresh Kumar,ORD006040,26,Completed
DP162,Lokesh K,ORD006041,29,Rejected
DP091,Prakash S,ORD006042,11,Completed
DP172,Dinesh R,ORD006043,36,Completed
DP245,Imran Khan,ORD006044,22,Rejected
DP179,Vijay S,ORD006045,33,Completed
DP140,Vijay S,ORD006046,29,Completed
DP126,Manoj Kumar,ORD006047,33,Rejected
DP200,Dinesh R,ORD006048,10,Completed
DP160,Manoj Kumar,ORD006049,29,Rejected
DP246,Manoj Kumar,ORD006050,12,Completed
DP130,Ravi Kumar,ORD006051,19,Completed
DP159,Dinesh R,ORD006052,45,Completed
DP161,Ravi Kumar,ORD006053,24,Cancelled
DP220,Dinesh R,ORD006054,45,Completed
DP207,Manoj Kumar,ORD006055,14,Completed
DP078,Lokesh K,ORD006056,38,Completed
DP001,Vijay S,ORD006057,45,Cancelled
DP045,Suresh Kumar,ORD006058,22,Completed
DP147,Lokesh K,ORD006059,43,Cancelled
DP147,Suresh Kumar,ORD006060,30,Completed
DP169,Suresh Kumar,ORD006061,45,Completed
DP068,Vijay S,ORD006062,42,Completed
DP240,Lokesh K,ORD006063,13,Completed
DP138,Ravi Kumar,ORD006064,16,Completed
DP081,Dinesh R,ORD006065,22,Completed
DP227,Prakash S,ORD006066,39,Completed
DP156,Vijay S,ORD006067,16,Completed
DP042,Kiran M,ORD006068,12,Completed
DP043,Ravi Kumar,ORD006069,10,Cancelled
DP073,Imran Khan,ORD006070,39,Cancelled
DP110,Ajay Kumar,ORD006071,31,Completed
DP119,Ajay Kumar,ORD006072,37,Completed
DP177,Lokesh K,ORD006073,38,Completed
DP080,Nithin P,ORD006074,41,Rejected
DP050,Lokesh K,ORD006075,34,Rejected
DP063,Mohan Raj,ORD006076,37,Rejected
DP024,Lokesh K,ORD006077,10,Cancelled
DP169,Dinesh R,ORD006078,10,Completed
DP246,Prakash S,ORD006079,32,Completed
DP190,Imran Khan,ORD006080,45,Completed
DP235,Dinesh R,ORD006081,40,Completed
DP055,Ajay Kumar,ORD006082,44,Rejected
DP177,Vijay S,ORD006083,21,Completed
DP059,Ravi Kumar,ORD006084,26,Completed
DP220,Lokesh K,ORD006085,12,Completed
DP078,Suresh Kumar,ORD006086,43,Completed
DP041,Nithin P,ORD006087,26,Completed
DP224,Suresh Kumar,ORD006088,10,Cancelled
DP164,Manoj Kumar,ORD006089,22,Completed
DP141,Nithin P,ORD006090,31,Rejected
DP178,Imran Khan,ORD006091,36,Completed
DP070,Vijay S,ORD006092,35,Completed
DP100,Dinesh R,ORD006093,28,Completed
DP076,Nithin P,ORD006094,28,Cancelled
DP229,Nithin P,ORD006095,38,Rejected
DP045,Ajay Kumar,ORD006096,36,Completed
DP238,Ravi Kumar,ORD006097,34,Completed
DP189,Vijay S,ORD006098,20,Rejected
DP120,Imran Khan,ORD006099,18,Completed
DP019,Dinesh R,ORD006100,35,Cancelled
DP185,Prakash S,ORD006101,43,Cancelled
DP044,Manoj Kumar,ORD006102,18,Rejected
DP156,Suresh Kumar,ORD006103,29,Completed
DP130,Ajay Kumar,ORD006104,11,Completed
DP117,Lokesh K,ORD006105,23,Rejected
DP239,Ajay Kumar,ORD006106,19,Completed
DP043,Ravi Kumar,ORD006107,33,Completed
DP164,Lokesh K,ORD006108,24,Completed
DP018,Vijay S,ORD006109,32,Cancelled
DP162,Ajay Kumar,ORD006110,33,Completed
DP237,Lokesh K,ORD006111,44,Completed
DP222,Ravi Kumar,ORD006112,34,Rejected
DP006,Ravi Kumar,ORD006113,42,Completed
DP145,Nithin P,ORD006114,30,Completed
DP002,Prakash S,ORD006115,38,Completed
DP121,Nithin P,ORD006116,30,Completed
DP246,Kiran M,ORD006117,12,Completed
DP229,Manoj Kumar,ORD006118,14,Rejected
DP214,Prakash S,ORD006119,15,Completed
DP164,Ajay Kumar,ORD006120,44,Cancelled
DP191,Suresh Kumar,ORD006121,36,Rejected
DP138,Manoj Kumar,ORD006122,20,Completed
DP249,Vijay S,ORD006123,29,Completed
DP004,Vijay S,ORD006124,13,Rejected
DP100,Dinesh R,ORD006125,45,Rejected
DP104,Ajay Kumar,ORD006126,31,Cancelled
DP067,Prakash S,ORD006127,34,Completed
DP071,Suresh Kumar,ORD006128,40,Completed
DP100,Manoj Kumar,ORD006129,22,Cancelled
DP130,Nithin P,ORD006130,40,Completed
DP113,Kiran M,ORD006131,35,Rejected
DP047,Vijay S,ORD006132,34,Completed
DP068,Imran Khan,ORD006133,45,Completed
DP085,Nithin P,ORD006134,25,Completed
DP248,Ravi Kumar,ORD006135,10,Completed
DP064,Imran Khan,ORD006136,22,Completed
DP151,Prakash S,ORD006137,13,Rejected
DP078,Dinesh R,ORD006138,28,Completed
DP038,Kiran M,ORD006139,17,Completed
DP203,Ajay Kumar,ORD006140,23,Completed
DP079,Ravi Kumar,ORD006141,22,Completed
DP123,Lokesh K,ORD006142,28,Rejected
DP082,Nithin P,ORD006143,35,Completed
DP230,Vijay S,ORD006144,17,Cancelled
DP142,Nithin P,ORD006145,21,Rejected
DP207,Ravi Kumar,ORD006146,21,Rejected
DP074,Kiran M,ORD006147,20,Cancelled
DP145,Prakash S,ORD006148,15,Completed
DP221,Manoj Kumar,ORD006149,21,Completed
DP167,Manoj Kumar,ORD006150,14,Completed
DP112,Manoj Kumar,ORD006151,22,Completed
DP059,Vijay S,ORD006152,42,Completed
DP240,Dinesh R,ORD006153,17,Rejected
DP238,Ajay Kumar,ORD006154,12,Completed
DP209,Manoj Kumar,ORD006155,40,Completed
DP148,Manoj Kumar,ORD006156,45,Rejected
DP058,Kiran M,ORD006157,30,Cancelled
DP016,Ravi Kumar,ORD006158,35,Rejected
DP002,Lokesh K,ORD006159,38,Rejected
DP196,Mohan Raj,ORD006160,19,Completed
DP120,Ajay Kumar,ORD006161,31,Completed
DP021,Imran Khan,ORD006162,12,Completed
DP001,Ajay Kumar,ORD006163,23,Completed
DP245,Kiran M,ORD006164,38,Completed
DP196,Prakash S,ORD006165,14,Completed
DP111,Suresh Kumar,ORD006166,27,Rejected
DP165,Mohan Raj,ORD006167,45,Cancelled
DP237,Vijay S,ORD006168,19,Completed
DP122,Mohan Raj,ORD006169,22,Cancelled
DP237,Suresh Kumar,ORD006170,18,Completed
DP038,Lokesh K,ORD006171,27,Cancelled
DP031,Ajay Kumar,ORD006172,26,Completed
DP174,Manoj Kumar,ORD006173,19,Rejected
DP136,Vijay S,ORD006174,30,Completed
DP229,Suresh Kumar,ORD006175,34,Completed
DP061,Prakash S,ORD006176,12,Completed
DP085,Dinesh R,ORD006177,13,Rejected
DP217,Ajay Kumar,ORD006178,24,Completed
DP140,Prakash S,ORD006179,19,Completed
DP223,Mohan Raj,ORD006180,28,Cancelled
DP241,Ajay Kumar,ORD006181,19,Completed
DP103,Imran Khan,ORD006182,22,Cancelled
DP216,Lokesh K,ORD006183,23,Completed
DP130,Imran Khan,ORD006184,40,Completed
DP246,Dinesh R,ORD006185,43,Rejected
DP069,Dinesh R,ORD006186,16,Rejected
DP092,Ravi Kumar,ORD006187,24,Completed
DP045,Nithin P,ORD006188,41,Cancelled
DP235,Dinesh R,ORD006189,29,Completed
DP114,Suresh Kumar,ORD006190,17,Completed
DP135,Ravi Kumar,ORD006191,16,Cancelled
DP194,Prakash S,ORD006192,19,Completed
DP068,Vijay S,ORD006193,29,Completed
DP033,Kiran M,ORD006194,36,Cancelled
DP103,Imran Khan,ORD006195,40,Completed
DP178,Kiran M,ORD006196,34,Rejected
DP016,Lokesh K,ORD006197,16,Rejected
DP145,Prakash S,ORD006198,16,Completed
DP179,Kiran M,ORD006199,19,Completed
DP235,Manoj Kumar,ORD006200,33,Completed
DP084,Ajay Kumar,ORD006201,16,Cancelled
DP047,Kiran M,ORD006202,39,Completed
DP218,Mohan Raj,ORD006203,26,Rejected
DP048,Lokesh K,ORD006204,44,Completed
DP124,Kiran M,ORD006205,22,Rejected
DP113,Mohan Raj,ORD006206,18,Completed
DP113,Imran Khan,ORD006207,15,Completed
DP202,Manoj Kumar,ORD006208,23,Completed
DP207,Lokesh K,ORD006209,22, Rejected 
DP176,Vijay S,ORD006210,31,Completed
DP109,Ajay Kumar,ORD006211,21,Rejected
DP191,Lokesh K,ORD006212,14,Completed
DP132,Nithin P,ORD006213,35,Rejected
DP077,Manoj Kumar,ORD006214,18,Completed
DP151,Suresh Kumar,ORD006215,10,Cancelled
DP171,Imran Khan,ORD006216,25,Completed
DP204,Ravi Kumar,ORD006217,35,Rejected
DP206,Kiran M,ORD006218,21,Rejected
DP194,Kiran M,ORD006219,43,Completed
DP160,Ajay Kumar,ORD006220,44,Completed
DP048,Manoj Kumar,ORD006221,17,Completed
DP130,Lokesh K,ORD006222,40,Completed
DP091,Imran Khan,ORD006223,14,Completed
DP222,Mohan Raj,ORD006224,19,Rejected
DP184,Kiran M,ORD006225,42,Cancelled
DP173,Nithin P,ORD006226,11,Completed
DP161,Vijay S,ORD006227,23,Completed
DP168,Ravi Kumar,ORD006228,28,Rejected
DP003,Lokesh K,ORD006229,20,Completed
DP142,Kiran M,ORD006230,31,Completed
DP192,Dinesh R,ORD006231,20,Completed
DP013,Imran Khan,ORD006232,18,Completed
DP027,Mohan Raj,ORD006233,25,Completed
DP107,Vijay S,ORD006234,26,Rejected
DP174,Manoj Kumar,ORD006235,21,Cancelled
DP207,Dinesh R,ORD006236,40,Completed
DP193,Dinesh R,ORD006237,32,Rejected
DP054,Imran Khan,ORD006238,43,Completed
DP039,Ajay Kumar,ORD006239,12,Rejected
DP086,Suresh Kumar,ORD006240,12,Rejected
DP085,Ravi Kumar,ORD006241,35,Cancelled
DP136,Lokesh K,ORD006242,15,Completed
DP099,Ajay Kumar,ORD006243,39,Rejected
DP168,Mohan Raj,ORD006244,37,Completed
DP204,Suresh Kumar,ORD006245,35,Completed
DP133,Dinesh R,ORD006246,11,Rejected
DP054,Mohan Raj,ORD006247,29,Cancelled
DP125,Vijay S,ORD006248,15,Completed
DP242,Kiran M,ORD006249,21,Completed
DP035,Lokesh K,ORD006250,26,Completed
DP214,Lokesh K,ORD006251,32,Completed
DP035,Imran Khan,ORD006252,34,Completed
DP060,Ajay Kumar,ORD006253,31,Completed
DP180,Vijay S,ORD006254,31,Completed
DP229,Mohan Raj,ORD006255,34,Rejected
DP028,Prakash S,ORD006256,28,Completed
DP079,Mohan Raj,ORD006257,16,Completed
DP019,Suresh Kumar,ORD006258,12,Cancelled
DP071,Mohan Raj,ORD006259,20,Rejected
DP231,Ajay Kumar,ORD006260,15,Rejected
DP085,Dinesh R,ORD006261,24,Cancelled
DP067,Ravi Kumar,ORD006262,11,Rejected
DP238,Prakash S,ORD006263,45,Completed
DP139,Suresh Kumar,ORD006264,19,Completed
DP180,Dinesh R,ORD006265,27,Completed
DP135,Nithin P,ORD006266,38,Rejected
DP167,Suresh Kumar,ORD006267,34,Cancelled
DP184,Lokesh K,ORD006268,36,Completed
DP249,Ajay Kumar,ORD006269,15,Cancelled
DP027,Prakash S,ORD006270,21,Completed
DP240,Ajay Kumar,ORD006271,19,Completed
DP229,Kiran M,ORD006272,34,Completed
DP073,Lokesh K,ORD006273,42,Completed
DP214,Mohan Raj,ORD006274,41,Completed
DP201,Vijay S,ORD006275,31,Completed
DP170,Ravi Kumar,ORD006276,26,Completed
DP080,Kiran M,ORD006277,21,Rejected
DP040,Kiran M,ORD006278,19,Cancelled
DP056,Prakash S,ORD006279,15,Rejected
DP061,Vijay S,ORD006280,43,Completed
DP133,Suresh Kumar,ORD006281,42,Rejected
DP015,Ravi Kumar,ORD006282,10,Cancelled
DP131,Manoj Kumar,ORD006283,34,Rejected
DP182,Kiran M,ORD006284,20,Completed
DP227,Manoj Kumar,ORD006285,42,Rejected
DP203,Vijay S,ORD006286,30,Cancelled
DP247,Ajay Kumar,ORD006287,41,Cancelled
DP041,Kiran M,ORD006288,27,Completed
DP058,Prakash S,ORD006289,45,Completed
DP245,Dinesh R,ORD006290,30,Completed
DP238,Ajay Kumar,ORD006291,42,Completed
DP056,Mohan Raj,ORD006292,34,Completed
DP120,Ravi Kumar,ORD006293,30,Completed
DP128,Ajay Kumar,ORD006294,33,Cancelled
DP226,Vijay S,ORD006295,38,Completed
DP104,Imran Khan,ORD006296,35,Completed
DP234,Kiran M,ORD006297,31,Completed
DP204,Ravi Kumar,ORD006298,32,Completed
DP064,Ajay Kumar,ORD006299,35,Completed
DP149,Ajay Kumar,ORD006300,31,Completed
DP152,Mohan Raj,ORD006301,32,Rejected
DP175,Lokesh K,ORD006302,17,Rejected
DP001,Nithin P,ORD006303,21,Rejected
DP133,Kiran M,ORD006304,35,Rejected
DP107,Mohan Raj,ORD006305,11,Completed
DP138,Manoj Kumar,ORD006306,45,Cancelled
DP144,Vijay S,ORD006307,30,Completed
DP115,Mohan Raj,ORD006308,19,Cancelled
DP056,Kiran M,ORD006309,42,Cancelled
DP050,Mohan Raj,ORD006310,28,Completed
DP082,Vijay S,ORD006311,42,Rejected
DP176,Kiran M,ORD006312,21,Completed
DP152,Lokesh K,ORD006313,12,Completed
DP145,Manoj Kumar,ORD006314,37,Completed
DP038,Manoj Kumar,ORD006315,40,Completed
DP199,Prakash S,ORD006316,13,Completed
DP065,Suresh Kumar,ORD006317,41,Completed
DP128,Mohan Raj,ORD006318,40,Rejected
DP061,Dinesh R,ORD006319,37,Completed
DP056,Manoj Kumar,ORD006320,37,Rejected
DP001,Kiran M,ORD006321,27,Cancelled
DP066,Suresh Kumar,ORD006322,40,Cancelled
DP150,Kiran M,ORD006323,38,Completed
DP193,Vijay S,ORD006324,14,Rejected
DP170,Suresh Kumar,ORD006325,28,Completed
DP030,Manoj Kumar,ORD006326,45,Rejected
DP062,Imran Khan,ORD006327,29,Completed
DP180,Manoj Kumar,ORD006328,15,Completed
DP083,Dinesh R,ORD006329,33,Cancelled
DP032,Ravi Kumar,ORD006330,14,Cancelled
DP136,Vijay S,ORD006331,41,Rejected
DP176,Imran Khan,ORD006332,16,Rejected
DP190,Ravi Kumar,ORD006333,17,Completed
DP120,Ajay Kumar,ORD006334,25,Completed
DP163,Kiran M,ORD006335,18,Cancelled
DP173,Imran Khan,ORD006336,10,Completed
DP157,Mohan Raj,ORD006337,22,Completed
DP082,Ajay Kumar,ORD006338,24,Completed
DP194,Nithin P,ORD006339,12,Completed
DP134,Dinesh R,ORD006340,20,Completed
DP100,Dinesh R,ORD006341,33,Cancelled
DP102,Manoj Kumar,ORD006342,28,Rejected
DP161,Manoj Kumar,ORD006343,25,Completed
DP137,Ravi Kumar,ORD006344,29,Rejected
DP188,Suresh Kumar,ORD006345,16,Completed
DP218,Imran Khan,ORD006346,21,Completed
DP216,Suresh Kumar,ORD006347,40,Rejected
DP244,Dinesh R,ORD006348,44,Cancelled
DP021,Prakash S,ORD006349,38,Completed
DP010,Ravi Kumar,ORD006350,24,Completed
DP213,Ajay Kumar,ORD006351,11,Completed
DP040,Ajay Kumar,ORD006352,34,Rejected
DP210,Mohan Raj,ORD006353,14,Rejected
DP002,Lokesh K,ORD006354,28,Completed
DP194,Imran Khan,ORD006355,18,Completed
DP139,Ajay Kumar,ORD006356,12,Completed
DP003,Vijay S,ORD006357,18,Completed
DP159,Ravi Kumar,ORD006358,41,Completed
DP139,Nithin P,ORD006359,21,Cancelled
DP095,Mohan Raj,ORD006360,27,Completed
DP244,Ravi Kumar,ORD006361,12,Completed
DP217,Lokesh K,ORD006362,39,Completed
DP159,Lokesh K,ORD006363,10,Rejected
DP152,Mohan Raj,ORD006364,30,Completed
DP162,Prakash S,ORD006365,22,Completed
DP125,Vijay S,ORD006366,20,Completed
DP002,Mohan Raj,ORD006367,13,Cancelled
DP111,Lokesh K,ORD006368,25,Rejected
DP223,Manoj Kumar,ORD006369,23,Cancelled
DP217,Dinesh R,ORD006370,20,Completed
DP002,Lokesh K,ORD006371,14,Completed
DP072,Kiran M,ORD006372,45,Completed
DP152,Manoj Kumar,ORD006373,13,Completed
DP010,Ajay Kumar,ORD006374,19,Rejected
DP234,Ravi Kumar,ORD006375,15,Rejected
DP231,Suresh Kumar,ORD006376,36,Completed
DP082,Manoj Kumar,ORD006377,17,Cancelled
DP058,Dinesh R,ORD006378,30,Rejected
DP127,Ravi Kumar,ORD006379,11,Completed
DP173,Nithin P,ORD006380,17,Completed
DP227,Mohan Raj,ORD006381,38,Completed
DP064,Dinesh R,ORD006382,26,Cancelled
DP177,Nithin P,ORD006383,34,Cancelled
DP175,Vijay S,ORD006384,24,Rejected
DP225,Dinesh R,ORD006385,21,Completed
DP125,Mohan Raj,ORD006386,20,Rejected
DP228,Kiran M,ORD006387,40,Completed
DP207,Lokesh K,ORD006388,30,Completed
DP180,Nithin P,ORD006389,22,Completed
DP162,Ravi Kumar,ORD006390,11,Rejected
DP006,Ajay Kumar,ORD006391,38,Completed
DP089,Manoj Kumar,ORD006392,23,Rejected
DP067,Kiran M,ORD006393,16,Cancelled
DP241,Prakash S,ORD006394,10,Rejected
DP242,Ravi Kumar,ORD006395,26,Completed
DP146,Ravi Kumar,ORD006396,27,Cancelled
DP206,Prakash S,ORD006397,29,Completed
DP236,Prakash S,ORD006398,29,Cancelled
DP088,Ajay Kumar,ORD006399,11,Completed
DP124,Ajay Kumar,ORD006400,41,Rejected
DP001,Prakash S,ORD006401,16,Cancelled
DP249,Dinesh R,ORD006402,28,Completed
DP204,Mohan Raj,ORD006403,13,Rejected
DP121,Kiran M,ORD006404,36,Completed
DP102,Vijay S,ORD006405,37,Completed
DP160,Suresh Kumar,ORD006406,42,Rejected
DP249,Vijay S,ORD006407,17,Completed
DP176,Ajay Kumar,ORD006408,35,Completed
DP164,Prakash S,ORD006409,36,Rejected
DP074,Kiran M,ORD006410,26,Cancelled
DP003,Manoj Kumar,ORD006411,44,Cancelled
DP110,Kiran M,ORD006412,44,Completed
DP198,Lokesh K,ORD006413,24,Rejected
DP050,Suresh Kumar,ORD006414,16,Rejected
DP123,Lokesh K,ORD006415,20,Cancelled
DP035,Nithin P,ORD006416,25,Completed
DP034,Nithin P,ORD006417,31,Completed
DP076,Kiran M,ORD006418,38,Completed
DP010,Manoj Kumar,ORD006419,40,Completed
DP134,Vijay S,ORD006420,39,Completed
DP199,Manoj Kumar,ORD006421,27,Completed
DP086,Mohan Raj,ORD006422,40,Completed
DP235,Dinesh R,ORD006423,35,Cancelled
DP139,Imran Khan,ORD006424,37,Completed
DP010,Prakash S,ORD006425,22,Cancelled
DP080,Vijay S,ORD006426,10,Cancelled
DP193,Vijay S,ORD006427,43,Completed
DP078,Ajay Kumar,ORD006428,38,Rejected
DP166,Manoj Kumar,ORD006429,36,Completed
DP054,Kiran M,ORD006430,12,Completed
DP049,Dinesh R,ORD006431,26,Cancelled
DP078,Vijay S,ORD006432,40,Completed
DP053,Prakash S,ORD006433,41,Rejected
DP230,Ravi Kumar,ORD006434,45,Completed
DP213,Manoj Kumar,ORD006435,39,Completed
DP067,Ajay Kumar,ORD006436,10,Completed
DP005,Suresh Kumar,ORD006437,17,Completed
DP038,Manoj Kumar,ORD006438,27,Rejected
DP063,Kiran M,ORD006439,36,Rejected
DP096,Dinesh R,ORD006440,35,Completed
DP051,Manoj Kumar,ORD006441,26,Completed
DP206,Imran Khan,ORD006442,31,Rejected
DP035,Suresh Kumar,ORD006443,34,Rejected
DP063,Ravi Kumar,ORD006444,43,Cancelled
DP003,Manoj Kumar,ORD006445,35,Completed
DP068,Mohan Raj,ORD006446,10,Completed
DP101,Ajay Kumar,ORD006447,27,Completed
DP205,Lokesh K,ORD006448,36,Completed
DP035,Mohan Raj,ORD006449,33,Completed
DP079,Lokesh K,ORD006450,28,Completed
DP068,Ravi Kumar,ORD006451,35,Completed
DP205,Manoj Kumar,ORD006452,33,Rejected
DP208,Nithin P,ORD006453,21,Completed
DP227,Suresh Kumar,ORD006454,39,Rejected
DP083,Ravi Kumar,ORD006455,10,Completed
DP246,Mohan Raj,ORD006456,25,Rejected
DP249,Manoj Kumar,ORD006457,34,Completed
DP031,Prakash S,ORD006458,23,Rejected
DP162,Nithin P,ORD006459,23,Completed
DP030,Ajay Kumar,ORD006460,26,Cancelled
DP212,Suresh Kumar,ORD006461,38,Completed
DP062,Suresh Kumar,ORD006462,22,Completed
DP076,Ravi Kumar,ORD006463,14,Completed
DP189,Manoj Kumar,ORD006464,13,Completed
DP106,Dinesh R,ORD006465,19,Completed
DP205,Imran Khan,ORD006466,30,Completed
DP011,Lokesh K,ORD006467,16,Completed
DP111,Ravi Kumar,ORD006468,11,Completed
DP225,Manoj Kumar,ORD006469,27,Completed
DP153,Prakash S,ORD006470,41,Rejected
DP132,Ajay Kumar,ORD006471,23,Cancelled
DP245,Kiran M,ORD006472,43,Completed
DP029,Prakash S,ORD006473,19,Rejected
DP202,Nithin P,ORD006474,31,Completed
DP032,Ajay Kumar,ORD006475,38,Completed
DP031,Mohan Raj,ORD006476,18,Completed
DP196,Imran Khan,ORD006477,38,Completed
DP192,Nithin P,ORD006478,20,Cancelled
DP073,Nithin P,ORD006479,38,Cancelled
DP196,Kiran M,ORD006480,10,Completed
DP057,Vijay S,ORD006481,40,Rejected
DP085,Imran Khan,ORD006482,11,Rejected
DP190,Ajay Kumar,ORD006483,40,Cancelled
DP211,Kiran M,ORD006484,14,Completed
DP142,Ajay Kumar,ORD006485,19,Cancelled
DP219,Imran Khan,ORD006486,12,Completed
DP059,Imran Khan,ORD006487,18,Completed
DP044,Suresh Kumar,ORD006488,24,Cancelled
DP250,Vijay S,ORD006489,38,Cancelled
DP018,Prakash S,ORD006490,38,Completed
DP050,Lokesh K,ORD006491,13,Completed
DP230,Dinesh R,ORD006492,18,Completed
DP063,Mohan Raj,ORD006493,22,Completed
DP118,Vijay S,ORD006494,35,Completed
DP161,Mohan Raj,ORD006495,21,Completed
DP114,Manoj Kumar,ORD006496,16,Completed
DP084,Ajay Kumar,ORD006497,36,Rejected
DP057,Manoj Kumar,ORD006498,28,Rejected
DP209,Nithin P,ORD006499,37,Completed
DP226,Suresh Kumar,ORD006500,20,Completed
DP238,Mohan Raj,ORD006501,45,Completed
DP176,Mohan Raj,ORD006502,24,Completed
DP160,Vijay S,ORD006503,36,Cancelled
DP218,Manoj Kumar,ORD006504,30,Completed
DP169,Ravi Kumar,ORD006505,18,Completed
DP050,Suresh Kumar,ORD006506,44,Rejected
DP045,Mohan Raj,ORD006507,13,Completed
DP004,Mohan Raj,ORD006508,27,Cancelled
DP111,Suresh Kumar,ORD006509,24,Cancelled
DP147,Dinesh R,ORD006510,31,Rejected
DP074,Imran Khan,ORD006511,10,Completed
DP163,Mohan Raj,ORD006512,29,Rejected
DP151,Lokesh K,ORD006513,27,Rejected
DP005,Nithin P,ORD006514,21,Rejected
DP150,Prakash S,ORD006515,10,Cancelled
DP096,Nithin P,ORD006516,18,Completed
DP051,Dinesh R,ORD006517,17,Completed
DP066,Prakash S,ORD006518,37,Rejected
DP110,Dinesh R,ORD006519,30,Rejected
DP064,Kiran M,ORD006520,18,Completed
DP039,Dinesh R,ORD006521,40,Cancelled
DP168,Ravi Kumar,ORD006522,25,Cancelled
DP006,Vijay S,ORD006523,32,Cancelled
DP225,Dinesh R,ORD006524,30,Completed
DP101,Kiran M,ORD006525,15,Completed
DP231,Ajay Kumar,ORD006526,23,Completed
DP233,Dinesh R,ORD006527,38,Completed
DP043,Ravi Kumar,ORD006528,38,Completed
DP050,Dinesh R,ORD006529,43,Completed
DP045,Mohan Raj,ORD006530,40,Rejected
DP210,Imran Khan,ORD006531,30,Completed
DP208,Manoj Kumar,ORD006532,25,Cancelled
DP091,Suresh Kumar,ORD006533,33,Completed
DP198,Dinesh R,ORD006534,45,Completed
DP183,Lokesh K,ORD006535,13,Completed
DP099,Vijay S,ORD006536,28,Rejected
DP233,Prakash S,ORD006537,34,Completed
DP241,Nithin P,ORD006538,30,Rejected
DP036,Prakash S,ORD006539,35,Completed
DP016,Ravi Kumar,ORD006540,45,Cancelled
DP236,Ajay Kumar,ORD006541,35,Completed
DP164,Nithin P,ORD006542,31,Completed
DP041,Ravi Kumar,ORD006543,38,Completed
DP055,Prakash S,ORD006544,20,Completed
DP153,Lokesh K,ORD006545,31,Completed
DP146,Manoj Kumar,ORD006546,30,Cancelled
DP210,Lokesh K,ORD006547,24,Completed
DP093,Ajay Kumar,ORD006548,13,Completed
DP166,Imran Khan,ORD006549,17,Cancelled
DP141,Imran Khan,ORD006550,12,Completed
DP199,Dinesh R,ORD006551,35,Rejected
DP075,Lokesh K,ORD006552,32,Completed
DP033,Manoj Kumar,ORD006553,45,Cancelled
DP193,Prakash S,ORD006554,12,Completed
DP229,Ravi Kumar,ORD006555,18,Completed
DP029,Vijay S,ORD006556,43,Completed
DP208,Imran Khan,ORD006557,20,Completed
DP221,Prakash S,ORD006558,29,Completed
DP146,Suresh Kumar,ORD006559,25,Cancelled
DP146,Kiran M,ORD006560,11,Completed
DP054,Mohan Raj,ORD006561,32,Completed
DP073,Ravi Kumar,ORD006562,27,Completed
DP020,Imran Khan,ORD006563,19,Completed
DP002,Vijay S,ORD006564,39,Cancelled
DP060,Ajay Kumar,ORD006565,13,Cancelled
DP203,Prakash S,ORD006566,29,Completed
DP136,Nithin P,ORD006567,31,Completed
DP111,Mohan Raj,ORD006568,36,Completed
DP033,Ravi Kumar,ORD006569,14,Rejected
DP083,Ajay Kumar,ORD006570,29,Completed
DP117,Manoj Kumar,ORD006571,16,Rejected
DP076,Vijay S,ORD006572,32,Cancelled
DP166,Ravi Kumar,ORD006573,42,Completed
DP027,Ravi Kumar,ORD006574,37,Rejected
DP100,Suresh Kumar,ORD006575,24,Rejected
DP210,Prakash S,ORD006576,44,Rejected
DP096,Manoj Kumar,ORD006577,11,Cancelled
DP168,Dinesh R,ORD006578,21,Completed
DP076,Imran Khan,ORD006579,30,Cancelled
DP218,Suresh Kumar,ORD006580,10,Completed
DP002,Mohan Raj,ORD006581,28,Rejected
DP200,Vijay S,ORD006582,17,Completed
DP009,Manoj Kumar,ORD006583,21,Completed
DP093,Kiran M,ORD006584,37,Completed
DP054,Ravi Kumar,ORD006585,38,Completed
DP117,Vijay S,ORD006586,39,Completed
DP106,Dinesh R,ORD006587,12,Completed
DP178,Vijay S,ORD006588,13,Completed
DP168,Mohan Raj,ORD006589,33,Completed
DP163,Imran Khan,ORD006590,42,Completed
DP089,Dinesh R,ORD006591,18,Rejected
DP247,Ajay Kumar,ORD006592,20,Completed
DP227,Dinesh R,ORD006593,30,Completed
DP084,Ajay Kumar,ORD006594,41,Rejected
DP005,Ajay Kumar,ORD006595,24,Completed
DP199,Suresh Kumar,ORD006596,41,Completed
DP088,Suresh Kumar,ORD006597,24,Completed
DP171,Mohan Raj,ORD006598,12,Rejected
DP203,Lokesh K,ORD006599,17,Rejected
DP073,Ravi Kumar,ORD006600,34,Completed
DP164,Kiran M,ORD006601,33,Completed
DP049,Ajay Kumar,ORD006602,34,Cancelled
DP044,Nithin P,ORD006603,42,Completed
DP085,Manoj Kumar,ORD006604,19,Rejected
DP144,Ravi Kumar,ORD006605,28,Completed
DP016,Ajay Kumar,ORD006606,21,Completed
DP080,Suresh Kumar,ORD006607,42,Rejected
DP236,Ajay Kumar,ORD006608,11,Completed
DP098,Lokesh K,ORD006609,36,Completed
DP148,Lokesh K,ORD006610,10,Cancelled
DP034,Manoj Kumar,ORD006611,11,Cancelled
DP143,Dinesh R,ORD006612,16,Rejected
DP242,Suresh Kumar,ORD006613,32,Completed
DP213,Nithin P,ORD006614,13,Cancelled
DP038,Manoj Kumar,ORD006615,30,Rejected
DP084,Imran Khan,ORD006616,12,Completed
DP206,Vijay S,ORD006617,33,Rejected
DP175,Suresh Kumar,ORD006618,41,Completed
DP170,Ravi Kumar,ORD006619,21,Cancelled
DP191,Mohan Raj,ORD006620,40,Completed
DP168,Dinesh R,ORD006621,45,Rejected
DP080,Vijay S,ORD006622,44,Completed
DP210,Manoj Kumar,ORD006623,41,Completed
DP097,Ravi Kumar,ORD006624,33,Completed
DP091,Dinesh R,ORD006625,17,Completed
DP127,Suresh Kumar,ORD006626,30,Completed
DP198,Vijay S,ORD006627,19,Completed
DP079,Ravi Kumar,ORD006628,37,Rejected
DP092,Ravi Kumar,ORD006629,25,Completed
DP010,Dinesh R,ORD006630,25,Completed
DP076,Dinesh R,ORD006631,25,Completed
DP244,Kiran M,ORD006632,27,Completed
DP225,Manoj Kumar,ORD006633,37,Rejected
DP137,Vijay S,ORD006634,41,Cancelled
DP062,Dinesh R,ORD006635,14,Completed
DP028,Dinesh R,ORD006636,27,Cancelled
DP009,Lokesh K,ORD006637,29,Completed
DP188,Kiran M,ORD006638,23,Completed
DP140,Lokesh K,ORD006639,42,Completed
DP174,Prakash S,ORD006640,15,Completed
DP103,Vijay S,ORD006641,44,Completed
DP154,Manoj Kumar,ORD006642,43,Cancelled
DP013,Kiran M,ORD006643,11,Rejected
DP065,Ravi Kumar,ORD006644,20,Rejected
DP184,Prakash S,ORD006645,40,Rejected
DP177,Ajay Kumar,ORD006646,32,Completed
DP164,Vijay S,ORD006647,24,Completed
DP169,Nithin P,ORD006648,20,Rejected
DP113,Prakash S,ORD006649,45,Completed
DP047,Nithin P,ORD006650,14,Completed
DP058,Imran Khan,ORD006651,40,Rejected
DP009,Manoj Kumar,ORD006652,15,Completed
DP147,Nithin P,ORD006653,42,Completed
DP027,Ajay Kumar,ORD006654,43,Completed
DP143,Mohan Raj,ORD006655,19,Completed
DP063,Nithin P,ORD006656,19,Completed
DP212,Suresh Kumar,ORD006657,22,Completed
DP163,Ajay Kumar,ORD006658,35,Completed
DP011,Mohan Raj,ORD006659,43,Completed
DP089,Prakash S,ORD006660,44,Completed
DP058,Suresh Kumar,ORD006661,12,Completed
DP248,Vijay S,ORD006662,44,Rejected
DP089,Manoj Kumar,ORD006663,31,Rejected
DP109,Dinesh R,ORD006664,32,Completed
DP133,Prakash S,ORD006665,15,Cancelled
DP194,Kiran M,ORD006666,35,Rejected
DP203,Lokesh K,ORD006667,40,Completed
DP068,Ravi Kumar,ORD006668,42,Completed
DP231,Prakash S,ORD006669,31,Cancelled
DP125,Prakash S,ORD006670,19,Completed
DP023,Suresh Kumar,ORD006671,19,Completed
DP062,Mohan Raj,ORD006672,44,Completed
DP223,Nithin P,ORD006673,35,Completed
DP168,Nithin P,ORD006674,23,Cancelled
DP167,Manoj Kumar,ORD006675,37,Completed
DP192,Ravi Kumar,ORD006676,16,Cancelled
DP198,Lokesh K,ORD006677,11,Completed
DP048,Suresh Kumar,ORD006678,33,Cancelled
DP175,Ravi Kumar,ORD006679,37,Completed
DP195,Mohan Raj,ORD006680,45,Completed
DP085,Prakash S,ORD006681,20,Completed
DP167,Lokesh K,ORD006682,36,Cancelled
DP100,Lokesh K,ORD006683,17,Completed
DP050,Kiran M,ORD006684,12,Completed
DP050,Nithin P,ORD006685,15,Completed
DP042,Imran Khan,ORD006686,39,Completed
DP036,Manoj Kumar,ORD006687,26,Completed
DP095,Vijay S,ORD006688,39,Completed
DP228,Kiran M,ORD006689,44,Completed
DP160,Suresh Kumar,ORD006690,17,Cancelled
DP199,Manoj Kumar,ORD006691,42,Rejected
DP125,Kiran M,ORD006692,23,Rejected
DP042,Prakash S,ORD006693,21,Completed
DP197,Prakash S,ORD006694,26,Cancelled
DP015,Ajay Kumar,ORD006695,38,Rejected
DP040,Vijay S,ORD006696,13,Cancelled
DP127,Imran Khan,ORD006697,42,Rejected
DP001,Lokesh K,ORD006698,13,Completed
DP114,Imran Khan,ORD006699,26,Completed
DP211,Manoj Kumar,ORD006700,30,Completed
DP072,Suresh Kumar,ORD006701,43,Rejected
DP195,Vijay S,ORD006702,13,Completed
DP120,Manoj Kumar,ORD006703,22,Cancelled
DP244,Dinesh R,ORD006704,17,Completed
DP090,Ravi Kumar,ORD006705,40,Rejected
DP122,Suresh Kumar,ORD006706,34,Completed
DP030,Ravi Kumar,ORD006707,37,Rejected
DP102,Lokesh K,ORD006708,27,Rejected
DP035,Mohan Raj,ORD006709,37,Rejected
DP192,Nithin P,ORD006710,21,Cancelled
DP122,Kiran M,ORD006711,33,Completed
DP172,Imran Khan,ORD006712,24,Rejected
DP043,Prakash S,ORD006713,24,Cancelled
DP192,Ravi Kumar,ORD006714,25,Cancelled
DP020,Suresh Kumar,ORD006715,39,Cancelled
DP244,Prakash S,ORD006716,24,Rejected
DP146,Kiran M,ORD006717,32,Completed
DP076,Kiran M,ORD006718,13,Completed
DP060,Nithin P,ORD006719,29,Completed
DP076,Manoj Kumar,ORD006720,29,Completed
DP209,Ravi Kumar,ORD006721,37,Completed
DP141,Vijay S,ORD006722,34,Rejected
DP146,Prakash S,ORD006723,45,Completed
DP035,Lokesh K,ORD006724,31,Cancelled
DP065,Lokesh K,ORD006725,40,Completed
DP136,Mohan Raj,ORD006726,43,Completed
DP221,Suresh Kumar,ORD006727,19,Completed
DP195,Lokesh K,ORD006728,44,Completed
DP167,Mohan Raj,ORD006729,31,Completed
DP173,Dinesh R,ORD006730,12,Completed
DP244,Mohan Raj,ORD006731,41,Cancelled
DP208,Ravi Kumar,ORD006732,14,Completed
DP145,Vijay S,ORD006733,25,Rejected
DP171,Lokesh K,ORD006734,14,Cancelled
DP156,Lokesh K,ORD006735,43,Completed
DP176,Ajay Kumar,ORD006736,14,Cancelled
DP024,Suresh Kumar,ORD006737,25,Completed
DP156,Lokesh K,ORD006738,42,Completed
DP123,Dinesh R,ORD006739,18,Completed
DP197,Prakash S,ORD006740,27,Completed
DP169,Lokesh K,ORD006741,21,Rejected
DP140,Ravi Kumar,ORD006742,14,Completed
DP180,Prakash S,ORD006743,15,Cancelled
DP218,Lokesh K,ORD006744,14,Completed
DP137,Ajay Kumar,ORD006745,34,Completed
DP220,Suresh Kumar,ORD006746,16,Cancelled
DP215,Mohan Raj,ORD006747,14,Rejected
DP008,Vijay S,ORD006748,30,Completed
DP185,Ravi Kumar,ORD006749,42,Completed
DP212,Imran Khan,ORD006750,24,Cancelled
DP058,Suresh Kumar,ORD006751,39,Completed
DP244,Prakash S,ORD006752,27,Completed
DP232,Manoj Kumar,ORD006753,12,Completed
DP120,Manoj Kumar,ORD006754,45,Completed
DP052,Prakash S,ORD006755,41,Cancelled
DP030,Ajay Kumar,ORD006756,32,Cancelled
DP227,Suresh Kumar,ORD006757,25,Completed
DP080,Mohan Raj,ORD006758,35,Cancelled
DP012,Suresh Kumar,ORD006759,36,Completed
DP083,Nithin P,ORD006760,45,Completed
DP035,Lokesh K,ORD006761,28,Rejected
DP131,Prakash S,ORD006762,34,Cancelled
DP129,Ravi Kumar,ORD006763,12,Completed
DP229,Nithin P,ORD006764,28,Cancelled
DP155,Mohan Raj,ORD006765,30,Rejected
DP208,Prakash S,ORD006766,31,Completed
DP207,Nithin P,ORD006767,31,Completed
DP011,Kiran M,ORD006768,39,Completed
DP131,Nithin P,ORD006769,39,Cancelled
DP151,Mohan Raj,ORD006770,21,Rejected
DP055,Suresh Kumar,ORD006771,14,Completed
DP207,Imran Khan,ORD006772,15,Completed
DP174,Suresh Kumar,ORD006773,30,Completed
DP075,Kiran M,ORD006774,40,Completed
DP245,Lokesh K,ORD006775,16,Completed
DP158,Ajay Kumar,ORD006776,35,Completed
DP175,Imran Khan,ORD006777,32,Completed
DP246,Lokesh K,ORD006778,45,Cancelled
DP078,Lokesh K,ORD006779,45,Completed
DP176,Suresh Kumar,ORD006780,17,Completed
DP022,Prakash S,ORD006781,35,Rejected
DP218,Kiran M,ORD006782,15,Completed
DP101,Mohan Raj,ORD006783,41,Completed
DP063,Prakash S,ORD006784,30,Completed
DP087,Imran Khan,ORD006785,24,Completed
DP208,Kiran M,ORD006786,15,Completed
DP035,Kiran M,ORD006787,40,Completed
DP082,Ajay Kumar,ORD006788,24,Completed
DP073,,ORD006789,17,Completed
DP182,Manoj Kumar,ORD006790,32,Completed
DP225,Imran Khan,ORD006791,10,Completed
DP016,Prakash S,ORD006792,23,Rejected
DP221,Imran Khan,ORD006793,13,Completed
DP102,Dinesh R,ORD006794,10,Rejected
DP165,Imran Khan,ORD006795,12,Completed
DP049,Nithin P,ORD006796,22,Completed
DP123,Kiran M,ORD006797,27,Completed
DP214,Kiran M,ORD006798,21,Completed
DP089,Manoj Kumar,ORD006799,36,Completed
DP060,Ajay Kumar,ORD006800,38,Completed
DP061,Nithin P,ORD006801,22,Completed
DP087,Dinesh R,ORD006802,32,Completed
DP048,Dinesh R,ORD006803,31,Cancelled
DP049,Nithin P,ORD006804,35,Rejected
DP155,Lokesh K,ORD006805,32,Completed
DP023,Dinesh R,ORD006806,28,Completed
DP140,Vijay S,ORD006807,18,Completed
DP168,Ravi Kumar,ORD006808,31,Completed
DP103,Ravi Kumar,ORD006809,37,Completed
DP021,Mohan Raj,ORD006810,32,Completed
DP181,Prakash S,ORD006811,45,Cancelled
DP106,Suresh Kumar,ORD006812,32,Completed
DP170,Ravi Kumar,ORD006813,45,Cancelled
DP160,Prakash S,ORD006814,33,Completed
DP177,Ravi Kumar,ORD006815,15,Rejected
DP133,Vijay S,ORD006816,41,Cancelled
DP220,Vijay S,ORD006817,16,Completed
DP057,Vijay S,ORD006818,18,Completed
DP105,Kiran M,ORD006819,39,Completed
DP246,Nithin P,ORD006820,22,Completed
DP231,Prakash S,ORD006821,45,Cancelled
DP183,Dinesh R,ORD006822,27,Rejected
DP124,Prakash S,ORD006823,40,Cancelled
DP117,Lokesh K,ORD006824,10,Cancelled
DP144,Vijay S,ORD006825,16,Cancelled
DP073,Kiran M,ORD006826,19,Completed
DP243,Nithin P,ORD006827,23,Completed
DP121,Vijay S,ORD006828,34,Completed
DP224,Imran Khan,ORD006829,35,Completed
DP031,Dinesh R,ORD006830,28,Completed
DP058,Mohan Raj,ORD006831,33,Completed
DP188,Nithin P,ORD006832,40,Rejected
DP195,Kiran M,ORD006833,33,Rejected
DP115,Suresh Kumar,ORD006834,30,Completed
DP004,Mohan Raj,ORD006835,20,Rejected
DP010,Kiran M,ORD006836,18,Completed
DP009,Ravi Kumar,ORD006837,35,Rejected
DP207,Kiran M,ORD006838,18,Rejected
DP045,Prakash S,ORD006839,25,Rejected
DP021,Manoj Kumar,ORD006840,39,Completed
DP105,Prakash S,ORD006841,40,Cancelled
DP022,Ajay Kumar,ORD006842,34,Rejected
DP108,Nithin P,ORD006843,10,Completed
DP220,Ravi Kumar,ORD006844,19,Completed
DP199,Vijay S,ORD006845,43,Completed
DP091,Vijay S,ORD006846,38,Completed
DP243,Mohan Raj,ORD006847,21,Completed
DP054,Dinesh R,ORD006848,45,Completed
DP200,Mohan Raj,ORD006849,23,Rejected
DP249,Imran Khan,ORD006850,27,Cancelled
DP160,Manoj Kumar,ORD006851,18,Completed
DP021,Imran Khan,ORD006852,26,Completed
DP160,Lokesh K,ORD006853,38,Completed
DP186,Ajay Kumar,ORD006854,29,Rejected
DP071,Nithin P,ORD006855,27,Cancelled
DP221,Dinesh R,ORD006856,11,Cancelled
DP061,Prakash S,ORD006857,10,Rejected
DP147,Dinesh R,ORD006858,24,Completed
DP173,Dinesh R,ORD006859,39,Completed
DP218,Ajay Kumar,ORD006860,30,Rejected
DP221,Lokesh K,ORD006861,33,Completed
DP249,Ravi Kumar,ORD006862,21,Completed
DP239,Dinesh R,ORD006863,31,Rejected
DP023,Nithin P,ORD006864,36,Completed
DP244,Ajay Kumar,ORD006865,45,Rejected
DP101,Ravi Kumar,ORD006866,27,Cancelled
DP061,Nithin P,ORD006867,11,Completed
DP211,Lokesh K,ORD006868,31,Completed
DP152,Dinesh R,ORD006869,31,Completed
DP126,Lokesh K,ORD006870,16,Completed
DP233,Vijay S,ORD006871,15,Rejected
DP082,Lokesh K,ORD006872,40,Completed
DP054,Nithin P,ORD006873,41,Completed
DP075,Dinesh R,ORD006874,18,Cancelled
DP101,Prakash S,ORD006875,45,Rejected
DP064,Lokesh K,ORD006876,31,Cancelled
DP029,Ravi Kumar,ORD006877,15,Completed
DP132,Nithin P,ORD006878,27,Cancelled
DP165,Suresh Kumar,ORD006879,15,Rejected
DP143,Vijay S,ORD006880,39,Completed
DP221,Ravi Kumar,ORD006881,25,Completed
DP077,Nithin P,ORD006882,18,Completed
DP180,Lokesh K,ORD006883,39,Completed
DP091,Ravi Kumar,ORD006884,13,Completed
DP215,Prakash S,ORD006885,12,Completed
DP013,Mohan Raj,ORD006886,26,Rejected
DP169,Nithin P,ORD006887,17,Rejected
DP147,Vijay S,ORD006888,10,Completed
DP241,Kiran M,ORD006889,15,Rejected
DP224,Mohan Raj,ORD006890,23,Completed
DP098,Suresh Kumar,ORD006891,12,Completed
DP210,Mohan Raj,ORD006892,12,Completed
DP223,Imran Khan,ORD006893,30,Completed
DP187,Kiran M,ORD006894,36,Cancelled
DP081,Kiran M,ORD006895,45,Completed
DP148,Dinesh R,ORD006896,10,Completed
DP105,Vijay S,ORD006897,21,Rejected
DP111,Prakash S,ORD006898,28,Completed
DP091,Kiran M,ORD006899,31,Completed
DP086,Manoj Kumar,ORD006900,30,Completed
DP001,Mohan Raj,ORD006901,35,Completed
DP246,Vijay S,ORD006902,38,Cancelled
DP094,Suresh Kumar,ORD006903,20,Completed
DP127,Ajay Kumar,ORD006904,43,Completed
DP164,Ravi Kumar,ORD006905,41,Completed
DP063,Kiran M,ORD006906,30,Completed
DP008,Kiran M,ORD006907,25,Completed
DP047,Ravi Kumar,ORD006908,34,Cancelled
DP024,Ajay Kumar,ORD006909,40,Cancelled
DP178,Mohan Raj,ORD006910,11,Completed
DP027,Ravi Kumar,ORD006911,39,Completed
DP059,Imran Khan,ORD006912,27,Completed
DP025,Kiran M,ORD006913,31,Cancelled
DP127,Lokesh K,ORD006914,36,Cancelled
DP159,Kiran M,ORD006915,37,Completed
DP063,Prakash S,ORD006916,24,Completed
DP040,Suresh Kumar,ORD006917,26,Completed
DP096,Lokesh K,ORD006918,13,Rejected
DP180,Kiran M,ORD006919,38,Completed
DP205,Nithin P,ORD006920,36,Rejected
DP221,Dinesh R,ORD006921,30,Cancelled
DP032,Ajay Kumar,ORD006922,12,Completed
DP112,Nithin P,ORD006923,29,Rejected
DP217,Suresh Kumar,ORD006924,19,Completed
DP103,Imran Khan,ORD006925,19,Completed
DP181,Vijay S,ORD006926,42,Completed
DP079,Mohan Raj,ORD006927,-5,Cancelled
DP161,Imran Khan,ORD006928,16,Cancelled
DP061,Prakash S,ORD006929,18,Rejected
DP136,Suresh Kumar,ORD006930,38,Cancelled
DP105,Suresh Kumar,ORD006931,25,Completed
DP103,Lokesh K,ORD006932,41,Rejected
DP109,Ajay Kumar,ORD006933,13,Completed
DP119,Manoj Kumar,ORD006934,22,Completed
DP087,Kiran M,ORD006935,38,Completed
DP112,Suresh Kumar,ORD006936,16,Completed
DP200,Lokesh K,ORD006937,41,Completed
DP188,Prakash S,ORD006938,28,Cancelled
DP072,Nithin P,ORD006939,41,Completed
DP196,Dinesh R,ORD006940,42,Rejected
DP042,Nithin P,ORD006941,26,Completed
DP209,Manoj Kumar,ORD006942,34,Rejected
DP195,Manoj Kumar,ORD006943,14,Completed
DP107,Mohan Raj,ORD006944,12,Completed
DP024,Ajay Kumar,ORD006945,22,Completed
DP248,Ajay Kumar,ORD006946,23,Cancelled
DP190,Vijay S,ORD006947,44,Completed
DP012,Imran Khan,ORD006948,25,Completed
DP177,Manoj Kumar,ORD006949,33,Rejected
DP245,Ajay Kumar,ORD006950,26,Completed
DP130,Ravi Kumar,ORD006951,32,Completed
DP090,Nithin P,ORD006952,10,Completed
DP227,Imran Khan,ORD006953,25,Completed
DP033,Mohan Raj,ORD006954,11,Rejected
DP069,Lokesh K,ORD006955,19,Cancelled
DP082,Manoj Kumar,ORD006956,37,Cancelled
DP207,Dinesh R,ORD006957,31,Rejected
DP102,Prakash S,ORD006958,26,Cancelled
DP130,Dinesh R,ORD006959,41,Completed
DP237,Imran Khan,ORD006960,29,Cancelled
DP008,Vijay S,ORD006961,30,Completed
DP126,Lokesh K,ORD006962,39,Completed
DP092,Imran Khan,ORD006963,15,Completed
DP004,Suresh Kumar,ORD006964,32,Rejected
DP117,Ajay Kumar,ORD006965,41,Completed
DP187,Prakash S,ORD006966,10,Completed
DP198,Ajay Kumar,ORD006967,25,Cancelled
DP224,Vijay S,ORD006968,34,Cancelled
DP110,Manoj Kumar,ORD006969,26,Rejected
DP056,Vijay S,ORD006970,27,Completed
DP190,Ravi Kumar,ORD006971,15,Rejected
DP245,Imran Khan,ORD006972,44,Completed
DP237,Mohan Raj,ORD006973,28,Rejected
DP164,Nithin P,ORD006974,34,Cancelled
DP202,Mohan Raj,ORD006975,30,Completed
DP203,Manoj Kumar,ORD006976,34,Cancelled
DP002,Lokesh K,ORD006977,34,Completed
DP037,Prakash S,ORD006978,32,Completed
DP118,Prakash S,ORD006979,31,Completed
DP171,Mohan Raj,ORD006980,40,Completed
DP088,Manoj Kumar,ORD006981,21,Cancelled
DP125,Lokesh K,ORD006982,36,Cancelled
DP241,Prakash S,ORD006983,27,Completed
DP028,Vijay S,ORD006984,45,Cancelled
DP212,Lokesh K,ORD006985,15,Completed
DP154,Vijay S,ORD006986,23,Cancelled
DP122,Lokesh K,ORD006987,21,Completed
DP124,Ravi Kumar,ORD006988,17,Completed
DP061,Ravi Kumar,ORD006989,28,Rejected
DP135,Suresh Kumar,ORD006990,22,Cancelled
DP055,Kiran M,ORD006991,43,Completed
DP216,Nithin P,ORD006992,30,Completed
DP165,Dinesh R,ORD006993,29,Completed
DP080,Vijay S,ORD006994,39,Completed
DP056,Ravi Kumar,ORD006995,11,Cancelled
DP019,Ajay Kumar,ORD006996,35,Rejected
DP217,Imran Khan,ORD006997,39,Completed
DP137,Kiran M,ORD006998,42,Completed
DP210,Dinesh R,ORD006999,45,Completed
DP090,Mohan Raj,ORD007000,20,Completed
DP041,Nithin P,ORD007001,45,Completed
DP050,Vijay S,ORD007002,37,Rejected
DP172,Imran Khan,ORD007003,22,Completed
DP167,Manoj Kumar,ORD007004,30,Completed
DP087,Dinesh R,ORD007005,17,Completed
DP148,Manoj Kumar,ORD007006,32,Completed
DP209,Nithin P,ORD007007,30,Completed
DP100,Lokesh K,ORD007008,14,Completed
DP179,Prakash S,ORD007009,33,Completed
DP207,Imran Khan,ORD007010,23,Completed
DP040,Manoj Kumar,ORD007011,10,Cancelled
DP205,Ajay Kumar,ORD007012,12,Rejected
DP142,Manoj Kumar,ORD007013,29,Completed
DP065,Vijay S,ORD007014,40,Completed
DP141,Nithin P,ORD007015,16,Completed
DP171,Manoj Kumar,ORD007016,13,Completed
DP199,Mohan Raj,ORD007017,44,Completed
DP149,Lokesh K,ORD007018,37,Cancelled
DP234,Dinesh R,ORD007019,24,Rejected
DP030,Ajay Kumar,ORD007020,19,Completed
DP088,Mohan Raj,ORD007021,37,Completed
DP111,Manoj Kumar,ORD007022,40,Cancelled
DP181,Nithin P,ORD007023,29,Completed
DP049,Vijay S,ORD007024,39,Completed
DP202,Ravi Kumar,ORD007025,10,Rejected
DP065,Suresh Kumar,ORD007026,18,Completed
DP142,Lokesh K,ORD007027,42,Completed
DP212,Lokesh K,ORD007028,14,Completed
DP225,Ravi Kumar,ORD007029,40,Completed
DP197,Prakash S,ORD007030,33,Completed
DP035,Manoj Kumar,ORD007031,24,Completed
DP199,Prakash S,ORD007032,14,Rejected
DP072,Ajay Kumar,ORD007033,28,Completed
DP095,Kiran M,ORD007034,44,Completed
DP060,Kiran M,ORD007035,14,Rejected
DP083,Ajay Kumar,ORD007036,27,Cancelled
DP171,Prakash S,ORD007037,33,Completed
DP079,Mohan Raj,ORD007038,43,Completed
DP043,Mohan Raj,ORD007039,44,Cancelled
DP167,Ravi Kumar,ORD007040,28,Cancelled
DP153,Nithin P,ORD007041,15,Completed
DP016,Vijay S,ORD007042,21,Cancelled
DP102,Dinesh R,ORD007043,36, Rejected 
DP018,Ravi Kumar,ORD007044,28,Completed
DP085,Mohan Raj,ORD007045,29,Completed
DP225,Dinesh R,ORD007046,35,Completed
DP096,Manoj Kumar,ORD007047,22,Completed
DP175,Manoj Kumar,ORD007048,19,Completed
DP005,Dinesh R,ORD007049,31,Completed
DP168,Nithin P,ORD007050,25,Cancelled
DP067,Manoj Kumar,ORD007051,19,Completed
DP036,Kiran M,ORD007052,26,Cancelled
DP096,Nithin P,ORD007053,11,Cancelled
DP095,Manoj Kumar,ORD007054,12,Rejected
DP138,Kiran M,ORD007055,40,Completed
DP071,Kiran M,ORD007056,29,Completed
DP110,Lokesh K,ORD007057,10,Rejected
DP035,Kiran M,ORD007058,25,Completed
DP178,Manoj Kumar,ORD007059,37,Completed
DP199,Nithin P,ORD007060,40,Completed
DP024,Kiran M,ORD007061,18,Rejected
DP011,Manoj Kumar,ORD007062,37,Completed
DP051,Kiran M,ORD007063,18,Completed
DP114,Ajay Kumar,ORD007064,18,Completed
DP112,Imran Khan,ORD007065,16,Completed
DP110,Dinesh R,ORD007066,25,Rejected
DP030,Imran Khan,ORD007067,35,Completed
DP174,Lokesh K,ORD007068,38,Completed
DP205,Suresh Kumar,ORD007069,10,Rejected
DP049,Dinesh R,ORD007070,13,Completed
DP032,Prakash S,ORD007071,-5,Cancelled
DP237,Dinesh R,ORD007072,17,Completed
DP032,Lokesh K,ORD007073,35,Rejected
DP083,Ravi Kumar,ORD007074,17,Completed
DP233,Dinesh R,ORD007075,42,Completed
DP037,Imran Khan,ORD007076,16,Cancelled
DP119,Ravi Kumar,ORD007077,21,Completed
DP145,Dinesh R,ORD007078,42,Rejected
DP064,Lokesh K,ORD007079,40,Completed
DP013,Suresh Kumar,ORD007080,23,Completed
DP141,Lokesh K,ORD007081,17,Rejected
DP189,Mohan Raj,ORD007082,23,Rejected
DP081,Ravi Kumar,ORD007083,31,Rejected
DP242,Suresh Kumar,ORD007084,34,Completed
DP069,Ajay Kumar,ORD007085,45,Completed
DP221,Mohan Raj,ORD007086,17,Rejected
DP207,Imran Khan,ORD007087,30,Cancelled
DP093,Dinesh R,ORD007088,23,Completed
DP081,Manoj Kumar,ORD007089,24,Rejected
DP107,Kiran M,ORD007090,20,Completed
DP240,Ravi Kumar,ORD007091,13,Rejected
DP101,Kiran M,ORD007092,15,Cancelled
DP078,Kiran M,ORD007093,23,Cancelled
DP035,Prakash S,ORD007094,37,Completed
DP066,Lokesh K,ORD007095,33,Completed
DP135,Kiran M,ORD007096,10,Rejected
DP062,Dinesh R,ORD007097,30,Completed
DP156,Imran Khan,ORD007098,23,Cancelled
DP110,Ajay Kumar,ORD007099,24,Cancelled
DP097,Ajay Kumar,ORD007100,-5,Completed
DP026,Kiran M,ORD007101,24,Completed
DP206,Dinesh R,ORD007102,28,Completed
DP023,Ravi Kumar,ORD007103,42,Cancelled
DP074,Nithin P,ORD007104,24,Completed
DP088,Ajay Kumar,ORD007105,10,Cancelled
DP173,Imran Khan,ORD007106,36,Completed
DP085,Mohan Raj,ORD007107,18,Completed
DP024,Prakash S,ORD007108,36,Completed
DP002,Suresh Kumar,ORD007109,16,Completed
DP039,Suresh Kumar,ORD007110,24,Cancelled
DP039,Suresh Kumar,ORD007111,19,Completed
DP204,Vijay S,ORD007112,40,Completed
DP184,Imran Khan,ORD007113,20,Completed
DP121,Mohan Raj,ORD007114,20,Completed
DP114,Vijay S,ORD007115,20,Completed
DP009,Dinesh R,ORD007116,16,Completed
DP208,Mohan Raj,ORD007117,42,Completed
DP175,Imran Khan,ORD007118,21,Completed
DP181,Suresh Kumar,ORD007119,13,Completed
DP019,Suresh Kumar,ORD007120,22,Rejected
DP247,Prakash S,ORD007121,23,Completed
DP030,Suresh Kumar,ORD007122,20,Completed
DP246,Dinesh R,ORD007123,17,Rejected
DP119,Lokesh K,ORD007124,31,Completed
DP079,Suresh Kumar,ORD007125,24,Cancelled
DP178,Lokesh K,ORD007126,32,Completed
DP113,Mohan Raj,ORD007127,21,Completed
DP218,Manoj Kumar,ORD007128,38,Completed
DP063,Nithin P,ORD007129,36,Completed
DP185,Manoj Kumar,ORD007130,20,Completed
DP233,Kiran M,ORD007131,14,Cancelled
DP055,Dinesh R,ORD007132,10,Completed
DP033,Mohan Raj,ORD007133,20,Completed
DP033,Kiran M,ORD007134,22,Completed
DP100,Manoj Kumar,ORD007135,23,Cancelled
DP179,Ajay Kumar,ORD007136,15,Completed
DP115,Nithin P,ORD007137,11,Cancelled
DP027,Ajay Kumar,ORD007138,14,Completed
DP238,Vijay S,ORD007139,12,Cancelled
DP135,Mohan Raj,ORD007140,44,Completed
DP100,Manoj Kumar,ORD007141,18,Cancelled
DP218,Ravi Kumar,ORD007142,42,Completed
DP169,Nithin P,ORD007143,22,Rejected
DP058,Kiran M,ORD007144,32,Completed
DP196,Nithin P,ORD007145,43,Completed
DP190,Manoj Kumar,ORD007146,15,Completed
DP185,Ajay Kumar,ORD007147,12,Completed
DP186,Kiran M,ORD007148,27,Completed
DP239,Mohan Raj,ORD007149,31,Completed
DP101,Mohan Raj,ORD007150,18,Rejected
DP105,Lokesh K,ORD007151,20,Completed
DP040,Kiran M,ORD007152,29,Completed
DP204,Manoj Kumar,ORD007153,17,Rejected
DP195,Dinesh R,ORD007154,24,Completed
DP020,Lokesh K,ORD007155,21,Cancelled
DP082,Vijay S,ORD007156,33,Completed
DP107,Ravi Kumar,ORD007157,23,Cancelled
DP080,Manoj Kumar,ORD007158,12,Cancelled
DP174,Mohan Raj,ORD007159,39,Cancelled
DP238,Ajay Kumar,ORD007160,18,Completed
DP200,Prakash S,ORD007161,40,Rejected
DP021,Prakash S,ORD007162,17,Completed
DP230,Prakash S,ORD007163,31,Cancelled
DP173,Lokesh K,ORD007164,18,Completed
DP143,Manoj Kumar,ORD007165,35,Completed
DP249,Manoj Kumar,ORD007166,42,Completed
DP038,Lokesh K,ORD007167,16,Completed
DP136,Manoj Kumar,ORD007168,22,Completed
DP050,Imran Khan,ORD007169,39,Completed
DP013,Suresh Kumar,ORD007170,16,Completed
DP110,Ajay Kumar,ORD007171,32,Completed
DP222,Manoj Kumar,ORD007172,27,Completed
DP009,Kiran M,ORD007173,25,Rejected
DP160,Lokesh K,ORD007174,16,Rejected
DP136,Lokesh K,ORD007175,33,Cancelled
DP223,Mohan Raj,ORD007176,21,Completed
DP002,Prakash S,ORD007177,28,Cancelled
DP005,Vijay S,ORD007178,36,Rejected
DP076,Kiran M,ORD007179,13,Cancelled
DP116,Prakash S,ORD007180,32,Completed
DP103,Suresh Kumar,ORD007181,18,Completed
DP101,Ajay Kumar,ORD007182,37,Completed
DP083,Nithin P,ORD007183,38,Completed
DP240,Ajay Kumar,ORD007184,15,Rejected
DP057,Ajay Kumar,ORD007185,37,Completed
DP123,Dinesh R,ORD007186,33,Cancelled
DP149,Vijay S,ORD007187,42,Rejected
DP020,Ravi Kumar,ORD007188,14,Rejected
DP204,Nithin P,ORD007189,21,Rejected
DP127,Kiran M,ORD007190,23,Rejected
DP052,Lokesh K,ORD007191,32,Completed
DP150,Kiran M,ORD007192,24,Rejected
DP114,Prakash S,ORD007193,19,Completed
DP031,Dinesh R,ORD007194,28,Completed
DP151,Mohan Raj,ORD007195,44,Completed
DP124,Mohan Raj,ORD007196,13,Completed
DP136,Suresh Kumar,ORD007197,11,Completed
DP039,Mohan Raj,ORD007198,19,Completed
DP174,Mohan Raj,ORD007199,40,Completed
DP027,Manoj Kumar,ORD007200,36,Completed
DP244,Mohan Raj,ORD007201,18,Completed
DP020,Kiran M,ORD007202,31,Completed
DP162,Lokesh K,ORD007203,32,Completed
DP162,Prakash S,ORD007204,45,Completed
DP073,Manoj Kumar,ORD007205,33,Completed
DP051,Lokesh K,ORD007206,29,Completed
DP114,Ravi Kumar,ORD007207,44,Completed
DP036,Nithin P,ORD007208,16,Cancelled
DP009,Ravi Kumar,ORD007209,23,Cancelled
DP034,Suresh Kumar,ORD007210,31,Completed
DP084,Nithin P,ORD007211,24,Completed
DP065,Mohan Raj,ORD007212,12,Completed
DP064,Imran Khan,ORD007213,26,Completed
DP196,Ravi Kumar,ORD007214,42,Completed
DP010,Nithin P,ORD007215,43,Completed
DP102,Kiran M,ORD007216,33,Completed
DP199,Ravi Kumar,ORD007217,36,Completed
DP179,Vijay S,ORD007218,31,Completed
DP050,Imran Khan,ORD007219,13,Completed
DP155,Nithin P,ORD007220,39,Cancelled
DP008,Ajay Kumar,ORD007221,42,Rejected
DP015,Lokesh K,ORD007222,41,Completed
DP007,Mohan Raj,ORD007223,19,Completed
DP029,Mohan Raj,ORD007224,12,Completed
DP086,Imran Khan,ORD007225,45,Completed
DP055,Suresh Kumar,ORD007226,37,Completed
DP223,Vijay S,ORD007227,34,Completed
DP230,Imran Khan,ORD007228,42,Completed
DP045,Vijay S,ORD007229,39,Completed
DP089,Lokesh K,ORD007230,13,Completed
DP027,Prakash S,ORD007231,26,Rejected
DP220,Prakash S,ORD007232,30,Cancelled
DP204,Kiran M,ORD007233,32,Completed
DP002,Vijay S,ORD007234,11,Completed
DP105,Dinesh R,ORD007235,27,Cancelled
DP086,Suresh Kumar,ORD007236,14,Completed
DP145,Lokesh K,ORD007237,33,Completed
DP088,Mohan Raj,ORD007238,26,Rejected
DP163,Mohan Raj,ORD007239,45,Completed
DP053,Prakash S,ORD007240,12,Completed
DP008,Nithin P,ORD007241,38,Rejected
DP183,Manoj Kumar,ORD007242,39,Completed
DP249,Vijay S,ORD007243,39,Cancelled
DP178,Nithin P,ORD007244,29,Completed
DP230,Ajay Kumar,ORD007245,17,Rejected
DP110,Kiran M,ORD007246,14,Rejected
DP021,Manoj Kumar,ORD007247,15,Rejected
DP007,Mohan Raj,ORD007248,15,Completed
DP130,Lokesh K,ORD007249,26,Cancelled
DP063,Prakash S,ORD007250,41,Completed
DP014,Mohan Raj,ORD007251,41,Cancelled
DP147,Dinesh R,ORD007252,31,Completed
DP074,Kiran M,ORD007253,17,Completed
DP221,Prakash S,ORD007254,37,Cancelled
DP122,Suresh Kumar,ORD007255,37,Completed
DP110,Nithin P,ORD007256,38,Completed
DP118,Lokesh K,ORD007257,40,Completed
DP101,Kiran M,ORD007258,29,Rejected
DP158,Mohan Raj,ORD007259,27,Completed
DP156,Prakash S,ORD007260,43,Completed
DP031,Dinesh R,ORD007261,20,Completed
DP126,Manoj Kumar,ORD007262,10,Rejected
DP007,Ravi Kumar,ORD007263,23,Completed
DP183,Nithin P,ORD007264,43,Rejected
DP007,Mohan Raj,ORD007265,40,Cancelled
DP189,Kiran M,ORD007266,19,Completed
DP087,Vijay S,ORD007267,36,Completed
DP229,Ajay Kumar,ORD007268,11,Cancelled
DP219,Lokesh K,ORD007269,31,Completed
DP235,Ajay Kumar,ORD007270,26,Completed
DP019,Kiran M,ORD007271,12,Completed
DP238,Suresh Kumar,ORD007272,37,Cancelled
DP094,Vijay S,ORD007273,26,Completed
DP230,Mohan Raj,ORD007274,22,Completed
DP114,Vijay S,ORD007275,30,Rejected
DP091,Ajay Kumar,ORD007276,22,Completed
DP153,Imran Khan,ORD007277,17,Cancelled
DP174,Ajay Kumar,ORD007278,14,Completed
DP230,Ajay Kumar,ORD007279,38,Cancelled
DP056,Kiran M,ORD007280,41,Completed
DP175,Ravi Kumar,ORD007281,12,Cancelled
DP141,Prakash S,ORD007282,23,Completed
DP110,Imran Khan,ORD007283,24,Rejected
DP247,Imran Khan,ORD007284,36,Cancelled
DP151,Dinesh R,ORD007285,15,Rejected
DP187,Ravi Kumar,ORD007286,15,Rejected
DP237,Kiran M,ORD007287,11,Completed
DP042,Ravi Kumar,ORD007288,14,Rejected
DP184,Mohan Raj,ORD007289,38,Completed
DP089,Kiran M,ORD007290,18,Cancelled
DP226,Prakash S,ORD007291,22,Completed
DP219,Nithin P,ORD007292,18,Completed
DP085,Lokesh K,ORD007293,36,Rejected
DP143,Mohan Raj,ORD007294,17,Cancelled
DP050,Ravi Kumar,ORD007295,36,Rejected
DP155,Ravi Kumar,ORD007296,16,Completed
DP081,Imran Khan,ORD007297,11,Completed
DP096,Manoj Kumar,ORD007298,26,Cancelled
DP203,Prakash S,ORD007299,40,Rejected
DP125,Lokesh K,ORD007300,32,Completed
DP031,Lokesh K,ORD007301,17,Completed
DP144,Kiran M,ORD007302,22,Cancelled
DP009,Prakash S,ORD007303,17,Rejected
DP167,Kiran M,ORD007304,14,Completed
DP078,Vijay S,ORD007305,29,Cancelled
DP018,Dinesh R,ORD007306,11,Cancelled
DP153,Ravi Kumar,ORD007307,16,Completed
DP043,Lokesh K,ORD007308,15,Rejected
DP196,Mohan Raj,ORD007309,16,Completed
DP153,Mohan Raj,ORD007310,23,Completed
DP025,Mohan Raj,ORD007311,10,Completed
DP212,Prakash S,ORD007312,15,Completed
DP129,Prakash S,ORD007313,16,Completed
DP225,Ajay Kumar,ORD007314,39,Completed
DP100,Imran Khan,ORD007315,43,Cancelled
DP234,Dinesh R,ORD007316,26,Cancelled
DP046,Ravi Kumar,ORD007317,28,Completed
DP077,Suresh Kumar,ORD007318,38,Completed
DP236,Suresh Kumar,ORD007319,12,Rejected
DP133,Dinesh R,ORD007320,13,Cancelled
DP119,Kiran M,ORD007321,18,Cancelled
DP177,Ravi Kumar,ORD007322,20,Rejected
DP035,Prakash S,ORD007323,30,Completed
DP082,Dinesh R,ORD007324,32,Completed
DP151,Ajay Kumar,ORD007325,17,Completed
DP108,Dinesh R,ORD007326,39,Completed
DP066,Ravi Kumar,ORD007327,35,Completed
DP085,Lokesh K,ORD007328,29,Cancelled
DP197,Manoj Kumar,ORD007329,24,Completed
DP126,Prakash S,ORD007330,32,Completed
DP143,Kiran M,ORD007331,12,Completed
DP090,Dinesh R,ORD007332,11,Completed
DP165,Dinesh R,ORD007333,16,Completed
DP101,Prakash S,ORD007334,20,Completed
DP067,Manoj Kumar,ORD007335,12,Completed
DP010,Imran Khan,ORD007336,38,Cancelled
DP001,Lokesh K,ORD007337,31,Cancelled
DP180,Prakash S,ORD007338,34,Completed
DP078,Prakash S,ORD007339,26,Completed
DP215,Vijay S,ORD007340,14,Rejected
DP250,Ajay Kumar,ORD007341,13,Cancelled
DP015,Prakash S,ORD007342,20,Completed
DP039,Ravi Kumar,ORD007343,16,Rejected
DP062,Dinesh R,ORD007344,39,Completed
DP040,Imran Khan,ORD007345,13,Completed
DP165,Lokesh K,ORD007346,29,Completed
DP035,Ravi Kumar,ORD007347,19,Rejected
DP128,Kiran M,ORD007348,44,Rejected
DP097,Suresh Kumar,ORD007349,33,Completed
DP216,Nithin P,ORD007350,39,Completed
DP174,Vijay S,ORD007351,26,Completed
DP064,Lokesh K,ORD007352,17,Completed
DP151,Lokesh K,ORD007353,15,Cancelled
DP129,Prakash S,ORD007354,33,Completed
DP128,Ravi Kumar,ORD007355,29,Rejected
DP121,Suresh Kumar,ORD007356,33,Completed
DP023,Manoj Kumar,ORD007357,22,Completed
DP223,Mohan Raj,ORD007358,32,Completed
DP194,Imran Khan,ORD007359,35,Cancelled
DP060,Ajay Kumar,ORD007360,15,Completed
DP158,Kiran M,ORD007361,10,Completed
DP182,Nithin P,ORD007362,23,Completed
DP003,Lokesh K,ORD007363,40,Rejected
DP098,Dinesh R,ORD007364,34,Completed
DP094,Prakash S,ORD007365,34,Completed
DP076,Nithin P,ORD007366,39,Completed
DP075,Dinesh R,ORD007367,43,Cancelled
DP076,Vijay S,ORD007368,17,Cancelled
DP227,Ajay Kumar,ORD007369,18,Rejected
DP019,Lokesh K,ORD007370,15,Completed
DP135,Nithin P,ORD007371,45,Rejected
DP245,Ajay Kumar,ORD007372,41,Completed
DP242,Mohan Raj,ORD007373,28,Completed
DP047,Nithin P,ORD007374,32,Cancelled
DP015,Dinesh R,ORD007375,10,Cancelled
DP105,Vijay S,ORD007376,21,Completed
DP045,Imran Khan,ORD007377,18,Rejected
DP237,Kiran M,ORD007378,41,Completed
DP176,Lokesh K,ORD007379,11,Completed
DP018,Ajay Kumar,ORD007380,26,Rejected
DP232,Vijay S,ORD007381,29,Rejected
DP147,Imran Khan,ORD007382,11,Cancelled
DP172,Vijay S,ORD007383,17,Rejected
DP224,Ajay Kumar,ORD007384,17,Completed
DP176,Ravi Kumar,ORD007385,10,Completed
DP020,Imran Khan,ORD007386,31,Completed
DP187,Mohan Raj,ORD007387,38,Rejected
DP049,Nithin P,ORD007388,30,Cancelled
DP228,Manoj Kumar,ORD007389,21,Cancelled
DP130,Imran Khan,ORD007390,15,Cancelled
DP112,Vijay S,ORD007391,19,Completed
DP193,Prakash S,ORD007392,24,Completed
DP093,Nithin P,ORD007393,20,Cancelled
DP047,Vijay S,ORD007394,27,Completed
DP189,Vijay S,ORD007395,44,Completed
DP172,Imran Khan,ORD007396,37,Rejected
DP133,Mohan Raj,ORD007397,45,Completed
DP094,Ajay Kumar,ORD007398,31,Completed
DP236,Kiran M,ORD007399,13,Completed
DP140,Suresh Kumar,ORD007400,24,Rejected
DP070,Dinesh R,ORD007401,39,Completed
DP058,Ajay Kumar,ORD007402,17,Completed
DP232,Manoj Kumar,ORD007403,13,Completed
DP011,Nithin P,ORD007404,32,Rejected
DP235,Dinesh R,ORD007405,22,Completed
DP237,Lokesh K,ORD007406,30,Completed
DP172,Nithin P,ORD007407,42,Completed
DP154,Lokesh K,ORD007408,22,Cancelled
DP110,Imran Khan,ORD007409,22,Completed
DP110,Vijay S,ORD007410,12,Completed
DP158,Kiran M,ORD007411,40,Completed
DP103,Imran Khan,ORD007412,35,Completed
DP149,Vijay S,ORD007413,14,Completed
DP140,Nithin P,ORD007414,17,Cancelled
DP132,Mohan Raj,ORD007415,28,Rejected
DP136,Imran Khan,ORD007416,24,Completed
DP123,Ajay Kumar,ORD007417,20,Completed
DP063,Lokesh K,ORD007418,43,Completed
DP172,Manoj Kumar,ORD007419,36,Completed
DP206,Prakash S,ORD007420,17,Completed
DP240,Ravi Kumar,ORD007421,24,Rejected
DP105,Ravi Kumar,ORD007422,37,Completed
DP108,Vijay S,ORD007423,42,Cancelled
DP048,Dinesh R,ORD007424,33,Completed
DP036,Vijay S,ORD007425,45,Completed
DP247,Vijay S,ORD007426,43,Rejected
DP193,Ajay Kumar,ORD007427,16,Cancelled
DP222,Manoj Kumar,ORD007428,14,Completed
DP142,Vijay S,ORD007429,15,Completed
DP109,Ajay Kumar,ORD007430,40,Completed
DP126,Mohan Raj,ORD007431,24,Rejected
DP011,Nithin P,ORD007432,43,Completed
DP124,Ajay Kumar,ORD007433,16,Completed
DP027,Ajay Kumar,ORD007434,18,Rejected
DP085,Ajay Kumar,ORD007435,42,Rejected
DP234,Suresh Kumar,ORD007436,31,Completed
DP043,Manoj Kumar,ORD007437,16,Completed
DP089,Manoj Kumar,ORD007438,11,Completed
DP101,Prakash S,ORD007439,28,Completed
DP075,Ravi Kumar,ORD007440,41,Completed
DP010,Suresh Kumar,ORD007441,24,Completed
DP102,Dinesh R,ORD007442,40,Completed
DP091,Ravi Kumar,ORD007443,17,Completed
DP114,Prakash S,ORD007444,14,Completed
DP078,Manoj Kumar,ORD007445,16,Cancelled
DP166,Lokesh K,ORD007446,39,Rejected
DP225,Vijay S,ORD007447,12,Completed
DP096,Manoj Kumar,ORD007448,40,Completed
DP047,Vijay S,ORD007449,33,Completed
DP008,Dinesh R,ORD007450,40,Completed
DP213,Kiran M,ORD007451,22,Rejected
DP005,Imran Khan,ORD007452,38,Cancelled
DP107,Dinesh R,ORD007453,21,Cancelled
DP048,Imran Khan,ORD007454,12,Rejected
DP022,Dinesh R,ORD007455,42,Cancelled
DP217,Imran Khan,ORD007456,14,Cancelled
DP005,Kiran M,ORD007457,45,Completed
DP063,Lokesh K,ORD007458,40,Completed
DP067,Nithin P,ORD007459,42,Completed
DP082,Ajay Kumar,ORD007460,16,Rejected
DP246,Nithin P,ORD007461,40,Completed
DP209,Imran Khan,ORD007462,33,Rejected
DP203,Nithin P,ORD007463,42,Completed
DP144,Mohan Raj,ORD007464,38,Completed
DP117,Suresh Kumar,ORD007465,23,Completed
DP064,Imran Khan,ORD007466,37,Completed
DP118,Ajay Kumar,ORD007467,12,Rejected
DP184,Ajay Kumar,ORD007468,38,Completed
DP010,Prakash S,ORD007469,25,Completed
DP083,Prakash S,ORD007470,35,Completed
DP097,Kiran M,ORD007471,10,Completed
DP160,Dinesh R,ORD007472,22,Completed
DP033,Lokesh K,ORD007473,10,Cancelled
DP026,Vijay S,ORD007474,32,Completed
DP194,Prakash S,ORD007475,35,Completed
DP148,Imran Khan,ORD007476,38,Cancelled
DP108,Imran Khan,ORD007477,35,Completed
DP048,Mohan Raj,ORD007478,21,Completed
DP107,Prakash S,ORD007479,41,Completed
DP205,Kiran M,ORD007480,25,Completed
DP070,Lokesh K,ORD007481,25,Cancelled
DP128,Imran Khan,ORD007482,24,Completed
DP074,Prakash S,ORD007483,34,Completed
DP008,Vijay S,ORD007484,24,Completed
DP072,Nithin P,ORD007485,31,Cancelled
DP012,Nithin P,ORD007486,45,Completed
DP011,Ravi Kumar,ORD007487,33,Rejected
DP243,Manoj Kumar,ORD007488,13,Cancelled
DP078,Suresh Kumar,ORD007489,27,Cancelled
DP179,Imran Khan,ORD007490,17,Cancelled
DP194,Nithin P,ORD007491,20,Completed
DP150,Mohan Raj,ORD007492,27,Completed
DP200,Vijay S,ORD007493,30,Completed
DP096,Prakash S,ORD007494,14,Cancelled
DP118,Lokesh K,ORD007495,43,Completed
DP194,Lokesh K,ORD007496,17,Completed
DP126,Mohan Raj,ORD007497,38,Rejected
DP024,Imran Khan,ORD007498,34,Cancelled
DP129,Nithin P,ORD007499,15,Completed
DP052,Kiran M,ORD007500,41,Completed
DP055,Ravi Kumar,ORD007501,40,Completed
DP005,Imran Khan,ORD007502,44,Completed
DP195,Lokesh K,ORD007503,10,Completed
DP063,Prakash S,ORD007504,43,Rejected
DP092,Ravi Kumar,ORD007505,28,Rejected
DP132,Mohan Raj,ORD007506,14,Cancelled
DP089,Vijay S,ORD007507,19,Completed
DP053,Imran Khan,ORD007508,15,Completed
DP021,Mohan Raj,ORD007509,42,Completed
DP099,Imran Khan,ORD007510,17,Completed
DP232,Ravi Kumar,ORD007511,37,Completed
DP226,Mohan Raj,ORD007512,21,Completed
DP073,Lokesh K,ORD007513,32,Completed
DP209,Manoj Kumar,ORD007514,15,Completed
DP242,Kiran M,ORD007515,34,Completed
DP170,Dinesh R,ORD007516,10,Completed
DP100,Dinesh R,ORD007517,15,Completed
DP190,Nithin P,ORD007518,17,Completed
DP125,Vijay S,ORD007519,13,Cancelled
DP163,Ravi Kumar,ORD007520,36,Completed
DP055,Mohan Raj,ORD007521,38,Completed
DP147,Ajay Kumar,ORD007522,22,Completed
DP124,Suresh Kumar,ORD007523,45,Completed
DP064,Manoj Kumar,ORD007524,12,Cancelled
DP128,Kiran M,ORD007525,43,Cancelled
DP109,Vijay S,ORD007526,22,Completed
DP218,Manoj Kumar,ORD007527,12,Completed
DP215,Imran Khan,ORD007528,40,Rejected
DP196,Ajay Kumar,ORD007529,14,Completed
DP138,Kiran M,ORD007530,22,Completed
DP163,Imran Khan,ORD007531,10,Completed
DP176,Nithin P,ORD007532,42,Rejected
DP196,Dinesh R,ORD007533,12,Completed
DP145,Dinesh R,ORD007534,18,Completed
DP014,Ravi Kumar,ORD007535,43,Cancelled
DP107,Suresh Kumar,ORD007536,33,Rejected
DP037,Kiran M,ORD007537,45,Cancelled
DP110,Suresh Kumar,ORD007538,18,Completed
DP023,Manoj Kumar,ORD007539,26,Completed
DP061,Ravi Kumar,ORD007540,33,Completed
DP099,Nithin P,ORD007541,43,Completed
DP178,Prakash S,ORD007542,42,Completed
DP022,Kiran M,ORD007543,45,Completed
DP219,Dinesh R,ORD007544,22,Rejected
DP073,Lokesh K,ORD007545,29,Completed
DP063,Dinesh R,ORD007546,21,Completed
DP072,Imran Khan,ORD007547,36,Completed
DP044,Ajay Kumar,ORD007548,15,Completed
DP114,Manoj Kumar,ORD007549,16,Completed
DP246,Kiran M,ORD007550,31,Cancelled
DP042,Vijay S,ORD007551,44,Completed
DP194,Prakash S,ORD007552,23,Completed
DP076,Ajay Kumar,ORD007553,20,Cancelled
DP070,Imran Khan,ORD007554,41,Completed
DP076,Prakash S,ORD007555,25,Completed
DP019,Dinesh R,ORD007556,31,Cancelled
DP192,Suresh Kumar,ORD007557,15,Completed
DP223,Mohan Raj,ORD007558,43,Completed
DP120,Nithin P,ORD007559,37,Rejected
DP200,Kiran M,ORD007560,16,Rejected
DP102,Prakash S,ORD007561,11,Cancelled
DP027,Nithin P,ORD007562,19,Completed
DP174,Nithin P,ORD007563,37,Cancelled
DP088,Lokesh K,ORD007564,23,Completed
DP187,Suresh Kumar,ORD007565,13,Completed
DP038,Manoj Kumar,ORD007566,36,Completed
DP077,Suresh Kumar,ORD007567,18,Cancelled
DP227,Ravi Kumar,ORD007568,15,Completed
DP130,Suresh Kumar,ORD007569,20,Completed
DP234,Vijay S,ORD007570,20,Cancelled
DP087,Suresh Kumar,ORD007571,34,Completed
DP013,Prakash S,ORD007572,38,Completed
DP176,Ravi Kumar,ORD007573,25,Completed
DP136,Vijay S,ORD007574,24,Completed
DP111,Kiran M,ORD007575,45,Completed
DP046,Dinesh R,ORD007576,16,Completed
DP066,Lokesh K,ORD007577,13,Completed
DP116,Mohan Raj,ORD007578,44,Cancelled
DP017,Imran Khan,ORD007579,15,Rejected
DP153,Nithin P,ORD007580,36,Completed
DP198,Nithin P,ORD007581,18,Completed
DP075,Kiran M,ORD007582,18,Completed
DP186,Lokesh K,ORD007583,43,Rejected
DP081,Dinesh R,ORD007584,44,Completed
DP096,Suresh Kumar,ORD007585,28,Completed
DP196,Mohan Raj,ORD007586,28,Cancelled
DP218,Manoj Kumar,ORD007587,26,Rejected
DP222,Suresh Kumar,ORD007588,32,Completed
DP027,Prakash S,ORD007589,27,Rejected
DP001,Nithin P,ORD007590,45,Completed
DP250,Lokesh K,ORD007591,23,Rejected
DP200,Kiran M,ORD007592,23,Completed
DP028,Kiran M,ORD007593,44,Completed
DP055,Prakash S,ORD007594,11,Completed
DP027,Kiran M,ORD007595,10,Rejected
DP175,Prakash S,ORD007596,43,Cancelled
DP131,Dinesh R,ORD007597,40,Completed
DP092,Prakash S,ORD007598,29,Rejected
DP014,Nithin P,ORD007599,25,Completed
DP138,Kiran M,ORD007600,35,Completed
DP124,Suresh Kumar,ORD007601,35,Completed
DP183,Ravi Kumar,ORD007602,24,Cancelled
DP091,Mohan Raj,ORD007603,16,Completed
DP148,Nithin P,ORD007604,11,Cancelled
DP125,Ajay Kumar,ORD007605,14,Completed
DP216,Imran Khan,ORD007606,27,Completed
DP093,Vijay S,ORD007607,45,Completed
DP016,Imran Khan,ORD007608,30,Completed
DP044,Suresh Kumar,ORD007609,33,Completed
DP172,Lokesh K,ORD007610,32,Completed
DP064,Kiran M,ORD007611,39,Cancelled
DP007,Lokesh K,ORD007612,44,Completed
DP240,Kiran M,ORD007613,32,Rejected
DP183,Suresh Kumar,ORD007614,33,Completed
DP117,Manoj Kumar,ORD007615,27,Completed
DP213,Ravi Kumar,ORD007616,27,Completed
DP146,Manoj Kumar,ORD007617,42,Cancelled
DP220,Vijay S,ORD007618,44,Completed
DP098,Lokesh K,ORD007619,27,Completed
DP234,Suresh Kumar,ORD007620,35,Completed
DP088,Dinesh R,ORD007621,15,Cancelled
DP099,Vijay S,ORD007622,22,Rejected
DP150,Mohan Raj,ORD007623,22,Cancelled
DP124,Ravi Kumar,ORD007624,34,Cancelled
DP126,Ajay Kumar,ORD007625,43,Completed
DP181,Lokesh K,ORD007626,33,Completed
DP077,Dinesh R,ORD007627,43,Rejected
DP005,Ajay Kumar,ORD007628,16,Rejected
DP235,Manoj Kumar,ORD007629,13,Completed
DP240,Imran Khan,ORD007630,38,Completed
DP136,Vijay S,ORD007631,12,Completed
DP145,Manoj Kumar,ORD007632,36,Completed
DP067,Vijay S,ORD007633,29,Rejected
DP120,Nithin P,ORD007634,42,Completed
DP213,Suresh Kumar,ORD007635,14,Completed
DP127,Lokesh K,ORD007636,33,Completed
DP218,Dinesh R,ORD007637,11,Cancelled
DP208,Imran Khan,ORD007638,39,Cancelled
DP225,Dinesh R,ORD007639,20,Cancelled
DP090,Kiran M,ORD007640,19,Cancelled
DP154,Prakash S,ORD007641,38,Rejected
DP051,Prakash S,ORD007642,29,Completed
DP181,Prakash S,ORD007643,39,Cancelled
DP034,Suresh Kumar,ORD007644,39,Completed
DP003,Prakash S,ORD007645,23,Completed
DP122,Suresh Kumar,ORD007646,34,Completed
DP136,Vijay S,ORD007647,42,Rejected
DP163,Prakash S,ORD007648,41,Completed
DP192,Kiran M,ORD007649,43,Completed
DP130,Ajay Kumar,ORD007650,19,Completed
DP215,Ajay Kumar,ORD007651,11,Rejected
DP096,Nithin P,ORD007652,12,Completed
DP079,Mohan Raj,ORD007653,45,Cancelled
DP237,Dinesh R,ORD007654,15,Rejected
DP209,Lokesh K,ORD007655,18,Rejected
DP206,Ajay Kumar,ORD007656,43,Completed
DP207,Manoj Kumar,ORD007657,11,Completed
DP219,Suresh Kumar,ORD007658,12,Completed
DP040,Mohan Raj,ORD007659,19,Completed
DP067,Mohan Raj,ORD007660,45,Cancelled
DP123,Imran Khan,ORD007661,37,Rejected
DP053,Prakash S,ORD007662,11,Completed
DP082,Manoj Kumar,ORD007663,16,Completed
DP062,Mohan Raj,ORD007664,32,Completed
DP167,Ravi Kumar,ORD007665,18,Completed
DP186,Manoj Kumar,ORD007666,19,Completed
DP028,Prakash S,ORD007667,19,Completed
DP138,Mohan Raj,ORD007668,29,Completed
DP015,Nithin P,ORD007669,38,Rejected
DP180,Mohan Raj,ORD007670,30,Cancelled
DP156,Mohan Raj,ORD007671,39,Completed
DP214,Vijay S,ORD007672,19,Completed
DP165,Ravi Kumar,ORD007673,13,Cancelled
DP037,Ravi Kumar,ORD007674,34,Completed
DP039,Dinesh R,ORD007675,38,Cancelled
DP154,Ajay Kumar,ORD007676,29,Completed
DP232,Suresh Kumar,ORD007677,20,Completed
DP128,Dinesh R,ORD007678,41,Completed
DP050,Nithin P,ORD007679,27,Completed
DP220,Manoj Kumar,ORD007680,30,Completed
DP165,Lokesh K,ORD007681,18,Rejected
DP232,Suresh Kumar,ORD007682,26,Completed
DP171,Lokesh K,ORD007683,14,Completed
DP135,Prakash S,ORD007684,14,Completed
DP171,Lokesh K,ORD007685,19,Completed
DP192,Prakash S,ORD007686,17,Completed
DP238,Prakash S,ORD007687,27,Rejected
DP182,Ravi Kumar,ORD007688,37,Completed
DP008,Suresh Kumar,ORD007689,12,Cancelled
DP171,Ravi Kumar,ORD007690,23,Completed
DP033,Ravi Kumar,ORD007691,23,Completed
DP222,Manoj Kumar,ORD007692,15,Completed
DP111,Nithin P,ORD007693,15,Completed
DP098,Ravi Kumar,ORD007694,33,Cancelled
DP123,Prakash S,ORD007695,28,Completed
DP001,Lokesh K,ORD007696,39,Cancelled
DP017,Ajay Kumar,ORD007697,32,Rejected
DP123,Prakash S,ORD007698,11,Rejected
DP183,Kiran M,ORD007699,17,Completed
DP208,Kiran M,ORD007700,34,Completed
DP224,Vijay S,ORD007701,37,Completed
DP100,Suresh Kumar,ORD007702,27,Cancelled
DP087,Mohan Raj,ORD007703,27,Cancelled
DP201,Prakash S,ORD007704,16,Rejected
DP220,Suresh Kumar,ORD007705,18,Completed
DP109,Ajay Kumar,ORD007706,44,Cancelled
DP083,Nithin P,ORD007707,43,Completed
DP018,Kiran M,ORD007708,25,Completed
DP241,Imran Khan,ORD007709,17,Cancelled
DP198,Lokesh K,ORD007710,-5,Cancelled
DP178,Vijay S,ORD007711,24,Cancelled
DP025,Vijay S,ORD007712,10,Rejected
DP027,Ajay Kumar,ORD007713,21,Completed
DP032,Suresh Kumar,ORD007714,26,Rejected
DP109,Lokesh K,ORD007715,11,Completed
DP197,Lokesh K,ORD007716,33,Cancelled
DP119,Dinesh R,ORD007717,41,Completed
DP250,Suresh Kumar,ORD007718,43,Completed
DP170,Imran Khan,ORD007719,33,Rejected
DP011,Suresh Kumar,ORD007720,29,Completed
DP146,Nithin P,ORD007721,38,Completed
DP120,Mohan Raj,ORD007722,35,Completed
DP013,Imran Khan,ORD007723,39,Completed
DP060,Vijay S,ORD007724,18,Completed
DP015,Lokesh K,ORD007725,37,Cancelled
DP149,Lokesh K,ORD007726,10,Cancelled
DP062,Ajay Kumar,ORD007727,22,Completed
DP126,Prakash S,ORD007728,35,Cancelled
DP210,Ravi Kumar,ORD007729,34,Completed
DP188,Kiran M,ORD007730,23,Cancelled
DP167,Ravi Kumar,ORD007731,37,Completed
DP203,Imran Khan,ORD007732,44,Completed
DP220,Nithin P,ORD007733,38,Cancelled
DP225,Kiran M,ORD007734,35,Rejected
DP007,Ajay Kumar,ORD007735,42,Completed
DP192,Suresh Kumar,ORD007736,27,Rejected
DP014,Manoj Kumar,ORD007737,11,Rejected
DP073,Suresh Kumar,ORD007738,38,Completed
DP041,Imran Khan,ORD007739,17,Completed
DP205,Ajay Kumar,ORD007740,38,Completed
DP043,Ajay Kumar,ORD007741,35,Rejected
DP097,Manoj Kumar,ORD007742,29,Completed
DP182,Nithin P,ORD007743,31,Cancelled
DP132,Ajay Kumar,ORD007744,27,Rejected
DP138,Suresh Kumar,ORD007745,19,Completed
DP167,Suresh Kumar,ORD007746,26,Cancelled
DP145,Dinesh R,ORD007747,25,Rejected
DP040,Imran Khan,ORD007748,32,Rejected
DP159,Vijay S,ORD007749,34,Cancelled
DP090,Vijay S,ORD007750,37,Cancelled
DP094,Kiran M,ORD007751,38,Completed
DP004,Lokesh K,ORD007752,18,Cancelled
DP126,Mohan Raj,ORD007753,42,Cancelled
DP204,Mohan Raj,ORD007754,25,Cancelled
DP183,Vijay S,ORD007755,17,Cancelled
DP020,Kiran M,ORD007756,43,Completed
DP203,Lokesh K,ORD007757,32,Completed
DP234,Kiran M,ORD007758,18,Completed
DP136,Suresh Kumar,ORD007759,30,Rejected
DP014,Ravi Kumar,ORD007760,28,Completed
DP086,Ajay Kumar,ORD007761,25,Completed
DP034,Manoj Kumar,ORD007762,34,Completed
DP003,Suresh Kumar,ORD007763,19,Rejected
DP137,Dinesh R,ORD007764,22,Completed
DP014,Mohan Raj,ORD007765,27,Completed
DP199,Ajay Kumar,ORD007766,33,Completed
DP135,Vijay S,ORD007767,36,Completed
DP084,Mohan Raj,ORD007768,18,Completed
DP193,Imran Khan,ORD007769,44,Completed
DP239,Ravi Kumar,ORD007770,45,Completed
DP236,Mohan Raj,ORD007771,41,Cancelled
DP136,Nithin P,ORD007772,29,Completed
DP014,Lokesh K,ORD007773,10,Rejected
DP183,Kiran M,ORD007774,41,Completed
DP067,Nithin P,ORD007775,10,Rejected
DP213,Imran Khan,ORD007776,42,Completed
DP205,Manoj Kumar,ORD007777,30,Cancelled
DP219,Mohan Raj,ORD007778,25,Completed
DP212,Manoj Kumar,ORD007779,14,Rejected
DP004,Kiran M,ORD007780,12,Rejected
DP101,Ajay Kumar,ORD007781,21,Rejected
DP062,Mohan Raj,ORD007782,20,Completed
DP108,Prakash S,ORD007783,38,Completed
DP009,Mohan Raj,ORD007784,16,Rejected
DP025,Vijay S,ORD007785,15,Rejected
DP033,Imran Khan,ORD007786,11,Completed
DP145,Suresh Kumar,ORD007787,20,Cancelled
DP145,Kiran M,ORD007788,35,Completed
DP015,Ajay Kumar,ORD007789,44,Rejected
DP056,Nithin P,ORD007790,15,Completed
DP062,Imran Khan,ORD007791,38,Completed
DP241,Mohan Raj,ORD007792,33,Completed
DP082,Kiran M,ORD007793,29,Completed
DP249,Suresh Kumar,ORD007794,36,Completed
DP031,Prakash S,ORD007795,32,Completed
DP135,Imran Khan,ORD007796,43,Completed
DP147,Ajay Kumar,ORD007797,23,Cancelled
DP202,Imran Khan,ORD007798,29,Completed
DP018,Ajay Kumar,ORD007799,22,Completed
DP194,Prakash S,ORD007800,28,Completed
DP211,Dinesh R,ORD007801,36,Cancelled
DP050,Kiran M,ORD007802,40,Rejected
DP171,Dinesh R,ORD007803,15,Cancelled
DP109,Suresh Kumar,ORD007804,11,Completed
DP243,Kiran M,ORD007805,22,Rejected
DP216,Imran Khan,ORD007806,26,Cancelled
DP223,Manoj Kumar,ORD007807,18,Cancelled
DP223,Manoj Kumar,ORD007808,25,Rejected
DP157,Kiran M,ORD007809,29,Completed
DP015,Imran Khan,ORD007810,44,Completed
DP206,Prakash S,ORD007811,33,Rejected
DP069,Imran Khan,ORD007812,22,Completed
DP017,Manoj Kumar,ORD007813,18,Completed
DP139,Lokesh K,ORD007814,28,Rejected
DP194,Dinesh R,ORD007815,24,Completed
DP157,Nithin P,ORD007816,15,Completed
DP240,Ajay Kumar,ORD007817,17,Completed
DP160,Prakash S,ORD007818,34,Completed
DP151,Imran Khan,ORD007819,11,Rejected
DP156,Ravi Kumar,ORD007820,26,Completed
DP180,Manoj Kumar,ORD007821,38,Rejected
DP182,Nithin P,ORD007822,30,Completed
DP115,Vijay S,ORD007823,20,Completed
DP018,Vijay S,ORD007824,38,Completed
DP005,Nithin P,ORD007825,33,Cancelled
DP093,Prakash S,ORD007826,33,Completed
DP042,Mohan Raj,ORD007827,19,Cancelled
DP239,Dinesh R,ORD007828,12,Rejected
DP167,Lokesh K,ORD007829,38,Completed
DP061,Prakash S,ORD007830,30,Completed
DP018,Lokesh K,ORD007831,26,Completed
DP088,Prakash S,ORD007832,41,Rejected
DP120,Kiran M,ORD007833,36,Completed
DP084,Suresh Kumar,ORD007834,18,Rejected
DP044,Lokesh K,ORD007835,42,Completed
DP148,Imran Khan,ORD007836,45,Completed
DP075,Mohan Raj,ORD007837,10,Cancelled
DP079,Ajay Kumar,ORD007838,31,Cancelled
DP063,Imran Khan,ORD007839,25,Completed
DP029,Suresh Kumar,ORD007840,18,Cancelled
DP098,Mohan Raj,ORD007841,35,Rejected
DP218,Lokesh K,ORD007842,32,Completed
DP072,Imran Khan,ORD007843,23,Rejected
DP166,Prakash S,ORD007844,30,Rejected
DP051,Ravi Kumar,ORD007845,36,Completed
DP166,Manoj Kumar,ORD007846,41,Cancelled
DP128,Lokesh K,ORD007847,19,Cancelled
DP058,Prakash S,ORD007848,29,Completed
DP084,Ravi Kumar,ORD007849,43,Cancelled
DP080,Nithin P,ORD007850,19,Completed
DP079,Suresh Kumar,ORD007851,23,Completed
DP013,Kiran M,ORD007852,30,Cancelled
DP131,Dinesh R,ORD007853,20,Completed
DP205,Mohan Raj,ORD007854,37,Cancelled
DP002,Lokesh K,ORD007855,36,Completed
DP219,Mohan Raj,ORD007856,16,Cancelled
DP001,Imran Khan,ORD007857,29,Rejected
DP024,Ravi Kumar,ORD007858,23,Cancelled
DP067,Manoj Kumar,ORD007859,13,Completed
DP064,Mohan Raj,ORD007860,34,Rejected
DP165,Ajay Kumar,ORD007861,25,Rejected
DP114,Suresh Kumar,ORD007862,33,Cancelled
DP195,Suresh Kumar,ORD007863,28,Rejected
DP243,Prakash S,ORD007864,27,Completed
DP173,Manoj Kumar,ORD007865,39,Rejected
DP032,Manoj Kumar,ORD007866,31,Rejected
DP069,Lokesh K,ORD007867,36,Completed
DP040,Manoj Kumar,ORD007868,35,Completed
DP004,Prakash S,ORD007869,42,Rejected
DP138,Ravi Kumar,ORD007870,37,Completed
DP214,Kiran M,ORD007871,11,Completed
DP036,Suresh Kumar,ORD007872,20,Rejected
DP061,Nithin P,ORD007873,44,Completed
DP217,Mohan Raj,ORD007874,19,Completed
DP097,Imran Khan,ORD007875,17,Completed
DP188,Prakash S,ORD007876,44,Completed
DP169,Imran Khan,ORD007877,30,Completed
DP029,Kiran M,ORD007878,40,Completed
DP055,Dinesh R,ORD007879,44,Rejected
DP096,Imran Khan,ORD007880,42,Completed
DP051,Imran Khan,ORD007881,17,Completed
DP246,Lokesh K,ORD007882,34,Completed
DP209,Dinesh R,ORD007883,15,Completed
DP061,Vijay S,ORD007884,13,Completed
DP125,Prakash S,ORD007885,45,Completed
DP214,Ajay Kumar,ORD007886,10,Completed
DP240,Lokesh K,ORD007887,33,Completed
DP215,Ravi Kumar,ORD007888,20,Rejected
DP137,Prakash S,ORD007889,24,Cancelled
DP241,Lokesh K,ORD007890,16,Rejected
DP093,Lokesh K,ORD007891,31,Rejected
DP171,Vijay S,ORD007892,27,Completed
DP149,Mohan Raj,ORD007893,31,Completed
DP131,Suresh Kumar,ORD007894,33,Rejected
DP106,Mohan Raj,ORD007895,45,Completed
DP221,Imran Khan,ORD007896,38,Rejected
DP101,Suresh Kumar,ORD007897,23,Completed
DP009,Ravi Kumar,ORD007898,42,Completed
DP218,Suresh Kumar,ORD007899,14,Completed
DP203,Dinesh R,ORD007900,41,Completed
DP008,Mohan Raj,ORD007901,36,Completed
DP051,Lokesh K,ORD007902,20,Rejected
DP183,Kiran M,ORD007903,41,Completed
DP151,Ajay Kumar,ORD007904,36,Completed
DP140,Kiran M,ORD007905,10,Rejected
DP052,Vijay S,ORD007906,45,Cancelled
DP170,Dinesh R,ORD007907,24,Cancelled
DP050,Lokesh K,ORD007908,25,Completed
DP143,Suresh Kumar,ORD007909,45,Completed
DP108,Manoj Kumar,ORD007910,41,Completed
DP119,Lokesh K,ORD007911,11,Completed
DP037,Manoj Kumar,ORD007912,13,Completed
DP057,Kiran M,ORD007913,32,Completed
DP170,Manoj Kumar,ORD007914,31,Rejected
DP195,Mohan Raj,ORD007915,26,Completed
DP196,Nithin P,ORD007916,16,Completed
DP026,Mohan Raj,ORD007917,33,Completed
DP151,Vijay S,ORD007918,42,Cancelled
DP007,Mohan Raj,ORD007919,17,Cancelled
DP219,Prakash S,ORD007920,35,Cancelled
DP119,Prakash S,ORD007921,13,Rejected
DP018,Kiran M,ORD007922,14,Cancelled
DP193,Manoj Kumar,ORD007923,14,Completed
DP105,Prakash S,ORD007924,31,Cancelled
DP114,Dinesh R,ORD007925,15,Completed
DP121,Manoj Kumar,ORD007926,24,Cancelled
DP106,Nithin P,ORD007927,24,Completed
DP041,Vijay S,ORD007928,34,Completed
DP211,Ajay Kumar,ORD007929,17,Completed
DP248,Mohan Raj,ORD007930,25,Completed
DP038,Dinesh R,ORD007931,30,Cancelled
DP180,Vijay S,ORD007932,33,Completed
DP163,Lokesh K,ORD007933,24,Cancelled
DP121,Lokesh K,ORD007934,25,Completed
DP169,Ravi Kumar,ORD007935,23,Completed
DP034,Nithin P,ORD007936,21,Cancelled
DP136,Lokesh K,ORD007937,34,Completed
DP206,Ajay Kumar,ORD007938,35,Completed
DP243,Lokesh K,ORD007939,35,Completed
DP042,Dinesh R,ORD007940,21,Cancelled
DP186,Vijay S,ORD007941,45,Completed
DP170,Vijay S,ORD007942,12,Completed
DP187,Vijay S,ORD007943,31,Cancelled
DP234,Prakash S,ORD007944,13,Completed
DP032,Mohan Raj,ORD007945,28,Completed
DP154,Ravi Kumar,ORD007946,26,Rejected
DP072,Lokesh K,ORD007947,11,Completed
DP171,Mohan Raj,ORD007948,24,Cancelled
DP032,Manoj Kumar,ORD007949,17,Rejected
DP137,Vijay S,ORD007950,39,Completed
DP245,Vijay S,ORD007951,44,Completed
DP178,Ajay Kumar,ORD007952,43,Completed
DP049,Vijay S,ORD007953,27,Cancelled
DP152,Ajay Kumar,ORD007954,13,Rejected
DP160,Ajay Kumar,ORD007955,11,Completed
DP072,Vijay S,ORD007956,10,Rejected
DP049,Prakash S,ORD007957,27,Completed
DP152,Ajay Kumar,ORD007958,33,Completed
DP031,Ravi Kumar,ORD007959,11,Completed
DP051,Ravi Kumar,ORD007960,39,Completed
DP215,Manoj Kumar,ORD007961,13,Completed
DP185,Vijay S,ORD007962,11,Completed
DP081,Mohan Raj,ORD007963,41,Cancelled
DP044,Lokesh K,ORD007964,10,Completed
DP138,Nithin P,ORD007965,19,Completed
DP030,Kiran M,ORD007966,29,Cancelled
DP002,Suresh Kumar,ORD007967,30,Cancelled
DP091,Nithin P,ORD007968,31,Completed
DP235,Lokesh K,ORD007969,26,Completed
DP135,Suresh Kumar,ORD007970,42,Completed
DP005,Mohan Raj,ORD007971,35,Completed
DP127,Imran Khan,ORD007972,14,Rejected
DP044,Prakash S,ORD007973,35,Rejected
DP223,Imran Khan,ORD007974,13,Rejected
DP237,Vijay S,ORD007975,35,Completed
DP062,Kiran M,ORD007976,32,Cancelled
DP066,Vijay S,ORD007977,41,Completed
DP141,Vijay S,ORD007978,20,Cancelled
DP011,Lokesh K,ORD007979,21,Cancelled
DP237,Lokesh K,ORD007980,25,Rejected
DP152,Kiran M,ORD007981,11,Cancelled
DP216,Lokesh K,ORD007982,19,Completed
DP197,Mohan Raj,ORD007983,36,Completed
DP002,Ravi Kumar,ORD007984,20,Completed
DP180,Kiran M,ORD007985,29,Cancelled
DP140,Ajay Kumar,ORD007986,33,Completed
DP249,Imran Khan,ORD007987,32,Completed
DP195,Nithin P,ORD007988,41,Completed
DP183,Dinesh R,ORD007989,25,Completed
DP186,Suresh Kumar,ORD007990,11,Cancelled
DP005,Mohan Raj,ORD007991,43,Completed
DP206,Dinesh R,ORD007992,11,Rejected
DP092,Lokesh K,ORD007993,14,Rejected
DP229,Kiran M,ORD007994,13,Completed
DP041,Ajay Kumar,ORD007995,45,Rejected
DP092,Imran Khan,ORD007996,38,Completed
DP101,Mohan Raj,ORD007997,17,Completed
DP173,Lokesh K,ORD007998,29,Completed
DP161,Manoj Kumar,ORD007999,13,Completed
DP162,Prakash S,ORD008000,22,Completed
DP046,Ravi Kumar,ORD008001,45,Completed
DP022,Lokesh K,ORD008002,30,Cancelled
DP030,Dinesh R,ORD008003,41,Completed
DP195,Ravi Kumar,ORD008004,22,Completed
DP068,Mohan Raj,ORD008005,29,Completed
DP045,Kiran M,ORD008006,24,Completed
DP051,Manoj Kumar,ORD008007,10,Rejected
DP019,Nithin P,ORD008008,31,Completed
DP022,Manoj Kumar,ORD008009,31,Completed
DP121,Lokesh K,ORD008010,39,Cancelled
DP105,Imran Khan,ORD008011,20,Rejected
DP229,Ajay Kumar,ORD008012,27,Cancelled
DP056,Dinesh R,ORD008013,40,Cancelled
DP231,Imran Khan,ORD008014,24,Cancelled
DP197,Lokesh K,ORD008015,34,Rejected
DP059,Vijay S,ORD008016,40,Completed
DP018,Kiran M,ORD008017,35,Completed
DP053,Suresh Kumar,ORD008018,33,Completed
DP019,Ravi Kumar,ORD008019,15,Completed
DP224,Ajay Kumar,ORD008020,16,Rejected
DP089,Mohan Raj,ORD008021,44,Completed
DP124,Suresh Kumar,ORD008022,42,Cancelled
DP245,Ravi Kumar,ORD008023,13,Rejected
DP168,Vijay S,ORD008024,33,Completed
DP081,Suresh Kumar,ORD008025,39,Rejected
DP013,Prakash S,ORD008026,30,Completed
DP105,Prakash S,ORD008027,26,Cancelled
DP064,Kiran M,ORD008028,31,Completed
DP074,Suresh Kumar,ORD008029,42,Completed
DP107,Lokesh K,ORD008030,23,Completed
DP054,Dinesh R,ORD008031,10,Rejected
DP071,Dinesh R,ORD008032,23,Rejected
DP102,Lokesh K,ORD008033,31,Completed
DP016,Suresh Kumar,ORD008034,23,Completed
DP021,Prakash S,ORD008035,28,Rejected
DP222,Imran Khan,ORD008036,16,Cancelled
DP029,Suresh Kumar,ORD008037,24,Cancelled
DP018,Ravi Kumar,ORD008038,38,Cancelled
DP212,Kiran M,ORD008039,39,Completed
DP205,Vijay S,ORD008040,31,Completed
DP184,Ravi Kumar,ORD008041,33,Cancelled
DP006,Mohan Raj,ORD008042,29,Rejected
DP194,Kiran M,ORD008043,20,Rejected
DP181,Nithin P,ORD008044,32,Completed
DP200,Nithin P,ORD008045,24,Completed
DP075,Mohan Raj,ORD008046,29,Cancelled
DP058,Lokesh K,ORD008047,33,Completed
DP055,Ravi Kumar,ORD008048,41,Rejected
DP078,Imran Khan,ORD008049,34,Completed
DP221,Imran Khan,ORD008050,33,Completed
DP007,Ajay Kumar,ORD008051,23,Cancelled
DP234,Suresh Kumar,ORD008052,24,Completed
DP092,Nithin P,ORD008053,13,Cancelled
DP193,Prakash S,ORD008054,12,Completed
DP005,Vijay S,ORD008055,31,Cancelled
DP130,Ravi Kumar,ORD008056,24,Cancelled
DP116,Vijay S,ORD008057,28,Completed
DP119,Ravi Kumar,ORD008058,37,Completed
DP234,Kiran M,ORD008059,40,Cancelled
DP109,Vijay S,ORD008060,17,Completed
DP003,Mohan Raj,ORD008061,34,Rejected
DP212,Imran Khan,ORD008062,26,Completed
DP094,Suresh Kumar,ORD008063,37,Completed
DP060,Ajay Kumar,ORD008064,29,Cancelled
DP045,Nithin P,ORD008065,30,Rejected
DP009,Nithin P,ORD008066,24,Rejected
DP004,Suresh Kumar,ORD008067,14,Completed
DP106,Manoj Kumar,ORD008068,29,Completed
DP086,Ravi Kumar,ORD008069,29,Completed
DP138,Suresh Kumar,ORD008070,18,Cancelled
DP102,Lokesh K,ORD008071,16,Cancelled
DP044,Kiran M,ORD008072,40,Completed
DP153,Vijay S,ORD008073,44,Completed
DP225,Dinesh R,ORD008074,41,Rejected
DP203,Suresh Kumar,ORD008075,32,Cancelled
DP178,Imran Khan,ORD008076,24,Completed
DP245,Manoj Kumar,ORD008077,16,Completed
DP049,Lokesh K,ORD008078,43,Completed
DP236,Prakash S,ORD008079,-5,Completed
DP100,Ravi Kumar,ORD008080,29,Completed
DP188,Imran Khan,ORD008081,10,Completed
DP180,Imran Khan,ORD008082,30,Completed
DP037,Nithin P,ORD008083,31,Completed
DP069,Ajay Kumar,ORD008084,15,Completed
DP058,Kiran M,ORD008085,21,Rejected
DP181,Nithin P,ORD008086,14,Completed
DP195,Ravi Kumar,ORD008087,14,Rejected
DP195,Lokesh K,ORD008088,10,Rejected
DP081,Dinesh R,ORD008089,30,Completed
DP118,Kiran M,ORD008090,20,Completed
DP242,Dinesh R,ORD008091,24,Rejected
DP140,Vijay S,ORD008092,24,Cancelled
DP078,Lokesh K,ORD008093,27,Rejected
DP233,Lokesh K,ORD008094,26,Rejected
DP202,Prakash S,ORD008095,28,Completed
DP188,Manoj Kumar,ORD008096,13,Cancelled
DP078,Dinesh R,ORD008097,18,Cancelled
DP050,Manoj Kumar,ORD008098,21, Rejected 
DP115,Dinesh R,ORD008099,30,Completed
DP094,Vijay S,ORD008100,15,Completed
DP247,Lokesh K,ORD008101,16,Cancelled
DP122,Dinesh R,ORD008102,21,Completed
DP212,Nithin P,ORD008103,14,Cancelled
DP049,Vijay S,ORD008104,18,Cancelled
DP004,Ajay Kumar,ORD008105,16,Completed
DP090,Ravi Kumar,ORD008106,34,Rejected
DP049,Nithin P,ORD008107,32,Completed
DP077,Manoj Kumar,ORD008108,31,Rejected
DP246,Mohan Raj,ORD008109,16,Cancelled
DP126,Ajay Kumar,ORD008110,29,Cancelled
DP176,Vijay S,ORD008111,17,Cancelled
DP087,Ravi Kumar,ORD008112,36,Completed
DP171,Manoj Kumar,ORD008113,45,Completed
DP142,Kiran M,ORD008114,16,Completed
DP180,Lokesh K,ORD008115,18,Completed
DP083,Prakash S,ORD008116,17,Completed
DP189,Ajay Kumar,ORD008117,43,Completed
DP116,Ravi Kumar,ORD008118,44,Completed
DP027,Ravi Kumar,ORD008119,34,Rejected
DP182,Manoj Kumar,ORD008120,27,Completed
DP123,Dinesh R,ORD008121,45,Rejected
DP142,Dinesh R,ORD008122,43,Completed
DP150,Mohan Raj,ORD008123,35,Completed
DP102,Prakash S,ORD008124,12,Completed
DP141,Kiran M,ORD008125,43,Completed
DP244,Dinesh R,ORD008126,30,Completed
DP002,Nithin P,ORD008127,23,Rejected
DP183,Suresh Kumar,ORD008128,29,Completed
DP114,Ajay Kumar,ORD008129,22,Rejected
DP217,Nithin P,ORD008130,36,Completed
DP161,Manoj Kumar,ORD008131,44,Completed
DP040,Dinesh R,ORD008132,15,Completed
DP162,Imran Khan,ORD008133,20,Completed
DP222,Manoj Kumar,ORD008134,45,Completed
DP250,Lokesh K,ORD008135,12,Rejected
DP225,Dinesh R,ORD008136,39,Rejected
DP192,Ajay Kumar,ORD008137,28,Completed
DP209,Prakash S,ORD008138,38,Completed
DP185,Dinesh R,ORD008139,23,Completed
DP181,Imran Khan,ORD008140,33,Cancelled
DP177,Imran Khan,ORD008141,23,Completed
DP194,Prakash S,ORD008142,12,Completed
DP197,Nithin P,ORD008143,21,Completed
DP217,Prakash S,ORD008144,42,Completed
DP197,Prakash S,ORD008145,14,Cancelled
DP152,Ajay Kumar,ORD008146,21,Rejected
DP249,Dinesh R,ORD008147,34,Completed
DP148,Ravi Kumar,ORD008148,29,Completed
DP133,Lokesh K,ORD008149,33,Completed
DP238,Kiran M,ORD008150,32,Completed
DP035,Ajay Kumar,ORD008151,33,Completed
DP113,Vijay S,ORD008152,19,Completed
DP226,Manoj Kumar,ORD008153,44,Completed
DP220,Mohan Raj,ORD008154,40,Completed
DP083,Vijay S,ORD008155,28,Completed
DP069,Ajay Kumar,ORD008156,45,Rejected
DP145,Kiran M,ORD008157,39,Cancelled
DP224,Vijay S,ORD008158,29,Completed
DP146,Suresh Kumar,ORD008159,37,Cancelled
DP038,Prakash S,ORD008160,18,Cancelled
DP203,Dinesh R,ORD008161,19,Completed
DP109,Kiran M,ORD008162,27,Cancelled
DP204,Dinesh R,ORD008163,43,Cancelled
DP215,Manoj Kumar,ORD008164,45,Rejected
DP044,Kiran M,ORD008165,11,Rejected
DP088,Manoj Kumar,ORD008166,38,Completed
DP016,Kiran M,ORD008167,28,Completed
DP116,Suresh Kumar,ORD008168,15,Rejected
DP026,Ravi Kumar,ORD008169,21,Completed
DP058,Imran Khan,ORD008170,19,Completed
DP026,Prakash S,ORD008171,41,Completed
DP121,Ravi Kumar,ORD008172,36,Completed
DP080,Ajay Kumar,ORD008173,19,Completed
DP199,Prakash S,ORD008174,24,Completed
DP161,Lokesh K,ORD008175,18,Cancelled
DP009,Dinesh R,ORD008176,25,Rejected
DP125,Dinesh R,ORD008177,29,Rejected
DP149,Kiran M,ORD008178,15,Cancelled
DP016,Vijay S,ORD008179,43,Completed
DP208,Ajay Kumar,ORD008180,18,Completed
DP021,Mohan Raj,ORD008181,19,Rejected
DP131,Suresh Kumar,ORD008182,17,Cancelled
DP223,Manoj Kumar,ORD008183,44,Rejected
DP022,Prakash S,ORD008184,42,Completed
DP054,Ravi Kumar,ORD008185,23,Completed
DP112,Mohan Raj,ORD008186,37,Cancelled
DP054,Mohan Raj,ORD008187,19,Rejected
DP149,Mohan Raj,ORD008188,27,Completed
DP183,Lokesh K,ORD008189,29,Cancelled
DP078,Ravi Kumar,ORD008190,45,Completed
DP082,Ravi Kumar,ORD008191,23,Rejected
DP178,Dinesh R,ORD008192,41,Cancelled
DP185,Ajay Kumar,ORD008193,32,Completed
DP147,Nithin P,ORD008194,31,Completed
DP096,Ajay Kumar,ORD008195,41,Completed
DP146,Manoj Kumar,ORD008196,43, Rejected 
DP048,Dinesh R,ORD008197,17,Rejected
DP187,Mohan Raj,ORD008198,11,Cancelled
DP062,Dinesh R,ORD008199,17,Completed
DP215,Imran Khan,ORD008200,31,Completed
DP196,Dinesh R,ORD008201,10,Cancelled
DP227,Vijay S,ORD008202,36,Completed
DP098,Vijay S,ORD008203,19,Cancelled
DP143,Imran Khan,ORD008204,39,Rejected
DP154,Manoj Kumar,ORD008205,30,Completed
DP131,Prakash S,ORD008206,30,Completed
DP026,Manoj Kumar,ORD008207,41,Cancelled
DP236,Manoj Kumar,ORD008208,39,Cancelled
DP154,Kiran M,ORD008209,20,Completed
DP213,Ajay Kumar,ORD008210,41,Rejected
DP083,Ajay Kumar,ORD008211,40,Cancelled
DP250,Ravi Kumar,ORD008212,10,Rejected
DP016,Kiran M,ORD008213,15,Completed
DP022,Ravi Kumar,ORD008214,37,Cancelled
DP128,Ravi Kumar,ORD008215,27,Rejected
DP224,Ravi Kumar,ORD008216,18,Completed
DP194,Lokesh K,ORD008217,19,Completed
DP188,Imran Khan,ORD008218,45,Completed
DP080,Prakash S,ORD008219,34,Completed
DP090,Suresh Kumar,ORD008220,30,Cancelled
DP179,Vijay S,ORD008221,43,Completed
DP061,Lokesh K,ORD008222,26,Cancelled
DP077,Manoj Kumar,ORD008223,24,Completed
DP110,Nithin P,ORD008224,39,Rejected
DP235,Manoj Kumar,ORD008225,27,Completed
DP144,Dinesh R,ORD008226,14,Completed
DP231,Dinesh R,ORD008227,23,Rejected
DP203,Prakash S,ORD008228,36,Completed
DP192,Manoj Kumar,ORD008229,32,Rejected
DP073,Imran Khan,ORD008230,20,Rejected
DP083,Nithin P,ORD008231,16,Rejected
DP042,Dinesh R,ORD008232,30,Completed
DP060,Ravi Kumar,ORD008233,29,Cancelled
DP217,Mohan Raj,ORD008234,17,Completed
DP095,Ravi Kumar,ORD008235,33,Completed
DP010,Kiran M,ORD008236,18,Completed
DP165,Vijay S,ORD008237,36,Cancelled
DP029,Dinesh R,ORD008238,31,Rejected
DP243,Dinesh R,ORD008239,24,Rejected
DP069,Vijay S,ORD008240,13,Completed
DP120,Kiran M,ORD008241,15,Rejected
DP086,Prakash S,ORD008242,29,Completed
DP194,Ravi Kumar,ORD008243,27,Cancelled
DP035,Kiran M,ORD008244,28,Completed
DP164,Lokesh K,ORD008245,18,Cancelled
DP231,Dinesh R,ORD008246,25,Completed
DP206,Manoj Kumar,ORD008247,45,Cancelled
DP054,Imran Khan,ORD008248,23,Rejected
DP053,Lokesh K,ORD008249,19,Completed
DP018,Nithin P,ORD008250,19,Completed
DP185,Nithin P,ORD008251,15,Completed
DP157,Dinesh R,ORD008252,45,Rejected
DP002,Manoj Kumar,ORD008253,33,Completed
DP226,Ajay Kumar,ORD008254,31,Cancelled
DP050,Prakash S,ORD008255,10,Completed
DP181,Imran Khan,ORD008256,39,Completed
DP181,Ravi Kumar,ORD008257,37,Completed
DP043,Ajay Kumar,ORD008258,15,Completed
DP163,Ravi Kumar,ORD008259,43,Cancelled
DP009,Mohan Raj,ORD008260,40, Rejected 
DP172,Ajay Kumar,ORD008261,32,Rejected
DP028,Vijay S,ORD008262,23,Rejected
DP137,Ajay Kumar,ORD008263,28,Completed
DP080,Suresh Kumar,ORD008264,14,Completed
DP107,Mohan Raj,ORD008265,20,Completed
DP028,Manoj Kumar,ORD008266,20,Rejected
DP156,Mohan Raj,ORD008267,36,Completed
DP140,Kiran M,ORD008268,27,Completed
DP144,Imran Khan,ORD008269,44,Completed
DP187,Lokesh K,ORD008270,33,Completed
DP199,Dinesh R,ORD008271,12,Completed
DP152,Vijay S,ORD008272,42,Completed
DP128,Nithin P,ORD008273,20,Rejected
DP013,Lokesh K,ORD008274,42,Rejected
DP022,Imran Khan,ORD008275,14,Completed
DP018,Vijay S,ORD008276,22,Completed
DP127,Dinesh R,ORD008277,17,Completed
DP081,Kiran M,ORD008278,40,Rejected
DP218,Imran Khan,ORD008279,11,Completed
DP030,Prakash S,ORD008280,30,Completed
DP205,Ajay Kumar,ORD008281,34,Completed
DP118,Ajay Kumar,ORD008282,40,Rejected
DP201,Kiran M,ORD008283,36,Completed
DP106,Dinesh R,ORD008284,37,Completed
DP247,Nithin P,ORD008285,10,Rejected
DP176,Mohan Raj,ORD008286,16,Cancelled
DP048,Prakash S,ORD008287,30,Completed
DP075,Ravi Kumar,ORD008288,20,Completed
DP204,Ravi Kumar,ORD008289,34,Completed
DP085,Prakash S,ORD008290,37,Completed
DP037,Ajay Kumar,ORD008291,37,Completed
DP062,Ajay Kumar,ORD008292,30,Rejected
DP049,Suresh Kumar,ORD008293,26,Rejected
DP205,Kiran M,ORD008294,32,Rejected
DP088,Ravi Kumar,ORD008295,43,Completed
DP007,Imran Khan,ORD008296,43,Completed
DP041,Suresh Kumar,ORD008297,12,Completed
DP051,Manoj Kumar,ORD008298,28,Rejected
DP216,Ajay Kumar,ORD008299,11,Completed
DP154,Prakash S,ORD008300,10,Completed
DP246,Ravi Kumar,ORD008301,11,Completed
DP043,Manoj Kumar,ORD008302,33,Rejected
DP040,Ajay Kumar,ORD008303,42,Completed
DP118,Suresh Kumar,ORD008304,39,Completed
DP137,Suresh Kumar,ORD008305,30,Completed
DP031,Ajay Kumar,ORD008306,45,Cancelled
DP239,Nithin P,ORD008307,11,Cancelled
DP209,Imran Khan,ORD008308,45,Completed
DP112,Manoj Kumar,ORD008309,20,Completed
DP200,Imran Khan,ORD008310,29,Completed
DP060,Lokesh K,ORD008311,10,Completed
DP044,Lokesh K,ORD008312,22,Completed
DP192,Ravi Kumar,ORD008313,21,Rejected
DP091,Imran Khan,ORD008314,40,Cancelled
DP197,Manoj Kumar,ORD008315,42,Rejected
DP042,Dinesh R,ORD008316,29,Rejected
DP198,Manoj Kumar,ORD008317,15,Completed
DP022,Nithin P,ORD008318,-5,Completed
DP242,Ravi Kumar,ORD008319,22,Rejected
DP029,Imran Khan,ORD008320,33,Cancelled
DP031,Suresh Kumar,ORD008321,34,Completed
DP056,Manoj Kumar,ORD008322,25,Cancelled
DP146,Suresh Kumar,ORD008323,18,Cancelled
DP023,Imran Khan,ORD008324,17,Cancelled
DP217,Lokesh K,ORD008325,18,Completed
DP212,Imran Khan,ORD008326,14,Cancelled
DP044,Prakash S,ORD008327,23,Cancelled
DP060,Manoj Kumar,ORD008328,45,Completed
DP184,Imran Khan,ORD008329,29,Completed
DP188,Suresh Kumar,ORD008330,35,Completed
DP003,Suresh Kumar,ORD008331,31,Completed
DP202,Lokesh K,ORD008332,28,Completed
DP195,Nithin P,ORD008333,22,Completed
DP122,Prakash S,ORD008334,34,Completed
DP245,Manoj Kumar,ORD008335,13,Completed
DP196,Kiran M,ORD008336,25,Completed
DP118,Ajay Kumar,ORD008337,13,Completed
DP058,Imran Khan,ORD008338,44,Cancelled
DP176,Dinesh R,ORD008339,16,Completed
DP199,Suresh Kumar,ORD008340,18,Rejected
DP167,Nithin P,ORD008341,37,Completed
DP134,Dinesh R,ORD008342,41,Completed
DP036,Ajay Kumar,ORD008343,25,Completed
DP124,Imran Khan,ORD008344,19,Rejected
DP199,Mohan Raj,ORD008345,39,Completed
DP100,Vijay S,ORD008346,44,Completed
DP068,Suresh Kumar,ORD008347,19,Completed
DP240,Dinesh R,ORD008348,17,Completed
DP169,Suresh Kumar,ORD008349,35,Completed
DP206,Vijay S,ORD008350,36,Completed
DP078,Manoj Kumar,ORD008351,18,Completed
DP226,Lokesh K,ORD008352,30,Completed
DP222,Vijay S,ORD008353,12,Cancelled
DP173,Manoj Kumar,ORD008354,41,Completed
DP002,Ravi Kumar,ORD008355,13,Cancelled
DP160,Manoj Kumar,ORD008356,30,Completed
DP058,Mohan Raj,ORD008357,39,Completed
DP221,Lokesh K,ORD008358,15,Rejected
DP113,Mohan Raj,ORD008359,13,Rejected
DP177,Mohan Raj,ORD008360,44,Completed
DP126,Nithin P,ORD008361,37,Completed
DP047,Lokesh K,ORD008362,19,Completed
DP154,Dinesh R,ORD008363,39,Completed
DP246,Vijay S,ORD008364,10,Cancelled
DP009,Vijay S,ORD008365,38,Completed
DP136,Lokesh K,ORD008366,27,Rejected
DP164,Ravi Kumar,ORD008367,37,Cancelled
DP180,Prakash S,ORD008368,24,Rejected
DP070,Nithin P,ORD008369,31,Rejected
DP077,Imran Khan,ORD008370,18,Completed
DP029,Imran Khan,ORD008371,30,Rejected
DP118,Suresh Kumar,ORD008372,34,Completed
DP027,Lokesh K,ORD008373,34,Completed
DP185,Suresh Kumar,ORD008374,35,Completed
DP075,Mohan Raj,ORD008375,12,Completed
DP100,Nithin P,ORD008376,17,Completed
DP008,Manoj Kumar,ORD008377,12,Completed
DP222,Prakash S,ORD008378,34,Completed
DP068,Kiran M,ORD008379,17,Completed
DP197,Kiran M,ORD008380,42,Completed
DP036,Dinesh R,ORD008381,21,Completed
DP112,Manoj Kumar,ORD008382,43,Completed
DP211,Ravi Kumar,ORD008383,21,Completed
DP214,Suresh Kumar,ORD008384,26,Rejected
DP243,Imran Khan,ORD008385,39,Completed
DP074,Manoj Kumar,ORD008386,10,Completed
DP002,Kiran M,ORD008387,14,Completed
DP135,Ravi Kumar,ORD008388,25,Rejected
DP056,Kiran M,ORD008389,28,Cancelled
DP060,Dinesh R,ORD008390,14,Completed
DP067,Kiran M,ORD008391,32,Cancelled
DP108,Mohan Raj,ORD008392,42,Rejected
DP001,Ravi Kumar,ORD008393,43,Completed
DP159,Vijay S,ORD008394,12,Completed
DP164,Kiran M,ORD008395,45,Completed
DP121,Manoj Kumar,ORD008396,15,Completed
DP062,Suresh Kumar,ORD008397,37,Completed
DP250,Ajay Kumar,ORD008398,10,Rejected
DP005,Manoj Kumar,ORD008399,19,Completed
DP162,Imran Khan,ORD008400,27,Cancelled
DP145,Ajay Kumar,ORD008401,22,Completed
DP242,Suresh Kumar,ORD008402,16,Completed
DP156,Mohan Raj,ORD008403,17,Rejected
DP043,Manoj Kumar,ORD008404,40,Completed
DP014,Prakash S,ORD008405,19,Completed
DP109,Ajay Kumar,ORD008406,19,Cancelled
DP061,Kiran M,ORD008407,12,Rejected
DP107,Vijay S,ORD008408,40,Completed
DP153,Mohan Raj,ORD008409,31,Cancelled
DP169,Ravi Kumar,ORD008410,22,Rejected
DP184,Kiran M,ORD008411,26,Rejected
DP075,Dinesh R,ORD008412,10,Rejected
DP229,Imran Khan,ORD008413,42,Completed
DP167,Manoj Kumar,ORD008414,14,Cancelled
DP028,Manoj Kumar,ORD008415,14,Completed
DP197,Imran Khan,ORD008416,35,Rejected
DP019,Imran Khan,ORD008417,26,Completed
DP150,Vijay S,ORD008418,11,Completed
DP190,Imran Khan,ORD008419,35,Completed
DP004,Vijay S,ORD008420,31,Completed
DP016,Lokesh K,ORD008421,38,Completed
DP155,Ajay Kumar,ORD008422,20,Completed
DP155,Suresh Kumar,ORD008423,25,Completed
DP143,Manoj Kumar,ORD008424,33,Cancelled
DP126,Manoj Kumar,ORD008425,10,Rejected
DP206,Manoj Kumar,ORD008426,18,Cancelled
DP008,Vijay S,ORD008427,45,Cancelled
DP069,Imran Khan,ORD008428,19,Completed
DP122,Mohan Raj,ORD008429,33,Completed
DP125,Ravi Kumar,ORD008430,27,Completed
DP112,Vijay S,ORD008431,42,Completed
DP066,Nithin P,ORD008432,34,Completed
DP065,Manoj Kumar,ORD008433,19,Completed
DP157,Ravi Kumar,ORD008434,31,Completed
DP211,Manoj Kumar,ORD008435,31,Rejected
DP138,Manoj Kumar,ORD008436,25,Completed
DP081,Manoj Kumar,ORD008437,26,Completed
DP050,Ravi Kumar,ORD008438,32,Cancelled
DP016,Nithin P,ORD008439,21,Cancelled
DP104,Lokesh K,ORD008440,20,Completed
DP230,Suresh Kumar,ORD008441,28,Rejected
DP011,Dinesh R,ORD008442,43,Completed
DP229,Mohan Raj,ORD008443,13,Rejected
DP226,Ajay Kumar,ORD008444,44,Completed
DP066,Mohan Raj,ORD008445,14,Rejected
DP053,Kiran M,ORD008446,45,Completed
DP139,Ravi Kumar,ORD008447,15,Cancelled
DP240,Vijay S,ORD008448,30,Completed
DP139,Ajay Kumar,ORD008449,17,Rejected
DP059,Lokesh K,ORD008450,45,Completed
DP140,Suresh Kumar,ORD008451,24,Rejected
DP216,Imran Khan,ORD008452,13,Rejected
DP179,Suresh Kumar,ORD008453,13,Completed
DP159,Ravi Kumar,ORD008454,28,Completed
DP193,Prakash S,ORD008455,15,Completed
DP048,Mohan Raj,ORD008456,41,Completed
DP239,Nithin P,ORD008457,16,Rejected
DP082,Nithin P,ORD008458,34,Rejected
DP194,Nithin P,ORD008459,40,Completed
DP147,Kiran M,ORD008460,27,Completed
DP086,Dinesh R,ORD008461,29,Completed
DP212,Lokesh K,ORD008462,33,Rejected
DP244,Kiran M,ORD008463,15,Rejected
DP117,Manoj Kumar,ORD008464,44,Completed
DP148,Manoj Kumar,ORD008465,41,Cancelled
DP023,Manoj Kumar,ORD008466,27,Completed
DP014,Nithin P,ORD008467,43,Completed
DP101,Mohan Raj,ORD008468,41,Rejected
DP245,Ravi Kumar,ORD008469,13,Completed
DP195,Nithin P,ORD008470,22,Completed
DP205,Imran Khan,ORD008471,37,Completed
DP235,Ravi Kumar,ORD008472,40,Completed
DP049,Ravi Kumar,ORD008473,11,Completed
DP146,Suresh Kumar,ORD008474,43,Cancelled
DP063,Lokesh K,ORD008475,21,Completed
DP023,Mohan Raj,ORD008476,22,Completed
DP108,Imran Khan,ORD008477,42,Rejected
DP108,Kiran M,ORD008478,12,Rejected
DP044,Kiran M,ORD008479,38,Rejected
DP039,Ajay Kumar,ORD008480,44,Completed
DP147,Imran Khan,ORD008481,25,Completed
DP170,Dinesh R,ORD008482,15,Completed
DP166,Imran Khan,ORD008483,13,Completed
DP160,Kiran M,ORD008484,17,Rejected
DP105,Manoj Kumar,ORD008485,12,Completed
DP166,Prakash S,ORD008486,29,Completed
DP087,Nithin P,ORD008487,13,Completed
DP195,Imran Khan,ORD008488,22,Cancelled
DP227,Prakash S,ORD008489,38,Completed
DP099,Manoj Kumar,ORD008490,34,Completed
DP248,Vijay S,ORD008491,39,Completed
DP052,Prakash S,ORD008492,15,Completed
DP144,Vijay S,ORD008493,23,Completed
DP019,Ravi Kumar,ORD008494,10,Cancelled
DP124,Vijay S,ORD008495,26,Cancelled
DP236,Dinesh R,ORD008496,30,Completed
DP189,Suresh Kumar,ORD008497,19,Cancelled
DP058,Suresh Kumar,ORD008498,15,Completed
DP183,Ajay Kumar,ORD008499,18,Completed
DP231,Mohan Raj,ORD008500,33,Completed
DP148,Vijay S,ORD008501,13,Completed
DP117,Suresh Kumar,ORD008502,28,Completed
DP218,Kiran M,ORD008503,26,Completed
DP065,Mohan Raj,ORD008504,26,Completed
DP188,Manoj Kumar,ORD008505,28,Completed
DP231,Mohan Raj,ORD008506,41,Completed
DP120,Mohan Raj,ORD008507,40,Completed
DP060,Ajay Kumar,ORD008508,42,Completed
DP102,Vijay S,ORD008509,14,Completed
DP074,Suresh Kumar,ORD008510,15,Completed
DP079,Dinesh R,ORD008511,43,Completed
DP135,Suresh Kumar,ORD008512,23,Completed
DP197,Kiran M,ORD008513,38,Completed
DP079,Nithin P,ORD008514,25,Rejected
DP021,Suresh Kumar,ORD008515,12,Completed
DP162,Vijay S,ORD008516,41,Completed
DP243,Nithin P,ORD008517,39,Cancelled
DP237,Suresh Kumar,ORD008518,37,Rejected
DP088,Prakash S,ORD008519,41,Completed
DP096,Dinesh R,ORD008520,13,Completed
DP243,Dinesh R,ORD008521,23,Cancelled
DP068,Prakash S,ORD008522,40,Completed
DP084,Prakash S,ORD008523,35,Completed
DP247,Nithin P,ORD008524,12,Completed
DP161,Mohan Raj,ORD008525,42,Rejected
DP146,Mohan Raj,ORD008526,30,Completed
DP076,Dinesh R,ORD008527,28,Completed
DP250,Prakash S,ORD008528,13,Completed
DP115,Lokesh K,ORD008529,17,Cancelled
DP051,Prakash S,ORD008530,35,Completed
DP238,Suresh Kumar,ORD008531,38,Completed
DP122,Vijay S,ORD008532,37,Completed
DP238,Vijay S,ORD008533,18,Completed
DP196,Imran Khan,ORD008534,11,Completed
DP209,Lokesh K,ORD008535,32,Completed
DP163,Dinesh R,ORD008536,18,Completed
DP074,Kiran M,ORD008537,34,Completed
DP213,Suresh Kumar,ORD008538,43,Cancelled
DP008,Suresh Kumar,ORD008539,25,Completed
DP051,Nithin P,ORD008540,28,Completed
DP237,Mohan Raj,ORD008541,14,Completed
DP215,Kiran M,ORD008542,38,Rejected
DP039,Mohan Raj,ORD008543,10,Completed
DP062,Prakash S,ORD008544,10,Cancelled
DP245,Vijay S,ORD008545,28,Completed
DP184,Vijay S,ORD008546,45,Rejected
DP209,Dinesh R,ORD008547,34,Completed
DP091,Lokesh K,ORD008548,12,Completed
DP174,Nithin P,ORD008549,14,Completed
DP023,Nithin P,ORD008550,40,Cancelled
DP040,Manoj Kumar,ORD008551,21,Rejected
DP024,Lokesh K,ORD008552,23,Rejected
DP153,Imran Khan,ORD008553,35,Completed
DP108,Manoj Kumar,ORD008554,32,Rejected
DP169,Lokesh K,ORD008555,13,Rejected
DP169,Ravi Kumar,ORD008556,44,Cancelled
DP136,Lokesh K,ORD008557,41,Cancelled
DP162,Imran Khan,ORD008558,27,Completed
DP115,Suresh Kumar,ORD008559,17,Completed
DP243,Lokesh K,ORD008560,40,Rejected
DP176,Vijay S,ORD008561,31,Completed
DP148,Imran Khan,ORD008562,21,Cancelled
DP140,Manoj Kumar,ORD008563,17,Completed
DP081,Dinesh R,ORD008564,20,Completed
DP170,Mohan Raj,ORD008565,21,Completed
DP012,Imran Khan,ORD008566,42,Cancelled
DP127,Mohan Raj,ORD008567,12,Rejected
DP194,Prakash S,ORD008568,20,Cancelled
DP030,Vijay S,ORD008569,17,Cancelled
DP165,Prakash S,ORD008570,42,Completed
DP058,Dinesh R,ORD008571,38,Completed
DP021,Prakash S,ORD008572,28,Completed
DP019,Dinesh R,ORD008573,26,Completed
DP104,Ravi Kumar,ORD008574,15,Cancelled
DP121,Kiran M,ORD008575,10,Completed
DP189,Suresh Kumar,ORD008576,44,Completed
DP159,Lokesh K,ORD008577,44,Cancelled
DP227,Kiran M,ORD008578,14,Completed
DP236,Suresh Kumar,ORD008579,30,Completed
DP190,Imran Khan,ORD008580,16,Completed
DP037,Dinesh R,ORD008581,34,Completed
DP223,Ajay Kumar,ORD008582,17,Completed
DP012,Suresh Kumar,ORD008583,36,Cancelled
DP053,Ajay Kumar,ORD008584,36,Completed
DP024,Ravi Kumar,ORD008585,13,Cancelled
DP166,Ajay Kumar,ORD008586,23,Completed
DP131,Lokesh K,ORD008587,18,Rejected
DP013,Imran Khan,ORD008588,15,Completed
DP146,Imran Khan,ORD008589,11,Completed
DP235,Dinesh R,ORD008590,19,Completed
DP016,Prakash S,ORD008591,42,Completed
DP084,Mohan Raj,ORD008592,33,Rejected
DP126,Kiran M,ORD008593,11,Completed
DP012,Vijay S,ORD008594,24,Completed
DP061,Imran Khan,ORD008595,24,Completed
DP124,Lokesh K,ORD008596,16,Completed
DP205,Suresh Kumar,ORD008597,42,Completed
DP227,Mohan Raj,ORD008598,37,Completed
DP161,Lokesh K,ORD008599,30,Completed
DP220,Kiran M,ORD008600,26,Rejected
DP071,Nithin P,ORD008601,41,Completed
DP150,Lokesh K,ORD008602,13,Completed
DP082,Ajay Kumar,ORD008603,36,Completed
DP083,Dinesh R,ORD008604,18,Cancelled
DP074,Nithin P,ORD008605,34,Completed
DP091,Ravi Kumar,ORD008606,10,Completed
DP204,Manoj Kumar,ORD008607,33,Cancelled
DP128,Ravi Kumar,ORD008608,22,Completed
DP173,Ravi Kumar,ORD008609,40,Completed
DP214,Nithin P,ORD008610,13,Cancelled
DP033,Ajay Kumar,ORD008611,18,Completed
DP161,Nithin P,ORD008612,36,Cancelled
DP205,Dinesh R,ORD008613,10,Completed
DP155,Vijay S,ORD008614,34,Completed
DP245,Ravi Kumar,ORD008615,28,Completed
DP174,Dinesh R,ORD008616,26,Completed
DP193,Nithin P,ORD008617,12,Rejected
DP091,Ajay Kumar,ORD008618,12,Completed
DP172,Suresh Kumar,ORD008619,21,Completed
DP094,Lokesh K,ORD008620,37,Rejected
DP232,Manoj Kumar,ORD008621,36,Completed
DP179,Suresh Kumar,ORD008622,30,Completed
DP075,Lokesh K,ORD008623,39,Cancelled
DP248,Ravi Kumar,ORD008624,20,Rejected
DP160,Lokesh K,ORD008625,44,Completed
DP245,Kiran M,ORD008626,34,Completed
DP012,Dinesh R,ORD008627,33,Completed
DP098,Imran Khan,ORD008628,10,Completed
DP110,Nithin P,ORD008629,42,Completed
DP021,Mohan Raj,ORD008630,19,Cancelled
DP118,Dinesh R,ORD008631,30,Completed
DP143,Nithin P,ORD008632,36,Completed
DP178,Ajay Kumar,ORD008633,26,Rejected
DP219,Kiran M,ORD008634,30,Completed
DP180,Nithin P,ORD008635,30,Completed
DP246,Ravi Kumar,ORD008636,19,Cancelled
DP096,Ravi Kumar,ORD008637,40,Completed
DP058,Lokesh K,ORD008638,24,Completed
DP222,Mohan Raj,ORD008639,18,Completed
DP216,Dinesh R,ORD008640,12,Completed
DP060,Mohan Raj,ORD008641,12,Completed
DP007,Lokesh K,ORD008642,36,Completed
DP224,Lokesh K,ORD008643,37,Completed
DP136,Dinesh R,ORD008644,26,Cancelled
DP029,Imran Khan,ORD008645,36,Completed
DP227,Imran Khan,ORD008646,44,Completed
DP084,Nithin P,ORD008647,29,Completed
DP025,Mohan Raj,ORD008648,17,Completed
DP029,Nithin P,ORD008649,20,Rejected
DP066,Ajay Kumar,ORD008650,11,Rejected
DP243,Suresh Kumar,ORD008651,21,Completed
DP077,Mohan Raj,ORD008652,21,Completed
DP105,Prakash S,ORD008653,20,Completed
DP103,Nithin P,ORD008654,29,Completed
DP184,Mohan Raj,ORD008655,40,Cancelled
DP243,Dinesh R,ORD008656,23,Completed
DP137,Vijay S,ORD008657,21,Completed
DP133,Suresh Kumar,ORD008658,39,Cancelled
DP020,Lokesh K,ORD008659,36,Rejected
DP094,Suresh Kumar,ORD008660,34,Cancelled
DP208,Vijay S,ORD008661,39,Cancelled
DP208,Mohan Raj,ORD008662,16,Cancelled
DP055,Imran Khan,ORD008663,25,Completed
DP062,Dinesh R,ORD008664,26,Completed
DP036,Suresh Kumar,ORD008665,42,Rejected
DP030,Vijay S,ORD008666,21,Completed
DP184,Ravi Kumar,ORD008667,45,Cancelled
DP128,Prakash S,ORD008668,22,Completed
DP034,Manoj Kumar,ORD008669,12,Completed
DP190,Imran Khan,ORD008670,16,Cancelled
DP119,Dinesh R,ORD008671,38,Completed
DP131,Vijay S,ORD008672,19,Cancelled
DP248,Nithin P,ORD008673,20,Completed
DP243,Imran Khan,ORD008674,38,Completed
DP182,Kiran M,ORD008675,10,Cancelled
DP139,Ravi Kumar,ORD008676,19,Cancelled
DP044,Nithin P,ORD008677,10,Cancelled
DP236,Ajay Kumar,ORD008678,23,Completed
DP149,Ajay Kumar,ORD008679,26,Completed
DP230,Imran Khan,ORD008680,41,Completed
DP008,Ajay Kumar,ORD008681,34,Completed
DP114,Mohan Raj,ORD008682,14,Completed
DP250,Dinesh R,ORD008683,13,Completed
DP125,Dinesh R,ORD008684,23,Completed
DP117,Kiran M,ORD008685,42,Completed
DP029,Mohan Raj,ORD008686,10,Cancelled
DP072,Imran Khan,ORD008687,38,Cancelled
DP070,Nithin P,ORD008688,14,Completed
DP172,Manoj Kumar,ORD008689,20,Completed
DP038,Prakash S,ORD008690,26,Completed
DP042,Mohan Raj,ORD008691,25,Completed
DP168,Suresh Kumar,ORD008692,31,Completed
DP149,Dinesh R,ORD008693,18,Completed
DP083,Ravi Kumar,ORD008694,28,Completed
DP128,Lokesh K,ORD008695,20,Rejected
DP117,Imran Khan,ORD008696,28,Completed
DP028,Kiran M,ORD008697,19,Rejected
DP059,Prakash S,ORD008698,44,Cancelled
DP151,Ravi Kumar,ORD008699,27,Completed
DP058,Manoj Kumar,ORD008700,34,Cancelled
DP148,Ravi Kumar,ORD008701,33,Completed
DP107,Imran Khan,ORD008702,13,Rejected
DP240,Manoj Kumar,ORD008703,37,Completed
DP012,Nithin P,ORD008704,36,Completed
DP120,Kiran M,ORD008705,10,Completed
DP136,Manoj Kumar,ORD008706,24,Rejected
DP132,Prakash S,ORD008707,11,Completed
DP041,Lokesh K,ORD008708,21,Completed
DP030,Kiran M,ORD008709,26,Completed
DP116,Kiran M,ORD008710,22,Completed
DP036,Imran Khan,ORD008711,10,Rejected
DP108,Imran Khan,ORD008712,37,Cancelled
DP113,Vijay S,ORD008713,40,Completed
DP021,Mohan Raj,ORD008714,10,Completed
DP133,Imran Khan,ORD008715,32,Cancelled
DP197,Vijay S,ORD008716,32,Completed
DP154,Ravi Kumar,ORD008717,29,Completed
DP037,Imran Khan,ORD008718,16, Rejected 
DP138,Imran Khan,ORD008719,14,Completed
DP184,Vijay S,ORD008720,18,Completed
DP169,Ravi Kumar,ORD008721,35,Cancelled
DP015,Vijay S,ORD008722,36,Rejected
DP048,Vijay S,ORD008723,18,Rejected
DP229,Lokesh K,ORD008724,13,Completed
DP174,Manoj Kumar,ORD008725,36,Rejected
DP088,Vijay S,ORD008726,12,Completed
DP143,Vijay S,ORD008727,37,Cancelled
DP139,Imran Khan,ORD008728,16,Completed
DP173,Nithin P,ORD008729,37,Rejected
DP107,Imran Khan,ORD008730,37,Cancelled
DP029,Imran Khan,ORD008731,14,Rejected
DP205,Manoj Kumar,ORD008732,34,Rejected
DP010,Prakash S,ORD008733,32,Completed
DP049,Manoj Kumar,ORD008734,-5,Rejected
DP097,Ravi Kumar,ORD008735,35,Completed
DP170,Manoj Kumar,ORD008736,29,Rejected
DP113,Prakash S,ORD008737,33,Completed
DP160,Kiran M,ORD008738,16,Completed
DP230,Manoj Kumar,ORD008739,25,Rejected
DP012,Mohan Raj,ORD008740,39,Rejected
DP055,Suresh Kumar,ORD008741,24,Cancelled
DP177,Imran Khan,ORD008742,43,Cancelled
DP062,Nithin P,ORD008743,31,Completed
DP183,Manoj Kumar,ORD008744,15,Completed
DP029,Vijay S,ORD008745,39,Completed
DP244,Prakash S,ORD008746,22,Rejected
DP050,Suresh Kumar,ORD008747,10,Completed
DP141,Manoj Kumar,ORD008748,23,Completed
DP193,Ajay Kumar,ORD008749,34,Completed
DP034,Dinesh R,ORD008750,35,Rejected
DP143,Manoj Kumar,ORD008751,25,Completed
DP192,Lokesh K,ORD008752,32,Cancelled
DP232,Kiran M,ORD008753,25,Rejected
DP099,Kiran M,ORD008754,17,Cancelled
DP020,Dinesh R,ORD008755,12,Completed
DP059,Lokesh K,ORD008756,21,Cancelled
DP030,Ravi Kumar,ORD008757,18,Completed
DP068,Nithin P,ORD008758,17,Completed
DP065,Ajay Kumar,ORD008759,23,Completed
DP011,Lokesh K,ORD008760,31,Cancelled
DP149,Manoj Kumar,ORD008761,32,Completed
DP125,Ajay Kumar,ORD008762,15,Rejected
DP050,Nithin P,ORD008763,17,Cancelled
DP007,Ravi Kumar,ORD008764,24,Completed
DP193,Mohan Raj,ORD008765,26,Completed
DP214,Imran Khan,ORD008766,12,Completed
DP219,Suresh Kumar,ORD008767,38,Completed
DP157,Suresh Kumar,ORD008768,18,Cancelled
DP161,Imran Khan,ORD008769,18,Completed
DP094,Dinesh R,ORD008770,28,Completed
DP035,Suresh Kumar,ORD008771,12,Completed
DP202,Ajay Kumar,ORD008772,21,Completed
DP237,Prakash S,ORD008773,22,Completed
DP002,Ajay Kumar,ORD008774,45,Rejected
DP189,Mohan Raj,ORD008775,45,Cancelled
DP052,Nithin P,ORD008776,10,Completed
DP018,Prakash S,ORD008777,29,Cancelled
DP224,Vijay S,ORD008778,15,Cancelled
DP018,Nithin P,ORD008779,27,Rejected
DP129,Nithin P,ORD008780,38,Cancelled
DP210,Lokesh K,ORD008781,10,Rejected
DP217,Vijay S,ORD008782,33,Rejected
DP218,Dinesh R,ORD008783,29,Completed
DP202,Ravi Kumar,ORD008784,18,Completed
DP160,Vijay S,ORD008785,10,Rejected
DP066,Imran Khan,ORD008786,29,Cancelled
DP250,Vijay S,ORD008787,16,Cancelled
DP048,Lokesh K,ORD008788,26,Completed
DP217,Ravi Kumar,ORD008789,31,Cancelled
DP068,Kiran M,ORD008790,27,Completed
DP147,Ravi Kumar,ORD008791,43,Completed
DP249,Ajay Kumar,ORD008792,14,Cancelled
DP159,Prakash S,ORD008793,19,Completed
DP164,Suresh Kumar,ORD008794,23,Completed
DP222,Suresh Kumar,ORD008795,20,Completed
DP038,Kiran M,ORD008796,41,Completed
DP168,Ravi Kumar,ORD008797,25,Cancelled
DP176,Suresh Kumar,ORD008798,14,Cancelled
DP225,Vijay S,ORD008799,25,Completed
DP141,Ajay Kumar,ORD008800,39,Completed
DP016,Lokesh K,ORD008801,39,Rejected
DP083,Vijay S,ORD008802,11,Rejected
DP100,Vijay S,ORD008803,40,Rejected
DP046,Nithin P,ORD008804,14,Completed
DP083,Prakash S,ORD008805,30,Cancelled
DP195,Nithin P,ORD008806,44,Completed
DP238,Prakash S,ORD008807,40,Completed
DP016,Imran Khan,ORD008808,19,Completed
DP165,Imran Khan,ORD008809,42,Completed
DP249,Manoj Kumar,ORD008810,24,Completed
DP155,Nithin P,ORD008811,12,Completed
DP113,Mohan Raj,ORD008812,40,Cancelled
DP055,Dinesh R,ORD008813,40,Completed
DP131,Imran Khan,ORD008814,42,Completed
DP165,Imran Khan,ORD008815,19,Completed
DP040,Dinesh R,ORD008816,14,Completed
DP166,Imran Khan,ORD008817,27,completed
DP011,Vijay S,ORD008818,40,Cancelled
DP216,Imran Khan,ORD008819,23,Completed
DP145,Ajay Kumar,ORD008820,18,Completed
DP222,Ajay Kumar,ORD008821,32,Completed
DP212,Kiran M,ORD008822,40,Rejected
DP039,Ravi Kumar,ORD008823,17,Completed
DP025,Nithin P,ORD008824,25,Completed
DP104,Prakash S,ORD008825,33,Completed
DP220,Nithin P,ORD008826,40,Completed
DP147,Imran Khan,ORD008827,14,Cancelled
DP024,Nithin P,ORD008828,42,Cancelled
DP123,Nithin P,ORD008829,32,Cancelled
DP205,Vijay S,ORD008830,38,Completed
DP066,Imran Khan,ORD008831,20,Completed
DP092,Suresh Kumar,ORD008832,42,Rejected
DP051,Dinesh R,ORD008833,23,Completed
DP080,Prakash S,ORD008834,21,Rejected
DP072,Lokesh K,ORD008835,11,Completed
DP181,Prakash S,ORD008836,33,Rejected
DP185,Dinesh R,ORD008837,26,Cancelled
DP014,Dinesh R,ORD008838,29,Cancelled
DP199,Dinesh R,ORD008839,14,Completed
DP097,Vijay S,ORD008840,29,Completed
DP211,Ravi Kumar,ORD008841,10,Completed
DP056,Prakash S,ORD008842,23,Cancelled
DP173,Ravi Kumar,ORD008843,25,Completed
DP133,Manoj Kumar,ORD008844,24,Completed
DP111,Suresh Kumar,ORD008845,33,Completed
DP138,Lokesh K,ORD008846,14,Completed
DP021,Vijay S,ORD008847,22,Completed
DP235,Ravi Kumar,ORD008848,41,Completed
DP150,Suresh Kumar,ORD008849,30,Rejected
DP227,Lokesh K,ORD008850,22,Rejected
DP117,Nithin P,ORD008851,25,Completed
DP066,Nithin P,ORD008852,19,Completed
DP038,Nithin P,ORD008853,44,Completed
DP087,Ravi Kumar,ORD008854,12,Cancelled
DP190,Vijay S,ORD008855,13,Completed
DP126,Imran Khan,ORD008856,22,Completed
DP236,Imran Khan,ORD008857,15,Completed
DP170,Prakash S,ORD008858,18,Completed
DP056,Manoj Kumar,ORD008859,26,Completed
DP193,Lokesh K,ORD008860,31,Completed
DP060,Kiran M,ORD008861,36,Cancelled
DP113,Manoj Kumar,ORD008862,23,Completed
DP052,Imran Khan,ORD008863,15,Completed
DP045,Vijay S,ORD008864,28,Completed
DP022,Suresh Kumar,ORD008865,43,Completed
DP146,Manoj Kumar,ORD008866,29,Cancelled
DP073,Dinesh R,ORD008867,23,Completed
DP016,Manoj Kumar,ORD008868,26,Cancelled
DP038,Imran Khan,ORD008869,14,Rejected
DP056,Nithin P,ORD008870,29,Cancelled
DP196,Ravi Kumar,ORD008871,43,Cancelled
DP129,Ravi Kumar,ORD008872,15,Completed
DP157,Dinesh R,ORD008873,23,Completed
DP082,Ajay Kumar,ORD008874,15,Cancelled
DP064,Nithin P,ORD008875,31,Completed
DP074,Nithin P,ORD008876,16,Cancelled
DP022,Imran Khan,ORD008877,12,Completed
DP173,Mohan Raj,ORD008878,11,Completed
DP212,Manoj Kumar,ORD008879,31,Completed
DP116,Mohan Raj,ORD008880,24,Completed
DP146,Suresh Kumar,ORD008881,36,Completed
DP025,Imran Khan,ORD008882,22,Cancelled
DP125,Ajay Kumar,ORD008883,45,Cancelled
DP250,Imran Khan,ORD008884,28,Cancelled
DP164,Kiran M,ORD008885,15,Completed
DP034,Vijay S,ORD008886,19,Cancelled
DP069,Ajay Kumar,ORD008887,35,Completed
DP115,Ravi Kumar,ORD008888,35,Completed
DP049,Ajay Kumar,ORD008889,15,Completed
DP234,Mohan Raj,ORD008890,31,Cancelled
DP120,Kiran M,ORD008891,20,Completed
DP195,Kiran M,ORD008892,13,Cancelled
DP110,Lokesh K,ORD008893,28,Completed
DP140,Mohan Raj,ORD008894,30,Rejected
DP171,Ravi Kumar,ORD008895,38,Completed
DP239,Ravi Kumar,ORD008896,32,Completed
DP134,Vijay S,ORD008897,25,Completed
DP010,Mohan Raj,ORD008898,35,Completed
DP124,Imran Khan,ORD008899,45,Completed
DP163,Dinesh R,ORD008900,40,completed
DP079,Dinesh R,ORD008901,23,Cancelled
DP201,Lokesh K,ORD008902,26,Cancelled
DP010,Mohan Raj,ORD008903,38,Cancelled
DP217,Mohan Raj,ORD008904,31,Completed
DP068,Nithin P,ORD008905,13,Completed
DP237,Prakash S,ORD008906,19,Cancelled
DP095,Nithin P,ORD008907,39,Rejected
DP099,Suresh Kumar,ORD008908,20,Completed
DP154,Manoj Kumar,ORD008909,37,Rejected
DP098,Manoj Kumar,ORD008910,12,Completed
DP085,Dinesh R,ORD008911,41,Completed
DP126,Lokesh K,ORD008912,41,Completed
DP159,Kiran M,ORD008913,24,Completed
DP189,Ajay Kumar,ORD008914,13,Completed
DP023,Nithin P,ORD008915,32,Completed
DP182,Dinesh R,ORD008916,27,Completed
DP130,Nithin P,ORD008917,43,Cancelled
DP050,Imran Khan,ORD008918,44,Completed
DP107,Manoj Kumar,ORD008919,40,Completed
DP070,Imran Khan,ORD008920,14,Completed
DP022,Suresh Kumar,ORD008921,44,Completed
DP185,Prakash S,ORD008922,24,Rejected
DP235,Kiran M,ORD008923,19,Completed
DP091,Kiran M,ORD008924,41,Rejected
DP105,Suresh Kumar,ORD008925,32,Completed
DP144,Suresh Kumar,ORD008926,24,Completed
DP050,Kiran M,ORD008927,24,Cancelled
DP210,Nithin P,ORD008928,21,Completed
DP145,Imran Khan,ORD008929,11,Cancelled
DP045,Ajay Kumar,ORD008930,12,Completed
DP174,Vijay S,ORD008931,28,Completed
DP128,Kiran M,ORD008932,37,Completed
DP148,Lokesh K,ORD008933,13,Completed
DP084,Kiran M,ORD008934,14,Completed
DP083,Ajay Kumar,ORD008935,43,Completed
DP026,Kiran M,ORD008936,37,Completed
DP072,Ajay Kumar,ORD008937,18,Completed
DP035,Ajay Kumar,ORD008938,22,Rejected
DP134,Imran Khan,ORD008939,10,Cancelled
DP060,Dinesh R,ORD008940,31,Completed
DP189,Suresh Kumar,ORD008941,13,Completed
DP088,Manoj Kumar,ORD008942,22,Rejected
DP093,Dinesh R,ORD008943,15,Completed
DP228,Manoj Kumar,ORD008944,10,Completed
DP082,Dinesh R,ORD008945,29,Cancelled
DP171,Kiran M,ORD008946,45,Rejected
DP098,Ajay Kumar,ORD008947,31,Completed
DP160,Vijay S,ORD008948,29,Completed
DP243,Nithin P,ORD008949,26,Cancelled
DP081,Imran Khan,ORD008950,23,Rejected
DP107,Manoj Kumar,ORD008951,25,Cancelled
DP228,Vijay S,ORD008952,16,Completed
DP184,Ravi Kumar,ORD008953,31,Cancelled
DP208,Suresh Kumar,ORD008954,14,Cancelled
DP232,Ravi Kumar,ORD008955,33,Completed
DP170,Manoj Kumar,ORD008956,20,Cancelled
DP079,Suresh Kumar,ORD008957,18,Rejected
DP136,Ravi Kumar,ORD008958,40,Cancelled
DP022,Vijay S,ORD008959,27,Completed
DP161,Imran Khan,ORD008960,43,Cancelled
DP106,Suresh Kumar,ORD008961,31,Completed
DP063,Manoj Kumar,ORD008962,36,Rejected
DP156,Kiran M,ORD008963,11,Completed
DP213,Mohan Raj,ORD008964,38,Completed
DP181,Manoj Kumar,ORD008965,14,Completed
DP063,Suresh Kumar,ORD008966,24,Rejected
DP094,Mohan Raj,ORD008967,16,Completed
DP044,Prakash S,ORD008968,29,Cancelled
DP068,Suresh Kumar,ORD008969,43,Rejected
DP210,Imran Khan,ORD008970,33,Completed
DP248,Ajay Kumar,ORD008971,32,Cancelled
DP058,Suresh Kumar,ORD008972,22,Completed
DP080,Vijay S,ORD008973,36,Rejected
DP247,Manoj Kumar,ORD008974,14,Completed
DP239,Kiran M,ORD008975,10,Cancelled
DP233,Suresh Kumar,ORD008976,19,Completed
DP180,Prakash S,ORD008977,20,Rejected
DP084,Vijay S,ORD008978,19,Completed
DP050,Imran Khan,ORD008979,13,Cancelled
DP211,Mohan Raj,ORD008980,36,Rejected
DP149,Suresh Kumar,ORD008981,33,Completed
DP176,Vijay S,ORD008982,30,Completed
DP042,Vijay S,ORD008983,39,Cancelled
DP113,Manoj Kumar,ORD008984,30,Completed
DP211,Kiran M,ORD008985,22,Cancelled
DP101,Vijay S,ORD008986,40,Completed
DP075,Lokesh K,ORD008987,30,Completed
DP106,Prakash S,ORD008988,11,Completed
DP016,Dinesh R,ORD008989,11,Completed
DP135,Suresh Kumar,ORD008990,19,Completed
DP123,Manoj Kumar,ORD008991,41,Rejected
DP114,Lokesh K,ORD008992,39,Cancelled
DP091,Nithin P,ORD008993,27,Rejected
DP193,Imran Khan,ORD008994,16,Completed
DP228,Kiran M,ORD008995,25,Cancelled
DP047,Mohan Raj,ORD008996,25,Completed
DP236,Suresh Kumar,ORD008997,39,Completed
DP229,Suresh Kumar,ORD008998,43,Cancelled
DP036,Vijay S,ORD008999,38,Completed
DP165,Ajay Kumar,ORD009000,27,Completed
DP071,Prakash S,ORD009001,36,Completed
DP102,Ravi Kumar,ORD009002,29,Completed
DP210,Mohan Raj,ORD009003,42,Completed
DP014,Dinesh R,ORD009004,28,Completed
DP003,Suresh Kumar,ORD009005,34,Completed
DP064,Ajay Kumar,ORD009006,19,Completed
DP046,Dinesh R,ORD009007,29,Completed
DP236,Lokesh K,ORD009008,35,Completed
DP192,Suresh Kumar,ORD009009,16,Rejected
DP244,Mohan Raj,ORD009010,33,Completed
DP195,Suresh Kumar,ORD009011,41,Rejected
DP170,Suresh Kumar,ORD009012,19,Rejected
DP249,Vijay S,ORD009013,45,Completed
DP155,Suresh Kumar,ORD009014,19,Completed
DP072,Mohan Raj,ORD009015,37,Completed
DP217,Prakash S,ORD009016,40,Completed
DP124,Vijay S,ORD009017,44,Rejected
DP042,Suresh Kumar,ORD009018,15,Rejected
DP052,Prakash S,ORD009019,24,Rejected
DP061,Ajay Kumar,ORD009020,25,Rejected
DP096,Imran Khan,ORD009021,17,Completed
DP088,Ravi Kumar,ORD009022,12,Completed
DP116,Kiran M,ORD009023,15,Completed
DP127,Ravi Kumar,ORD009024,21,Completed
DP140,Vijay S,ORD009025,17,Completed
DP189,Ajay Kumar,ORD009026,43,Completed
DP013,Dinesh R,ORD009027,45,Rejected
DP181,Suresh Kumar,ORD009028,26,Completed
DP229,Manoj Kumar,ORD009029,36,Rejected
DP048,Vijay S,ORD009030,27,Completed
DP213,Mohan Raj,ORD009031,15,Completed
DP157,Kiran M,ORD009032,13,Completed
DP228,Lokesh K,ORD009033,22,Completed
DP228,Prakash S,ORD009034,36,Rejected
DP246,Manoj Kumar,ORD009035,23,Completed
DP186,Vijay S,ORD009036,39,Cancelled
DP095,Nithin P,ORD009037,31,Completed
DP040,Ajay Kumar,ORD009038,34,Cancelled
DP112,Kiran M,ORD009039,43,Completed
DP080,Prakash S,ORD009040,34,Rejected
DP124,Vijay S,ORD009041,17,Rejected
DP126,Suresh Kumar,ORD009042,44,Cancelled
DP165,Ajay Kumar,ORD009043,35,Completed
DP030,Mohan Raj,ORD009044,20,Cancelled
DP117,Nithin P,ORD009045,29,Completed
DP086,Nithin P,ORD009046,32,Completed
DP241,Ajay Kumar,ORD009047,45,Rejected
DP249,Manoj Kumar,ORD009048,21,Cancelled
DP046,Ajay Kumar,ORD009049,18,Completed
DP149,Ravi Kumar,ORD009050,28,Cancelled
DP126,Prakash S,ORD009051,30,Rejected
DP141,Nithin P,ORD009052,43,Completed
DP217,Nithin P,ORD009053,33,Completed
DP152,Kiran M,ORD009054,36,Completed
DP110,Dinesh R,ORD009055,30,Completed
DP217,Manoj Kumar,ORD009056,28,Rejected
DP233,Prakash S,ORD009057,38,Completed
DP166,Ajay Kumar,ORD009058,22,Completed
DP188,Prakash S,ORD009059,37,Completed
DP171,Suresh Kumar,ORD009060,41,Completed
DP099,Suresh Kumar,ORD009061,14,Completed
DP142,Lokesh K,ORD009062,12,Rejected
DP024,Mohan Raj,ORD009063,40,Cancelled
DP119,Dinesh R,ORD009064,39,Completed
DP090,Vijay S,ORD009065,35,Cancelled
DP031,Ajay Kumar,ORD009066,34,Rejected
DP052,Dinesh R,ORD009067,18,Rejected
DP142,Lokesh K,ORD009068,17,Completed
DP240,Kiran M,ORD009069,42,Completed
DP074,Vijay S,ORD009070,41,Completed
DP133,Nithin P,ORD009071,34,Completed
DP141,Mohan Raj,ORD009072,11,Rejected
DP248,Manoj Kumar,ORD009073,45,Cancelled
DP239,Nithin P,ORD009074,45,Completed
DP006,Lokesh K,ORD009075,27,Cancelled
DP112,Kiran M,ORD009076,20,Cancelled
DP058,Mohan Raj,ORD009077,30,Completed
DP077,Ravi Kumar,ORD009078,25,Completed
DP208,Kiran M,ORD009079,37,Completed
DP168,Nithin P,ORD009080,24,Rejected
DP063,Vijay S,ORD009081,11,Rejected
DP219,Vijay S,ORD009082,34,Completed
DP125,Manoj Kumar,ORD009083,29,Completed
DP112,Suresh Kumar,ORD009084,35,Completed
DP015,Kiran M,ORD009085,13,Completed
DP101,Prakash S,ORD009086,18,Completed
DP014,Ajay Kumar,ORD009087,21,Completed
DP092,Prakash S,ORD009088,17,Completed
DP151,Nithin P,ORD009089,33,Completed
DP227,Nithin P,ORD009090,32,Rejected
DP114,Lokesh K,ORD009091,18,Completed
DP164,Manoj Kumar,ORD009092,10,Cancelled
DP090,Nithin P,ORD009093,42,Rejected
DP191,Vijay S,ORD009094,33,Completed
DP054,Dinesh R,ORD009095,27,Completed
DP178,Vijay S,ORD009096,45,Rejected
DP077,Kiran M,ORD009097,28,Completed
DP133,Manoj Kumar,ORD009098,17,Completed
DP017,Ravi Kumar,ORD009099,10,Completed
DP191,Prakash S,ORD009100,20,Cancelled
DP230,Kiran M,ORD009101,13,Completed
DP155,Manoj Kumar,ORD009102,22,Rejected
DP223,Vijay S,ORD009103,36,Rejected
DP106,Suresh Kumar,ORD009104,16,Completed
DP153,Suresh Kumar,ORD009105,23,Completed
DP228,Kiran M,ORD009106,24,Completed
DP094,Imran Khan,ORD009107,29,Rejected
DP070,Imran Khan,ORD009108,25,Cancelled
DP150,Dinesh R,ORD009109,19,Completed
DP247,Imran Khan,ORD009110,27,Completed
DP018,Lokesh K,ORD009111,11,Completed
DP041,Mohan Raj,ORD009112,43,Completed
DP139,Ravi Kumar,ORD009113,20,Rejected
DP066,Imran Khan,ORD009114,18,Completed
DP198,Mohan Raj,ORD009115,33,Rejected
DP057,Mohan Raj,ORD009116,36,Rejected
DP079,Vijay S,ORD009117,29,Rejected
DP069,Lokesh K,ORD009118,42,Completed
DP006,Mohan Raj,ORD009119,12,Completed
DP024,Ajay Kumar,ORD009120,27,Completed
DP026,Dinesh R,ORD009121,36,Completed
DP075,Vijay S,ORD009122,14,Completed
DP038,Ravi Kumar,ORD009123,30,Completed
DP135,Ravi Kumar,ORD009124,16,Cancelled
DP239,Mohan Raj,ORD009125,17,Completed
DP233,Lokesh K,ORD009126,31,Completed
DP033,Imran Khan,ORD009127,25,Cancelled
DP122,Dinesh R,ORD009128,14,Completed
DP234,Manoj Kumar,ORD009129,15,Completed
DP063,Suresh Kumar,ORD009130,29,Completed
DP206,Mohan Raj,ORD009131,35,Completed
DP010,Manoj Kumar,ORD009132,14,Completed
DP151,Manoj Kumar,ORD009133,38,Cancelled
DP164,Ravi Kumar,ORD009134,10,Completed
DP030,Manoj Kumar,ORD009135,42,Completed
DP209,Manoj Kumar,ORD009136,42,Cancelled
DP188,Vijay S,ORD009137,36,Completed
DP052,Kiran M,ORD009138,40,Completed
DP242,Nithin P,ORD009139,40,Completed
DP030,Mohan Raj,ORD009140,44,Cancelled
DP225,Manoj Kumar,ORD009141,13,Completed
DP115,Imran Khan,ORD009142,19,Rejected
DP116,Dinesh R,ORD009143,42,Completed
DP177,Kiran M,ORD009144,15,Completed
DP248,Lokesh K,ORD009145,36,Rejected
DP030,Mohan Raj,ORD009146,34,Completed
DP146,Imran Khan,ORD009147,44,Completed
DP023,Prakash S,ORD009148,13,Completed
DP161,Dinesh R,ORD009149,33,Rejected
DP193,Imran Khan,ORD009150,21,Completed
DP109,Vijay S,ORD009151,13,Completed
DP156,Dinesh R,ORD009152,13,Completed
DP046,Nithin P,ORD009153,36,Completed
DP060,Prakash S,ORD009154,36,Completed
DP094,Ajay Kumar,ORD009155,16,Rejected
DP107,Nithin P,ORD009156,14,Completed
DP057,Imran Khan,ORD009157,22,Rejected
DP179,Kiran M,ORD009158,20,Completed
DP036,Nithin P,ORD009159,24,Completed
DP024,Prakash S,ORD009160,37,Completed
DP204,Lokesh K,ORD009161,12,Rejected
DP062,Manoj Kumar,ORD009162,11,Rejected
DP166,Nithin P,ORD009163,35,Completed
DP202,Suresh Kumar,ORD009164,29,Cancelled
DP107,Kiran M,ORD009165,16,Rejected
DP215,Suresh Kumar,ORD009166,42,Completed
DP195,Ajay Kumar,ORD009167,44,Completed
DP106,Manoj Kumar,ORD009168,28,Completed
DP065,Ravi Kumar,ORD009169,33,Cancelled
DP059,Prakash S,ORD009170,24,Completed
DP174,Manoj Kumar,ORD009171,37,Cancelled
DP227,Kiran M,ORD009172,42,Completed
DP019,Prakash S,ORD009173,25,Cancelled
DP131,Dinesh R,ORD009174,35,Completed
DP026,Mohan Raj,ORD009175,39,Completed
DP178,Imran Khan,ORD009176,40,Completed
DP160,Ajay Kumar,ORD009177,38,Rejected
DP166,Mohan Raj,ORD009178,17,Completed
DP010,Lokesh K,ORD009179,43,Cancelled
DP063,Dinesh R,ORD009180,40,Completed
DP124,Lokesh K,ORD009181,39,Completed
DP226,Imran Khan,ORD009182,36,Completed
DP055,Lokesh K,ORD009183,21,Rejected
DP155,Imran Khan,ORD009184,29,Completed
DP111,Ajay Kumar,ORD009185,42,Completed
DP121,Nithin P,ORD009186,34,Completed
DP026,Kiran M,ORD009187,26,Cancelled
DP096,Imran Khan,ORD009188,14,Completed
DP123,Imran Khan,ORD009189,42,Completed
DP173,Nithin P,ORD009190,26,Rejected
DP180,Manoj Kumar,ORD009191,28,Completed
DP184,Lokesh K,ORD009192,30,Completed
DP050,Manoj Kumar,ORD009193,13,Completed
DP186,Ravi Kumar,ORD009194,11,Rejected
DP137,Prakash S,ORD009195,11,Rejected
DP222,Suresh Kumar,ORD009196,21,Completed
DP056,Mohan Raj,ORD009197,27,Completed
DP021,Suresh Kumar,ORD009198,20,Completed
DP122,Ajay Kumar,ORD009199,15,Rejected
DP027,Lokesh K,ORD009200,20,Cancelled
DP171,Manoj Kumar,ORD009201,22,Completed
DP113,Lokesh K,ORD009202,34,Cancelled
DP232,Ravi Kumar,ORD009203,27,Cancelled
DP196,Manoj Kumar,ORD009204,35,Rejected
DP095,Dinesh R,ORD009205,37,Completed
DP054,Ravi Kumar,ORD009206,16,Completed
DP149,Imran Khan,ORD009207,26,Completed
DP231,Nithin P,ORD009208,18,Completed
DP087,Ajay Kumar,ORD009209,20,Cancelled
DP117,Lokesh K,ORD009210,18,Completed
DP232,Imran Khan,ORD009211,22,Rejected
DP145,Imran Khan,ORD009212,18,Completed
DP105,Kiran M,ORD009213,17,Cancelled
DP230,Imran Khan,ORD009214,25,Completed
DP033,Ravi Kumar,ORD009215,16,Completed
DP080,Prakash S,ORD009216,32,Cancelled
DP100,Prakash S,ORD009217,31,Completed
DP149,Prakash S,ORD009218,34,Completed
DP177,Nithin P,ORD009219,14,Cancelled
DP112,Kiran M,ORD009220,11,Rejected
DP162,Vijay S,ORD009221,10,Completed
DP033,Kiran M,ORD009222,19,Completed
DP091,Manoj Kumar,ORD009223,34,Completed
DP145,Manoj Kumar,ORD009224,43,Cancelled
DP088,Nithin P,ORD009225,39,Completed
DP001,Vijay S,ORD009226,42,Rejected
DP212,Kiran M,ORD009227,29,Completed
DP064,Suresh Kumar,ORD009228,37,Rejected
DP178,Manoj Kumar,ORD009229,20,Completed
DP177,Ravi Kumar,ORD009230,28,Completed
DP158,Dinesh R,ORD009231,22,Completed
DP228,Kiran M,ORD009232,37,Cancelled
DP061,Kiran M,ORD009233,44,Completed
DP145,Mohan Raj,ORD009234,30,Completed
DP163,Suresh Kumar,ORD009235,26,Rejected
DP162,Mohan Raj,ORD009236,44,Rejected
DP106,Ravi Kumar,ORD009237,21,Completed
DP139,Ravi Kumar,ORD009238,34,Completed
DP044,Nithin P,ORD009239,15,Completed
DP028,Suresh Kumar,ORD009240,15,Completed
DP036,Kiran M,ORD009241,43,Completed
DP104,Ajay Kumar,ORD009242,16,Rejected
DP063,Vijay S,ORD009243,41,Completed
DP142,Kiran M,ORD009244,35,Rejected
DP123,Vijay S,ORD009245,41,Completed
DP038,Manoj Kumar,ORD009246,12,Completed
DP211,Imran Khan,ORD009247,34,Completed
DP048,Kiran M,ORD009248,36,Cancelled
DP239,Prakash S,ORD009249,23,Completed
DP173,Manoj Kumar,ORD009250,43,Cancelled
DP051,Imran Khan,ORD009251,17,Completed
DP155,Nithin P,ORD009252,32,Cancelled
DP118,Prakash S,ORD009253,45,Completed
DP013,Lokesh K,ORD009254,30,Completed
DP153,Imran Khan,ORD009255,40,Completed
DP209,Mohan Raj,ORD009256,12,Rejected
DP085,Suresh Kumar,ORD009257,45,Completed
DP177,Kiran M,ORD009258,22,Completed
DP243,Dinesh R,ORD009259,23,Completed
DP232,Kiran M,ORD009260,23,Completed
DP145,Ravi Kumar,ORD009261,17,Completed
DP159,Nithin P,ORD009262,15,Completed
DP053,Lokesh K,ORD009263,32,Completed
DP246,Kiran M,ORD009264,14,Completed
DP227,Imran Khan,ORD009265,26,Rejected
DP242,Nithin P,ORD009266,18,Cancelled
DP151,Kiran M,ORD009267,12,Completed
DP222,Kiran M,ORD009268,26,Rejected
DP215,Suresh Kumar,ORD009269,33,Completed
DP035,Nithin P,ORD009270,23,Completed
DP136,Ajay Kumar,ORD009271,18,Completed
DP033,Ajay Kumar,ORD009272,20,Completed
DP235,Lokesh K,ORD009273,18,Completed
DP133,Ravi Kumar,ORD009274,14,Completed
DP149,Lokesh K,ORD009275,39,Completed
DP146,Ajay Kumar,ORD009276,35,Cancelled
DP054,Vijay S,ORD009277,43,Completed
DP133,Manoj Kumar,ORD009278,33,Rejected
DP075,Lokesh K,ORD009279,40,Completed
DP107,Ajay Kumar,ORD009280,45,Completed
DP150,Ravi Kumar,ORD009281,14,Completed
DP112,Manoj Kumar,ORD009282,21,Completed
DP033,Dinesh R,ORD009283,40,Completed
DP016,Vijay S,ORD009284,38,Completed
DP143,Mohan Raj,ORD009285,45,Completed
DP045,Suresh Kumar,ORD009286,42,Completed
DP247,Imran Khan,ORD009287,45,Cancelled
DP208,Ajay Kumar,ORD009288,38,Completed
DP221,Imran Khan,ORD009289,14,Completed
DP008,Lokesh K,ORD009290,34,Rejected
DP072,Nithin P,ORD009291,15,Completed
DP035,Prakash S,ORD009292,31,Completed
DP091,Kiran M,ORD009293,27,Completed
DP164,Vijay S,ORD009294,14,Completed
DP091,Ravi Kumar,ORD009295,34,Cancelled
DP098,Imran Khan,ORD009296,41,Completed
DP135,Prakash S,ORD009297,26,Rejected
DP071,Manoj Kumar,ORD009298,43,Completed
DP214,Kiran M,ORD009299,10,Completed
DP107,Mohan Raj,ORD009300,14,Completed
DP147,Mohan Raj,ORD009301,37,Rejected
DP156,Dinesh R,ORD009302,33,Completed
DP032,Imran Khan,ORD009303,20,Completed
DP245,Kiran M,ORD009304,29,Completed
DP244,Prakash S,ORD009305,10,Cancelled
DP086,Imran Khan,ORD009306,29,Rejected
DP060,Ravi Kumar,ORD009307,37,Completed
DP226,Nithin P,ORD009308,31,Rejected
DP022,Ajay Kumar,ORD009309,10,Completed
DP073,Vijay S,ORD009310,33,Cancelled
DP127,Vijay S,ORD009311,14,Cancelled
DP133,Lokesh K,ORD009312,43,Cancelled
DP128,Nithin P,ORD009313,38,Completed
DP147,Ajay Kumar,ORD009314,21,Rejected
DP187,Ravi Kumar,ORD009315,18,Completed
DP220,Ravi Kumar,ORD009316,10,Completed
DP014,Ajay Kumar,ORD009317,11,Rejected
DP036,Nithin P,ORD009318,32,Completed
DP010,Vijay S,ORD009319,13,Cancelled
DP206,Suresh Kumar,ORD009320,33,Rejected
DP062,Prakash S,ORD009321,15,Rejected
DP182,Manoj Kumar,ORD009322,16,Cancelled
DP017,Imran Khan,ORD009323,37,Completed
DP165,Kiran M,ORD009324,42,Completed
DP078,Dinesh R,ORD009325,35,Rejected
DP166,Manoj Kumar,ORD009326,28,Completed
DP056,Ravi Kumar,ORD009327,11,Completed
DP076,Nithin P,ORD009328,16,Completed
DP096,Imran Khan,ORD009329,10,Completed
DP048,Lokesh K,ORD009330,24,Completed
DP183,Manoj Kumar,ORD009331,37,Cancelled
DP184,Nithin P,ORD009332,31,Cancelled
DP028,Dinesh R,ORD009333,18,Rejected
DP108,Kiran M,ORD009334,10,Completed
DP201,Kiran M,ORD009335,32,Rejected
DP139,Nithin P,ORD009336,33,Completed
DP136,Prakash S,ORD009337,22,Completed
DP154,Ajay Kumar,ORD009338,35,Cancelled
DP071,Suresh Kumar,ORD009339,37,Rejected
DP189,Dinesh R,ORD009340,31,Completed
DP038,Prakash S,ORD009341,15,Completed
DP045,Prakash S,ORD009342,36,Completed
DP127,Manoj Kumar,ORD009343,31,Completed
DP107,Ravi Kumar,ORD009344,43,Completed
DP094,Lokesh K,ORD009345,21,Completed
DP208,Ravi Kumar,ORD009346,26,Rejected
DP249,Imran Khan,ORD009347,14,Completed
DP090,Mohan Raj,ORD009348,37,Rejected
DP020,Imran Khan,ORD009349,42,Cancelled
DP122,Ravi Kumar,ORD009350,16,Completed
DP001,Suresh Kumar,ORD009351,17,Rejected
DP249,Lokesh K,ORD009352,33,Completed
DP147,Imran Khan,ORD009353,45,Completed
DP075,Imran Khan,ORD009354,33,Completed
DP057,Ravi Kumar,ORD009355,25,Completed
DP134,Manoj Kumar,ORD009356,17,Completed
DP216,Lokesh K,ORD009357,14,Completed
DP133,Mohan Raj,ORD009358,30,Cancelled
DP042,Ravi Kumar,ORD009359,19,Cancelled
DP045,Ajay Kumar,ORD009360,11,Completed
DP183,Imran Khan,ORD009361,42,Completed
DP209,Lokesh K,ORD009362,12,Cancelled
DP243,Manoj Kumar,ORD009363,31,Completed
DP205,Vijay S,ORD009364,12,Completed
DP221,Ajay Kumar,ORD009365,34,Cancelled
DP241,Ravi Kumar,ORD009366,13,Completed
DP062,Ravi Kumar,ORD009367,13,Completed
DP192,Nithin P,ORD009368,20,Completed
DP038,Manoj Kumar,ORD009369,23,Completed
DP108,Ravi Kumar,ORD009370,36,Completed
DP158,Imran Khan,ORD009371,34,Rejected
DP120,Suresh Kumar,ORD009372,28,Rejected
DP156,Ravi Kumar,ORD009373,15,Completed
DP178,Ajay Kumar,ORD009374,28,Completed
DP043,Nithin P,ORD009375,10,Completed
DP169,Lokesh K,ORD009376,38,Cancelled
DP057,Imran Khan,ORD009377,32,Rejected
DP005,Manoj Kumar,ORD009378,42,Cancelled
DP062,Kiran M,ORD009379,44,Completed
DP174,Mohan Raj,ORD009380,44,Completed
DP071,Suresh Kumar,ORD009381,30,Completed
DP222,Dinesh R,ORD009382,22,Completed
DP151,Mohan Raj,ORD009383,37,Completed
DP070,Lokesh K,ORD009384,39,Completed
DP085,Nithin P,ORD009385,18,Completed
DP058,Mohan Raj,ORD009386,17,Completed
DP046,Vijay S,ORD009387,44,Completed
DP204,Suresh Kumar,ORD009388,43,Completed
DP113,Vijay S,ORD009389,38,Completed
DP182,Dinesh R,ORD009390,15,Completed
DP188,Prakash S,ORD009391,34,Completed
DP110,Dinesh R,ORD009392,26,Completed
DP029,Ajay Kumar,ORD009393,13,Completed
DP223,Lokesh K,ORD009394,13,Completed
DP001,Prakash S,ORD009395,33,Completed
DP130,Imran Khan,ORD009396,15,Completed
DP220,Nithin P,ORD009397,33,Cancelled
DP194,Dinesh R,ORD009398,15,Completed
DP172,Imran Khan,ORD009399,31,Completed
DP224,Manoj Kumar,ORD009400,41,Cancelled
DP059,Imran Khan,ORD009401,22,Completed
DP199,Vijay S,ORD009402,21,Completed
DP073,Imran Khan,ORD009403,10,Cancelled
DP108,Nithin P,ORD009404,45,Cancelled
DP154,Mohan Raj,ORD009405,16,Rejected
DP144,Vijay S,ORD009406,15,Completed
DP013,Ajay Kumar,ORD009407,36,Completed
DP168,Manoj Kumar,ORD009408,31,Completed
DP114,Imran Khan,ORD009409,16,Completed
DP028,Imran Khan,ORD009410,14,Completed
DP232,Kiran M,ORD009411,41,Rejected
DP188,Vijay S,ORD009412,38,Completed
DP123,Nithin P,ORD009413,24,Completed
DP145,Dinesh R,ORD009414,22,Cancelled
DP079,Ravi Kumar,ORD009415,16,Rejected
DP143,Kiran M,ORD009416,38,Rejected
DP219,Manoj Kumar,ORD009417,23,Completed
DP234,Mohan Raj,ORD009418,16,Completed
DP172,Imran Khan,ORD009419,11,Rejected
DP110,Prakash S,ORD009420,15,Completed
DP195,Manoj Kumar,ORD009421,11,Completed
DP211,Imran Khan,ORD009422,21,Completed
DP170,Mohan Raj,ORD009423,22,Rejected
DP187,Ajay Kumar,ORD009424,26,Cancelled
DP006,Vijay S,ORD009425,37,Cancelled
DP032,Ajay Kumar,ORD009426,12,Cancelled
DP047,Manoj Kumar,ORD009427,12,Cancelled
DP126,Lokesh K,ORD009428,31,Completed
DP216,Ravi Kumar,ORD009429,28,Rejected
DP013,Imran Khan,ORD009430,13,Completed
DP006,Lokesh K,ORD009431,11,Cancelled
DP122,Manoj Kumar,ORD009432,20,Completed
DP211,Imran Khan,ORD009433,27,Completed
DP199,Lokesh K,ORD009434,31,Cancelled
DP241,Vijay S,ORD009435,42,Completed
DP188,Vijay S,ORD009436,30,Cancelled
DP162,Suresh Kumar,ORD009437,18,Completed
DP224,Suresh Kumar,ORD009438,22,Completed
DP188,Lokesh K,ORD009439,37,Completed
DP088,Vijay S,ORD009440,42,Completed
DP012,Kiran M,ORD009441,42,Rejected
DP104,Prakash S,ORD009442,34,Completed
DP153,Prakash S,ORD009443,24,Completed
DP005,Lokesh K,ORD009444,18,Completed
DP171,Manoj Kumar,ORD009445,14,Rejected
DP055,Ravi Kumar,ORD009446,19,Rejected
DP135,Prakash S,ORD009447,38,Completed
DP071,Nithin P,ORD009448,23,Completed
DP249,Nithin P,ORD009449,24,Rejected
DP151,Prakash S,ORD009450,36,Completed
DP092,Ravi Kumar,ORD009451,36,Completed
DP189,Imran Khan,ORD009452,42,Completed
DP246,Nithin P,ORD009453,32,Rejected
DP094,Lokesh K,ORD009454,22,Completed
DP149,Imran Khan,ORD009455,21,Completed
DP160,Vijay S,ORD009456,37,Completed
DP134,Imran Khan,ORD009457,39,Completed
DP072,Imran Khan,ORD009458,32,Cancelled
DP122,Kiran M,ORD009459,22,Completed
DP018,Manoj Kumar,ORD009460,18,Completed
DP033,Manoj Kumar,ORD009461,28,Cancelled
DP205,Lokesh K,ORD009462,45,Rejected
DP095,Lokesh K,ORD009463,18,Completed
DP167,Suresh Kumar,ORD009464,20,Completed
DP050,Vijay S,ORD009465,18,Completed
DP173,Dinesh R,ORD009466,41,Completed
DP045,Lokesh K,ORD009467,11,Completed
DP151,Kiran M,ORD009468,35,Cancelled
DP029,Vijay S,ORD009469,24,Cancelled
DP013,Dinesh R,ORD009470,25,Completed
DP091,Prakash S,ORD009471,13,Rejected
DP061,Vijay S,ORD009472,41,Rejected
DP165,Ravi Kumar,ORD009473,33,Completed
DP214,Lokesh K,ORD009474,27,Completed
DP020,Prakash S,ORD009475,35,Completed
DP110,Ajay Kumar,ORD009476,19,Completed
DP025,Ajay Kumar,ORD009477,42,Cancelled
DP222,Kiran M,ORD009478,20,Cancelled
DP198,Nithin P,ORD009479,29,Cancelled
DP196,Imran Khan,ORD009480,22,Completed
DP106,Lokesh K,ORD009481,12,Completed
DP108,Vijay S,ORD009482,18,Cancelled
DP125,Suresh Kumar,ORD009483,24,Rejected
DP193,Ajay Kumar,ORD009484,25,Completed
DP209,Imran Khan,ORD009485,12,Completed
DP148,Nithin P,ORD009486,36,Completed
DP217,Mohan Raj,ORD009487,19,Rejected
DP134,Imran Khan,ORD009488,38,Completed
DP065,Nithin P,ORD009489,34,Completed
DP173,Lokesh K,ORD009490,10,Completed
DP172,Ravi Kumar,ORD009491,13,Cancelled
DP037,Suresh Kumar,ORD009492,27,Completed
DP112,Lokesh K,ORD009493,21,Cancelled
DP211,Mohan Raj,ORD009494,44,Completed
DP114,Manoj Kumar,ORD009495,23,Completed
DP116,Suresh Kumar,ORD009496,37,Completed
DP235,Lokesh K,ORD009497,32,Completed
DP180,Manoj Kumar,ORD009498,24,Completed
DP197,Lokesh K,ORD009499,28,Rejected
DP227,Prakash S,ORD009500,42,Completed
DP214,Ajay Kumar,ORD009501,30,Rejected
DP160,Imran Khan,ORD009502,37,Completed
DP008,Nithin P,ORD009503,23,Cancelled
DP250,Nithin P,ORD009504,36,Completed
DP034,Prakash S,ORD009505,33,Completed
DP117,Mohan Raj,ORD009506,11,Cancelled
DP016,Mohan Raj,ORD009507,13,Rejected
DP062,Ajay Kumar,ORD009508,21,Cancelled
DP077,Manoj Kumar,ORD009509,13,Rejected
DP045,Manoj Kumar,ORD009510,28,Rejected
DP063,Imran Khan,ORD009511,28,Completed
DP127,Suresh Kumar,ORD009512,12,Completed
DP200,Ravi Kumar,ORD009513,40,Rejected
DP053,Kiran M,ORD009514,22,Rejected
DP119,Mohan Raj,ORD009515,12,Rejected
DP162,Vijay S,ORD009516,44,Completed
DP020,Manoj Kumar,ORD009517,26,Completed
DP192,Ravi Kumar,ORD009518,36,Completed
DP233,Ajay Kumar,ORD009519,30,Completed
DP204,Suresh Kumar,ORD009520,19,Completed
DP070,Ravi Kumar,ORD009521,45,Completed
DP085,Lokesh K,ORD009522,44,Cancelled
DP169,Imran Khan,ORD009523,34,Completed
DP013,Ajay Kumar,ORD009524,21,Rejected
DP089,Dinesh R,ORD009525,35,Completed
DP092,Mohan Raj,ORD009526,12,Completed
DP224,Nithin P,ORD009527,13,Completed
DP105,Manoj Kumar,ORD009528,12,Completed
DP079,Imran Khan,ORD009529,29,Completed
DP004,Ajay Kumar,ORD009530,32,Cancelled
DP074,Imran Khan,ORD009531,34,Completed
DP242,Manoj Kumar,ORD009532,33,Completed
DP187,Nithin P,ORD009533,34,Cancelled
DP074,Nithin P,ORD009534,20,Cancelled
DP039,Kiran M,ORD009535,25,Cancelled
DP058,Ajay Kumar,ORD009536,37,Rejected
DP014,Mohan Raj,ORD009537,15,Completed
DP026,Prakash S,ORD009538,12,Completed
DP227,Ajay Kumar,ORD009539,23,Completed
DP222,Manoj Kumar,ORD009540,18,Completed
DP005,Manoj Kumar,ORD009541,31,Completed
DP156,Suresh Kumar,ORD009542,30,Completed
DP199,Lokesh K,ORD009543,31,Cancelled
DP032,Vijay S,ORD009544,33,Rejected
DP100,Vijay S,ORD009545,33,Completed
DP117,Lokesh K,ORD009546,23,Completed
DP092,Nithin P,ORD009547,11,Completed
DP166,Vijay S,ORD009548,29,Completed
DP179,Suresh Kumar,ORD009549,13,Rejected
DP166,Mohan Raj,ORD009550,23,Completed
DP243,Vijay S,ORD009551,26,Completed
DP162,Vijay S,ORD009552,44,Rejected
DP166,Kiran M,ORD009553,18,Completed
DP058,Imran Khan,ORD009554,33,Completed
DP221,Prakash S,ORD009555,29,Completed
DP229,Dinesh R,ORD009556,11,Rejected
DP016,Lokesh K,ORD009557,35,Cancelled
DP134,Dinesh R,ORD009558,25,Completed
DP104,Nithin P,ORD009559,44,Rejected
DP015,Manoj Kumar,ORD009560,28,Rejected
DP092,Suresh Kumar,ORD009561,45,Completed
DP027,Dinesh R,ORD009562,24,Completed
DP181,Manoj Kumar,ORD009563,21,Completed
DP081,Suresh Kumar,ORD009564,13,Completed
DP185,Suresh Kumar,ORD009565,37,Completed
DP040,Imran Khan,ORD009566,10,Completed
DP128,Vijay S,ORD009567,37,Rejected
DP095,Dinesh R,ORD009568,13,Completed
DP243,Prakash S,ORD009569,37,Cancelled
DP120,Nithin P,ORD009570,20,Rejected
DP037,Ravi Kumar,ORD009571,31,Rejected
DP212,Nithin P,ORD009572,22,Cancelled
DP116,Lokesh K,ORD009573,31,Completed
DP047,Suresh Kumar,ORD009574,23,Completed
DP166,Mohan Raj,ORD009575,36,Completed
DP183,Ravi Kumar,ORD009576,22,Completed
DP247,Imran Khan,ORD009577,23,Rejected
DP249,Prakash S,ORD009578,39,Completed
DP051,Dinesh R,ORD009579,21,Completed
DP094,Kiran M,ORD009580,30,Completed
DP031,Ajay Kumar,ORD009581,20,Completed
DP121,Vijay S,ORD009582,42,Completed
DP172,Suresh Kumar,ORD009583,28,Rejected
DP039,Dinesh R,ORD009584,16,Completed
DP131,Mohan Raj,ORD009585,24,Cancelled
DP064,Vijay S,ORD009586,16,Completed
DP210,Nithin P,ORD009587,12,Completed
DP138,Suresh Kumar,ORD009588,24,Rejected
DP159,Prakash S,ORD009589,33,Completed
DP081,Prakash S,ORD009590,12,Cancelled
DP026,Kiran M,ORD009591,14,Completed
DP230,Prakash S,ORD009592,10,Completed
DP248,Imran Khan,ORD009593,19,Completed
DP197,Prakash S,ORD009594,18,Completed
DP021,Dinesh R,ORD009595,39,Completed
DP151,Kiran M,ORD009596,13,Cancelled
DP096,Ravi Kumar,ORD009597,34,Completed
DP193,Ravi Kumar,ORD009598,43,Completed
DP187,Mohan Raj,ORD009599,29,Completed
DP024,Lokesh K,ORD009600,21,Completed
DP059,Dinesh R,ORD009601,44,Rejected
DP140,Ajay Kumar,ORD009602,45,Completed
DP118,Ravi Kumar,ORD009603,36,Completed
DP018,Ajay Kumar,ORD009604,44,Completed
DP184,Nithin P,ORD009605,21,Cancelled
DP117,Nithin P,ORD009606,19,Completed
DP209,Lokesh K,ORD009607,36,Completed
DP148,Ravi Kumar,ORD009608,30,Completed
DP147,Vijay S,ORD009609,23,Completed
DP221,Ravi Kumar,ORD009610,40,Completed
DP134,Lokesh K,ORD009611,30,Completed
DP165,Manoj Kumar,ORD009612,13,Cancelled
DP134,Lokesh K,ORD009613,29,Completed
DP164,Vijay S,ORD009614,35,Completed
DP229,Dinesh R,ORD009615,41,Completed
DP200,Vijay S,ORD009616,23,Completed
DP096,Vijay S,ORD009617,16,Completed
DP097,Kiran M,ORD009618,26,Completed
DP122,Vijay S,ORD009619,19,Completed
DP210,Suresh Kumar,ORD009620,17,Completed
DP086,Kiran M,ORD009621,22,Completed
DP127,Nithin P,ORD009622,31,Completed
DP248,Imran Khan,ORD009623,12,Completed
DP030,Ravi Kumar,ORD009624,36,Rejected
DP160,Imran Khan,ORD009625,44,Cancelled
DP171,Suresh Kumar,ORD009626,35,Completed
DP175,Prakash S,ORD009627,30,Completed
DP085,Vijay S,ORD009628,27,Completed
DP176,Ajay Kumar,ORD009629,16,Completed
DP222,Mohan Raj,ORD009630,14,Cancelled
DP143,Manoj Kumar,ORD009631,33,Completed
DP176,Suresh Kumar,ORD009632,31,Rejected
DP190,Imran Khan,ORD009633,45,Cancelled
DP249,Manoj Kumar,ORD009634,38,Completed
DP098,Vijay S,ORD009635,32,Completed
DP079,Kiran M,ORD009636,28,Rejected
DP202,Ajay Kumar,ORD009637,10,Completed
DP068,Prakash S,ORD009638,32,Cancelled
DP062,Dinesh R,ORD009639,45,Rejected
DP160,Nithin P,ORD009640,33,Completed
DP011,Vijay S,ORD009641,37,Cancelled
DP114,Dinesh R,ORD009642,15,Cancelled
DP063,Kiran M,ORD009643,26,Cancelled
DP071,Ajay Kumar,ORD009644,12,Completed
DP216,Kiran M,ORD009645,28,Completed
DP087,Vijay S,ORD009646,45,Cancelled
DP207,Kiran M,ORD009647,14,Cancelled
DP217,Mohan Raj,ORD009648,24,Rejected
DP106,Prakash S,ORD009649,10,Completed
DP080,Ajay Kumar,ORD009650,29,Completed
DP203,Manoj Kumar,ORD009651,15,Rejected
DP202,Kiran M,ORD009652,39,Completed
DP093,Manoj Kumar,ORD009653,23,Completed
DP045,Suresh Kumar,ORD009654,39,Cancelled
DP171,Mohan Raj,ORD009655,34,Completed
DP108,Vijay S,ORD009656,44,Rejected
DP182,Ajay Kumar,ORD009657,35,Completed
DP212,Mohan Raj,ORD009658,41,Completed
DP244,Manoj Kumar,ORD009659,22,Cancelled
DP075,Prakash S,ORD009660,44,Cancelled
DP103,Nithin P,ORD009661,36,Rejected
DP018,Ajay Kumar,ORD009662,14,Rejected
DP079,Kiran M,ORD009663,12,Rejected
DP184,Mohan Raj,ORD009664,12,Completed
DP073,Prakash S,ORD009665,18,Completed
DP220,Lokesh K,ORD009666,36,Cancelled
DP198,Manoj Kumar,ORD009667,13,Rejected
DP249,Manoj Kumar,ORD009668,44,Completed
DP055,Vijay S,ORD009669,31,Completed
DP005,Ajay Kumar,ORD009670,12,Completed
DP229,Ajay Kumar,ORD009671,26,Completed
DP052,Prakash S,ORD009672,28,Completed
DP105,Ajay Kumar,ORD009673,36,Rejected
DP019,Kiran M,ORD009674,42,Completed
DP046,Lokesh K,ORD009675,29,Rejected
DP137,Kiran M,ORD009676,29,Completed
DP120,Ajay Kumar,ORD009677,18,Cancelled
DP145,Ravi Kumar,ORD009678,28,Completed
DP002,Manoj Kumar,ORD009679,33,Cancelled
DP177,Ravi Kumar,ORD009680,11,Cancelled
DP165,Ravi Kumar,ORD009681,31,Cancelled
DP147,Dinesh R,ORD009682,18,Completed
DP105,Suresh Kumar,ORD009683,18,Rejected
DP079,Manoj Kumar,ORD009684,30,Completed
DP058,Ajay Kumar,ORD009685,27,Completed
DP078,Nithin P,ORD009686,37,Rejected
DP131,Mohan Raj,ORD009687,18,Completed
DP087,Ajay Kumar,ORD009688,13,Completed
DP056,Suresh Kumar,ORD009689,11,Completed
DP028,Nithin P,ORD009690,13,Rejected
DP208,Suresh Kumar,ORD009691,40,Completed
DP063,Kiran M,ORD009692,33,Completed
DP024,Prakash S,ORD009693,39,Completed
DP190,Suresh Kumar,ORD009694,40,Completed
DP161,Dinesh R,ORD009695,35,Cancelled
DP064,Mohan Raj,ORD009696,25,Completed
DP149,Imran Khan,ORD009697,27,Completed
DP001,Suresh Kumar,ORD009698,32,Completed
DP075,Ravi Kumar,ORD009699,36,Cancelled
DP242,Vijay S,ORD009700,42,Rejected
DP130,Manoj Kumar,ORD009701,22,Cancelled
DP247,Imran Khan,ORD009702,21,Completed
DP203,Nithin P,ORD009703,43,Completed
DP044,Ajay Kumar,ORD009704,37,Completed
DP048,Prakash S,ORD009705,23,Cancelled
DP062,Prakash S,ORD009706,13,Completed
DP024,Suresh Kumar,ORD009707,27,Completed
DP064,Imran Khan,ORD009708,24,Rejected
DP153,Lokesh K,ORD009709,28,Completed
DP077,Ravi Kumar,ORD009710,44,Completed
DP037,Nithin P,ORD009711,21,Completed
DP063,Kiran M,ORD009712,39,Rejected
DP171,Suresh Kumar,ORD009713,27,Completed
DP214,Manoj Kumar,ORD009714,45,Completed
DP035,Ajay Kumar,ORD009715,16,Cancelled
DP195,Ravi Kumar,ORD009716,13,Completed
DP007,Suresh Kumar,ORD009717,21,Completed
DP244,Imran Khan,ORD009718,10,Completed
DP011,Vijay S,ORD009719,26,Completed
DP197,Kiran M,ORD009720,43,Completed
DP154,Dinesh R,ORD009721,25,Cancelled
DP015,Vijay S,ORD009722,19,Completed
DP200,Suresh Kumar,ORD009723,38,Completed
DP018,Manoj Kumar,ORD009724,10,Completed
DP162,Manoj Kumar,ORD009725,10,Completed
DP103,Kiran M,ORD009726,10,Completed
DP004,Manoj Kumar,ORD009727,36,Completed
DP067,Prakash S,ORD009728,41,Completed
DP191,Manoj Kumar,ORD009729,12,Completed
DP100,Prakash S,ORD009730,40,Completed
DP227,Ajay Kumar,ORD009731,22,Cancelled
DP194,Lokesh K,ORD009732,22,Cancelled
DP074,Manoj Kumar,ORD009733,18,Completed
DP182,Vijay S,ORD009734,39,Completed
DP049,Vijay S,ORD009735,39,Completed
DP018,Mohan Raj,ORD009736,16,Completed
DP187,Dinesh R,ORD009737,41,Completed
DP187,Lokesh K,ORD009738,29,Rejected
DP223,Kiran M,ORD009739,23,Rejected
DP154,Vijay S,ORD009740,17,Completed
DP054,Vijay S,ORD009741,30,Completed
DP080,Nithin P,ORD009742,13,Rejected
DP139,Manoj Kumar,ORD009743,33,Completed
DP094,Nithin P,ORD009744,12,Cancelled
DP223,Kiran M,ORD009745,19,Completed
DP173,Dinesh R,ORD009746,39,Completed
DP249,Suresh Kumar,ORD009747,42,Cancelled
DP148,Mohan Raj,ORD009748,42,Completed
DP235,Kiran M,ORD009749,19,Completed
DP005,Ajay Kumar,ORD009750,32,Cancelled
DP233,Mohan Raj,ORD009751,43,Completed
DP069,Prakash S,ORD009752,12,Completed
DP150,Ajay Kumar,ORD009753,15,Rejected
DP231,Lokesh K,ORD009754,30,Cancelled
DP153,Imran Khan,ORD009755,41,Completed
DP203,Imran Khan,ORD009756,39,Completed
DP199,Imran Khan,ORD009757,19,Completed
DP014,Prakash S,ORD009758,42,Rejected
DP193,Manoj Kumar,ORD009759,32,Completed
DP172,Mohan Raj,ORD009760,16,Completed
DP075,Kiran M,ORD009761,24,Completed
DP245,Prakash S,ORD009762,14,Cancelled
DP212,Lokesh K,ORD009763,17,Rejected
DP146,Imran Khan,ORD009764,31,Cancelled
DP034,Suresh Kumar,ORD009765,37,Cancelled
DP058,Ravi Kumar,ORD009766,38,Rejected
DP104,Imran Khan,ORD009767,26,Rejected
DP234,Kiran M,ORD009768,39,Completed
DP059,Ravi Kumar,ORD009769,31,Completed
DP187,Lokesh K,ORD009770,20,Completed
DP019,Ravi Kumar,ORD009771,19,Completed
DP071,Vijay S,ORD009772,40,Cancelled
DP176,Ravi Kumar,ORD009773,32,Completed
DP049,Prakash S,ORD009774,26,Completed
DP109,Ajay Kumar,ORD009775,18,Cancelled
DP106,Manoj Kumar,ORD009776,30,Completed
DP245,Ravi Kumar,ORD009777,18,Rejected
DP113,Ravi Kumar,ORD009778,37,Completed
DP184,Ajay Kumar,ORD009779,26,Completed
DP248,Lokesh K,ORD009780,23,Completed
DP226,Ajay Kumar,ORD009781,13,Completed
DP108,Mohan Raj,ORD009782,28,Completed
DP160,Ajay Kumar,ORD009783,44,Rejected
DP112,Ajay Kumar,ORD009784,44,Completed
DP247,Mohan Raj,ORD009785,20,Cancelled
DP103,Vijay S,ORD009786,29,Rejected
DP079,Kiran M,ORD009787,25,Cancelled
DP096,Lokesh K,ORD009788,15,Completed
DP226,Nithin P,ORD009789,37,Completed
DP136,Dinesh R,ORD009790,35,Completed
DP117,Imran Khan,ORD009791,39,Completed
DP164,Nithin P,ORD009792,26,Rejected
DP149,Vijay S,ORD009793,34,Cancelled
DP113,Dinesh R,ORD009794,28,Completed
DP131,Nithin P,ORD009795,12,Completed
DP049,Imran Khan,ORD009796,21,Completed
DP234,Lokesh K,ORD009797,27,Rejected
DP088,Ravi Kumar,ORD009798,25,Cancelled
DP066,Nithin P,ORD009799,27,Cancelled
DP203,Nithin P,ORD009800,17,Rejected
DP108,Dinesh R,ORD009801,45,Cancelled
DP061,Suresh Kumar,ORD009802,26,Completed
DP051,Ravi Kumar,ORD009803,27,Completed
DP148,Imran Khan,ORD009804,26,Rejected
DP142,Prakash S,ORD009805,40,Completed
DP086,Ravi Kumar,ORD009806,39,Completed
DP217,Imran Khan,ORD009807,42,Completed
DP225,Manoj Kumar,ORD009808,43,Rejected
DP168,Vijay S,ORD009809,23,Completed
DP045,Prakash S,ORD009810,45,Completed
DP073,Manoj Kumar,ORD009811,39,Completed
DP206,Mohan Raj,ORD009812,43,Completed
DP173,Prakash S,ORD009813,45,Completed
DP203,Prakash S,ORD009814,13,Completed
DP054,Vijay S,ORD009815,14,Rejected
DP095,Imran Khan,ORD009816,33,Completed
DP019,Ajay Kumar,ORD009817,15,Completed
DP011,Ajay Kumar,ORD009818,14,Cancelled
DP132,Prakash S,ORD009819,38,Cancelled
DP062,Nithin P,ORD009820,40,Completed
DP184,Ravi Kumar,ORD009821,15,Completed
DP250,Prakash S,ORD009822,34,Cancelled
DP247,Vijay S,ORD009823,21,Completed
DP007,Lokesh K,ORD009824,21,Cancelled
DP032,Vijay S,ORD009825,14,Completed
DP062,Imran Khan,ORD009826,30,Rejected
DP132,Ravi Kumar,ORD009827,38,Rejected
DP086,Kiran M,ORD009828,20,Completed
DP017,Suresh Kumar,ORD009829,17,Completed
DP014,Imran Khan,ORD009830,43,Rejected
DP200,Prakash S,ORD009831,11,Completed
DP029,Prakash S,ORD009832,39,Rejected
DP052,Mohan Raj,ORD009833,16,Completed
DP017,Prakash S,ORD009834,23,Completed
DP073,Prakash S,ORD009835,19,Completed
DP099,Kiran M,ORD009836,10,Completed
DP054,Ajay Kumar,ORD009837,33,Rejected
DP090,Ajay Kumar,ORD009838,43,Cancelled
DP174,Suresh Kumar,ORD009839,33,Cancelled
DP126,Dinesh R,ORD009840,43,Completed
DP226,Dinesh R,ORD009841,25,Completed
DP228,Vijay S,ORD009842,16,Rejected
DP014,Kiran M,ORD009843,17,Cancelled
DP130,Imran Khan,ORD009844,44,Cancelled
DP116,Mohan Raj,ORD009845,40,Cancelled
DP067,Prakash S,ORD009846,44,Rejected
DP179,Ajay Kumar,ORD009847,43,Completed
DP222,Ravi Kumar,ORD009848,32,Rejected
DP071,Manoj Kumar,ORD009849,42,Rejected
DP239,Kiran M,ORD009850,18,Completed
DP158,Imran Khan,ORD009851,25,Completed
DP006,Suresh Kumar,ORD009852,17,Completed
DP022,Prakash S,ORD009853,36,Cancelled
DP001,Vijay S,ORD009854,21,Cancelled
DP121,Suresh Kumar,ORD009855,38,Completed
DP168,Suresh Kumar,ORD009856,27,Rejected
DP042,Ravi Kumar,ORD009857,27,Completed
DP193,Lokesh K,ORD009858,37,Rejected
DP184,Lokesh K,ORD009859,10,Completed
DP177,Imran Khan,ORD009860,26,Completed
DP186,Kiran M,ORD009861,35,Completed
DP042,Lokesh K,ORD009862,45,Completed
DP002,Vijay S,ORD009863,30,Completed
DP129,Lokesh K,ORD009864,39,Completed
DP222,Mohan Raj,ORD009865,43,Completed
DP026,Ravi Kumar,ORD009866,33,Completed
DP014,Manoj Kumar,ORD009867,15,Completed
DP132,Nithin P,ORD009868,36,Completed
DP097,Lokesh K,ORD009869,21,Rejected
DP130,Mohan Raj,ORD009870,45,Cancelled
DP032,Kiran M,ORD009871,43,Cancelled
DP065,Prakash S,ORD009872,34,Completed
DP202,Manoj Kumar,ORD009873,21,Cancelled
DP021,Nithin P,ORD009874,12,Completed
DP165,Lokesh K,ORD009875,10,Completed
DP036,Kiran M,ORD009876,24,Cancelled
DP200,Manoj Kumar,ORD009877,16,Completed
DP095,Manoj Kumar,ORD009878,32,Rejected
DP190,Mohan Raj,ORD009879,41,Completed
DP097,Manoj Kumar,ORD009880,44,Completed
DP028,Vijay S,ORD009881,34,Completed
DP039,Vijay S,ORD009882,45,Rejected
DP116,Nithin P,ORD009883,24,Cancelled
DP043,Ajay Kumar,ORD009884,33,Completed
DP010,Lokesh K,ORD009885,38,Completed
DP108,Mohan Raj,ORD009886,40,Cancelled
DP225,Suresh Kumar,ORD009887,15,Cancelled
DP192,Lokesh K,ORD009888,23,Rejected
DP200,Lokesh K,ORD009889,14,Completed
DP169,Nithin P,ORD009890,29,Completed
DP205,Manoj Kumar,ORD009891,18,Cancelled
DP090,Kiran M,ORD009892,18,Rejected
DP127,Kiran M,ORD009893,19,Completed
DP130,Imran Khan,ORD009894,39,Cancelled
DP079,Suresh Kumar,ORD009895,34,Completed
DP051,Lokesh K,ORD009896,24,Completed
DP108,Vijay S,ORD009897,30,Rejected
DP167,Ravi Kumar,ORD009898,23,Cancelled
DP184,Mohan Raj,ORD009899,39,Cancelled
DP024,Lokesh K,ORD009900,15,Rejected
DP037,Prakash S,ORD009901,10,Completed
DP079,Ajay Kumar,ORD009902,37,Cancelled
DP099,Prakash S,ORD009903,30,Cancelled
DP192,Vijay S,ORD009904,18,Completed
DP210,Manoj Kumar,ORD009905,35,Completed
DP044,Mohan Raj,ORD009906,12,Rejected
DP137,Suresh Kumar,ORD009907,36,Completed
DP130,Ravi Kumar,ORD009908,40,Completed
DP157,Mohan Raj,ORD009909,17,Completed
DP083,Ajay Kumar,ORD009910,14,Rejected
DP214,Manoj Kumar,ORD009911,22,Completed
DP034,Prakash S,ORD009912,34,Completed
DP065,Vijay S,ORD009913,33,Rejected
DP026,Vijay S,ORD009914,20,Rejected
DP082,Lokesh K,ORD009915,43,Completed
DP161,Manoj Kumar,ORD009916,42,Completed
DP004,Lokesh K,ORD009917,44,Completed
DP142,Suresh Kumar,ORD009918,16,Cancelled
DP005,Nithin P,ORD009919,40,Completed
DP106,Kiran M,ORD009920,11,Rejected
DP036,Ajay Kumar,ORD009921,45,Cancelled
DP162,Dinesh R,ORD009922,20,Cancelled
DP046,Imran Khan,ORD009923,38,Completed
DP106,Ajay Kumar,ORD009924,42,Completed
DP091,Ravi Kumar,ORD009925,23,Completed
DP040,Manoj Kumar,ORD009926,21,Completed
DP186,Prakash S,ORD009927,34,Completed
DP030,Lokesh K,ORD009928,45,Completed
DP064,Vijay S,ORD009929,39,Rejected
DP214,Vijay S,ORD009930,31,Completed
DP219,Prakash S,ORD009931,20,Cancelled
DP185,Mohan Raj,ORD009932,39,Completed
DP080,Ravi Kumar,ORD009933,44,Completed
DP129,Kiran M,ORD009934,40,Rejected
DP090,Imran Khan,ORD009935,45,Completed
DP011,Ravi Kumar,ORD009936,20,Completed
DP213,Lokesh K,ORD009937,11,Completed
DP096,Suresh Kumar,ORD009938,33,Completed
DP132,Suresh Kumar,ORD009939,31,Completed
DP115,Nithin P,ORD009940,17,Rejected
DP193,Prakash S,ORD009941,44,Cancelled
DP184,Suresh Kumar,ORD009942,26,Rejected
DP012,Nithin P,ORD009943,26,Rejected
DP039,Dinesh R,ORD009944,28,Rejected
DP206,Lokesh K,ORD009945,10,Completed
DP017,Imran Khan,ORD009946,14,Rejected
DP048,Dinesh R,ORD009947,28,Cancelled
DP145,Mohan Raj,ORD009948,38,Rejected
DP092,Suresh Kumar,ORD009949,45,Cancelled
DP098,Nithin P,ORD009950,27,Completed
DP203,Mohan Raj,ORD009951,31,Completed
DP124,Mohan Raj,ORD009952,45,Cancelled
DP101,Dinesh R,ORD009953,44,Rejected
DP132,Dinesh R,ORD009954,34,Completed
DP037,Prakash S,ORD009955,18,Cancelled
DP100,Nithin P,ORD009956,42,Cancelled
DP209,Dinesh R,ORD009957,16,Cancelled
DP214,Kiran M,ORD009958,43,Cancelled
DP149,Manoj Kumar,ORD009959,32,Cancelled
DP229,Vijay S,ORD009960,29,Rejected
DP212,Ravi Kumar,ORD009961,36,Rejected
DP234,Manoj Kumar,ORD009962,24,Rejected
DP214,Manoj Kumar,ORD009963,37,Completed
DP093,Ajay Kumar,ORD009964,26,Completed
DP078,Kiran M,ORD009965,11,Completed
DP019,Mohan Raj,ORD009966,36,Completed
DP135,Mohan Raj,ORD009967,31,Completed
DP054,Nithin P,ORD009968,16,Completed
DP182,Lokesh K,ORD009969,39,Completed
DP098,Dinesh R,ORD009970,37,Cancelled
DP213,Dinesh R,ORD009971,19,Completed
DP011,Imran Khan,ORD009972,14,Completed
DP247,Suresh Kumar,ORD009973,20,Rejected
DP031,Manoj Kumar,ORD009974,38,Cancelled
DP175,Prakash S,ORD009975,37,Cancelled
DP061,Manoj Kumar,ORD009976,39,Completed
DP146,Ajay Kumar,ORD009977,30,Rejected
DP196,Nithin P,ORD009978,20,Cancelled
DP053,Ravi Kumar,ORD009979,38,Completed
DP221,Manoj Kumar,ORD009980,41,Completed
DP231,Prakash S,ORD009981,12,Completed
DP211,Imran Khan,ORD009982,39,Cancelled
DP151,Imran Khan,ORD009983,18,Completed
DP219,Suresh Kumar,ORD009984,36,Completed
DP132,Imran Khan,ORD009985,24,Completed
DP221,Prakash S,ORD009986,21,Completed
DP216,Vijay S,ORD009987,39,Completed
DP090,Nithin P,ORD009988,11,Completed
DP134,Kiran M,ORD009989,24,Completed
DP240,Kiran M,ORD009990,24,Completed
DP078,Kiran M,ORD009991,12,Rejected
DP121,Prakash S,ORD009992,11,Completed
DP208,Vijay S,ORD009993,42,Rejected
DP050,Kiran M,ORD009994,34,Rejected
DP152,Kiran M,ORD009995,33,Rejected
DP113,Prakash S,ORD009996,22,Completed
DP040,Ravi Kumar,ORD009997,17,Cancelled
DP160,Ravi Kumar,ORD009998,41,Cancelled
DP233,Nithin P,ORD009999,19,Completed
DP137,Dinesh R,ORD010000,41,Cancelled
