Emp_ID,Emp_Name,Order_ID,Attendance_Percentage,Picking_Time_Minutes,Income_Earned
PK033,Karthik Raj,ORD000001,96.44,8,40.62
PK073,Arun Kumar,ORD000002,83.44,11,26.71
PK069,Sanjay Kumar,ORD000003,90.86,20,112.72
PK199,Naveen Kumar,ORD000004,98.79,20,53.76
PK227,Sanjay Kumar,ORD000005,98.32,15,40.09
PK021,Priya Sharma,ORD000006,88.6,17,57.46
PK065,Harish M,ORD000007,92.36,4,86.6
PK073,Sanjay Kumar,ORD000008,82.82,3,31.37
PK168,Sanjay Kumar,ORD000009,83.75,14,22.06
PK189,Naveen Kumar,ORD000010,91.46,13,30.36
PK100,Vignesh R,ORD000011,91.5,15,29.38
PK008,Vignesh R,ORD000012,82.9,13,44.36
PK090,Harish M,ORD000013,84.03,16,19.44
PK075,Divya Nair,ORD000014,99.81,4,107.65
PK142,Swetha R,ORD000015,87.51,11,34.05
PK091,Anitha S,ORD000016,91.62,5,85.27
PK074,Swetha R,ORD000017,97.47,11,92.2
PK040,Swetha R,ORD000018,86.96,18,75.62
PK239,Naveen Kumar,ORD000019,84.51,4,49.0
PK229,Sanjay Kumar,ORD000020,91.81,10,62.54
PK235,Arun Kumar,ORD000021,89.73,10,37.55
PK232,Priya Sharma,ORD000022,83.33,5,85.3
PK110,Vignesh R,ORD000023,97.97,20,108.73
PK082,Rahul Singh,ORD000024,90.85,10,66.71
PK185,Vignesh R,ORD000025,84.26,13,74.76
PK064,Karthik Raj,ORD000026,84.24,11,101.83
PK177,Karthik Raj,ORD000027,84.61,17,26.82
PK144,Priya Sharma,ORD000028,85.92,13,43.18
PK201,Priya Sharma,ORD000029,89.65,15,77.55
PK068,Vignesh R,ORD000030,89.25,13,118.54
PK122,Priya Sharma,ORD000031,91.9,5,20.85
PK060,Divya Nair,ORD000032,85.48,19,16.67
PK092,Naveen Kumar,ORD000033,83.55,12,43.17
PK078,Swetha R,ORD000034,96.94,7,99.71
PK058,Priya Sharma,ORD000035,88.1,17,111.9
PK135,Arun Kumar,ORD000036,99.2,3,117.95
PK204,Rahul Singh,ORD000037,85.57,7,61.47
PK049,Arun Kumar,ORD000038,93.5,5,27.31
PK160,Divya Nair,ORD000039,83.34,7,77.83
PK012,Vignesh R,ORD000040,87.69,11,59.54
PK249,Karthik Raj,ORD000041,95.79,20,86.64
PK058,Swetha R,ORD000042,82.51,19,60.14
PK075,Vignesh R,ORD000043,91.23,3,28.1
PK016,Rahul Singh,ORD000044,94.99,11,46.71
PK024,Karthik Raj,ORD000045,89.64,6,61.24
PK111,Priya Sharma,ORD000046,95.12,19,32.98
PK228,Priya Sharma,ORD000047,96.5,18,73.26
PK118,Rahul Singh,ORD000048,89.96,19,85.67
PK145,Karthik Raj,ORD000049,87.91,16,56.08
PK163,Arun Kumar,ORD000050,82.64,11,48.56
PK017,Meena Devi,ORD000051,94.52,11,69.95
PK038,Karthik Raj,ORD000052,93.33,4,23.54
PK088,Anitha S,ORD000053,88.21,15,28.48
PK157,Harish M,ORD000054,82.64,6,22.33
PK112,Meena Devi,ORD000055,86.7,16,109.99
PK147,Arun Kumar,ORD000056,90.7,18,49.62
PK147,Anitha S,ORD000057,92.96,13,19.78
PK092,Vignesh R,ORD000058,93.7,18,59.53
PK039,Vignesh R,ORD000059,90.12,5,99.38
PK069,Harish M,ORD000060,99.84,7,70.54
PK115,Priya Sharma,ORD000061,94.99,3,106.6
PK143,Divya Nair,ORD000062,94.97,15,113.79
PK104,Priya Sharma,ORD000063,93.71,20,108.35
PK248,Vignesh R,ORD000064,99.49,18,105.15
PK076,Arun Kumar,ORD000065,90.04,6,45.65
PK062,Arun Kumar,ORD000066,98.2,7,108.68
PK198,Vignesh R,ORD000067,98.24,11,63.22
PK091,Karthik Raj,ORD000068,83.1,3,89.29
PK187,Naveen Kumar,ORD000069,96.13,19,30.41
PK210,Karthik Raj,ORD000070,97.42,15,98.59
PK025,Vignesh R,ORD000071,94.91,5,111.99
PK111,Karthik Raj,ORD000072,95.99,19,68.75
PK095,Meena Devi,ORD000073,93.97,10,65.13
PK057,Naveen Kumar,ORD000074,98.14,16,50.69
PK216,Swetha R,ORD000075,89.74,12,48.95
PK121,Karthik Raj,ORD000076,85.45,10,38.17
PK051,Rahul Singh,ORD000077,82.28,13,35.14
PK189,Meena Devi,ORD000078,97.14,14,104.86
PK096,Arun Kumar,ORD000079,85.17,15,36.49
PK169,Meena Devi,ORD000080,87.98,16,53.55
PK232,Meena Devi,ORD000081,99.96,10,58.29
PK005,Naveen Kumar,ORD000082,95.46,4,25.62
PK202,Vignesh R,ORD000083,87.68,8,61.43
PK168,Priya Sharma,ORD000084,95.14,7,53.58
PK003,Anitha S,ORD000085,93.86,7,66.1
PK151,Anitha S,ORD000086,99.79,12,36.87
PK245,Swetha R,ORD000087,92.39,10,49.97
PK085,Rahul Singh,ORD000088,92.05,9,95.57
PK228,Priya Sharma,ORD000089,96.93,7,111.86
PK048,Meena Devi,ORD000090,88.29,6,63.61
PK069,Anitha S,ORD000091,89.45,15,51.8
PK080,Arun Kumar,ORD000092,94.85,5,101.45
PK083,Sanjay Kumar,ORD000093,87.64,20,46.11
PK178,Rahul Singh,ORD000094,93.76,6,35.39
PK131,Harish M,ORD000095,85.3,14,96.43
PK013,Meena Devi,ORD000096,99.0,3,71.1
PK008,Naveen Kumar,ORD000097,85.7,16,50.53
PK009,Sanjay Kumar,ORD000098,99.59,12,45.87
PK062,Naveen Kumar,ORD000099,99.93,20,70.1
PK174,Naveen Kumar,ORD000100,88.38,18,27.66
PK245,Naveen Kumar,ORD000101,85.82,6,45.23
PK083,Harish M,ORD000102,94.96,18,20.8
PK094,Vignesh R,ORD000103,87.78,3,54.08
PK036,Swetha R,ORD000104,82.53,14,57.39
PK024,Harish M,ORD000105,92.75,6,111.88
PK223,Priya Sharma,ORD000106,92.91,4,104.75
PK136,Swetha R,ORD000107,93.71,9,18.22
PK145,Swetha R,ORD000108,91.59,14,54.66
PK030,Swetha R,ORD000109,84.03,15,65.94
PK023,Sanjay Kumar,ORD000110,89.57,17,74.98
PK172,Rahul Singh,ORD000111,96.68,15,23.34
PK124,Sanjay Kumar,ORD000112,83.66,9,55.39
PK052,Vignesh R,ORD000113,83.87,7,43.2
PK202,Naveen Kumar,ORD000114,88.9,9,32.4
PK224,Divya Nair,ORD000115,96.94,8,27.03
PK020,Karthik Raj,ORD000116,96.71,20,57.67
PK222,Swetha R,ORD000117,93.29,18,78.15
PK122,Divya Nair,ORD000118,86.16,6,50.06
PK081,Divya Nair,ORD000119,84.45,11,19.62
PK012,Anitha S,ORD000120,82.32,18,81.34
PK169,Naveen Kumar,ORD000121,97.65,19,83.85
PK003,Divya Nair,ORD000122,82.75,11,26.76
PK160,Karthik Raj,ORD000123,84.2,15,25.32
PK179,Divya Nair,ORD000124,82.94,13,30.46
PK105,Vignesh R,ORD000125,87.0,14,76.51
PK238,Harish M,ORD000126,96.14,10,116.49
PK085,Priya Sharma,ORD000127,96.95,20,50.51
PK040,Karthik Raj,ORD000128,99.21,14,50.41
PK157,Harish M,ORD000129,87.33,18,23.29
PK162,Rahul Singh,ORD000130,91.19,20,15.8
PK174,Anitha S,ORD000131,82.41,16,77.17
PK235,Naveen Kumar,ORD000132,94.61,17,77.35
PK142,Naveen Kumar,ORD000133,84.69,14,107.08
PK052,Swetha R,ORD000134,82.15,3,24.56
PK093,Divya Nair,ORD000135,85.43,5,112.54
PK181,Divya Nair,ORD000136,91.96,8,53.36
PK177,Naveen Kumar,ORD000137,90.12,6,37.11
PK134,Meena Devi,ORD000138,82.04,16,42.67
PK102,Priya Sharma,ORD000139,91.48,20,32.96
PK136,Swetha R,ORD000140,91.06,5,30.81
PK144,Rahul Singh,ORD000141,84.9,4,88.87
PK239,Rahul Singh,ORD000142,97.55,11,74.95
PK200,Priya Sharma,ORD000143,99.92,12,84.46
PK154,Rahul Singh,ORD000144,91.89,14,85.03
PK215,Naveen Kumar,ORD000145,89.66,19,21.85
PK030,Swetha R,ORD000146,93.17,13,48.23
PK173,Meena Devi,ORD000147,87.07,11,63.62
PK015,Vignesh R,ORD000148,89.81,17,35.75
PK044,Rahul Singh,ORD000149,85.49,5,69.04
PK020,Karthik Raj,ORD000150,96.71,10,35.06
PK211,Arun Kumar,ORD000151,91.2,9,21.89
PK224,Divya Nair,ORD000152,89.51,10,24.97
PK231,Swetha R,ORD000153,98.29,7,117.34
PK081,Anitha S,ORD000154,90.9,20,58.76
PK044,Priya Sharma,ORD000155,82.64,4,89.62
PK030,Rahul Singh,ORD000156,96.98,14,111.27
PK209,Divya Nair,ORD000157,97.78,11,26.05
PK025,Vignesh R,ORD000158,84.07,8,43.31
PK050,Divya Nair,ORD000159,84.64,8,56.12
PK187,Anitha S,ORD000160,95.41,10,34.82
PK155,Swetha R,ORD000161,85.97,17,86.47
PK004,Divya Nair,ORD000162,83.92,20,69.58
PK049,Sanjay Kumar,ORD000163,96.2,17,61.04
PK037,Arun Kumar,ORD000164,82.55,6,71.99
PK107,Meena Devi,ORD000165,99.96,6,30.56
PK195,Sanjay Kumar,ORD000166,97.35,16,55.93
PK136,Naveen Kumar,ORD000167,98.58,5,53.49
PK094,Sanjay Kumar,ORD000168,87.41,19,26.2
PK005,Anitha S,ORD000169,82.9,15,47.21
PK102,Meena Devi,ORD000170,96.54,6,65.2
PK081,Arun Kumar,ORD000171,96.82,19,115.77
PK152,Divya Nair,ORD000172,88.24,15,66.67
PK045,Naveen Kumar,ORD000173,96.22,14,81.77
PK113,Arun Kumar,ORD000174,88.56,13,84.7
PK237,Sanjay Kumar,ORD000175,98.36,16,62.64
PK002,Naveen Kumar,ORD000176,83.75,5,102.92
PK170,Naveen Kumar,ORD000177,97.29,4,64.72
PK103,Divya Nair,ORD000178,90.84,20,98.31
PK154,Priya Sharma,ORD000179,88.45,6,58.29
PK034,Anitha S,ORD000180,86.41,15,115.2
PK049,Arun Kumar,ORD000181,88.15,5,108.9
PK152,Sanjay Kumar,ORD000182,86.78,8,45.44
PK233,Divya Nair,ORD000183,90.11,8,28.24
PK192,Arun Kumar,ORD000184,98.63,4,86.09
PK201,Priya Sharma,ORD000185,87.1,20,115.66
PK038,Priya Sharma,ORD000186,85.72,5,83.53
PK082,Rahul Singh,ORD000187,92.58,18,59.88
PK127,Sanjay Kumar,ORD000188,99.34,15,91.43
PK221,Harish M,ORD000189,86.4,3,86.79
PK189,Swetha R,ORD000190,97.75,7,44.28
PK122,Karthik Raj,ORD000191,93.5,7,109.91
PK137,Karthik Raj,ORD000192,92.81,9,15.67
PK091,Priya Sharma,ORD000193,92.4,10,86.07
PK176,Vignesh R,ORD000194,83.77,14,53.82
PK125,Divya Nair,ORD000195,91.81,15,98.39
PK173,Naveen Kumar,ORD000196,85.11,18,33.14
PK076,Meena Devi,ORD000197,93.74,16,48.89
PK111,Harish M,ORD000198,82.48,3,15.09
PK122,Naveen Kumar,ORD000199,91.15,8,95.56
PK218,Divya Nair,ORD000200,86.14,9,40.07
PK063,Rahul Singh,ORD000201,96.82,7,88.29
PK179,Vignesh R,ORD000202,88.19,10,101.66
PK160,Sanjay Kumar,ORD000203,99.18,3,94.14
PK055,Meena Devi,ORD000204,95.77,8,81.11
PK137,Meena Devi,ORD000205,91.95,17,86.27
PK190,Rahul Singh,ORD000206,83.97,15,99.57
PK248,Vignesh R,ORD000207,84.25,7,58.04
PK061,Vignesh R,ORD000208,93.48,5,24.67
PK002,Priya Sharma,ORD000209,90.33,9,34.73
PK239,Rahul Singh,ORD000210,83.52,14,110.88
PK124,Arun Kumar,ORD000211,99.34,20,92.65
PK246,Harish M,ORD000212,93.49,14,54.48
PK057,Naveen Kumar,ORD000213,91.04,10,15.38
PK115,Naveen Kumar,ORD000214,91.65,4,118.92
PK102,Meena Devi,ORD000215,87.75,10,44.9
PK110,Vignesh R,ORD000216,91.4,20,109.37
PK079,Harish M,ORD000217,95.55,5,-25.0
PK205,Karthik Raj,ORD000218,88.6,13,67.14
PK081,Naveen Kumar,ORD000219,96.01,13,72.34
PK011,Meena Devi,ORD000220,95.3,12,66.35
PK246,Naveen Kumar,ORD000221,87.58,9,18.32
PK011,Meena Devi,ORD000222,91.69,9,48.66
PK235,Divya Nair,ORD000223,99.07,10,24.69
PK003,Naveen Kumar,ORD000224,87.9,19,61.17
PK001,Rahul Singh,ORD000225,83.91,20,32.07
PK080,Anitha S,ORD000226,82.13,15,78.45
PK090,Karthik Raj,ORD000227,89.59,16,103.75
PK221,Karthik Raj,ORD000228,84.87,10,90.25
PK031,Divya Nair,ORD000229,90.78,4,31.67
PK068,Anitha S,ORD000230,85.2,20,66.77
PK025,Harish M,ORD000231,82.28,9,96.66
PK155,Arun Kumar,ORD000232,94.75,15,20.45
PK038,Rahul Singh,ORD000233,99.67,20,54.56
PK233,Arun Kumar,ORD000234,95.16,8,94.77
PK138,Rahul Singh,ORD000235,88.13,16,74.94
PK148,Vignesh R,ORD000236,92.31,9,98.75
PK021,Karthik Raj,ORD000237,87.9,12,77.27
PK172,Meena Devi,ORD000238,92.12,19,26.85
PK185,Karthik Raj,ORD000239,95.29,5,23.14
PK035,Swetha R,ORD000240,96.57,19,104.17
PK168,Divya Nair,ORD000241,93.1,6,22.62
PK188,Vignesh R,ORD000242,96.04,3,59.17
PK235, Rahul Singh ,ORD000243,90.88,10,90.11
PK226,Meena Devi,ORD000244,99.75,13,110.44
PK210,Karthik Raj,ORD000245,96.81,6,17.92
PK244,Karthik Raj,ORD000246,91.89,4,24.9
PK100,Priya Sharma,ORD000247,95.42,12,111.17
PK168,Vignesh R,ORD000248,95.33,17,58.27
PK039,Naveen Kumar,ORD000249,88.49,18,109.68
PK081,Priya Sharma,ORD000250,92.38,11,15.64
PK118,Anitha S,ORD000251,86.76,5,71.38
PK145,Sanjay Kumar,ORD000252,95.76,7,35.04
PK178,Rahul Singh,ORD000253,88.43,11,24.63
PK174,Rahul Singh,ORD000254,83.57,6,99.32
PK113,Karthik Raj,ORD000255,85.92,18,110.33
PK145,Divya Nair,ORD000256,94.66,17,94.96
PK046,Priya Sharma,ORD000257,85.46,9,100.42
PK223,Harish M,ORD000258,90.98,11,42.36
PK036,Meena Devi,ORD000259,89.94,13,41.89
PK236,Priya Sharma,ORD000260,96.41,17,74.35
PK096,Karthik Raj,ORD000261,92.94,13,113.22
PK247,Harish M,ORD000262,97.68,20,80.43
PK037,Karthik Raj,ORD000263,87.48,3,54.23
PK127,Priya Sharma,ORD000264,95.87,5,50.37
PK024,Anitha S,ORD000265,94.16,19,111.31
PK229,Naveen Kumar,ORD000266,82.75,20,52.43
PK112,Harish M,ORD000267,95.55,16,60.12
PK041,Sanjay Kumar,ORD000268,82.85,11,63.74
PK153,Karthik Raj,ORD000269,99.73,17,26.39
PK162,Swetha R,ORD000270,98.35,19,25.41
PK250,Karthik Raj,ORD000271,95.32,16,86.39
PK156,Rahul Singh,ORD000272,92.76,5,66.5
PK239,Rahul Singh,ORD000273,88.6,17,47.6
PK170,Divya Nair,ORD000274,96.17,6,113.97
PK237,Arun Kumar,ORD000275,96.19,16,33.16
PK245,Anitha S,ORD000276,87.82,14,52.29
PK156,Naveen Kumar,ORD000277,91.78,17,85.3
PK244,Swetha R,ORD000278,99.17,12,100.37
PK216,Rahul Singh,ORD000279,93.16,20,105.91
PK052,Sanjay Kumar,ORD000280,84.63,20,109.41
PK225,Vignesh R,ORD000281,92.83,20,70.66
PK063,Sanjay Kumar,ORD000282,91.05,5,102.14
PK051,Rahul Singh,ORD000283,94.27,12,25.21
PK230,Harish M,ORD000284,91.03,13,57.42
PK161,Harish M,ORD000285,85.56,17,49.92
PK003,Karthik Raj,ORD000286,89.61,11,108.05
PK114,Arun Kumar,ORD000287,97.78,11,109.86
PK110,Harish M,ORD000288,83.63,17,67.33
PK075,Priya Sharma,ORD000289,87.04,7,58.82
PK153,Meena Devi,ORD000290,94.2,14,96.95
PK222,Swetha R,ORD000291,98.84,6,107.95
PK006,Rahul Singh,ORD000292,94.51,10,27.28
PK053,Rahul Singh,ORD000293,97.52,16,18.37
PK059,Swetha R,ORD000294,82.65,11,50.17
PK163,Naveen Kumar,ORD000295,95.37,20,63.21
PK009,Priya Sharma,ORD000296,92.58,8,55.62
PK033,Naveen Kumar,ORD000297,85.96,8,69.67
PK219,Swetha R,ORD000298,83.79,4,76.28
PK190,Priya Sharma,ORD000299,96.97,4,58.37
PK124,Rahul Singh,ORD000300,99.9,7,47.67
PK035,Anitha S,ORD000301,94.67,8,56.61
PK206,Rahul Singh,ORD000302,90.71,12,52.21
PK057,Harish M,ORD000303,98.56,6,75.01
PK227,Karthik Raj,ORD000304,82.93,12,21.61
PK131,Swetha R,ORD000305,86.88,6,114.97
PK245,Divya Nair,ORD000306,88.16,5,33.24
PK043,Swetha R,ORD000307,91.57,18,109.31
PK046,Arun Kumar,ORD000308,83.2,20,19.74
PK005,Anitha S,ORD000309,97.34,17,65.46
PK087,Sanjay Kumar,ORD000310,86.22,18,61.86
PK198,Priya Sharma,ORD000311,86.04,3,34.14
PK218,Anitha S,ORD000312,96.1,13,77.62
PK162,Arun Kumar,ORD000313,88.15,5,26.47
PK091,Anitha S,ORD000314,99.23,16,54.0
PK033,Meena Devi,ORD000315,86.26,4,93.01
PK011,Priya Sharma,ORD000316,91.59,9,65.86
PK054,Karthik Raj,ORD000317,91.53,6,106.09
PK201,Naveen Kumar,ORD000318,87.8,4,42.27
PK156,Meena Devi,ORD000319,88.19,15,71.07
PK100,Karthik Raj,ORD000320,100.0,16,58.98
PK091,Anitha S,ORD000321,83.79,10,118.53
PK034,Naveen Kumar,ORD000322,97.55,4,24.94
PK066,Rahul Singh,ORD000323,95.12,15,39.13
PK125,Vignesh R,ORD000324,85.69,9,82.55
PK106,Vignesh R,ORD000325,84.88,10,110.04
PK224,Harish M,ORD000326,90.48,14,69.59
PK001,Divya Nair,ORD000327,84.79,9,52.01
PK112,Meena Devi,ORD000328,86.79,9,96.79
PK117,Anitha S,ORD000329,87.57,17,50.72
PK176,Arun Kumar,ORD000330,89.78,18,73.05
PK172,Rahul Singh,ORD000331,91.69,16,98.6
PK137,Sanjay Kumar,ORD000332,97.75,6,100.97
PK042,Vignesh R,ORD000333,91.4,3,61.81
PK016,Vignesh R,ORD000334,84.17,17,31.08
PK047,Harish M,ORD000335,82.93,13,70.66
PK109,Swetha R,ORD000336,82.55,8,100.87
PK213,Swetha R,ORD000337,94.04,9,62.02
PK026,Sanjay Kumar,ORD000338,88.63,16,68.21
PK045,Vignesh R,ORD000339,84.84,7,99.18
PK044,Anitha S,ORD000340,83.25,8,100.11
PK196,Arun Kumar,ORD000341,91.27,19,48.97
PK101,Priya Sharma,ORD000342,93.19,10,63.51
PK083,Harish M,ORD000343,86.17,6,41.74
PK223,Arun Kumar,ORD000344,98.84,3,84.09
PK079,Divya Nair,ORD000345,94.31,11,116.79
PK185,Swetha R,ORD000346,86.09,12,24.54
PK237,Swetha R,ORD000347,97.3,3,114.05
PK158,Swetha R,ORD000348,83.98,4,112.63
PK112,Rahul Singh,ORD000349,92.48,5,34.64
PK033,Rahul Singh,ORD000350,86.05,11,33.86
PK189,Priya Sharma,ORD000351,85.1,13,98.66
PK230,Meena Devi,ORD000352,98.15,10,67.51
PK021,Priya Sharma,ORD000353,83.89,12,57.72
PK194,Arun Kumar,ORD000354,98.96,5,50.75
PK100,Priya Sharma,ORD000355,98.66,5,60.81
PK158,Anitha S,ORD000356,86.06,3,69.48
PK007,Anitha S,ORD000357,92.03,5,83.64
PK116,Arun Kumar,ORD000358,86.19,12,63.06
PK174,Vignesh R,ORD000359,82.41,4,17.28
PK192,Harish M,ORD000360,99.71,19,75.37
PK149,Divya Nair,ORD000361,95.87,16,90.08
PK066,Arun Kumar,ORD000362,98.96,11,43.55
PK202,Divya Nair,ORD000363,89.69,16,39.69
PK137,Priya Sharma,ORD000364,86.24,19,77.37
PK216,Swetha R,ORD000365,93.37,4,28.4
PK142,Anitha S,ORD000366,92.13,19,16.19
PK024,Meena Devi,ORD000367,91.24,7,93.32
PK165,Rahul Singh,ORD000368,93.8,11,21.03
PK172,Divya Nair,ORD000369,99.94,18,109.69
PK225,Divya Nair,ORD000370,96.08,4,116.29
PK114,Priya Sharma,ORD000371,97.36,15,45.76
PK228,Naveen Kumar,ORD000372,86.76,15,106.67
PK160,Anitha S,ORD000373,96.56,6,78.33
PK237,Anitha S,ORD000374,96.86,12,112.77
PK137,,ORD000375,86.58,4,36.94
PK188,Naveen Kumar,ORD000376,94.29,13,57.01
PK250,Swetha R,ORD000377,87.89,3,24.94
PK103,Rahul Singh,ORD000378,85.47,14,34.31
PK058,Naveen Kumar,ORD000379,95.57,20,69.78
PK082,Arun Kumar,ORD000380,99.89,13,101.02
PK236,Rahul Singh,ORD000381,84.38,16,79.68
PK049,Vignesh R,ORD000382,98.34,10,69.39
PK202,Anitha S,ORD000383,88.56,19,105.53
PK149,Swetha R,ORD000384,87.36,3,20.49
PK076,Priya Sharma,ORD000385,84.29,11,71.22
PK164,Arun Kumar,ORD000386,82.59,16,102.88
PK031,Rahul Singh,ORD000387,90.88,14,99.44
PK072,Arun Kumar,ORD000388,95.28,14,68.13
PK038,Harish M,ORD000389,98.44,16,117.76
PK035,Harish M,ORD000390,93.1,5,79.47
PK008,Swetha R,ORD000391,94.9,19,20.75
PK125,Arun Kumar,ORD000392,87.02,7,108.15
PK106,Harish M,ORD000393,82.23,12,61.5
PK230,Karthik Raj,ORD000394,91.84,9,100.79
PK037,Swetha R,ORD000395,86.05,16,64.45
PK250,Swetha R,ORD000396,98.32,12,59.84
PK123,Anitha S,ORD000397,89.11,6,79.19
PK021,Arun Kumar,ORD000398,95.94,13,84.65
PK095,Sanjay Kumar,ORD000399,96.84,6,105.99
PK121,Anitha S,ORD000400,97.86,15,77.39
PK211,Rahul Singh,ORD000401,88.44,19,74.73
PK072,Harish M,ORD000402,85.31,16,67.17
PK173,Sanjay Kumar,ORD000403,98.65,18,54.01
PK249,Divya Nair,ORD000404,85.23,4,21.03
PK188,Priya Sharma,ORD000405,89.34,7,42.26
PK082,Arun Kumar,ORD000406,83.36,8,73.98
PK177,Rahul Singh,ORD000407,95.29,6,25.62
PK094,Arun Kumar,ORD000408,98.71,7,77.22
PK018,Swetha R,ORD000409,95.6,19,69.77
PK017,Rahul Singh,ORD000410,99.04,3,18.52
PK233,Divya Nair,ORD000411,85.61,4,78.02
PK097,Rahul Singh,ORD000412,98.08,6,75.05
PK116,Arun Kumar,ORD000413,82.79,13,93.77
PK228,Divya Nair,ORD000414,89.44,13,109.82
PK177,Rahul Singh,ORD000415,99.14,8,23.02
PK100,Anitha S,ORD000416,92.41,3,104.72
PK144,Divya Nair,ORD000417,83.67,16,66.0
PK067,Anitha S,ORD000418,94.28,9,33.12
PK197,Sanjay Kumar,ORD000419,89.66,14,85.81
PK217,Anitha S,ORD000420,83.03,10,86.83
PK108,Karthik Raj,ORD000421,83.99,20,96.84
PK212,Arun Kumar,ORD000422,98.37,18,95.43
PK222,Swetha R,ORD000423,95.46,7,70.88
PK191,Arun Kumar,ORD000424,91.26,15,56.47
PK179,Priya Sharma,ORD000425,89.83,9,91.53
PK109,Vignesh R,ORD000426,97.47,8,105.9
PK084,Arun Kumar,ORD000427,82.3,20,61.52
PK008,Harish M,ORD000428,92.59,19,83.66
PK192,Naveen Kumar,ORD000429,82.54,14,61.68
PK051,Rahul Singh,ORD000430,94.81,18,20.11
PK189,Anitha S,ORD000431,82.86,15,80.53
PK194,Arun Kumar,ORD000432,83.12,9,70.87
PK243,Divya Nair,ORD000433,96.13,15,52.28
PK078,Harish M,ORD000434,89.37,19,39.67
PK203,Divya Nair,ORD000435,89.5,17,48.55
PK250,Meena Devi,ORD000436,95.45,12,16.58
PK043,Arun Kumar,ORD000437,97.12,15,105.64
PK036,Meena Devi,ORD000438,92.56,7,32.53
PK234,Priya Sharma,ORD000439,98.64,11,31.22
PK070,Divya Nair,ORD000440,94.52,18,83.78
PK070,Meena Devi,ORD000441,94.15,10,44.18
PK085,Arun Kumar,ORD000442,90.07,3,89.21
PK095,Harish M,ORD000443,96.66,8,53.02
PK084,Divya Nair,ORD000444,86.1,16,74.79
PK095,Anitha S,ORD000445,94.91,3,88.91
PK156,Priya Sharma,ORD000446,83.54,9,77.27
PK195,Meena Devi,ORD000447,98.96,20,98.45
PK075,Vignesh R,ORD000448,93.44,7,117.39
PK220,Arun Kumar,ORD000449,99.19,5,20.16
PK168,Meena Devi,ORD000450,84.51,3,64.22
PK128,Karthik Raj,ORD000451,85.2,17,118.51
PK013,Naveen Kumar,ORD000452,95.14,17,99.54
PK117,Rahul Singh,ORD000453,89.1,4,59.28
PK095,Vignesh R,ORD000454,89.29,18,79.24
PK082,Sanjay Kumar,ORD000455,92.37,4,32.2
PK186,Sanjay Kumar,ORD000456,87.28,11,17.44
PK087,Arun Kumar,ORD000457,82.95,8,58.16
PK112,Anitha S,ORD000458,94.34,3,35.02
PK066,Vignesh R,ORD000459,82.38,20,38.98
PK180,Swetha R,ORD000460,84.89,19,111.0
PK185,Rahul Singh,ORD000461,96.94,9,33.92
PK038,Swetha R,ORD000462,91.62,15,28.7
PK229,Harish M,ORD000463,95.37,14,20.41
PK206,Divya Nair,ORD000464,87.77,12,55.96
PK187,Karthik Raj,ORD000465,87.72,14,15.14
PK102,Vignesh R,ORD000466,88.23,13,39.91
PK020,Swetha R,ORD000467,85.85,8,25.31
PK038,Priya Sharma,ORD000468,93.4,12,64.06
PK073,Anitha S,ORD000469,87.3,13,48.54
PK137,Karthik Raj,ORD000470,84.42,3,27.92
PK246,Arun Kumar,ORD000471,86.31,5,79.54
PK207,Naveen Kumar,ORD000472,88.31,15,97.34
PK058,Priya Sharma,ORD000473,93.95,8,109.37
PK206,Divya Nair,ORD000474,89.1,3,54.45
PK062,Meena Devi,ORD000475,96.06,8,65.78
PK214,Arun Kumar,ORD000476,85.78,20,48.5
PK243,Anitha S,ORD000477,86.36,20,103.35
PK077,Meena Devi,ORD000478,99.83,3,83.26
PK154,Naveen Kumar,ORD000479,83.16,19,64.32
PK008,Arun Kumar,ORD000480,85.87,11,118.34
PK153,Priya Sharma,ORD000481,99.48,3,28.52
PK094,Arun Kumar,ORD000482,88.39,16,41.25
PK053,Sanjay Kumar,ORD000483,99.18,15,69.4
PK029,Vignesh R,ORD000484,95.55,13,65.49
PK159,Divya Nair,ORD000485,93.34,15,58.43
PK002,Meena Devi,ORD000486,83.64,6,69.84
PK042,Karthik Raj,ORD000487,85.74,18,35.09
PK065,Swetha R,ORD000488,97.37,12,90.46
PK077,Karthik Raj,ORD000489,84.96,11,88.69
PK067,Arun Kumar,ORD000490,89.89,17,65.76
PK095,Divya Nair,ORD000491,83.15,13,107.14
PK064,Naveen Kumar,ORD000492,92.61,13,15.5
PK211,Vignesh R,ORD000493,97.67,16,40.25
PK084,Harish M,ORD000494,97.6,4,16.57
PK101,Karthik Raj,ORD000495,91.83,7,100.49
PK166,Karthik Raj,ORD000496,90.62,11,70.23
PK222,Sanjay Kumar,ORD000497,90.03,7,93.53
PK011,Anitha S,ORD000498,98.17,19,109.18
PK232,Karthik Raj,ORD000499,89.9,19,70.58
PK075,Karthik Raj,ORD000500,98.68,17,46.15
PK159,Naveen Kumar,ORD000501,90.77,5,16.67
PK060,Meena Devi,ORD000502,90.96,4,108.36
PK081,Rahul Singh,ORD000503,86.4,18,32.61
PK194,Arun Kumar,ORD000504,93.37,6,22.22
PK195,Divya Nair,ORD000505,89.91,17,71.22
PK069,Vignesh R,ORD000506,90.66,19,90.73
PK027,Swetha R,ORD000507,96.32,5,62.21
PK250,Meena Devi,ORD000508,94.98,19,90.19
PK163,Naveen Kumar,ORD000509,92.88,8,111.21
PK002,Arun Kumar,ORD000510,90.22,5,77.19
PK049,Naveen Kumar,ORD000511,98.52,9,73.28
PK166,Meena Devi,ORD000512,84.43,10,91.84
PK103,Swetha R,ORD000513,88.52,6,59.5
PK194,Arun Kumar,ORD000514,86.29,8,112.9
PK095,Arun Kumar,ORD000515,93.76,6,89.06
PK220,Arun Kumar,ORD000516,87.93,14,50.71
PK220,Anitha S,ORD000517,88.95,19,61.87
PK023,Meena Devi,ORD000518,96.14,10,41.58
PK002,Anitha S,ORD000519,87.36,8,58.53
PK031,Priya Sharma,ORD000520,95.43,17,42.74
PK236,Karthik Raj,ORD000521,96.99,9,25.57
PK027,Naveen Kumar,ORD000522,85.88,5,71.48
PK214,Divya Nair,ORD000523,84.78,6,22.72
PK114,Anitha S,ORD000524,96.07,18,51.07
PK082,Priya Sharma,ORD000525,92.99,10,62.54
PK138,Karthik Raj,ORD000526,82.42,18,78.75
PK036,Naveen Kumar,ORD000527,90.72,8,18.39
PK023,Arun Kumar,ORD000528,99.82,3,114.9
PK203,Harish M,ORD000529,99.2,-2,38.92
PK141,Vignesh R,ORD000530,93.98,15,74.77
PK059,Naveen Kumar,ORD000531,94.45,10,49.96
PK111,Karthik Raj,ORD000532,82.39,7,85.97
PK241,Harish M,ORD000533,94.84,17,94.68
PK087,Naveen Kumar,ORD000534,95.83,8,35.2
PK074,Rahul Singh,ORD000535,82.04,5,31.24
PK136,Swetha R,ORD000536,85.66,9,16.86
PK077,Anitha S,ORD000537,93.48,16,95.02
PK014,Arun Kumar,ORD000538,83.23,12,68.34
PK122,Karthik Raj,ORD000539,93.82,13,45.39
PK108,Vignesh R,ORD000540,83.65,8,87.58
PK063,Anitha S,ORD000541,84.96,18,105.6
PK027,Harish M,ORD000542,94.27,19,39.59
PK108,Anitha S,ORD000543,82.96,5,22.58
PK214,Divya Nair,ORD000544,83.01,10,66.29
PK096,Karthik Raj,ORD000545,83.41,13,27.53
PK239,Meena Devi,ORD000546,84.44,12,96.98
PK152,Priya Sharma,ORD000547,94.44,3,64.5
PK153,Rahul Singh,ORD000548,96.2,9,23.87
PK110,Naveen Kumar,ORD000549,91.96,8,21.84
PK111,Priya Sharma,ORD000550,96.29,4,52.03
PK147,Vignesh R,ORD000551,96.5,10,37.02
PK066,Naveen Kumar,ORD000552,92.31,12,40.07
PK056,Divya Nair,ORD000553,82.72,13,78.27
PK024,Rahul Singh,ORD000554,91.82,3,39.82
PK191,Karthik Raj,ORD000555,91.52,14,55.73
PK108,Sanjay Kumar,ORD000556,99.88,6,49.35
PK238,Priya Sharma,ORD000557,82.67,12,15.14
PK016,Sanjay Kumar,ORD000558,95.3,20,88.62
PK100,Rahul Singh,ORD000559,83.55,8,50.45
PK031,Arun Kumar,ORD000560,92.58,20,34.38
PK226,Meena Devi,ORD000561,92.52,12,33.61
PK204,Arun Kumar,ORD000562,96.03,7,19.42
PK188,Anitha S,ORD000563,89.1,18,26.37
PK161,Priya Sharma,ORD000564,99.89,9,53.63
PK041,Harish M,ORD000565,85.5,10,19.9
PK240,Anitha S,ORD000566,95.45,3,57.42
PK015,Vignesh R,ORD000567,94.12,19,109.81
PK066,Rahul Singh,ORD000568,82.99,8,32.31
PK082,Swetha R,ORD000569,83.21,19,42.36
PK169,Sanjay Kumar,ORD000570,85.16,3,77.32
PK134,Swetha R,ORD000571,84.49,20,49.25
PK069,Rahul Singh,ORD000572,94.87,12,68.99
PK163,Swetha R,ORD000573,99.32,11,20.11
PK144,Anitha S,ORD000574,99.75,7,17.04
PK141,Priya Sharma,ORD000575,89.11,11,110.01
PK134,Naveen Kumar,ORD000576,94.08,11,46.15
PK202,Divya Nair,ORD000577,93.15,16,56.81
PK217,Rahul Singh,ORD000578,90.86,12,26.58
PK004,Naveen Kumar,ORD000579,98.02,15,75.54
PK024,Naveen Kumar,ORD000580,93.67,13,25.11
PK219,Divya Nair,ORD000581,91.55,9,110.12
PK132,Naveen Kumar,ORD000582,92.29,8,76.37
PK136,Meena Devi,ORD000583,91.18,14,44.13
PK230,Priya Sharma,ORD000584,94.88,14,65.25
PK106,Divya Nair,ORD000585,89.94,6,19.74
PK158,Arun Kumar,ORD000586,88.29,5,34.81
PK080,Swetha R,ORD000587,94.08,13,91.9
PK058,Divya Nair,ORD000588,82.93,11,102.55
PK006,Anitha S,ORD000589,94.6,13,34.98
PK205,Arun Kumar,ORD000590,95.12,3,115.82
PK081,Arun Kumar,ORD000591,87.31,5,69.53
PK239,Harish M,ORD000592,89.39,4,65.87
PK191,Karthik Raj,ORD000593,90.04,11,57.74
PK192,Naveen Kumar,ORD000594,93.67,13,118.6
PK187,Sanjay Kumar,ORD000595,96.3,6,70.46
PK051,Meena Devi,ORD000596,84.82,7,29.86
PK071,Naveen Kumar,ORD000597,83.15,4,68.0
PK241,Karthik Raj,ORD000598,92.42,6,52.36
PK123,Naveen Kumar,ORD000599,92.97,14,91.84
PK066,Anitha S,ORD000600,93.54,3,63.77
PK055,Karthik Raj,ORD000601,84.17,12,86.86
PK045,Divya Nair,ORD000602,97.4,6,16.63
PK116,Anitha S,ORD000603,86.05,7,77.83
PK002,Anitha S,ORD000604,82.29,10,99.59
PK068,Anitha S,ORD000605,91.21,10,44.41
PK125,Sanjay Kumar,ORD000606,97.35,16,58.71
PK105,Arun Kumar,ORD000607,95.25,16,82.56
PK060,Rahul Singh,ORD000608,84.31,19,70.1
PK098,Sanjay Kumar,ORD000609,89.31,3,63.09
PK081,Harish M,ORD000610,91.33,12,33.27
PK119,Sanjay Kumar,ORD000611,90.96,20,119.26
PK043,Harish M,ORD000612,99.52,14,79.15
PK068,Priya Sharma,ORD000613,93.74,8,19.19
PK170,Priya Sharma,ORD000614,97.88,20,101.66
PK080,Sanjay Kumar,ORD000615,92.96,14,93.34
PK236,Karthik Raj,ORD000616,91.62,4,41.79
PK149,Sanjay Kumar,ORD000617,94.48,5,51.64
PK049,Swetha R,ORD000618,95.14,12,85.47
PK134,Harish M,ORD000619,88.53,14,71.73
PK160,Harish M,ORD000620,82.64,10,55.54
PK039,Meena Devi,ORD000621,96.17,17,61.84
PK011,Anitha S,ORD000622,96.6,3,118.69
PK100,Naveen Kumar,ORD000623,84.01,12,77.77
PK151,Harish M,ORD000624,93.51,15,72.0
PK214,Rahul Singh,ORD000625,82.78,4,84.78
PK032,Divya Nair,ORD000626,86.32,14,20.85
PK134,Vignesh R,ORD000627,89.28,4,55.01
PK113,Divya Nair,ORD000628,86.06,16,91.42
PK178,Sanjay Kumar,ORD000629,87.57,8,63.85
PK104,Vignesh R,ORD000630,89.1,10,105.31
PK016,Karthik Raj,ORD000631,98.81,17,23.25
PK138,Rahul Singh,ORD000632,89.57,8,77.72
PK026,Swetha R,ORD000633,90.28,10,85.99
PK224,Vignesh R,ORD000634,97.95,4,19.14
PK022,Karthik Raj,ORD000635,98.08,20,67.84
PK182,Rahul Singh,ORD000636,97.73,12,22.49
PK240,Karthik Raj,ORD000637,84.66,11,83.38
PK027,Arun Kumar,ORD000638,82.65,17,32.78
PK084,Vignesh R,ORD000639,92.67,17,75.54
PK039,Karthik Raj,ORD000640,87.47,11,58.63
PK143,Priya Sharma,ORD000641,91.67,15,68.6
PK181,Vignesh R,ORD000642,92.48,7,16.66
PK194,Vignesh R,ORD000643,83.85,4,93.14
PK113,Swetha R,ORD000644,83.68,13,16.22
PK148,Naveen Kumar,ORD000645,98.91,15,24.06
PK078,Swetha R,ORD000646,89.03,10,115.77
PK140,Karthik Raj,ORD000647,95.64,3,75.43
PK208,Priya Sharma,ORD000648,97.16,13,25.85
PK237,Anitha S,ORD000649,89.8,9,56.77
PK065,Vignesh R,ORD000650,89.53,18,24.49
PK012,Swetha R,ORD000651,88.41,13,51.82
PK156,Vignesh R,ORD000652,89.8,5,112.59
PK245,Sanjay Kumar,ORD000653,97.88,3,44.97
PK091,Anitha S,ORD000654,99.62,4,76.12
PK005,Karthik Raj,ORD000655,85.35,10,80.1
PK207,Vignesh R,ORD000656,82.66,17,26.88
PK224,Naveen Kumar,ORD000657,85.53,11,109.81
PK026,Rahul Singh,ORD000658,83.62,7,107.34
PK088,Priya Sharma,ORD000659,82.26,17,105.51
PK036,Harish M,ORD000660,96.65,6,84.61
PK126,Meena Devi,ORD000661,85.87,7,112.21
PK049,Arun Kumar,ORD000662,88.25,19,58.58
PK110,Sanjay Kumar,ORD000663,89.05,7,67.73
PK231,Swetha R,ORD000664,94.3,13,115.78
PK242,Priya Sharma,ORD000665,98.63,7,24.67
PK137,Divya Nair,ORD000666,91.73,16,45.38
PK145,Swetha R,ORD000667,84.91,14,95.08
PK192,Vignesh R,ORD000668,83.05,19,81.75
PK198,Meena Devi,ORD000669,96.62,15,31.35
PK160,Arun Kumar,ORD000670,93.0,5,72.83
PK207,Karthik Raj,ORD000671,92.4,19,41.9
PK077,Anitha S,ORD000672,98.22,4,41.79
PK066,Divya Nair,ORD000673,83.87,18,99.96
PK165,Harish M,ORD000674,86.85,6,96.63
PK098,Arun Kumar,ORD000675,84.7,18,55.09
PK063,Swetha R,ORD000676,83.42,15,70.0
PK010,Swetha R,ORD000677,84.35,19,44.53
PK121,Naveen Kumar,ORD000678,95.24,6,31.4
PK028,Rahul Singh,ORD000679,88.07,12,67.38
PK118,Priya Sharma,ORD000680,94.14,8,68.75
PK248,Sanjay Kumar,ORD000681,97.5,7,112.46
PK017,Harish M,ORD000682,95.45,5,70.51
PK125,Anitha S,ORD000683,83.74,19,115.94
PK077,Vignesh R,ORD000684,86.37,7,79.58
PK144,Anitha S,ORD000685,82.41,18,47.51
PK180,Sanjay Kumar,ORD000686,84.11,11,17.6
PK110,Sanjay Kumar,ORD000687,90.08,8,95.95
PK049,Vignesh R,ORD000688,86.08,8,106.23
PK003,Karthik Raj,ORD000689,92.15,20,46.61
PK133,Meena Devi,ORD000690,86.45,9,79.64
PK209,Divya Nair,ORD000691,88.54,17,32.06
PK225,Divya Nair,ORD000692,99.07,11,55.26
PK097,Priya Sharma,ORD000693,88.55,15,27.03
PK013,Harish M,ORD000694,95.05,5,77.89
PK149,Vignesh R,ORD000695,90.06,15,44.36
PK243,Sanjay Kumar,ORD000696,86.16,10,67.54
PK167,Vignesh R,ORD000697,86.57,15,45.47
PK004,Harish M,ORD000698,90.69,16,97.58
PK212,Arun Kumar,ORD000699,95.14,15,105.79
PK041,Vignesh R,ORD000700,90.3,3,116.27
PK206,Anitha S,ORD000701,82.19,9,101.5
PK034,Sanjay Kumar,ORD000702,91.76,3,87.29
PK039,Anitha S,ORD000703,92.67,10,15.63
PK084,Arun Kumar,ORD000704,98.1,5,94.25
PK224,Meena Devi,ORD000705,96.41,8,21.89
PK067,Arun Kumar,ORD000706,86.02,10,55.99
PK115,Vignesh R,ORD000707,95.64,4,58.06
PK051,Anitha S,ORD000708,96.62,16,86.41
PK132,Naveen Kumar,ORD000709,97.83,9,38.84
PK062,Sanjay Kumar,ORD000710,82.47,10,66.1
PK198,Naveen Kumar,ORD000711,92.28,3,32.93
PK049,Anitha S,ORD000712,96.06,10,51.44
PK161,Meena Devi,ORD000713,86.0,3,45.85
PK023,Rahul Singh,ORD000714,87.37,13,52.59
PK106,Sanjay Kumar,ORD000715,95.61,15,19.23
PK157,Anitha S,ORD000716,92.11,6,82.23
PK240,Naveen Kumar,ORD000717,83.91,19,87.65
PK163,Sanjay Kumar,ORD000718,98.13,10,36.3
PK032,Anitha S,ORD000719,87.55,11,91.65
PK064,Anitha S,ORD000720,91.51,13,114.54
PK037,Arun Kumar,ORD000721,82.02,16,44.6
PK118,Naveen Kumar,ORD000722,99.8,8,17.1
PK064,Arun Kumar,ORD000723,89.66,17,62.27
PK037,Vignesh R,ORD000724,96.32,9,101.66
PK175,Priya Sharma,ORD000725,87.38,4,45.16
PK098,Meena Devi,ORD000726,87.65,14,113.07
PK238,Anitha S,ORD000727,90.28,12,27.1
PK146,Divya Nair,ORD000728,89.81,9,94.13
PK233,Divya Nair,ORD000729,87.98,18,115.7
PK158,Naveen Kumar,ORD000730,87.14,19,21.11
PK105,Priya Sharma,ORD000731,93.99,12,18.43
PK242,Vignesh R,ORD000732,98.32,8,56.89
PK182,Rahul Singh,ORD000733,83.7,8,41.55
PK007,Priya Sharma,ORD000734,87.3,8,35.81
PK054,Sanjay Kumar,ORD000735,86.41,11,97.21
PK124,Vignesh R,ORD000736,95.03,4,49.88
PK127,Meena Devi,ORD000737,91.93,11,19.29
PK209,Anitha S,ORD000738,86.72,6,55.76
PK047,Swetha R,ORD000739,92.74,10,17.08
PK126,Meena Devi,ORD000740,82.93,5,72.97
PK075,Vignesh R,ORD000741,82.48,-2,25.09
PK096,Vignesh R,ORD000742,98.44,19,44.11
PK153,Anitha S,ORD000743,89.51,3,27.23
PK205,Vignesh R,ORD000744,95.85,14,41.85
PK075,Harish M,ORD000745,97.6,9,108.06
PK206,Meena Devi,ORD000746,95.45,14,87.53
PK209,Anitha S,ORD000747,88.99,4,98.3
PK050,Divya Nair,ORD000748,83.88,20,-25.0
PK138,Vignesh R,ORD000749,93.23,9,67.45
PK248,Vignesh R,ORD000750,94.43,5,70.94
PK216,Vignesh R,ORD000751,96.23,8,23.56
PK151,Arun Kumar,ORD000752,83.19,6,119.27
PK036,Rahul Singh,ORD000753,83.32,10,35.76
PK181,Vignesh R,ORD000754,95.63,17,48.73
PK031,Vignesh R,ORD000755,93.64,3,77.61
PK181,Harish M,ORD000756,93.39,19,77.72
PK174,Naveen Kumar,ORD000757,85.71,5,96.77
PK043,Vignesh R,ORD000758,86.98,12,103.64
PK131,Anitha S,ORD000759,92.64,19,18.0
PK181,Swetha R,ORD000760,95.93,8,81.47
PK087,Rahul Singh,ORD000761,82.44,6,40.14
PK119,Arun Kumar,ORD000762,89.57,11,38.12
PK092,Rahul Singh,ORD000763,99.91,19,55.12
PK235,Priya Sharma,ORD000764,94.48,11,15.47
PK032,Rahul Singh,ORD000765,94.51,19,18.82
PK084,Divya Nair,ORD000766,88.2,13,34.08
PK088,Meena Devi,ORD000767,87.68,19,109.15
PK018,Anitha S,ORD000768,92.08,17,21.37
PK090,Divya Nair,ORD000769,82.47,9,64.71
PK117,Harish M,ORD000770,87.23,7,26.02
PK220,Rahul Singh,ORD000771,85.48,20,91.43
PK046,Swetha R,ORD000772,93.07,11,51.84
PK121,Anitha S,ORD000773,86.4,20,108.3
PK066,Naveen Kumar,ORD000774,97.2,18,59.93
PK120,Meena Devi,ORD000775,86.07,13,49.91
PK205,Priya Sharma,ORD000776,95.09,14,15.05
PK112,Swetha R,ORD000777,84.35,19,114.73
PK136,Meena Devi,ORD000778,82.27,20,59.54
PK012,Rahul Singh,ORD000779,89.0,19,103.61
PK138,Naveen Kumar,ORD000780,92.32,13,102.24
PK064,Arun Kumar,ORD000781,90.89,18,115.23
PK166,Sanjay Kumar,ORD000782,92.01,16,29.8
PK209,Swetha R,ORD000783,91.08,4,39.26
PK110,Arun Kumar,ORD000784,82.32,15,27.49
PK185,Swetha R,ORD000785,96.64,4,108.66
PK196,Harish M,ORD000786,93.97,13,66.68
PK089,Meena Devi,ORD000787,90.98,9,84.81
PK086,Swetha R,ORD000788,96.23,8,35.61
PK044,Rahul Singh,ORD000789,82.96,8,24.43
PK018,Rahul Singh,ORD000790,84.35,6,106.45
PK095,Karthik Raj,ORD000791,85.11,19,81.32
PK070,Harish M,ORD000792,90.61,9,116.17
PK245,Rahul Singh,ORD000793,89.09,18,61.13
PK059,Harish M,ORD000794,86.78,17,48.47
PK080,Anitha S,ORD000795,97.52,13,107.68
PK103,Rahul Singh,ORD000796,86.74,5,46.22
PK096,Anitha S,ORD000797,86.44,17,34.19
PK158,Arun Kumar,ORD000798,90.23,11,114.91
PK134,Harish M,ORD000799,98.11,12,39.62
PK240,Arun Kumar,ORD000800,83.87,8,69.28
PK130,Anitha S,ORD000801,92.72,9,90.35
PK093,Vignesh R,ORD000802,88.63,9,91.09
PK205,Priya Sharma,ORD000803,86.77,14,24.72
PK009,Arun Kumar,ORD000804,96.95,3,59.06
PK108,Divya Nair,ORD000805,95.26,3,100.54
PK119,Divya Nair,ORD000806,97.35,6,60.61
PK013,Rahul Singh,ORD000807,95.75,9,31.12
PK044,Meena Devi,ORD000808,99.8,12,77.61
PK105,Rahul Singh,ORD000809,94.3,18,40.11
PK145,Anitha S,ORD000810,94.44,8,44.9
PK091,Divya Nair,ORD000811,97.62,17,49.56
PK127,Sanjay Kumar,ORD000812,96.63,12,33.02
PK083,Harish M,ORD000813,84.73,9,31.36
PK013,Arun Kumar,ORD000814,92.1,15,34.28
PK012,Harish M,ORD000815,91.17,19,56.68
PK072,Swetha R,ORD000816,82.11,4,92.04
PK187,Divya Nair,ORD000817,95.84,19,59.8
PK125,Vignesh R,ORD000818,88.26,5,20.55
PK119,Sanjay Kumar,ORD000819,83.2,20,15.88
PK024,Vignesh R,ORD000820,95.94,12,70.27
PK249,Swetha R,ORD000821,86.07,20,87.06
PK055,Divya Nair,ORD000822,84.55,10,37.7
PK022,Vignesh R,ORD000823,91.15,3,117.73
PK142,Swetha R,ORD000824,89.78,8,81.34
PK028,Meena Devi,ORD000825,87.9,8,82.74
PK197,Anitha S,ORD000826,92.93,17,59.18
PK111,Sanjay Kumar,ORD000827,83.83,9,100.87
PK110,Arun Kumar,ORD000828,99.65,15,69.39
PK054,Naveen Kumar,ORD000829,85.46,17,68.91
PK249,Anitha S,ORD000830,85.07,8,117.13
PK112,Priya Sharma,ORD000831,95.32,8,93.33
PK246,Priya Sharma,ORD000832,93.08,15,112.61
PK217,Sanjay Kumar,ORD000833,94.26,19,38.03
PK212,Divya Nair,ORD000834,82.21,5,92.2
PK216,Karthik Raj,ORD000835,88.71,20,30.69
PK242,Vignesh R,ORD000836,85.15,14,22.33
PK187,Priya Sharma,ORD000837,87.1,16,108.16
PK089,Harish M,ORD000838,93.18,14,120.0
PK181,Harish M,ORD000839,96.35,20,50.49
PK173,Karthik Raj,ORD000840,85.42,12,39.66
PK055,Harish M,ORD000841,90.27,13,38.61
PK208,Swetha R,ORD000842,83.97,16,89.11
PK011,Arun Kumar,ORD000843,96.6,9,87.77
PK055,Rahul Singh,ORD000844,88.04,14,100.58
PK101,Harish M,ORD000845,95.78,20,60.94
PK169,Divya Nair,ORD000846,88.82,8,73.57
PK112,Divya Nair,ORD000847,82.8,9,18.38
PK201,Priya Sharma,ORD000848,88.81,18,99.49
PK137,Naveen Kumar,ORD000849,90.2,9,76.62
PK004,Divya Nair,ORD000850,84.78,15,15.14
PK145,Divya Nair,ORD000851,86.3,14,72.54
PK112,Sanjay Kumar,ORD000852,91.78,10,107.26
PK065,Vignesh R,ORD000853,83.07,13,72.67
PK027,Harish M,ORD000854,86.86,18,106.7
PK156,Divya Nair,ORD000855,93.49,12,55.45
PK200,Harish M,ORD000856,89.85,8,39.28
PK029,Sanjay Kumar,ORD000857,82.61,16,110.04
PK071,Naveen Kumar,ORD000858,85.58,7,81.84
PK196,Priya Sharma,ORD000859,91.37,19,58.55
PK054,Sanjay Kumar,ORD000860,91.22,11,36.34
PK180,Divya Nair,ORD000861,93.16,17,92.31
PK208,Vignesh R,ORD000862,89.92,15,39.46
PK067,Priya Sharma,ORD000863,84.23,11,77.1
PK058,Karthik Raj,ORD000864,99.29,10,27.32
PK153,Divya Nair,ORD000865,89.78,19,49.08
PK058,Divya Nair,ORD000866,84.83,7,76.12
PK153,Karthik Raj,ORD000867,88.04,18,116.67
PK079,Sanjay Kumar,ORD000868,99.09,15,40.77
PK056,Meena Devi,ORD000869,94.48,20,34.56
PK230,Karthik Raj,ORD000870,88.66,9,80.8
PK027,Sanjay Kumar,ORD000871,96.43,8,43.47
PK059,Meena Devi,ORD000872,90.68,6,102.38
PK173,Arun Kumar,ORD000873,89.96,12,32.52
PK195,Meena Devi,ORD000874,89.93,17,49.76
PK009,Meena Devi,ORD000875,90.89,18,67.11
PK137,Arun Kumar,ORD000876,86.29,8,16.58
PK067,Naveen Kumar,ORD000877,90.09,7,100.2
PK217,Meena Devi,ORD000878,82.98,5,36.23
PK187,Priya Sharma,ORD000879,95.94,11,83.16
PK008,Priya Sharma,ORD000880,96.09,8,50.67
PK074,Arun Kumar,ORD000881,95.8,14,78.5
PK075,Sanjay Kumar,ORD000882,95.75,9,102.21
PK171,Swetha R,ORD000883,92.89,9,101.04
PK093,Karthik Raj,ORD000884,89.68,11,96.86
PK001,Swetha R,ORD000885,91.55,14,15.27
PK025,Swetha R,ORD000886,88.73,3,62.06
PK167,Meena Devi,ORD000887,90.75,16,107.96
PK134,Naveen Kumar,ORD000888,82.7,16,92.57
PK220,Divya Nair,ORD000889,99.7,4,73.02
PK049,Priya Sharma,ORD000890,92.37,13,22.32
PK168,Divya Nair,ORD000891,97.39,14,83.57
PK076,Sanjay Kumar,ORD000892,87.5,20,46.76
PK166,Harish M,ORD000893,99.35,11,24.94
PK080,Swetha R,ORD000894,98.4,10,36.92
PK174,Arun Kumar,ORD000895,99.67,4,95.98
PK231,Vignesh R,ORD000896,89.97,7,95.43
PK178,Meena Devi,ORD000897,83.44,10,46.43
PK154,Divya Nair,ORD000898,88.02,3,52.83
PK021,Sanjay Kumar,ORD000899,90.97,4,73.64
PK091,Rahul Singh,ORD000900,85.82,12,85.85
PK087,Vignesh R,ORD000901,83.74,5,118.39
PK100,Priya Sharma,ORD000902,87.17,15,81.79
PK182,Rahul Singh,ORD000903,84.82,14,37.47
PK212,Harish M,ORD000904,92.87,18,58.08
PK111,Meena Devi,ORD000905,86.49,15,54.94
PK152,Naveen Kumar,ORD000906,95.27,7,19.9
PK197,Harish M,ORD000907,85.04,13,50.56
PK024,Vignesh R,ORD000908,94.52,15,74.28
PK147,Vignesh R,ORD000909,83.0,4,45.89
PK143,Swetha R,ORD000910,85.89,10,60.46
PK002,Rahul Singh,ORD000911,95.52,7,21.26
PK077,Swetha R,ORD000912,97.79,6,40.06
PK239,Naveen Kumar,ORD000913,83.32,12,74.2
PK015,Arun Kumar,ORD000914,95.75,10,41.15
PK086,Arun Kumar,ORD000915,95.27,7,90.0
PK221,Divya Nair,ORD000916,92.86,19,80.27
PK212,Naveen Kumar,ORD000917,87.26,9,106.66
PK019,Harish M,ORD000918,86.2,11,41.05
PK190,Rahul Singh,ORD000919,91.04,12,65.61
PK230,Sanjay Kumar,ORD000920,93.87,5,72.35
PK078,Vignesh R,ORD000921,94.46,4,112.09
PK115,Anitha S,ORD000922,92.46,18,115.8
PK062,Naveen Kumar,ORD000923,97.25,18,119.51
PK246,Divya Nair,ORD000924,83.57,7,96.52
PK064,Vignesh R,ORD000925,84.95,9,117.72
PK103,Meena Devi,ORD000926,82.46,18,106.87
PK181,Swetha R,ORD000927,98.66,16,96.73
PK187,Priya Sharma,ORD000928,97.49,15,27.78
PK041,Anitha S,ORD000929,96.51,9,24.48
PK083,Arun Kumar,ORD000930,97.25,18,28.73
PK071,Rahul Singh,ORD000931,98.98,12,97.71
PK110,Swetha R,ORD000932,96.63,8,30.72
PK075,Swetha R,ORD000933,95.48,4,42.64
PK176,Rahul Singh,ORD000934,98.91,8,59.76
PK036,Priya Sharma,ORD000935,99.57,16,17.01
PK034,Naveen Kumar,ORD000936,98.64,8,100.18
PK007,Rahul Singh,ORD000937,92.12,7,25.91
PK196,Priya Sharma,ORD000938,85.59,13,29.66
PK049,Sanjay Kumar,ORD000939,97.96,9,40.18
PK034,Karthik Raj,ORD000940,95.51,17,116.43
PK077,Arun Kumar,ORD000941,92.45,3,70.06
PK086,Priya Sharma,ORD000942,87.61,12,78.13
PK024,Sanjay Kumar,ORD000943,82.83,19,25.11
PK112,Vignesh R,ORD000944,97.85,16,19.59
PK153,Rahul Singh,ORD000945,98.28,12,84.47
PK180,Anitha S,ORD000946,86.65,16,75.83
PK044,Arun Kumar,ORD000947,89.64,4,39.75
PK203,Priya Sharma,ORD000948,87.2,20,51.8
PK002,Anitha S,ORD000949,95.56,16,73.07
PK210,Karthik Raj,ORD000950,85.01,18,111.17
PK030,Anitha S,ORD000951,91.78,13,81.24
PK128,Swetha R,ORD000952,83.05,20,118.79
PK224,Swetha R,ORD000953,84.86,5,118.86
PK002,Harish M,ORD000954,85.59,18,18.38
PK127,Sanjay Kumar,ORD000955,94.02,6,119.93
PK078,Naveen Kumar,ORD000956,83.75,6,16.48
PK097,Vignesh R,ORD000957,93.88,7,46.36
PK109,Rahul Singh,ORD000958,84.92,6,91.12
PK074,Arun Kumar,ORD000959,84.08,17,25.49
PK134,Harish M,ORD000960,85.97,13,89.66
PK206,Anitha S,ORD000961,95.33,12,95.59
PK006,Sanjay Kumar,ORD000962,89.93,17,91.94
PK176,Rahul Singh,ORD000963,96.97,6,53.33
PK082,Sanjay Kumar,ORD000964,98.95,20,106.35
PK065,Meena Devi,ORD000965,89.71,5,19.43
PK247,Meena Devi,ORD000966,87.07,17,82.92
PK191,Arun Kumar,ORD000967,96.82,18,117.55
PK181,Naveen Kumar,ORD000968,88.36,9,87.49
PK247,Priya Sharma,ORD000969,87.34,17,50.41
PK100,Divya Nair,ORD000970,91.75,18,99.83
PK149,Priya Sharma,ORD000971,92.14,17,116.22
PK059,Naveen Kumar,ORD000972,89.87,4,72.89
PK056,Divya Nair,ORD000973,82.52,20,99.32
PK166,Rahul Singh,ORD000974,97.81,15,77.83
PK154,Rahul Singh,ORD000975,83.58,14,72.23
PK245,Karthik Raj,ORD000976,96.22,7,118.64
PK157,Anitha S,ORD000977,83.08,15,78.7
PK041,Rahul Singh,ORD000978,82.8,3,66.67
PK068,Swetha R,ORD000979,93.8,11,39.74
PK199,Vignesh R,ORD000980,89.53,8,92.46
PK229,Divya Nair,ORD000981,91.17,4,71.75
PK130,Sanjay Kumar,ORD000982,88.62,9,111.03
PK095,Vignesh R,ORD000983,96.14,13,69.07
PK057,Harish M,ORD000984,85.91,5,84.24
PK225,Harish M,ORD000985,87.67,20,92.31
PK249,Divya Nair,ORD000986,83.35,19,82.7
PK003,Rahul Singh,ORD000987,94.39,8,22.82
PK061,Rahul Singh,ORD000988,98.8,16,116.54
PK224,Anitha S,ORD000989,97.07,15,100.64
PK146,Rahul Singh,ORD000990,86.07,15,50.34
PK157,Arun Kumar,ORD000991,87.75,17,22.44
PK039,Swetha R,ORD000992,93.68,12,113.94
PK127,Divya Nair,ORD000993,91.09,3,47.24
PK122,Anitha S,ORD000994,94.29,6,117.12
PK179,Harish M,ORD000995,95.81,4,99.7
PK091,Karthik Raj,ORD000996,84.4,9,55.56
PK133,Rahul Singh,ORD000997,99.9,11,115.43
PK236,Vignesh R,ORD000998,85.72,19,23.64
PK090,Vignesh R,ORD000999,99.93,17,86.2
PK130,Swetha R,ORD001000,90.87,10,117.97
PK245,Swetha R,ORD001001,90.78,4,80.2
PK197,Sanjay Kumar,ORD001002,99.67,10,60.79
PK191,Karthik Raj,ORD001003,99.06,9,85.15
PK232,Anitha S,ORD001004,96.24,11,89.91
PK008,Divya Nair,ORD001005,82.02,8,89.7
PK058,Meena Devi,ORD001006,82.16,12,49.02
PK002,Rahul Singh,ORD001007,96.13,5,44.69
PK222,Vignesh R,ORD001008,92.37,7,74.76
PK221,Swetha R,ORD001009,93.4,3,105.26
PK117,Meena Devi,ORD001010,92.54,16,47.67
PK085,Priya Sharma,ORD001011,96.71,13,35.16
PK015,Sanjay Kumar,ORD001012,91.1,11,49.47
PK088,Karthik Raj,ORD001013,86.1,4,86.66
PK138,Naveen Kumar,ORD001014,88.85,8,114.13
PK214,Sanjay Kumar,ORD001015,89.46,9,50.14
PK014,Karthik Raj,ORD001016,84.98,3,55.29
PK076,Harish M,ORD001017,98.09,9,109.23
PK173,Anitha S,ORD001018,86.21,19,34.07
PK136,Divya Nair,ORD001019,88.58,5,30.93
PK135,Harish M,ORD001020,83.91,15,104.93
PK027,Priya Sharma,ORD001021,88.05,19,91.68
PK156,Arun Kumar,ORD001022,90.44,10,35.76
PK170,Vignesh R,ORD001023,92.2,19,46.56
PK087,Meena Devi,ORD001024,83.82,5,70.26
PK058,Naveen Kumar,ORD001025,98.36,16,54.38
PK215,Arun Kumar,ORD001026,88.35,8,115.21
PK151,Divya Nair,ORD001027,83.7,13,52.96
PK059,Harish M,ORD001028,85.21,4,86.19
PK060,Divya Nair,ORD001029,86.34,5,105.96
PK127,Naveen Kumar,ORD001030,93.07,7,115.68
PK178,Rahul Singh,ORD001031,82.53,3,45.43
PK209,Divya Nair,ORD001032,91.07,14,54.75
PK172,Rahul Singh,ORD001033,96.17,19,113.38
PK169,Rahul Singh,ORD001034,82.81,10,79.8
PK086,Arun Kumar,ORD001035,82.96,13,48.97
PK242,Priya Sharma,ORD001036,82.61,3,117.28
PK239,Harish M,ORD001037,90.87,3,66.26
PK067,Anitha S,ORD001038,99.77,11,41.87
PK209,Priya Sharma,ORD001039,82.51,8,98.35
PK098,Anitha S,ORD001040,86.9,14,71.16
PK069,Divya Nair,ORD001041,97.4,11,57.75
PK179,Vignesh R,ORD001042,83.26,4,108.94
PK012,Karthik Raj,ORD001043,99.08,15,82.31
PK053,Swetha R,ORD001044,88.64,11,19.9
PK119,Divya Nair,ORD001045,84.52,17,116.24
PK241,Divya Nair,ORD001046,99.89,20,20.93
PK088,Priya Sharma,ORD001047,82.88,20,102.66
PK171,Naveen Kumar,ORD001048,89.69,14,70.85
PK248,Meena Devi,ORD001049,82.35,9,74.97
PK035,Karthik Raj,ORD001050,95.37,6,47.05
PK219,Rahul Singh,ORD001051,87.49,3,97.5
PK200,Swetha R,ORD001052,97.48,17,53.42
PK215,Divya Nair,ORD001053,89.67,4,47.22
PK187,Swetha R,ORD001054,85.74,12,40.04
PK020,Swetha R,ORD001055,90.77,18,109.94
PK177,Anitha S,ORD001056,87.59,15,18.81
PK169,Rahul Singh,ORD001057,89.38,20,45.85
PK136,Vignesh R,ORD001058,85.38,6,50.28
PK082,Harish M,ORD001059,99.18,12,64.98
PK215,Anitha S,ORD001060,97.05,5,59.16
PK200,Vignesh R,ORD001061,95.38,20,117.54
PK113,Harish M,ORD001062,96.67,7,37.65
PK214,Anitha S,ORD001063,94.24,20,49.08
PK166,Priya Sharma,ORD001064,92.48,18,97.57
PK064,Swetha R,ORD001065,92.36,17,85.14
PK244,Naveen Kumar,ORD001066,96.15,20,42.24
PK071,Priya Sharma,ORD001067,90.99,17,115.45
PK172,Karthik Raj,ORD001068,92.04,15,73.39
PK217,Vignesh R,ORD001069,84.96,13,58.06
PK034,Naveen Kumar,ORD001070,95.64,6,114.01
PK230,Swetha R,ORD001071,98.98,20,108.92
PK221,Arun Kumar,ORD001072,90.63,20,42.91
PK018,Rahul Singh,ORD001073,92.11,18,42.07
PK150,Rahul Singh,ORD001074,98.39,12,38.08
PK131,Divya Nair,ORD001075,94.78,15,97.9
PK075,Naveen Kumar,ORD001076,89.18,5,108.17
PK037,Arun Kumar,ORD001077,87.35,9,56.0
PK207,Vignesh R,ORD001078,92.96,16,53.18
PK178,Karthik Raj,ORD001079,85.61,3,20.16
PK165,Vignesh R,ORD001080,89.97,9,51.56
PK174,Priya Sharma,ORD001081,92.3,16,28.77
PK048,Harish M,ORD001082,91.22,13,68.25
PK057,Rahul Singh,ORD001083,90.79,16,38.14
PK029,Divya Nair,ORD001084,93.99,18,107.82
PK233,Swetha R,ORD001085,89.23,7,80.4
PK067,Vignesh R,ORD001086,92.77,10,29.75
PK231,Karthik Raj,ORD001087,83.86,11,83.12
PK168,Swetha R,ORD001088,85.05,15,73.08
PK125,Divya Nair,ORD001089,83.91,6,23.99
PK142,Arun Kumar,ORD001090,97.51,4,112.39
PK168,Arun Kumar,ORD001091,88.3,17,44.57
PK049,Harish M,ORD001092,90.78,18,84.47
PK031,Rahul Singh,ORD001093,87.35,5,39.85
PK109,Harish M,ORD001094,82.17,8,33.75
PK217,Divya Nair,ORD001095,94.19,15,110.72
PK022,Swetha R,ORD001096,94.19,18,43.28
PK122,Anitha S,ORD001097,96.0,6,28.43
PK160,Naveen Kumar,ORD001098,87.52,20,26.5
PK173,Divya Nair,ORD001099,87.9,9,59.75
PK141,Sanjay Kumar,ORD001100,95.73,14,65.49
PK053,Arun Kumar,ORD001101,94.49,6,104.35
PK025,Swetha R,ORD001102,84.17,18,104.1
PK148,Sanjay Kumar,ORD001103,92.65,16,22.34
PK081,Rahul Singh,ORD001104,90.62,15,48.15
PK092,Arun Kumar,ORD001105,82.26,8,45.25
PK238,Arun Kumar,ORD001106,85.01,17,34.27
PK081,Meena Devi,ORD001107,85.47,7,107.14
PK053,Karthik Raj,ORD001108,99.44,16,66.4
PK221,Priya Sharma,ORD001109,96.5,9,96.03
PK237,Harish M,ORD001110,93.02,16,107.12
PK127,Harish M,ORD001111,94.47,9,108.78
PK081,Arun Kumar,ORD001112,94.3,11,114.08
PK219,Karthik Raj,ORD001113,85.24,3,15.94
PK226,Karthik Raj,ORD001114,83.26,8,112.59
PK010,Vignesh R,ORD001115,96.67,17,70.69
PK007,Swetha R,ORD001116,86.35,14,87.11
PK097,Divya Nair,ORD001117,88.71,11,104.64
PK214,Divya Nair,ORD001118,87.26,6,95.26
PK022,Harish M,ORD001119,91.54,13,46.19
PK224,Karthik Raj,ORD001120,83.54,14,112.78
PK126,Karthik Raj,ORD001121,83.55,7,112.79
PK208,Swetha R,ORD001122,95.82,14,21.77
PK055,Priya Sharma,ORD001123,92.21,4,76.82
PK055,Anitha S,ORD001124,94.17,11,101.83
PK173,Anitha S,ORD001125,89.45,14,93.0
PK088,Sanjay Kumar,ORD001126,98.07,15,100.72
PK131,Sanjay Kumar,ORD001127,82.79,20,55.68
PK230,Karthik Raj,ORD001128,99.89,20,73.22
PK138,Priya Sharma,ORD001129,91.64,8,42.5
PK080,Meena Devi,ORD001130,96.3,7,57.29
PK193,Naveen Kumar,ORD001131,89.02,18,55.77
PK033,Vignesh R,ORD001132,93.64,8,37.48
PK236,Naveen Kumar,ORD001133,98.09,20,71.65
PK080,Naveen Kumar,ORD001134,91.96,5,41.12
PK113,Karthik Raj,ORD001135,91.77,14,53.31
PK053,Rahul Singh,ORD001136,82.45,16,19.26
PK062,Karthik Raj,ORD001137,93.46,7,72.53
PK115,Harish M,ORD001138,93.35,3,41.04
PK010,Meena Devi,ORD001139,87.03,5,42.96
PK039,Arun Kumar,ORD001140,98.36,5,113.71
PK227,Rahul Singh,ORD001141,94.53,14,25.4
PK043,Meena Devi,ORD001142,85.35,11,52.42
PK220,Divya Nair,ORD001143,97.58,13,29.03
PK166,Sanjay Kumar,ORD001144,98.06,10,30.9
PK021,Karthik Raj,ORD001145,96.18,15,57.72
PK167,Vignesh R,ORD001146,89.43,20,48.71
PK210,Priya Sharma,ORD001147,90.42,17,44.56
PK006,Meena Devi,ORD001148,91.44,15,107.37
PK165,Harish M,ORD001149,94.47,5,112.6
PK181,Harish M,ORD001150,83.13,12,83.74
PK203,Divya Nair,ORD001151,98.53,20,61.08
PK076,Anitha S,ORD001152,95.73,12,39.2
PK042,Anitha S,ORD001153,95.66,7,27.66
PK016,Vignesh R,ORD001154,82.12,16,99.33
PK094,Arun Kumar,ORD001155,92.57,15,26.21
PK188,Naveen Kumar,ORD001156,90.32,7,40.99
PK144,Naveen Kumar,ORD001157,90.21,12,26.78
PK086,Sanjay Kumar,ORD001158,98.53,11,97.48
PK095,Priya Sharma,ORD001159,86.29,20,117.91
PK017,Vignesh R,ORD001160,86.55,13,47.09
PK120,Rahul Singh,ORD001161,82.63,19,53.06
PK238,Sanjay Kumar,ORD001162,91.8,6,19.6
PK155,Priya Sharma,ORD001163,93.95,17,39.86
PK217,Priya Sharma,ORD001164,88.78,17,98.26
PK045,Sanjay Kumar,ORD001165,97.92,9,26.52
PK115,Naveen Kumar,ORD001166,99.23,16,100.6
PK131,Arun Kumar,ORD001167,87.47,7,25.31
PK232,Sanjay Kumar,ORD001168,97.19,9,102.51
PK210,Priya Sharma,ORD001169,90.69,5,66.69
PK166,Anitha S,ORD001170,94.16,7,35.2
PK134,Divya Nair,ORD001171,90.59,9,112.83
PK197,Divya Nair,ORD001172,90.06,18,15.78
PK246,Vignesh R,ORD001173,99.27,4,22.25
PK027,Meena Devi,ORD001174,84.84,8,85.82
PK245,Arun Kumar,ORD001175,94.0,9,50.67
PK205,Meena Devi,ORD001176,94.06,11,43.42
PK031,Swetha R,ORD001177,84.68,15,29.09
PK112,Arun Kumar,ORD001178,84.65,4,114.04
PK248,Karthik Raj,ORD001179,90.98,6,57.23
PK062,Rahul Singh,ORD001180,82.3,20,57.37
PK068,Anitha S,ORD001181,94.56,4,60.18
PK097,Rahul Singh,ORD001182,84.48,16,79.59
PK147,Divya Nair,ORD001183,86.41,20,53.96
PK165,Swetha R,ORD001184,89.67,18,58.28
PK203,Swetha R,ORD001185,99.68,14,50.33
PK087,Divya Nair,ORD001186,98.88,3,76.45
PK034,Harish M,ORD001187,99.5,4,36.65
PK136,,ORD001188,97.55,16,35.19
PK210,Anitha S,ORD001189,86.62,5,102.29
PK177,Arun Kumar,ORD001190,84.74,11,77.35
PK106,Meena Devi,ORD001191,87.28,17,18.81
PK108,Rahul Singh,ORD001192,85.26,8,81.69
PK079,Arun Kumar,ORD001193,85.16,17,63.84
PK247,Arun Kumar,ORD001194,94.54,4,109.47
PK013,Harish M,ORD001195,92.05,19,71.09
PK030,Karthik Raj,ORD001196,92.36,4,36.3
PK069,Karthik Raj,ORD001197,97.85,20,96.19
PK226,Naveen Kumar,ORD001198,85.37,16,85.09
PK184,Swetha R,ORD001199,93.46,18,70.56
PK246,Sanjay Kumar,ORD001200,91.39,10,16.77
PK016,Karthik Raj,ORD001201,86.57,19,73.08
PK190,Vignesh R,ORD001202,89.82,8,54.02
PK006,Priya Sharma,ORD001203,84.11,20,19.75
PK118,Sanjay Kumar,ORD001204,98.56,19,43.56
PK067,Harish M,ORD001205,87.53,18,15.12
PK054,Arun Kumar,ORD001206,86.41,15,85.27
PK220,Harish M,ORD001207,96.21,16,88.62
PK186,Priya Sharma,ORD001208,94.31,18,23.32
PK052,Meena Devi,ORD001209,93.5,7,86.61
PK160,Karthik Raj,ORD001210,88.46,8,18.58
PK004,Karthik Raj,ORD001211,87.59,5,109.81
PK187,Vignesh R,ORD001212,98.77,20,31.82
PK028,Naveen Kumar,ORD001213,85.14,8,70.62
PK093,Priya Sharma,ORD001214,90.59,8,95.43
PK231,Karthik Raj,ORD001215,96.79,5,97.72
PK006,Vignesh R,ORD001216,86.03,14,86.01
PK207,Anitha S,ORD001217,98.03,13,76.21
PK064,Arun Kumar,ORD001218,91.99,16,18.89
PK151,Arun Kumar,ORD001219,84.34,6,78.88
PK215,Divya Nair,ORD001220,85.57,7,30.69
PK133,Meena Devi,ORD001221,83.11,9,77.9
PK011,Karthik Raj,ORD001222,89.55,8,35.2
PK002,Meena Devi,ORD001223,87.57,12,69.64
PK074,Priya Sharma,ORD001224,93.91,3,78.52
PK080,Naveen Kumar,ORD001225,90.67,7,83.17
PK053,Swetha R,ORD001226,89.91,17,105.36
PK151,Swetha R,ORD001227,92.04,17,58.43
PK020,Priya Sharma,ORD001228,87.5,20,32.22
PK123,Sanjay Kumar,ORD001229,96.6,14,62.8
PK103,Harish M,ORD001230,97.38,10,81.46
PK154,Naveen Kumar,ORD001231,99.78,10,75.76
PK179,Anitha S,ORD001232,99.81,20,56.67
PK132,Sanjay Kumar,ORD001233,97.72,20,111.38
PK064,Rahul Singh,ORD001234,91.86,3,113.01
PK220,Swetha R,ORD001235,92.55,9,39.16
PK146,Anitha S,ORD001236,89.65,9,81.73
PK098,Vignesh R,ORD001237,88.85,12,82.87
PK208,Harish M,ORD001238,87.83,6,27.79
PK250,Arun Kumar,ORD001239,88.58,14,76.63
PK022,Vignesh R,ORD001240,84.03,20,31.06
PK231,Harish M,ORD001241,85.61,7,48.72
PK075,Vignesh R,ORD001242,89.73,17,83.56
PK010,Meena Devi,ORD001243,92.72,3,117.38
PK164,Swetha R,ORD001244,95.56,9,101.03
PK023,Karthik Raj,ORD001245,83.67,9,22.68
PK127,Naveen Kumar,ORD001246,90.09,11,65.45
PK112,Vignesh R,ORD001247,96.56,11,51.04
PK074,Harish M,ORD001248,86.6,11,33.72
PK203,Karthik Raj,ORD001249,86.7,13,119.66
PK007,Divya Nair,ORD001250,92.84,15,66.53
PK086,Anitha S,ORD001251,92.53,7,28.91
PK120,Karthik Raj,ORD001252,83.81,15,33.12
PK179,Divya Nair,ORD001253,83.86,13,97.75
PK021,Divya Nair,ORD001254,86.54,14,68.21
PK172,Rahul Singh,ORD001255,94.06,17,105.1
PK068,Divya Nair,ORD001256,82.07,3,18.78
PK035,Anitha S,ORD001257,99.33,3,27.61
PK072,Swetha R,ORD001258,91.8,4,113.14
PK072,Divya Nair,ORD001259,97.01,4,72.21
PK095,Priya Sharma,ORD001260,93.84,17,57.73
PK019,Meena Devi,ORD001261,90.6,14,51.98
PK175,Sanjay Kumar,ORD001262,82.34,17,64.0
PK089,Rahul Singh,ORD001263,93.38,9,45.99
PK233,Harish M,ORD001264,99.15,18,31.22
PK035,Swetha R,ORD001265,82.43,8,85.08
PK153,Anitha S,ORD001266,95.4,7,106.79
PK141,Karthik Raj,ORD001267,99.27,6,109.74
PK007,Meena Devi,ORD001268,92.43,9,59.54
PK147,Harish M,ORD001269,85.38,7,104.89
PK040,Anitha S,ORD001270,96.15,10,29.95
PK229,Divya Nair,ORD001271,94.01,14,51.9
PK166,Priya Sharma,ORD001272,83.45,19,34.01
PK109,Harish M,ORD001273,95.64,11,21.29
PK248,Karthik Raj,ORD001274,96.4,8,91.6
PK076,Naveen Kumar,ORD001275,95.27,20,38.72
PK065,Vignesh R,ORD001276,89.84,15,115.06
PK012,Swetha R,ORD001277,85.22,7,60.14
PK130,Priya Sharma,ORD001278,91.57,19,116.19
PK214,Priya Sharma,ORD001279,99.06,6,31.23
PK031,Karthik Raj,ORD001280,89.75,19,58.89
PK132,Anitha S,ORD001281,82.33,16,49.78
PK011,Meena Devi,ORD001282,98.62,5,40.75
PK159,Harish M,ORD001283,88.44,5,80.55
PK039,Sanjay Kumar,ORD001284,85.99,3,117.76
PK060,Karthik Raj,ORD001285,89.58,4,39.26
PK075,Harish M,ORD001286,88.45,6,76.7
PK216,Harish M,ORD001287,89.45,5,34.2
PK109,Rahul Singh,ORD001288,98.54,7,67.46
PK099,Naveen Kumar,ORD001289,90.7,16,96.92
PK214,Harish M,ORD001290,87.71,7,102.91
PK135,Priya Sharma,ORD001291,84.44,8,52.53
PK239,Anitha S,ORD001292,97.59,6,79.03
PK115,Swetha R,ORD001293,94.0,9,78.5
PK249,Naveen Kumar,ORD001294,93.69,16,17.38
PK186,Divya Nair,ORD001295,94.93,14,93.39
PK114,Sanjay Kumar,ORD001296,105.0,8,17.78
PK025,Sanjay Kumar,ORD001297,91.24,7,39.55
PK214,Karthik Raj,ORD001298,85.97,5,48.76
PK163,Naveen Kumar,ORD001299,84.59,15,102.63
PK141,Swetha R,ORD001300,90.29,19,113.97
PK247,Meena Devi,ORD001301,82.25,16,45.64
PK060,Rahul Singh,ORD001302,90.34,3,69.08
PK243,Priya Sharma,ORD001303,86.61,18,67.78
PK013,Meena Devi,ORD001304,82.03,12,19.69
PK247,Swetha R,ORD001305,97.91,4,15.95
PK202,Divya Nair,ORD001306,88.03,6,91.25
PK175,Naveen Kumar,ORD001307,89.88,16,91.1
PK194,Karthik Raj,ORD001308,89.24,10,33.42
PK127,Divya Nair,ORD001309,84.52,18,54.09
PK019,Sanjay Kumar,ORD001310,82.44,13,108.4
PK075,Swetha R,ORD001311,95.71,12,112.6
PK103,Rahul Singh,ORD001312,84.08,9,87.86
PK077,Karthik Raj,ORD001313,96.96,13,82.81
PK125,Karthik Raj,ORD001314,92.46,15,25.08
PK032,Rahul Singh,ORD001315,87.6,9,106.52
PK213,Naveen Kumar,ORD001316,93.62,8,64.08
PK165,Rahul Singh,ORD001317,98.55,19,101.36
PK123,Swetha R,ORD001318,97.41,14,74.64
PK097,Rahul Singh,ORD001319,88.44,10,57.97
PK088,Anitha S,ORD001320,96.98,8,31.91
PK125,Naveen Kumar,ORD001321,88.84,14,67.48
PK178,Rahul Singh,ORD001322,85.55,10,30.65
PK032,Naveen Kumar,ORD001323,93.62,9,107.09
PK149,Arun Kumar,ORD001324,89.03,16,111.51
PK232,Divya Nair,ORD001325,84.05,12,82.43
PK036,Meena Devi,ORD001326,86.72,6,66.86
PK060,Priya Sharma,ORD001327,88.63,20,32.57
PK099,Meena Devi,ORD001328,98.26,20,38.07
PK011,Vignesh R,ORD001329,83.75,19,51.22
PK167,Priya Sharma,ORD001330,84.7,19,15.61
PK221,Vignesh R,ORD001331,88.8,16,89.96
PK189,Arun Kumar,ORD001332,87.21,10,19.76
PK233,Sanjay Kumar,ORD001333,93.8,13,119.82
PK233,Anitha S,ORD001334,83.96,7,75.33
PK157,Rahul Singh,ORD001335,96.52,12,55.24
PK109,Divya Nair,ORD001336,89.7,10,16.4
PK161,Sanjay Kumar,ORD001337,85.77,15,16.82
PK032,Naveen Kumar,ORD001338,91.01,13,73.43
PK155,Priya Sharma,ORD001339,96.16,4,85.16
PK161,Harish M,ORD001340,88.34,17,31.69
PK068,Arun Kumar,ORD001341,97.25,18,112.72
PK185,Arun Kumar,ORD001342,94.6,4,54.35
PK058,Karthik Raj,ORD001343,92.6,15,93.08
PK016,Divya Nair,ORD001344,88.79,8,108.67
PK225,Divya Nair,ORD001345,89.92,19,115.91
PK205,Priya Sharma,ORD001346,86.6,18,98.56
PK053,Divya Nair,ORD001347,89.33,15,37.09
PK228,Arun Kumar,ORD001348,96.2,8,66.28
PK165,Rahul Singh,ORD001349,95.93,18,93.6
PK109,Vignesh R,ORD001350,87.06,4,93.85
PK089,Sanjay Kumar,ORD001351,96.43,8,107.74
PK037,Harish M,ORD001352,87.48,17,69.21
PK067,Vignesh R,ORD001353,89.95,12,74.97
PK213,Swetha R,ORD001354,94.01,20,76.91
PK097,Naveen Kumar,ORD001355,87.94,7,100.41
PK113,Anitha S,ORD001356,91.07,20,49.57
PK188,Meena Devi,ORD001357,93.57,12,20.02
PK042,Meena Devi,ORD001358,99.25,18,65.24
PK107,Swetha R,ORD001359,94.31,3,66.83
PK050,Karthik Raj,ORD001360,99.13,8,50.85
PK058,Meena Devi,ORD001361,88.84,3,45.85
PK215,Naveen Kumar,ORD001362,83.71,15,35.08
PK003,Sanjay Kumar,ORD001363,83.84,4,22.06
PK220,Karthik Raj,ORD001364,93.92,4,90.75
PK088,Harish M,ORD001365,98.46,17,105.84
PK117,Sanjay Kumar,ORD001366,91.72,17,16.54
PK154,Vignesh R,ORD001367,94.47,13,111.63
PK016,Sanjay Kumar,ORD001368,93.81,6,92.68
PK146,Rahul Singh,ORD001369,86.79,14,44.96
PK091,Swetha R,ORD001370,84.02,16,39.02
PK177,Anitha S,ORD001371,84.15,11,106.26
PK151,Anitha S,ORD001372,87.9,3,63.05
PK213,Karthik Raj,ORD001373,94.84,10,37.49
PK018,Swetha R,ORD001374,95.9,13,34.86
PK032,Priya Sharma,ORD001375,88.54,12,67.77
PK027,Meena Devi,ORD001376,94.41,12,91.26
PK147,Sanjay Kumar,ORD001377,89.97,19,35.59
PK036,Swetha R,ORD001378,97.68,17,75.52
PK118,Vignesh R,ORD001379,93.18,15,105.05
PK184,Arun Kumar,ORD001380,87.51,14,74.89
PK022,Sanjay Kumar,ORD001381,86.78,15,47.19
PK167,Karthik Raj,ORD001382,94.08,7,74.48
PK168,Harish M,ORD001383,97.01,18,94.59
PK073,Meena Devi,ORD001384,83.93,18,87.9
PK026,Anitha S,ORD001385,96.86,15,38.85
PK114,Sanjay Kumar,ORD001386,93.09,16,20.99
PK199,Rahul Singh,ORD001387,83.19,8,109.35
PK107,Naveen Kumar,ORD001388,87.71,6,34.56
PK003,Vignesh R,ORD001389,84.75,18,79.66
PK078,Divya Nair,ORD001390,90.91,4,57.97
PK070,Arun Kumar,ORD001391,99.9,4,74.96
PK006,Arun Kumar,ORD001392,91.43,8,59.31
PK158,Divya Nair,ORD001393,93.32,19,101.64
PK159,Sanjay Kumar,ORD001394,90.3,11,90.07
PK189,Harish M,ORD001395,92.36,8,104.93
PK228,Priya Sharma,ORD001396,94.62,17,62.99
PK100,Karthik Raj,ORD001397,84.91,12,39.98
PK071,Harish M,ORD001398,84.24,13,55.03
PK100,Harish M,ORD001399,82.23,11,89.75
PK062,Priya Sharma,ORD001400,96.18,9,75.33
PK036,Vignesh R,ORD001401,83.59,18,73.65
PK119,Meena Devi,ORD001402,90.92,5,50.93
PK182,Priya Sharma,ORD001403,86.36,7,82.24
PK013,Arun Kumar,ORD001404,82.02,8,72.31
PK044,Sanjay Kumar,ORD001405,94.19,13,65.24
PK050,Naveen Kumar,ORD001406,87.96,10,77.43
PK168,Vignesh R,ORD001407,85.17,3,49.58
PK107,Sanjay Kumar,ORD001408,94.72,6,67.19
PK112,Priya Sharma,ORD001409,87.78,20,46.5
PK133,Priya Sharma,ORD001410,82.0,7,93.25
PK072,Karthik Raj,ORD001411,98.64,12,20.77
PK023,Arun Kumar,ORD001412,85.51,7,109.31
PK007,Sanjay Kumar,ORD001413,91.6,10,50.55
PK003,Arun Kumar,ORD001414,90.95,18,27.87
PK162,Meena Devi,ORD001415,84.24,18,96.27
PK059,Divya Nair,ORD001416,90.45,11,115.56
PK080,Arun Kumar,ORD001417,89.07,15,117.35
PK040,Divya Nair,ORD001418,94.38,4,115.2
PK200,Sanjay Kumar,ORD001419,98.97,17,41.54
PK050,Vignesh R,ORD001420,83.62,16,111.27
PK192,Anitha S,ORD001421,87.01,3,115.81
PK073,Harish M,ORD001422,91.28,8,90.37
PK161,Arun Kumar,ORD001423,82.39,3,60.34
PK052,Arun Kumar,ORD001424,93.06,17,96.61
PK080,Divya Nair,ORD001425,91.35,16,29.05
PK058,Naveen Kumar,ORD001426,89.97,18,111.14
PK009,Vignesh R,ORD001427,83.29,11,30.82
PK093,Sanjay Kumar,ORD001428,85.36,10,81.62
PK240,Sanjay Kumar,ORD001429,88.69,11,27.65
PK008,Karthik Raj,ORD001430,84.32,20,91.06
PK196,Divya Nair,ORD001431,93.65,5,23.57
PK076,Divya Nair,ORD001432,97.0,13,74.46
PK116,Vignesh R,ORD001433,95.27,3,116.53
PK194,Anitha S,ORD001434,95.39,3,51.36
PK030,Anitha S,ORD001435,98.2,16,63.02
PK092,Swetha R,ORD001436,95.7,20,68.15
PK144,Vignesh R,ORD001437,90.39,14,72.28
PK178,Arun Kumar,ORD001438,89.02,4,58.17
PK035,Sanjay Kumar,ORD001439,98.51,12,91.99
PK223,Sanjay Kumar,ORD001440,87.64,10,97.0
PK222,Rahul Singh,ORD001441,97.37,7,59.12
PK212,Divya Nair,ORD001442,82.81,16,92.42
PK144,Swetha R,ORD001443,93.68,11,107.26
PK025,Sanjay Kumar,ORD001444,95.63,16,76.73
PK018,Priya Sharma,ORD001445,95.68,4,42.98
PK108,Swetha R,ORD001446,86.59,17,70.24
PK133,Sanjay Kumar,ORD001447,94.88,15,32.64
PK006,Karthik Raj,ORD001448,84.87,7,33.43
PK165,Karthik Raj,ORD001449,94.69,13,35.91
PK189,Priya Sharma,ORD001450,88.15,11,37.2
PK223,Divya Nair,ORD001451,88.07,13,-25.0
PK010,Vignesh R,ORD001452,88.44,14,75.73
PK026,Meena Devi,ORD001453,98.15,16,119.3
PK130,Karthik Raj,ORD001454,95.61,10,21.04
PK005,Swetha R,ORD001455,85.1,14,109.37
PK147,Karthik Raj,ORD001456,98.59,11,51.31
PK023,Vignesh R,ORD001457,83.64,4,79.71
PK218,Swetha R,ORD001458,94.83,5,80.23
PK198,Divya Nair,ORD001459,87.42,15,32.54
PK240,Swetha R,ORD001460,84.2,17,46.29
PK244,Sanjay Kumar,ORD001461,85.84,5,69.8
PK151,Naveen Kumar,ORD001462,83.85,10,59.37
PK237,Priya Sharma,ORD001463,83.33,18,32.78
PK115,Meena Devi,ORD001464,97.54,11,63.06
PK025,Arun Kumar,ORD001465,96.69,18,75.22
PK075,Naveen Kumar,ORD001466,93.27,11,60.74
PK130,Harish M,ORD001467,98.78,3,67.97
PK172,Rahul Singh,ORD001468,93.12,10,109.81
PK014,Anitha S,ORD001469,89.66,18,66.88
PK228,Divya Nair,ORD001470,84.79,4,69.5
PK078,Arun Kumar,ORD001471,92.49,20,109.11
PK194,Vignesh R,ORD001472,91.41,16,42.56
PK189,Arun Kumar,ORD001473,93.72,4,111.86
PK111,Naveen Kumar,ORD001474,96.97,4,90.49
PK124,Karthik Raj,ORD001475,82.24,20,104.04
PK212,Karthik Raj,ORD001476,84.77,4,80.18
PK151,Naveen Kumar,ORD001477,94.77,13,77.32
PK148,Naveen Kumar,ORD001478,92.65,3,92.08
PK089,Sanjay Kumar,ORD001479,90.21,8,69.96
PK065,Meena Devi,ORD001480,90.19,9,52.1
PK041,Rahul Singh,ORD001481,88.55,11,52.36
PK105,Arun Kumar,ORD001482,83.56,15,15.07
PK008,Meena Devi,ORD001483,94.58,10,62.0
PK064,Swetha R,ORD001484,85.06,5,96.06
PK071,Naveen Kumar,ORD001485,85.68,5,63.11
PK177,Karthik Raj,ORD001486,90.74,17,113.0
PK040,Swetha R,ORD001487,90.6,13,54.87
PK122,Vignesh R,ORD001488,83.19,17,53.78
PK246,Swetha R,ORD001489,96.42,8,65.22
PK035,Meena Devi,ORD001490,90.97,18,39.91
PK145,Rahul Singh,ORD001491,82.19,9,56.15
PK002,Divya Nair,ORD001492,83.96,11,47.77
PK060,Meena Devi,ORD001493,92.19,8,21.92
PK128,Sanjay Kumar,ORD001494,82.88,4,16.27
PK045,Divya Nair,ORD001495,96.76,13,33.75
PK129,Harish M,ORD001496,89.16,20,35.0
PK086,Sanjay Kumar,ORD001497,91.56,17,31.07
PK053,Swetha R,ORD001498,95.59,15,102.9
PK029,Divya Nair,ORD001499,95.19,10,110.51
PK111,Meena Devi,ORD001500,97.28,14,96.79
PK191,Anitha S,ORD001501,85.35,13,17.16
PK187,Sanjay Kumar,ORD001502,89.35,18,21.65
PK134,Rahul Singh,ORD001503,86.56,10,25.12
PK096,Harish M,ORD001504,84.19,17,91.76
PK012,Swetha R,ORD001505,82.72,6,52.14
PK039,Anitha S,ORD001506,87.09,13,101.11
PK229,Harish M,ORD001507,91.43,12,50.83
PK209,Harish M,ORD001508,89.57,11,112.45
PK147,Rahul Singh,ORD001509,92.06,17,118.4
PK140,Divya Nair,ORD001510,88.59,20,53.71
PK029,Priya Sharma,ORD001511,97.32,12,72.83
PK229,Priya Sharma,ORD001512,87.97,12,43.5
PK242,Divya Nair,ORD001513,99.0,5,40.37
PK122,Rahul Singh,ORD001514,92.14,10,109.78
PK023,Karthik Raj,ORD001515,95.94,20,106.37
PK160,Swetha R,ORD001516,90.89,8,90.16
PK044,Karthik Raj,ORD001517,99.79,9,118.51
PK145,Karthik Raj,ORD001518,94.58,9,68.36
PK193,Anitha S,ORD001519,98.87,16,82.89
PK184,Priya Sharma,ORD001520,88.48,12,83.4
PK192,Divya Nair,ORD001521,90.58,14,113.77
PK031,Anitha S,ORD001522,94.91,4,45.89
PK219,Priya Sharma,ORD001523,85.3,20,32.35
PK062,Karthik Raj,ORD001524,97.86,15,76.6
PK236,Meena Devi,ORD001525,88.15,11,94.1
PK027,Naveen Kumar,ORD001526,91.02,4,117.45
PK150,Arun Kumar,ORD001527,91.58,20,82.81
PK189,Rahul Singh,ORD001528,91.34,16,23.81
PK175,Swetha R,ORD001529,96.08,6,110.53
PK010,Harish M,ORD001530,85.27,20,72.0
PK167,Anitha S,ORD001531,90.95,18,39.45
PK219,Arun Kumar,ORD001532,91.2,19,41.77
PK071,Harish M,ORD001533,82.02,12,102.88
PK086,Karthik Raj,ORD001534,84.24,17,90.26
PK069,Divya Nair,ORD001535,86.06,4,94.59
PK093,Naveen Kumar,ORD001536,88.75,7,73.42
PK227,Divya Nair,ORD001537,98.04,15,65.28
PK026,Karthik Raj,ORD001538,96.36,20,117.14
PK046,Divya Nair,ORD001539,97.33,13,15.07
PK110,Arun Kumar,ORD001540,86.71,17,22.78
PK114,Priya Sharma,ORD001541,92.73,9,51.52
PK024,Swetha R,ORD001542,84.96,12,85.54
PK111,Swetha R,ORD001543,87.93,5,83.99
PK065,Anitha S,ORD001544,83.16,13,63.68
PK140,Divya Nair,ORD001545,91.41,18,114.69
PK083,Divya Nair,ORD001546,88.08,4,89.39
PK088,Rahul Singh,ORD001547,85.3,13,71.28
PK154,Vignesh R,ORD001548,85.21,11,69.13
PK037,Swetha R,ORD001549,99.17,9,85.78
PK228,Arun Kumar,ORD001550,93.21,5,49.25
PK177,Swetha R,ORD001551,83.95,15,84.13
PK210,Harish M,ORD001552,92.85,17,33.15
PK233,Karthik Raj,ORD001553,99.41,8,63.03
PK172,Vignesh R,ORD001554,83.44,13,30.13
PK053,Arun Kumar,ORD001555,87.9,18,33.89
PK250,Harish M,ORD001556,97.44,5,106.62
PK088,Harish M,ORD001557,86.74,14,115.66
PK203,Naveen Kumar,ORD001558,83.69,17,56.76
PK223,Sanjay Kumar,ORD001559,87.05,9,112.4
PK201,Harish M,ORD001560,83.48,14,70.16
PK013,Rahul Singh,ORD001561,99.2,16,106.89
PK025,Arun Kumar,ORD001562,89.74,10,39.51
PK107,Vignesh R,ORD001563,93.81,12,108.75
PK031,Karthik Raj,ORD001564,98.96,3,26.25
PK179,Anitha S,ORD001565,83.53,18,57.9
PK071,Sanjay Kumar,ORD001566,90.52,5,26.48
PK197,Anitha S,ORD001567,97.16,3,97.55
PK005,Harish M,ORD001568,86.17,16,58.85
PK173,Meena Devi,ORD001569,89.97,12,31.61
PK196,Anitha S,ORD001570,92.33,6,50.01
PK108,Arun Kumar,ORD001571,90.97,6,91.46
PK193,Priya Sharma,ORD001572,85.86,13,39.29
PK180,Priya Sharma,ORD001573,93.36,20,81.63
PK120,Meena Devi,ORD001574,84.79,3,32.2
PK125,Arun Kumar,ORD001575,90.4,8,16.6
PK095,Swetha R,ORD001576,83.9,20,53.8
PK129,Anitha S,ORD001577,90.91,7,98.68
PK111,Naveen Kumar,ORD001578,82.79,20,82.53
PK226,Naveen Kumar,ORD001579,88.13,5,72.72
PK184,Karthik Raj,ORD001580,95.65,17,111.36
PK141,Sanjay Kumar,ORD001581,95.89,18,80.86
PK004,Priya Sharma,ORD001582,85.54,8,91.56
PK068,Rahul Singh,ORD001583,93.26,12,34.49
PK200,Karthik Raj,ORD001584,97.67,17,70.58
PK127,Sanjay Kumar,ORD001585,82.82,17,66.53
PK118,Meena Devi,ORD001586,82.92,10,85.32
PK162,Karthik Raj,ORD001587,88.94,6,78.76
PK154,Vignesh R,ORD001588,99.49,13,32.37
PK140,Harish M,ORD001589,91.01,13,22.13
PK042,Divya Nair,ORD001590,95.53,5,17.68
PK050,Rahul Singh,ORD001591,96.43,9,105.31
PK061,Vignesh R,ORD001592,91.09,6,69.93
PK122,Rahul Singh,ORD001593,88.07,5,82.93
PK010,Priya Sharma,ORD001594,99.75,17,61.65
PK014,Harish M,ORD001595,92.81,10,56.52
PK101,Meena Devi,ORD001596,97.57,6,16.82
PK215,Swetha R,ORD001597,83.21,12,54.42
PK218,Swetha R,ORD001598,99.34,9,79.77
PK007,Vignesh R,ORD001599,88.89,7,67.75
PK234,Rahul Singh,ORD001600,96.1,12,22.56
PK235,Meena Devi,ORD001601,84.48,6,62.31
PK047,Vignesh R,ORD001602,98.76,16,34.02
PK157,Priya Sharma,ORD001603,87.76,19,46.04
PK166,Karthik Raj,ORD001604,98.88,20,-25.0
PK125,Anitha S,ORD001605,94.24,8,79.84
PK207,Rahul Singh,ORD001606,82.91,10,84.21
PK091,Swetha R,ORD001607,89.87,17,41.02
PK167,Harish M,ORD001608,95.05,17,100.96
PK170,Divya Nair,ORD001609,89.22,3,27.48
PK186,Harish M,ORD001610,93.19,11,23.93
PK053,Priya Sharma,ORD001611,95.99,13,118.5
PK177,Rahul Singh,ORD001612,98.88,11,35.69
PK090,Arun Kumar,ORD001613,82.71,17,40.72
PK090,Divya Nair,ORD001614,98.38,15,34.26
PK218,Swetha R,ORD001615,95.22,10,118.05
PK177,Priya Sharma,ORD001616,92.5,11,118.28
PK024,Vignesh R,ORD001617,92.93,9,46.4
PK163,Swetha R,ORD001618,91.94,10,72.88
PK051,Divya Nair,ORD001619,89.27,17,63.05
PK051,Naveen Kumar,ORD001620,85.88,3,53.75
PK218,Harish M,ORD001621,86.24,6,119.53
PK180,Swetha R,ORD001622,89.81,10,90.28
PK149,Naveen Kumar,ORD001623,82.02,11,23.03
PK072,Harish M,ORD001624,95.33,15,46.4
PK229,Divya Nair,ORD001625,88.73,14,88.14
PK027,Priya Sharma,ORD001626,95.33,13,43.69
PK247,Rahul Singh,ORD001627,98.89,14,42.95
PK234,Sanjay Kumar,ORD001628,83.73,12,109.69
PK060,Naveen Kumar,ORD001629,88.06,18,39.21
PK220,Rahul Singh,ORD001630,93.32,11,65.59
PK071,Vignesh R,ORD001631,95.79,20,100.15
PK100,Anitha S,ORD001632,99.34,20,118.85
PK154,Sanjay Kumar,ORD001633,86.13,15,89.97
PK185,Swetha R,ORD001634,88.86,15,54.33
PK244,Naveen Kumar,ORD001635,82.53,11,38.56
PK187,Harish M,ORD001636,91.7,11,99.22
PK087,Sanjay Kumar,ORD001637,96.68,11,68.37
PK242,Vignesh R,ORD001638,96.91,3,81.7
PK192,Arun Kumar,ORD001639,83.37,9,72.54
PK152,Vignesh R,ORD001640,98.99,13,94.81
PK013,Swetha R,ORD001641,92.51,15,56.9
PK128,Divya Nair,ORD001642,82.34,3,119.15
PK019,Rahul Singh,ORD001643,99.79,11,50.45
PK205,Harish M,ORD001644,89.91,14,52.16
PK129,Meena Devi,ORD001645,87.15,15,18.75
PK066,Divya Nair,ORD001646,95.88,7,118.46
PK218,Priya Sharma,ORD001647,87.64,8,46.78
PK117,Arun Kumar,ORD001648,84.8,3,107.11
PK167,Arun Kumar,ORD001649,88.77,13,69.86
PK063,Arun Kumar,ORD001650,90.19,8,52.09
PK239,Sanjay Kumar,ORD001651,91.43,17,43.26
PK223,Naveen Kumar,ORD001652,90.51,3,106.2
PK102,Arun Kumar,ORD001653,84.47,15,33.49
PK141,Rahul Singh,ORD001654,84.92,14,50.74
PK032,Sanjay Kumar,ORD001655,86.82,3,79.82
PK113,Karthik Raj,ORD001656,88.69,12,37.85
PK212,Divya Nair,ORD001657,99.6,17,95.22
PK146,Harish M,ORD001658,91.85,9,77.95
PK019,Meena Devi,ORD001659,91.72,6,42.7
PK118,Naveen Kumar,ORD001660,87.71,20,43.45
PK131,Swetha R,ORD001661,97.26,9,109.62
PK004,Rahul Singh,ORD001662,95.87,20,107.28
PK114,Anitha S,ORD001663,82.84,19,38.95
PK169,Naveen Kumar,ORD001664,96.57,12,101.71
PK143,Naveen Kumar,ORD001665,88.87,3,56.43
PK052,Rahul Singh,ORD001666,83.02,9,65.42
PK053,Rahul Singh,ORD001667,91.69,8,116.23
PK060,Harish M,ORD001668,83.63,9,37.22
PK219,Meena Devi,ORD001669,85.53,13,108.77
PK203,Arun Kumar,ORD001670,94.03,10,54.67
PK066,Arun Kumar,ORD001671,89.88,12,39.4
PK111,Rahul Singh,ORD001672,95.65,16,32.45
PK032,Harish M,ORD001673,88.7,18,94.16
PK165,Sanjay Kumar,ORD001674,92.5,10,99.82
PK194,Karthik Raj,ORD001675,82.72,8,44.54
PK231,Vignesh R,ORD001676,95.92,9,16.89
PK092,Anitha S,ORD001677,88.47,14,23.11
PK119,Divya Nair,ORD001678,89.6,17,110.42
PK010,Sanjay Kumar,ORD001679,87.72,9,85.3
PK203,Swetha R,ORD001680,84.79,15,105.15
PK041,Priya Sharma,ORD001681,83.96,7,83.87
PK018,Arun Kumar,ORD001682,97.02,8,73.86
PK084,Karthik Raj,ORD001683,98.77,18,106.44
PK112,Sanjay Kumar,ORD001684,86.49,14,44.79
PK094,Divya Nair,ORD001685,91.27,9,81.05
PK023,Rahul Singh,ORD001686,89.44,9,72.29
PK131,Vignesh R,ORD001687,83.09,5,78.49
PK013,Anitha S,ORD001688,89.5,10,112.0
PK181,Arun Kumar,ORD001689,97.92,8,47.97
PK177,Meena Devi,ORD001690,86.5,17,91.85
PK060,Meena Devi,ORD001691,86.08,13,23.21
PK189,Divya Nair,ORD001692,99.59,12,43.23
PK138,Harish M,ORD001693,90.25,18,59.18
PK083,Anitha S,ORD001694,94.36,10,110.67
PK126,Arun Kumar,ORD001695,86.87,17,76.14
PK241,Swetha R,ORD001696,83.77,8,101.35
PK035,Harish M,ORD001697,91.35,13,37.25
PK145,Divya Nair,ORD001698,85.36,18,88.4
PK178,Swetha R,ORD001699,98.25,16,60.81
PK235,Divya Nair,ORD001700,94.85,3,34.32
PK001,Priya Sharma,ORD001701,97.32,11,86.64
PK230,Rahul Singh,ORD001702,91.69,14,109.65
PK128,Karthik Raj,ORD001703,83.22,10,97.67
PK116,Harish M,ORD001704,90.88,18,69.01
PK111,Arun Kumar,ORD001705,91.55,15,117.3
PK079,Vignesh R,ORD001706,85.64,15,45.32
PK208,Naveen Kumar,ORD001707,88.73,7,49.43
PK147,Karthik Raj,ORD001708,98.17,3,20.68
PK169,Anitha S,ORD001709,87.26,19,60.17
PK138,Meena Devi,ORD001710,83.56,19,55.66
PK234,Arun Kumar,ORD001711,91.09,16,52.68
PK237,Anitha S,ORD001712,85.5,6,54.55
PK135,Rahul Singh,ORD001713,94.25,16,95.03
PK128,Rahul Singh,ORD001714,86.45,4,42.82
PK055,Meena Devi,ORD001715,95.91,11,76.59
PK215,Rahul Singh,ORD001716,92.85,4,59.29
PK104,Arun Kumar,ORD001717,91.16,11,19.27
PK170,Harish M,ORD001718,95.17,9,109.19
PK141,Harish M,ORD001719,83.3,20,92.74
PK111,Swetha R,ORD001720,99.23,12,56.36
PK046,Rahul Singh,ORD001721,99.47,20,28.47
PK061,Anitha S,ORD001722,99.91,12,25.99
PK021,Karthik Raj,ORD001723,89.74,20,22.78
PK124,Arun Kumar,ORD001724,84.15,3,96.2
PK025,Arun Kumar,ORD001725,97.13,5,117.3
PK180,Priya Sharma,ORD001726,91.06,9,22.55
PK195,Vignesh R,ORD001727,86.11,13,72.52
PK011,Harish M,ORD001728,82.14,12,66.68
PK101,Swetha R,ORD001729,96.71,12,38.01
PK102,Anitha S,ORD001730,88.59,15,91.29
PK230,Priya Sharma,ORD001731,94.25,8,25.02
PK077,Vignesh R,ORD001732,84.68,18,23.76
PK088,Anitha S,ORD001733,86.02,15,71.53
PK066,Karthik Raj,ORD001734,97.48,3,117.73
PK216,Sanjay Kumar,ORD001735,95.17,5,40.75
PK077,Rahul Singh,ORD001736,87.21,9,94.62
PK118,Anitha S,ORD001737,85.32,17,89.16
PK219,Vignesh R,ORD001738,96.82,10,86.0
PK002,Swetha R,ORD001739,90.23,17,110.44
PK128,Divya Nair,ORD001740,91.23,16,111.42
PK055,Anitha S,ORD001741,93.86,10,60.02
PK107,Anitha S,ORD001742,99.64,20,41.55
PK088,Naveen Kumar,ORD001743,94.46,13,52.52
PK163,Divya Nair,ORD001744,88.82,12,44.86
PK092,Naveen Kumar,ORD001745,86.77,5,91.31
PK099,Vignesh R,ORD001746,85.45,17,31.61
PK208,Arun Kumar,ORD001747,89.79,19,93.88
PK181,Vignesh R,ORD001748,94.22,3,32.65
PK042,Swetha R,ORD001749,89.03,19,111.82
PK096,Meena Devi,ORD001750,98.32,13,41.51
PK165,Rahul Singh,ORD001751,97.69,3,25.52
PK094,Rahul Singh,ORD001752,92.91,7,109.23
PK056,Anitha S,ORD001753,88.12,19,70.58
PK237,Priya Sharma,ORD001754,94.5,9,33.76
PK011,Anitha S,ORD001755,89.1,8,79.59
PK140,Harish M,ORD001756,99.81,9,56.83
PK117,Divya Nair,ORD001757,98.24,15,60.7
PK188,Swetha R,ORD001758,93.51,11,72.61
PK006,Karthik Raj,ORD001759,86.72,11,62.02
PK074,Sanjay Kumar,ORD001760,93.83,6,114.12
PK205,Karthik Raj,ORD001761,82.35,7,20.78
PK198,Anitha S,ORD001762,91.35,19,49.88
PK177,Swetha R,ORD001763,93.76,10,47.39
PK056,Harish M,ORD001764,84.66,8,29.21
PK066,Arun Kumar,ORD001765,87.86,9,59.0
PK134,Priya Sharma,ORD001766,87.51,16,73.05
PK156,Harish M,ORD001767,86.9,6,33.38
PK059,Anitha S,ORD001768,90.28,14,89.21
PK236,Vignesh R,ORD001769,94.84,12,28.35
PK137,Meena Devi,ORD001770,83.15,16,84.91
PK098,Meena Devi,ORD001771,96.04,6,81.11
PK215,Rahul Singh,ORD001772,82.64,16,72.77
PK239,Arun Kumar,ORD001773,86.58,18,111.04
PK120,Rahul Singh,ORD001774,87.92,19,54.47
PK125,Naveen Kumar,ORD001775,88.85,15,49.88
PK031,Rahul Singh,ORD001776,96.69,17,16.33
PK124,Rahul Singh,ORD001777,93.7,4,41.88
PK091,Karthik Raj,ORD001778,89.56,7,57.97
PK168,Priya Sharma,ORD001779,91.47,3,90.93
PK039,Naveen Kumar,ORD001780,85.78,5,59.3
PK042,Priya Sharma,ORD001781,83.69,3,64.14
PK139,Anitha S,ORD001782,86.8,3,36.95
PK133,Anitha S,ORD001783,95.1,6,119.71
PK146,Harish M,ORD001784,98.13,7,53.07
PK136,Meena Devi,ORD001785,83.57,13,79.44
PK162,Anitha S,ORD001786,84.29,8,21.12
PK025,Vignesh R,ORD001787,86.5,13,116.18
PK043,Swetha R,ORD001788,88.36,5,20.0
PK100,Arun Kumar,ORD001789,97.37,12,16.7
PK010,Divya Nair,ORD001790,93.7,12,20.71
PK135,Priya Sharma,ORD001791,86.68,15,113.79
PK040,Harish M,ORD001792,93.69,14,102.05
PK019,Priya Sharma,ORD001793,86.58,9,35.64
PK003,Rahul Singh,ORD001794,84.94,19,78.78
PK133,Harish M,ORD001795,87.37,14,38.81
PK104,Meena Devi,ORD001796,85.63,18,58.66
PK038,Priya Sharma,ORD001797,94.57,12,36.29
PK179,Vignesh R,ORD001798,99.67,4,68.93
PK068,Priya Sharma,ORD001799,82.92,20,56.9
PK239,Meena Devi,ORD001800,89.56,18,60.36
PK039,Divya Nair,ORD001801,99.3,19,53.76
PK193,Rahul Singh,ORD001802,95.72,10,87.22
PK060,Rahul Singh,ORD001803,83.73,8,104.02
PK070,Sanjay Kumar,ORD001804,89.55,7,112.56
PK044,Sanjay Kumar,ORD001805,83.77,7,18.77
PK210,Arun Kumar,ORD001806,86.59,10,90.61
PK068,Anitha S,ORD001807,99.11,7,39.5
PK046,Arun Kumar,ORD001808,84.77,11,80.87
PK057,Arun Kumar,ORD001809,84.22,3,89.84
PK191,Karthik Raj,ORD001810,83.61,3,78.15
PK161,Divya Nair,ORD001811,87.69,16,112.68
PK116,Vignesh R,ORD001812,98.42,12,61.69
PK163,Anitha S,ORD001813,85.41,20,56.49
PK131,Swetha R,ORD001814,82.8,13,21.78
PK002,Swetha R,ORD001815,96.12,17,22.21
PK207,Sanjay Kumar,ORD001816,98.3,10,104.57
PK236,Meena Devi,ORD001817,84.77,20,61.49
PK149,Karthik Raj,ORD001818,87.82,4,87.36
PK144,Naveen Kumar,ORD001819,91.33,8,60.63
PK097,Meena Devi,ORD001820,82.37,14,19.15
PK009,Naveen Kumar,ORD001821,99.8,13,113.91
PK042,Arun Kumar,ORD001822,86.29,3,46.3
PK087,Divya Nair,ORD001823,85.07,6,60.33
PK147,Anitha S,ORD001824,88.17,16,28.47
PK123,Arun Kumar,ORD001825,94.22,4,111.25
PK198,Arun Kumar,ORD001826,95.76,17,112.03
PK141,Arun Kumar,ORD001827,94.2,8,75.91
PK189,Anitha S,ORD001828,88.84,3,47.41
PK031,Naveen Kumar,ORD001829,92.35,14,28.0
PK067,Naveen Kumar,ORD001830,96.18,14,78.58
PK023,Karthik Raj,ORD001831,83.87,11,16.73
PK163,Swetha R,ORD001832,95.01,7,103.77
PK038,Vignesh R,ORD001833,85.88,18,66.89
PK087,Priya Sharma,ORD001834,86.19,8,92.96
PK184,Arun Kumar,ORD001835,98.28,19,19.04
PK178,Swetha R,ORD001836,89.51,6,32.9
PK214,Harish M,ORD001837,99.05,13,17.57
PK055,Swetha R,ORD001838,91.23,20,98.96
PK226,Karthik Raj,ORD001839,82.06,15,46.66
PK118,Naveen Kumar,ORD001840,90.18,19,60.56
PK077,Swetha R,ORD001841,84.32,12,98.14
PK074,Meena Devi,ORD001842,92.09,18,64.12
PK175,Naveen Kumar,ORD001843,95.27,14,81.97
PK185,Rahul Singh,ORD001844,94.3,9,105.02
PK135,Naveen Kumar,ORD001845,97.19,20,58.35
PK160,Priya Sharma,ORD001846,98.52,8,41.36
PK149,Swetha R,ORD001847,82.64,20,85.44
PK220,Priya Sharma,ORD001848,84.22,8,16.48
PK028,Naveen Kumar,ORD001849,89.84,13,91.03
PK091,Naveen Kumar,ORD001850,95.98,11,55.62
PK071,Vignesh R,ORD001851,83.42,8,29.42
PK120,Vignesh R,ORD001852,97.78,6,72.49
PK228,Meena Devi,ORD001853,92.69,10,119.58
PK076,Priya Sharma,ORD001854,82.91,11,35.32
PK082,Sanjay Kumar,ORD001855,95.08,8,74.73
PK013,Naveen Kumar,ORD001856,87.26,3,99.63
PK153,Sanjay Kumar,ORD001857,91.99,11,110.59
PK173,Harish M,ORD001858,87.15,8,76.93
PK093,Meena Devi,ORD001859,91.23,8,57.38
PK146,Meena Devi,ORD001860,98.86,7,31.04
PK134,Harish M,ORD001861,91.9,20,62.2
PK045,Meena Devi,ORD001862,98.75,14,100.58
PK146,Swetha R,ORD001863,95.51,5,21.11
PK129,Rahul Singh,ORD001864,95.57,9,105.89
PK124,Divya Nair,ORD001865,87.47,9,68.25
PK232,Anitha S,ORD001866,89.7,20,97.0
PK076,Karthik Raj,ORD001867,86.45,15,100.27
PK126,Arun Kumar,ORD001868,98.28,12,69.21
PK001,Vignesh R,ORD001869,97.56,9,109.91
PK240,Karthik Raj,ORD001870,85.72,16,99.27
PK054,Vignesh R,ORD001871,94.05,3,66.29
PK185,Meena Devi,ORD001872,86.37,12,19.09
PK217,Swetha R,ORD001873,97.8,12,21.39
PK216,Arun Kumar,ORD001874,85.94,13,88.56
PK111,Divya Nair,ORD001875,96.37,15,55.97
PK192,Naveen Kumar,ORD001876,98.55,9,32.29
PK127,Arun Kumar,ORD001877,92.24,16,77.36
PK021,Harish M,ORD001878,96.9,6,48.54
PK044,Meena Devi,ORD001879,93.01,7,39.45
PK021,Divya Nair,ORD001880,91.71,3,26.06
PK014,Vignesh R,ORD001881,85.46,20,25.38
PK038,Divya Nair,ORD001882,82.34,16,97.05
PK040,Divya Nair,ORD001883,96.55,5,70.13
PK204,Naveen Kumar,ORD001884,95.02,6,37.34
PK249,Priya Sharma,ORD001885,91.58,15,103.93
PK164,Divya Nair,ORD001886,91.66,18,95.6
PK074,Vignesh R,ORD001887,85.07,11,73.83
PK127,Priya Sharma,ORD001888,92.93,5,21.49
PK140,Arun Kumar,ORD001889,94.88,5,52.03
PK168,Harish M,ORD001890,83.8,8,36.39
PK136,Swetha R,ORD001891,93.4,9,112.06
PK042,Naveen Kumar,ORD001892,98.98,20,94.98
PK089,Naveen Kumar,ORD001893,95.01,5,116.23
PK031,Karthik Raj,ORD001894,85.92,6,20.84
PK185,Swetha R,ORD001895,86.95,20,74.02
PK220,Rahul Singh,ORD001896,97.31,17,66.6
PK156,Meena Devi,ORD001897,84.54,12,110.41
PK070,Swetha R,ORD001898,85.68,5,85.3
PK061,Sanjay Kumar,ORD001899,88.52,15,97.23
PK041,Harish M,ORD001900,92.34,5,96.47
PK185,Karthik Raj,ORD001901,83.75,5,42.28
PK156,Priya Sharma,ORD001902,86.52,14,22.04
PK077,Swetha R,ORD001903,86.22,3,94.07
PK169,Naveen Kumar,ORD001904,84.6,9,82.39
PK144,Swetha R,ORD001905,88.7,17,63.52
PK124,Priya Sharma,ORD001906,89.16,6,41.53
PK048,Divya Nair,ORD001907,99.04,15,23.32
PK171,Swetha R,ORD001908,92.21,11,42.16
PK162,Rahul Singh,ORD001909,99.71,6,71.38
PK058,Vignesh R,ORD001910,90.07,11,46.75
PK206,Divya Nair,ORD001911,84.92,14,113.87
PK050,Naveen Kumar,ORD001912,94.54,20,72.11
PK174,Karthik Raj,ORD001913,85.13,10,39.71
PK024,Swetha R,ORD001914,98.89,5,46.23
PK218,Swetha R,ORD001915,86.16,15,46.26
PK170,Priya Sharma,ORD001916,93.8,5,27.12
PK100,Priya Sharma,ORD001917,94.24,6,28.16
PK032,Priya Sharma,ORD001918,83.76,12,28.37
PK005,Arun Kumar,ORD001919,85.01,15,99.04
PK095,Anitha S,ORD001920,98.58,5,19.16
PK017,Sanjay Kumar,ORD001921,91.16,13,40.75
PK244,Rahul Singh,ORD001922,92.8,16,17.67
PK188,Naveen Kumar,ORD001923,89.25,9,20.5
PK223,Rahul Singh,ORD001924,91.06,5,68.88
PK105,Karthik Raj,ORD001925,82.02,7,57.73
PK134,Rahul Singh,ORD001926,99.18,10,93.17
PK210,Vignesh R,ORD001927,93.43,16,78.97
PK176,Arun Kumar,ORD001928,87.83,20,98.43
PK207,Sanjay Kumar,ORD001929,87.28,13,97.14
PK212,Priya Sharma,ORD001930,94.79,15,87.03
PK126,Divya Nair,ORD001931,87.68,7,88.52
PK208,Priya Sharma,ORD001932,84.02,18,45.12
PK029,Priya Sharma,ORD001933,86.04,19,64.32
PK242,Vignesh R,ORD001934,94.34,11,73.28
PK130,Divya Nair,ORD001935,91.82,6,53.82
PK216,Vignesh R,ORD001936,97.63,15,56.65
PK012,Priya Sharma,ORD001937,86.28,20,60.77
PK107,Harish M,ORD001938,85.72,19,46.78
PK085,Naveen Kumar,ORD001939,97.07,8,62.06
PK143,Rahul Singh,ORD001940,97.55,5,101.01
PK070,Sanjay Kumar,ORD001941,94.0,20,23.38
PK099,Rahul Singh,ORD001942,94.16,17,95.07
PK012,Harish M,ORD001943,85.41,13,95.13
PK222,Swetha R,ORD001944,88.07,7,37.36
PK042,Naveen Kumar,ORD001945,97.45,14,75.64
PK144,Swetha R,ORD001946,86.83,16,81.4
PK093,Anitha S,ORD001947,92.04,9,38.57
PK238,Sanjay Kumar,ORD001948,97.62,15,40.97
PK140,Sanjay Kumar,ORD001949,97.26,5,39.3
PK249,Arun Kumar,ORD001950,84.32,14,58.51
PK181,Swetha R,ORD001951,83.16,14,22.97
PK074,Anitha S,ORD001952,96.03,15,117.86
PK096,Sanjay Kumar,ORD001953,91.48,13,117.89
PK013,Rahul Singh,ORD001954,96.52,13,41.65
PK001,Sanjay Kumar,ORD001955,98.91,19,42.6
PK226,Naveen Kumar,ORD001956,83.14,15,69.9
PK047,Priya Sharma,ORD001957,90.0,4,52.87
PK160,Sanjay Kumar,ORD001958,87.65,11,23.65
PK240,Rahul Singh,ORD001959,90.27,5,79.91
PK207,Swetha R,ORD001960,98.95,5,49.57
PK179,Harish M,ORD001961,82.99,12,38.12
PK068,Priya Sharma,ORD001962,92.46,9,84.62
PK032,Priya Sharma,ORD001963,83.49,7,67.09
PK057,Sanjay Kumar,ORD001964,98.15,13,113.72
PK190,Priya Sharma,ORD001965,97.3,20,68.29
PK171,Meena Devi,ORD001966,91.73,5,95.59
PK138,Anitha S,ORD001967,84.9,10,35.66
PK101,Meena Devi,ORD001968,87.1,12,103.57
PK233,Rahul Singh,ORD001969,89.93,17,108.77
PK063,Harish M,ORD001970,84.76,17,29.85
PK073,Divya Nair,ORD001971,96.16,3,92.56
PK185,Rahul Singh,ORD001972,83.38,20,57.52
PK145,Rahul Singh,ORD001973,98.54,19,16.5
PK194,Vignesh R,ORD001974,84.28,14,94.92
PK002,Anitha S,ORD001975,83.43,8,103.12
PK140,Meena Devi,ORD001976,98.7,12,114.23
PK203,Divya Nair,ORD001977,94.23,14,87.82
PK224,Swetha R,ORD001978,86.72,16,37.59
PK069,Sanjay Kumar,ORD001979,91.42,20,38.39
PK113,Arun Kumar,ORD001980,82.63,5,78.11
PK129,Meena Devi,ORD001981,96.48,4,107.38
PK072,Arun Kumar,ORD001982,88.49,12,40.74
PK063,Arun Kumar,ORD001983,84.8,12,32.18
PK180,Vignesh R,ORD001984,87.47,16,28.2
PK111,Arun Kumar,ORD001985,93.82,14,39.92
PK062,Arun Kumar,ORD001986,86.74,13,47.98
PK225,Divya Nair,ORD001987,91.03,18,40.91
PK177,Naveen Kumar,ORD001988,96.31,12,81.66
PK042,Rahul Singh,ORD001989,94.64,15,100.85
PK196,Sanjay Kumar,ORD001990,82.85,6,118.94
PK084,Arun Kumar,ORD001991,90.39,20,30.92
PK107,Harish M,ORD001992,89.04,4,105.24
PK088,Arun Kumar,ORD001993,95.45,18,45.96
PK158,Swetha R,ORD001994,88.83,7,59.39
PK065,Harish M,ORD001995,82.62,17,92.72
PK123,Anitha S,ORD001996,93.42,12,47.41
PK194,Naveen Kumar,ORD001997,86.28,10,33.12
PK086,Karthik Raj,ORD001998,90.44,14,116.43
PK197,Naveen Kumar,ORD001999,85.59,10,19.22
PK177,Sanjay Kumar,ORD002000,85.27,16,73.14
PK064,Divya Nair,ORD002001,91.07,17,74.68
PK230,Arun Kumar,ORD002002,97.04,9,113.02
PK052,Karthik Raj,ORD002003,92.74,15,110.46
PK069,Meena Devi,ORD002004,83.8,7,72.31
PK029,Karthik Raj,ORD002005,85.96,4,105.71
PK207,Rahul Singh,ORD002006,97.89,13,40.08
PK099,Vignesh R,ORD002007,95.86,7,50.66
PK127,Rahul Singh,ORD002008,87.18,3,82.11
PK147,Rahul Singh,ORD002009,89.86,16,79.48
PK019,Anitha S,ORD002010,88.36,20,17.94
PK157,Rahul Singh,ORD002011,97.99,7,67.05
PK110,Meena Devi,ORD002012,96.66,7,66.2
PK240,Divya Nair,ORD002013,94.38,5,93.59
PK044,Divya Nair,ORD002014,93.47,5,107.52
PK249,Swetha R,ORD002015,93.96,6,67.55
PK076, Divya Nair ,ORD002016,93.35,15,19.75
PK096,Karthik Raj,ORD002017,96.03,6,83.21
PK068,Naveen Kumar,ORD002018,83.41,6,77.41
PK165,Harish M,ORD002019,93.03,15,106.86
PK229,Anitha S,ORD002020,95.63,16,16.04
PK149,Swetha R,ORD002021,96.2,19,17.66
PK205,Divya Nair,ORD002022,82.89,14,115.72
PK249,Swetha R,ORD002023,96.87,11,28.74
PK140,Sanjay Kumar,ORD002024,82.69,13,73.18
PK143,Anitha S,ORD002025,85.73,19,75.23
PK093,Vignesh R,ORD002026,88.46,18,31.47
PK115,Meena Devi,ORD002027,82.86,3,61.4
PK229,Priya Sharma,ORD002028,98.95,8,58.06
PK242,Rahul Singh,ORD002029,97.08,3,66.96
PK210,Swetha R,ORD002030,91.46,18,44.89
PK248,Vignesh R,ORD002031,82.25,4,38.13
PK048,Harish M,ORD002032,97.76,13,26.43
PK199,Rahul Singh,ORD002033,92.83,20,110.09
PK183,Meena Devi,ORD002034,82.96,7,104.05
PK094,Priya Sharma,ORD002035,98.42,9,68.23
PK014,Sanjay Kumar,ORD002036,89.27,17,110.33
PK074,Divya Nair,ORD002037,92.3,11,95.15
PK107,Naveen Kumar,ORD002038,95.66,19,51.88
PK037,Karthik Raj,ORD002039,92.21,18,56.9
PK148,Harish M,ORD002040,90.97,3,48.17
PK164,Anitha S,ORD002041,99.05,5,97.51
PK166,Karthik Raj,ORD002042,89.51,20,63.75
PK126,Sanjay Kumar,ORD002043,89.43,17,54.65
PK219,Arun Kumar,ORD002044,83.7,19,92.51
PK184,Divya Nair,ORD002045,88.77,10,18.92
PK189,Vignesh R,ORD002046,88.58,14,54.21
PK180,Arun Kumar,ORD002047,85.93,5,45.84
PK217,Meena Devi,ORD002048,98.29,4,90.64
PK011,Naveen Kumar,ORD002049,98.76,14,66.82
PK230,Naveen Kumar,ORD002050,94.68,20,104.91
PK103,Vignesh R,ORD002051,85.0,17,87.25
PK216,Naveen Kumar,ORD002052,86.75,17,62.92
PK140,Divya Nair,ORD002053,94.11,18,70.75
PK120,Arun Kumar,ORD002054,98.3,4,51.3
PK130,Meena Devi,ORD002055,91.36,20,114.24
PK057,Vignesh R,ORD002056,87.88,10,51.66
PK018,Anitha S,ORD002057,88.23,20,25.93
PK206,Swetha R,ORD002058,94.03,3,102.13
PK166,Swetha R,ORD002059,95.21,5,65.92
PK102,Priya Sharma,ORD002060,90.83,6,65.01
PK084,Karthik Raj,ORD002061,97.24,19,70.31
PK065,Swetha R,ORD002062,83.56,12,65.19
PK202,Arun Kumar,ORD002063,92.68,16,78.84
PK025,Naveen Kumar,ORD002064,86.45,8,54.56
PK047,Vignesh R,ORD002065,91.24,4,64.28
PK170,Divya Nair,ORD002066,88.09,11,63.91
PK071,Meena Devi,ORD002067,98.99,12,116.57
PK227,Anitha S,ORD002068,82.56,10,112.18
PK092,Arun Kumar,ORD002069,86.79,6,25.09
PK017,Karthik Raj,ORD002070,94.87,4,42.22
PK078,Vignesh R,ORD002071,90.73,13,111.66
PK004,Sanjay Kumar,ORD002072,97.61,4,72.46
PK063,Arun Kumar,ORD002073,91.17,7,46.76
PK141,Naveen Kumar,ORD002074,88.42,16,91.91
PK006,Naveen Kumar,ORD002075,93.81,16,29.44
PK212,Arun Kumar,ORD002076,87.45,12,63.28
PK059,Karthik Raj,ORD002077,84.55,4,20.67
PK170,Vignesh R,ORD002078,88.76,6,17.45
PK157,Harish M,ORD002079,98.34,20,21.52
PK044,Vignesh R,ORD002080,98.1,6,24.75
PK061,Priya Sharma,ORD002081,99.91,19,74.95
PK170,Naveen Kumar,ORD002082,98.24,7,47.68
PK014,Harish M,ORD002083,82.13,16,109.1
PK102,Priya Sharma,ORD002084,82.4,13,53.1
PK052,Sanjay Kumar,ORD002085,90.39,4,115.25
PK097,Priya Sharma,ORD002086,84.65,4,98.76
PK086,Divya Nair,ORD002087,85.38,7,55.01
PK099,Karthik Raj,ORD002088,94.86,14,77.12
PK169,Meena Devi,ORD002089,89.16,14,86.23
PK205,Meena Devi,ORD002090,95.47,9,85.67
PK137,Anitha S,ORD002091,91.59,19,96.55
PK125,Meena Devi,ORD002092,99.78,17,35.31
PK046,Swetha R,ORD002093,89.53,8,15.72
PK244,Arun Kumar,ORD002094,93.18,11,42.6
PK192,Priya Sharma,ORD002095,93.32,4,45.33
PK086,Meena Devi,ORD002096,90.58,9,110.63
PK063,Vignesh R,ORD002097,99.63,18,47.22
PK069,Priya Sharma,ORD002098,99.02,19,26.84
PK019,Anitha S,ORD002099,86.24,11,30.96
PK048,Vignesh R,ORD002100,85.18,18,28.34
PK223,Swetha R,ORD002101,90.78,19,83.93
PK052,Harish M,ORD002102,82.3,14,72.52
PK104,Arun Kumar,ORD002103,98.19,20,109.68
PK181,Naveen Kumar,ORD002104,82.51,8,117.55
PK146,Swetha R,ORD002105,93.49,11,117.43
PK087,Meena Devi,ORD002106,94.88,20,72.73
PK099,Arun Kumar,ORD002107,82.05,6,63.63
PK196,Naveen Kumar,ORD002108,91.69,3,119.69
PK017,Harish M,ORD002109,96.94,18,15.16
PK063,Priya Sharma,ORD002110,88.88,12,30.12
PK017,Rahul Singh,ORD002111,82.06,4,78.22
PK166,Karthik Raj,ORD002112,99.91,7,87.01
PK059,Sanjay Kumar,ORD002113,96.15,6,28.21
PK114,Sanjay Kumar,ORD002114,97.5,5,43.25
PK099,Harish M,ORD002115,99.76,14,45.22
PK069,Sanjay Kumar,ORD002116,96.4,8,47.26
PK243,Swetha R,ORD002117,89.92,5,34.25
PK155,Sanjay Kumar,ORD002118,94.47,6,37.36
PK158,Sanjay Kumar,ORD002119,99.1,9,24.07
PK165,Karthik Raj,ORD002120,96.72,10,79.86
PK128,Priya Sharma,ORD002121,92.82,14,60.92
PK180,Sanjay Kumar,ORD002122,85.5,16,67.17
PK153,Rahul Singh,ORD002123,85.58,9,53.47
PK148,Sanjay Kumar,ORD002124,84.36,5,39.19
PK175,Divya Nair,ORD002125,82.91,13,85.6
PK087,Sanjay Kumar,ORD002126,92.62,17,93.33
PK111,Anitha S,ORD002127,85.58,4,24.87
PK147,Sanjay Kumar,ORD002128,84.22,19,67.61
PK213,Vignesh R,ORD002129,85.68,19,118.61
PK090,Meena Devi,ORD002130,96.03,10,91.02
PK057,Meena Devi,ORD002131,88.77,8,94.83
PK136,Arun Kumar,ORD002132,92.43,15,118.16
PK025,Divya Nair,ORD002133,89.04,4,40.65
PK100,Meena Devi,ORD002134,96.78,10,24.88
PK208,Priya Sharma,ORD002135,94.51,6,25.13
PK239,Arun Kumar,ORD002136,93.46,10,54.67
PK094,Arun Kumar,ORD002137,96.51,19,34.8
PK237,Arun Kumar,ORD002138,94.07,15,63.43
PK097,Harish M,ORD002139,90.78,7,50.06
PK174,Naveen Kumar,ORD002140,97.99,16,75.21
PK226,Meena Devi,ORD002141,99.52,19,24.36
PK085,Naveen Kumar,ORD002142,86.02,6,25.38
PK117,Arun Kumar,ORD002143,88.79,8,64.66
PK005,Harish M,ORD002144,94.9,8,93.16
PK003,Anitha S,ORD002145,84.39,16,40.39
PK246,Arun Kumar,ORD002146,93.54,6,62.79
PK232,Rahul Singh,ORD002147,87.62,7,60.28
PK157,Rahul Singh,ORD002148,98.48,6,97.56
PK204,Divya Nair,ORD002149,91.71,15,54.24
PK214,Anitha S,ORD002150,83.71,14,115.82
PK204,Swetha R,ORD002151,96.87,19,66.17
PK079,Swetha R,ORD002152,96.84,20,33.54
PK205,Swetha R,ORD002153,89.19,20,77.09
PK078,Vignesh R,ORD002154,87.6,15,111.14
PK026,Sanjay Kumar,ORD002155,89.82,3,119.74
PK079,Harish M,ORD002156,88.91,11,29.85
PK141,Meena Devi,ORD002157,82.96,11,76.09
PK246,Vignesh R,ORD002158,87.65,3,106.38
PK104,Anitha S,ORD002159,86.4,13,77.78
PK230,Swetha R,ORD002160,82.65,10,77.46
PK061,Vignesh R,ORD002161,82.64,11,103.81
PK020,Harish M,ORD002162,89.84,17,119.04
PK072,Anitha S,ORD002163,88.94,11,60.73
PK111,Meena Devi,ORD002164,87.37,8,90.7
PK019,Vignesh R,ORD002165,96.88,12,81.38
PK038,Divya Nair,ORD002166,99.32,15,60.56
PK228,Harish M,ORD002167,82.82,7,95.77
PK108,Priya Sharma,ORD002168,84.27,4,43.56
PK040,Priya Sharma,ORD002169,99.99,5,52.01
PK062,Harish M,ORD002170,85.8,7,111.86
PK189,Karthik Raj,ORD002171,85.18,17,66.57
PK132,Karthik Raj,ORD002172,91.43,11,75.76
PK229,Vignesh R,ORD002173,98.68,18,67.82
PK124,Karthik Raj,ORD002174,96.59,11,97.75
PK065,Arun Kumar,ORD002175,85.89,11,72.94
PK057,Meena Devi,ORD002176,85.49,14,69.12
PK010,Anitha S,ORD002177,90.48,9,99.06
PK045,Meena Devi,ORD002178,95.36,17,97.15
PK200,Harish M,ORD002179,94.48,5,71.78
PK213,Arun Kumar,ORD002180,93.04,7,50.2
PK081,Sanjay Kumar,ORD002181,94.72,3,66.45
PK119,Divya Nair,ORD002182,91.74,18,50.17
PK190,Meena Devi,ORD002183,91.48,12,15.04
PK167,Karthik Raj,ORD002184,92.16,8,24.82
PK180,Priya Sharma,ORD002185,99.4,8,64.27
PK070,Priya Sharma,ORD002186,105.0,13,112.15
PK122,Harish M,ORD002187,84.24,18,24.09
PK127,Rahul Singh,ORD002188,96.39,8,82.04
PK149,Rahul Singh,ORD002189,91.85,4,83.5
PK150,Karthik Raj,ORD002190,82.72,12,50.35
PK058,Naveen Kumar,ORD002191,88.46,5,80.21
PK086,Rahul Singh,ORD002192,96.89,8,26.65
PK126,Anitha S,ORD002193,83.66,15,17.91
PK189,Meena Devi,ORD002194,90.81,20,69.71
PK053,Naveen Kumar,ORD002195,85.6,19,118.67
PK080,Karthik Raj,ORD002196,96.35,12,70.13
PK231,Rahul Singh,ORD002197,95.39,7,23.33
PK220,Sanjay Kumar,ORD002198,96.66,7,71.12
PK148,Arun Kumar,ORD002199,84.87,12,51.59
PK022,Divya Nair,ORD002200,95.22,11,25.43
PK073,Rahul Singh,ORD002201,99.54,13,67.08
PK150,Arun Kumar,ORD002202,87.15,3,84.55
PK179,Rahul Singh,ORD002203,89.22,8,102.65
PK001,Naveen Kumar,ORD002204,95.33,15,119.86
PK007,Swetha R,ORD002205,96.28,20,68.49
PK001,Swetha R,ORD002206,91.83,7,32.02
PK062,Meena Devi,ORD002207,89.77,18,93.49
PK151,Sanjay Kumar,ORD002208,96.83,12,50.55
PK230,Rahul Singh,ORD002209,92.82,17,48.04
PK247,Anitha S,ORD002210,82.52,12,108.8
PK009,Karthik Raj,ORD002211,84.6,8,47.03
PK018,Divya Nair,ORD002212,90.88,6,35.28
PK119,Priya Sharma,ORD002213,98.53,9,65.13
PK226,Anitha S,ORD002214,87.61,9,90.15
PK244,Anitha S,ORD002215,97.53,14,72.61
PK137,Anitha S,ORD002216,93.36,16,82.01
PK158,Harish M,ORD002217,82.93,10,56.59
PK105,Meena Devi,ORD002218,83.91,12,29.36
PK207,Rahul Singh,ORD002219,83.37,14,112.38
PK220,Priya Sharma,ORD002220,85.64,16,31.98
PK039,Divya Nair,ORD002221,99.66,13,75.41
PK246,Anitha S,ORD002222,94.11,6,75.65
PK002,Divya Nair,ORD002223,95.23,9,55.09
PK021,Harish M,ORD002224,91.43,18,88.39
PK064,Sanjay Kumar,ORD002225,94.88,16,112.11
PK123,Karthik Raj,ORD002226,85.93,13,104.72
PK219,Meena Devi,ORD002227,96.31,11,16.9
PK046,Anitha S,ORD002228,98.73,16,101.74
PK112,Meena Devi,ORD002229,97.32,20,105.91
PK058,Harish M,ORD002230,88.97,10,95.12
PK091,Harish M,ORD002231,89.51,4,15.84
PK241,Swetha R,ORD002232,94.65,20,62.42
PK058,Karthik Raj,ORD002233,96.44,4,65.76
PK157,Meena Devi,ORD002234,86.45,14,86.79
PK190,Karthik Raj,ORD002235,98.71,5,79.9
PK064,Karthik Raj,ORD002236,87.91,19,30.83
PK249,Sanjay Kumar,ORD002237,99.84,13,42.46
PK223,Karthik Raj,ORD002238,86.84,5,46.26
PK236,Anitha S,ORD002239,87.64,4,39.87
PK194,Karthik Raj,ORD002240,92.59,14,33.6
PK236,Karthik Raj,ORD002241,96.22,5,31.82
PK083,Divya Nair,ORD002242,87.45,9,34.76
PK041,Naveen Kumar,ORD002243,98.13,15,118.46
PK089,Naveen Kumar,ORD002244,98.53,3,59.62
PK181,Divya Nair,ORD002245,90.23,11,79.34
PK176,Priya Sharma,ORD002246,86.86,15,76.91
PK201,Swetha R,ORD002247,86.55,15,32.58
PK227,Meena Devi,ORD002248,91.72,13,49.58
PK078,Karthik Raj,ORD002249,98.4,7,105.38
PK095,Harish M,ORD002250,89.72,17,19.06
PK007,Anitha S,ORD002251,93.96,13,32.9
PK159,Arun Kumar,ORD002252,97.05,12,28.11
PK058,Divya Nair,ORD002253,87.18,17,41.18
PK235,Naveen Kumar,ORD002254,82.15,13,69.76
PK038,Arun Kumar,ORD002255,88.64,15,26.5
PK097,Harish M,ORD002256,97.2,14,114.53
PK218,Anitha S,ORD002257,90.29,7,22.37
PK129,Sanjay Kumar,ORD002258,83.8,13,77.8
PK143,Rahul Singh,ORD002259,91.8,10,62.42
PK136,Karthik Raj,ORD002260,82.35,14,59.01
PK213,Arun Kumar,ORD002261,99.01,10,54.33
PK146,Meena Devi,ORD002262,85.5,7,18.57
PK138,Naveen Kumar,ORD002263,82.27,6,40.4
PK141,Anitha S,ORD002264,94.35,8,53.35
PK101,Divya Nair,ORD002265,98.26,4,43.41
PK179,Naveen Kumar,ORD002266,89.83,18,20.05
PK084,Harish M,ORD002267,82.86,13,33.87
PK015,Priya Sharma,ORD002268,86.51,11,62.26
PK221,Swetha R,ORD002269,96.79,16,99.37
PK163,Swetha R,ORD002270,86.59,3,118.3
PK011,Swetha R,ORD002271,88.16,7,115.9
PK024,Naveen Kumar,ORD002272,86.35,20,42.89
PK186,Harish M,ORD002273,96.92,12,89.93
PK006,Harish M,ORD002274,85.68,4,27.14
PK015,Swetha R,ORD002275,86.03,5,92.73
PK012,Karthik Raj,ORD002276,96.4,17,118.37
PK003,Priya Sharma,ORD002277,85.44,14,107.6
PK197,Arun Kumar,ORD002278,86.68,8,49.36
PK203,Meena Devi,ORD002279,84.79,7,75.92
PK208,Meena Devi,ORD002280,82.58,18,42.09
PK150,Arun Kumar,ORD002281,93.2,13,91.87
PK184,Divya Nair,ORD002282,90.46,3,109.16
PK091,Swetha R,ORD002283,99.9,13,33.21
PK153,Priya Sharma,ORD002284,93.74,18,45.85
PK051,Sanjay Kumar,ORD002285,91.69,18,68.1
PK040,Arun Kumar,ORD002286,82.47,10,60.67
PK137,Rahul Singh,ORD002287,99.07,8,38.84
PK031,Meena Devi,ORD002288,87.33,6,20.32
PK128,Divya Nair,ORD002289,88.0,4,67.81
PK216,Karthik Raj,ORD002290,86.64,10,101.57
PK163,Priya Sharma,ORD002291,83.47,16,32.12
PK223,Naveen Kumar,ORD002292,82.53,8,50.5
PK156,Anitha S,ORD002293,88.63,19,52.76
PK180,Swetha R,ORD002294,95.55,14,79.72
PK131,Naveen Kumar,ORD002295,92.73,16,37.85
PK090,Divya Nair,ORD002296,96.15,7,116.38
PK135,Swetha R,ORD002297,90.28,18,74.81
PK005,Vignesh R,ORD002298,86.35,20,72.53
PK237,Sanjay Kumar,ORD002299,93.67,12,78.31
PK174,Anitha S,ORD002300,82.1,18,19.98
PK219,Karthik Raj,ORD002301,95.14,13,101.05
PK009,Karthik Raj,ORD002302,89.69,10,71.43
PK020,Sanjay Kumar,ORD002303,82.29,20,83.52
PK239,Harish M,ORD002304,86.8,7,22.53
PK121,Naveen Kumar,ORD002305,91.44,5,95.11
PK136,Priya Sharma,ORD002306,84.56,14,58.91
PK214,Karthik Raj,ORD002307,98.43,4,62.89
PK221,Meena Devi,ORD002308,84.02,3,21.8
PK241,Meena Devi,ORD002309,89.03,9,16.16
PK022,Priya Sharma,ORD002310,92.17,17,83.41
PK015,Divya Nair,ORD002311,88.06,17,88.54
PK180,Meena Devi,ORD002312,88.25,13,75.36
PK111,Vignesh R,ORD002313,93.47,14,81.85
PK149,Swetha R,ORD002314,94.1,11,112.55
PK106,Swetha R,ORD002315,87.11,8,119.96
PK201,Sanjay Kumar,ORD002316,98.86,3,36.64
PK245,Swetha R,ORD002317,92.06,11,51.44
PK016,Sanjay Kumar,ORD002318,86.58,18,48.83
PK167,Priya Sharma,ORD002319,87.59,8,114.44
PK005,Harish M,ORD002320,92.28,3,108.24
PK231,Harish M,ORD002321,89.1,8,86.59
PK074,Karthik Raj,ORD002322,82.38,6,98.69
PK083,Meena Devi,ORD002323,87.05,9,96.42
PK172,Karthik Raj,ORD002324,85.78,10,51.79
PK189,Sanjay Kumar,ORD002325,91.22,18,70.38
PK055,Vignesh R,ORD002326,95.06,7,96.12
PK184,Harish M,ORD002327,82.83,16,53.44
PK164,Meena Devi,ORD002328,83.21,18,33.88
PK112,Naveen Kumar,ORD002329,90.42,15,49.02
PK247,Anitha S,ORD002330,89.32,17,75.28
PK112,Divya Nair,ORD002331,96.0,18,71.06
PK025,Swetha R,ORD002332,91.27,3,71.11
PK025,Harish M,ORD002333,85.12,9,77.45
PK014,Vignesh R,ORD002334,89.88,18,107.96
PK110,Karthik Raj,ORD002335,99.5,17,73.21
PK141,Swetha R,ORD002336,97.06,3,70.83
PK216,Divya Nair,ORD002337,82.11,4,111.25
PK038,Meena Devi,ORD002338,88.2,13,45.25
PK172,Harish M,ORD002339,96.44,4,93.83
PK225,Harish M,ORD002340,93.57,15,60.49
PK233,Vignesh R,ORD002341,89.5,5,90.77
PK072,Swetha R,ORD002342,90.43,14,45.27
PK177,Vignesh R,ORD002343,87.76,6,16.4
PK036,Naveen Kumar,ORD002344,96.46,17,22.32
PK188,Rahul Singh,ORD002345,84.72,15,54.12
PK117,Anitha S,ORD002346,90.93,19,66.33
PK174,Vignesh R,ORD002347,90.4,10,67.3
PK175,Rahul Singh,ORD002348,105.0,3,100.91
PK094,Meena Devi,ORD002349,86.97,13,44.14
PK082,Swetha R,ORD002350,99.46,5,75.33
PK051,Anitha S,ORD002351,92.1,12,37.5
PK153,Meena Devi,ORD002352,95.06,16,98.81
PK164,Karthik Raj,ORD002353,99.37,11,95.54
PK056,Priya Sharma,ORD002354,83.75,7,32.08
PK212,Karthik Raj,ORD002355,82.42,3,52.31
PK020,Karthik Raj,ORD002356,90.81,18,17.47
PK009,Arun Kumar,ORD002357,82.63,4,101.03
PK102,Naveen Kumar,ORD002358,93.1,7,84.87
PK155,Arun Kumar,ORD002359,91.96,18,104.9
PK237,Priya Sharma,ORD002360,98.03,17,28.07
PK045,Sanjay Kumar,ORD002361,97.35,4,28.97
PK190,Anitha S,ORD002362,85.95,10,114.79
PK057,Naveen Kumar,ORD002363,84.27,10,70.74
PK137,Meena Devi,ORD002364,92.41,13,17.18
PK139,Vignesh R,ORD002365,98.4,17,114.29
PK208,Anitha S,ORD002366,98.95,12,53.47
PK116,Karthik Raj,ORD002367,82.43,10,91.68
PK069,Naveen Kumar,ORD002368,85.23,12,99.94
PK212,Sanjay Kumar,ORD002369,98.43,19,15.22
PK106,Anitha S,ORD002370,98.83,14,16.92
PK228,Vignesh R,ORD002371,91.97,17,96.46
PK052,Sanjay Kumar,ORD002372,91.31,7,103.52
PK169,Divya Nair,ORD002373,99.22,17,113.67
PK154,Sanjay Kumar,ORD002374,92.73,9,58.74
PK032,Karthik Raj,ORD002375,97.51,18,66.36
PK045,Harish M,ORD002376,94.66,15,113.63
PK062,Meena Devi,ORD002377,95.14,7,16.68
PK208,Priya Sharma,ORD002378,88.36,9,54.97
PK025,Arun Kumar,ORD002379,94.96,3,41.22
PK158,Rahul Singh,ORD002380,85.98,20,44.43
PK173,Priya Sharma,ORD002381,91.9,6,100.23
PK050,Meena Devi,ORD002382,89.89,17,107.15
PK031,Meena Devi,ORD002383,90.71,15,78.51
PK228,Vignesh R,ORD002384,86.41,3,115.28
PK148,Naveen Kumar,ORD002385,98.47,8,58.03
PK031,Swetha R,ORD002386,86.17,5,74.61
PK155,Sanjay Kumar,ORD002387,90.08,13,36.34
PK065,Swetha R,ORD002388,96.39,13,83.82
PK027,Rahul Singh,ORD002389,91.89,3,55.48
PK184,Rahul Singh,ORD002390,90.75,4,18.95
PK220,Anitha S,ORD002391,87.02,4,54.07
PK096,Karthik Raj,ORD002392,91.36,5,115.7
PK170,Harish M,ORD002393,83.71,12,63.59
PK132,Swetha R,ORD002394,88.63,12,41.65
PK107,Divya Nair,ORD002395,94.74,10,113.27
PK011,Meena Devi,ORD002396,99.56,12,61.85
PK199,Divya Nair,ORD002397,98.86,15,68.6
PK221,Harish M,ORD002398,91.12,8,66.21
PK084,Naveen Kumar,ORD002399,88.63,13,72.72
PK115,Swetha R,ORD002400,90.21,13,55.16
PK211,Karthik Raj,ORD002401,93.38,6,20.67
PK018,Vignesh R,ORD002402,84.75,3,37.26
PK222,Sanjay Kumar,ORD002403,95.07,14,94.73
PK202,Meena Devi,ORD002404,90.33,9,46.77
PK018,Swetha R,ORD002405,82.55,4,83.35
PK108,Rahul Singh,ORD002406,92.9,14,32.58
PK031,Rahul Singh,ORD002407,98.39,13,106.17
PK210,Harish M,ORD002408,95.04,19,83.5
PK022,Sanjay Kumar,ORD002409,84.79,19,71.2
PK194,Karthik Raj,ORD002410,83.55,6,59.65
PK205,Naveen Kumar,ORD002411,89.89,16,72.78
PK200,Priya Sharma,ORD002412,88.87,17,26.42
PK126,Divya Nair,ORD002413,90.26,8,55.2
PK056,Meena Devi,ORD002414,87.42,12,72.43
PK193,Divya Nair,ORD002415,89.53,14,56.26
PK117,Divya Nair,ORD002416,90.26,15,53.25
PK138,Anitha S,ORD002417,86.94,20,26.44
PK071,Sanjay Kumar,ORD002418,87.46,5,50.35
PK072,Anitha S,ORD002419,94.47,15,45.75
PK105,Priya Sharma,ORD002420,97.65,9,55.47
PK236,Priya Sharma,ORD002421,83.99,3,83.94
PK167,Vignesh R,ORD002422,84.01,18,107.26
PK020,Priya Sharma,ORD002423,99.16,15,16.62
PK094,Vignesh R,ORD002424,97.1,13,24.61
PK234,Sanjay Kumar,ORD002425,85.54,17,74.98
PK150,Anitha S,ORD002426,92.27,9,90.43
PK113,Vignesh R,ORD002427,99.47,16,80.37
PK152,Priya Sharma,ORD002428,84.39,20,99.12
PK027,Meena Devi,ORD002429,90.62,12,34.48
PK188,Harish M,ORD002430,96.3,19,19.31
PK015,Priya Sharma,ORD002431,85.37,10,49.73
PK050,Karthik Raj,ORD002432,98.96,19,21.12
PK043,Swetha R,ORD002433,98.15,11,60.26
PK038,Arun Kumar,ORD002434,84.53,7,24.38
PK010,Anitha S,ORD002435,99.85,12,86.27
PK194,Anitha S,ORD002436,83.19,7,103.38
PK155,Priya Sharma,ORD002437,89.32,4,41.74
PK211,Anitha S,ORD002438,87.53,18,16.3
PK130,Vignesh R,ORD002439,86.49,4,31.72
PK038,Arun Kumar,ORD002440,89.31,19,110.89
PK126,Priya Sharma,ORD002441,84.91,13,113.11
PK111,Divya Nair,ORD002442,94.18,12,61.89
PK075,Sanjay Kumar,ORD002443,95.85,5,54.78
PK177,Rahul Singh,ORD002444,86.13,18,42.35
PK129,Priya Sharma,ORD002445,89.92,20,45.39
PK239,Divya Nair,ORD002446,96.85,8,115.76
PK165,Arun Kumar,ORD002447,99.75,15,82.33
PK166,Priya Sharma,ORD002448,85.78,13,116.2
PK164,Priya Sharma,ORD002449,83.43,20,89.81
PK017,Arun Kumar,ORD002450,96.42,19,116.88
PK100,Naveen Kumar,ORD002451,95.17,9,81.62
PK240,Rahul Singh,ORD002452,87.35,18,115.07
PK218,Sanjay Kumar,ORD002453,92.88,3,58.7
PK177,Rahul Singh,ORD002454,96.98,8,105.77
PK113,Rahul Singh,ORD002455,85.98,3,34.89
PK075,Arun Kumar,ORD002456,89.79,15,84.51
PK052,Rahul Singh,ORD002457,92.23,6,75.15
PK234,Swetha R,ORD002458,96.45,16,32.25
PK168,Arun Kumar,ORD002459,87.25,18,99.72
PK186,Arun Kumar,ORD002460,84.28,8,98.28
PK120,Harish M,ORD002461,93.17,13,28.98
PK004,Sanjay Kumar,ORD002462,99.66,11,91.28
PK031,Vignesh R,ORD002463,99.33,9,30.6
PK117,Priya Sharma,ORD002464,92.01,12,47.41
PK232,Vignesh R,ORD002465,95.51,14,49.84
PK207,Swetha R,ORD002466,95.71,7,32.2
PK213,Vignesh R,ORD002467,83.33,17,31.69
PK014,Karthik Raj,ORD002468,99.71,11,80.9
PK055,Naveen Kumar,ORD002469,95.0,13,83.76
PK143,Naveen Kumar,ORD002470,86.17,15,71.2
PK248, Anitha S ,ORD002471,90.75,8,23.71
PK216,Harish M,ORD002472,85.52,11,76.04
PK230,Harish M,ORD002473,93.63,10,66.09
PK247,Rahul Singh,ORD002474,87.11,4,62.47
PK085,Priya Sharma,ORD002475,94.53,18,99.16
PK143,Vignesh R,ORD002476,93.98,6,52.8
PK055,Rahul Singh,ORD002477,90.04,9,112.71
PK108,Rahul Singh,ORD002478,91.88,7,54.46
PK161,Rahul Singh,ORD002479,83.1,5,98.36
PK151,Karthik Raj,ORD002480,96.1,10,95.27
PK083,Priya Sharma,ORD002481,91.72,4,44.83
PK193,Meena Devi,ORD002482,89.42,9,96.43
PK111,Anitha S,ORD002483,85.68,3,40.8
PK008,Priya Sharma,ORD002484,83.95,8,76.85
PK091,Divya Nair,ORD002485,87.35,20,67.45
PK131,Vignesh R,ORD002486,99.49,9,75.65
PK221,Meena Devi,ORD002487,90.95,13,93.61
PK116,Anitha S,ORD002488,85.79,7,35.49
PK098,Swetha R,ORD002489,95.27,9,27.19
PK073,Karthik Raj,ORD002490,89.69,8,91.96
PK195,Swetha R,ORD002491,93.67,17,67.22
PK181,Priya Sharma,ORD002492,96.95,15,63.8
PK225,Swetha R,ORD002493,89.16,11,15.95
PK106,Naveen Kumar,ORD002494,98.53,12,96.01
PK077,Priya Sharma,ORD002495,94.8,8,88.35
PK005,Harish M,ORD002496,85.44,15,105.74
PK161,Swetha R,ORD002497,98.63,8,105.75
PK064,Rahul Singh,ORD002498,87.85,14,25.35
PK082,Meena Devi,ORD002499,99.93,5,62.34
PK220,Arun Kumar,ORD002500,92.2,9,23.0
PK209,Priya Sharma,ORD002501,95.33,4,103.04
PK182,Naveen Kumar,ORD002502,82.07,8,29.79
PK132,Naveen Kumar,ORD002503,94.71,10,102.4
PK061,Anitha S,ORD002504,89.16,9,54.11
PK017,Anitha S,ORD002505,99.3,3,58.25
PK192,Swetha R,ORD002506,82.37,4,67.82
PK032,Priya Sharma,ORD002507,98.08,10,60.97
PK090,Harish M,ORD002508,93.08,5,27.07
PK046,Sanjay Kumar,ORD002509,99.29,17,41.17
PK092,Arun Kumar,ORD002510,86.87,16,15.7
PK046,Anitha S,ORD002511,95.44,20,54.6
PK201,Sanjay Kumar,ORD002512,83.18,6,54.03
PK063,Rahul Singh,ORD002513,98.28,18,59.15
PK038,Anitha S,ORD002514,99.65,6,119.68
PK189,Rahul Singh,ORD002515,98.87,20,90.12
PK092,Meena Devi,ORD002516,94.32,14,98.63
PK058,Naveen Kumar,ORD002517,94.08,13,30.86
PK216,Vignesh R,ORD002518,93.19,19,74.12
PK037,Harish M,ORD002519,83.7,17,53.53
PK169,Vignesh R,ORD002520,82.05,19,25.32
PK138,Anitha S,ORD002521,95.46,9,90.77
PK096,Priya Sharma,ORD002522,93.86,14,70.71
PK116,Rahul Singh,ORD002523,99.66,8,117.26
PK108,Rahul Singh,ORD002524,84.42,11,61.34
PK190,Priya Sharma,ORD002525,98.56,7,40.61
PK015,Anitha S,ORD002526,95.39,7,33.04
PK028,Anitha S,ORD002527,93.85,3,104.44
PK016,Arun Kumar,ORD002528,88.38,13,26.86
PK240,Divya Nair,ORD002529,90.98,19,20.84
PK195,Swetha R,ORD002530,92.28,16,64.96
PK098,Meena Devi,ORD002531,87.82,6,97.36
PK093,Anitha S,ORD002532,85.84,8,52.23
PK160,Naveen Kumar,ORD002533,98.39,10,112.52
PK151,Karthik Raj,ORD002534,89.21,11,100.36
PK108,Arun Kumar,ORD002535,84.16,12,59.87
PK162,Arun Kumar,ORD002536,88.31,8,81.77
PK160,Karthik Raj,ORD002537,84.17,10,82.74
PK101,Karthik Raj,ORD002538,89.98,5,38.98
PK166,Meena Devi,ORD002539,83.2,5,44.98
PK157,Sanjay Kumar,ORD002540,85.05,12,26.21
PK238,Vignesh R,ORD002541,92.17,5,70.45
PK233,Priya Sharma,ORD002542,99.16,8,52.28
PK147,Swetha R,ORD002543,96.06,8,20.58
PK050,Arun Kumar,ORD002544,88.6,12,63.34
PK201,Rahul Singh,ORD002545,93.25,17,88.6
PK027,Divya Nair,ORD002546,90.67,10,119.12
PK062,Rahul Singh,ORD002547,90.51,17,25.15
PK139,Divya Nair,ORD002548,95.47,4,41.47
PK234,Vignesh R,ORD002549,91.44,13,75.46
PK128,Harish M,ORD002550,99.11,10,118.7
PK008,Divya Nair,ORD002551,99.58,9,91.99
PK092,Sanjay Kumar,ORD002552,94.05,12,56.38
PK201,Arun Kumar,ORD002553,92.33,15,21.71
PK236,Karthik Raj,ORD002554,92.66,12,18.02
PK119,Divya Nair,ORD002555,82.08,17,78.94
PK120,Rahul Singh,ORD002556,87.36,8,25.28
PK059,Priya Sharma,ORD002557,92.97,15,78.75
PK225,Naveen Kumar,ORD002558,88.21,12,57.13
PK131,Swetha R,ORD002559,83.39,4,17.47
PK160,Anitha S,ORD002560,95.75,9,27.02
PK059,Naveen Kumar,ORD002561,93.73,16,84.31
PK071,Arun Kumar,ORD002562,99.73,9,108.62
PK091,Swetha R,ORD002563,83.84,14,83.77
PK143,Meena Devi,ORD002564,87.11,3,36.93
PK230,Divya Nair,ORD002565,89.4,10,75.95
PK178,Sanjay Kumar,ORD002566,97.48,9,65.68
PK127,Sanjay Kumar,ORD002567,83.82,10,24.8
PK182,Priya Sharma,ORD002568,87.6,17,116.86
PK187,Priya Sharma,ORD002569,95.66,5,91.12
PK113,Swetha R,ORD002570,93.93,17,111.75
PK011,Harish M,ORD002571,93.84,14,38.89
PK165,Anitha S,ORD002572,89.16,6,29.19
PK116,Priya Sharma,ORD002573,88.18,14,54.26
PK189,Sanjay Kumar,ORD002574,87.0,8,36.02
PK090,Harish M,ORD002575,95.3,16,40.06
PK049,Karthik Raj,ORD002576,83.97,10,101.18
PK136,Anitha S,ORD002577,92.37,19,85.67
PK009,Meena Devi,ORD002578,95.1,15,51.03
PK090,Naveen Kumar,ORD002579,93.27,5,28.13
PK031,Karthik Raj,ORD002580,90.26,9,30.01
PK207,Divya Nair,ORD002581,92.53,19,106.73
PK009,Meena Devi,ORD002582,83.31,5,98.86
PK103,Karthik Raj,ORD002583,97.64,12,70.58
PK192,Naveen Kumar,ORD002584,85.86,3,31.69
PK221,Swetha R,ORD002585,97.55,15,25.73
PK166,Karthik Raj,ORD002586,83.92,13,95.56
PK076,Harish M,ORD002587,96.57,8,83.53
PK064,Harish M,ORD002588,87.42,15,114.05
PK090,Anitha S,ORD002589,82.34,10,47.14
PK118,Swetha R,ORD002590,85.57,13,102.19
PK167,Sanjay Kumar,ORD002591,91.83,11,49.69
PK118,Rahul Singh,ORD002592,83.14,4,65.13
PK213,Karthik Raj,ORD002593,98.21,15,115.03
PK177,,ORD002594,89.65,20,67.2
PK090,Karthik Raj,ORD002595,82.57,16,105.98
PK170,Vignesh R,ORD002596,98.5,16,25.64
PK115,Harish M,ORD002597,94.9,14,101.76
PK082,Arun Kumar,ORD002598,98.3,17,46.7
PK060,Arun Kumar,ORD002599,88.71,10,50.63
PK200,Meena Devi,ORD002600,94.5,8,83.78
PK023,Swetha R,ORD002601,83.19,10,104.14
PK150,Divya Nair,ORD002602,89.37,18,99.39
PK162,Rahul Singh,ORD002603,92.73,4,56.42
PK138,Harish M,ORD002604,94.51,13,107.04
PK232,Divya Nair,ORD002605,88.91,16,84.56
PK158,Vignesh R,ORD002606,96.07,4,69.26
PK034,Naveen Kumar,ORD002607,95.36,10,35.92
PK064,Swetha R,ORD002608,97.34,13,107.77
PK099,Sanjay Kumar,ORD002609,88.69,13,40.71
PK222,Swetha R,ORD002610,91.15,13,39.92
PK121,Karthik Raj,ORD002611,95.78,17,90.38
PK187,Priya Sharma,ORD002612,99.53,18,69.78
PK205,Priya Sharma,ORD002613,84.61,14,117.13
PK191,Karthik Raj,ORD002614,91.1,19,19.79
PK109,Sanjay Kumar,ORD002615,85.44,15,71.54
PK116,Karthik Raj,ORD002616,93.16,16,50.0
PK017,Arun Kumar,ORD002617,93.43,-2,110.06
PK128,Naveen Kumar,ORD002618,82.41,11,112.8
PK025,Sanjay Kumar,ORD002619,99.43,16,18.74
PK186,Karthik Raj,ORD002620,92.22,17,113.56
PK154,Priya Sharma,ORD002621,91.38,18,60.31
PK003,Divya Nair,ORD002622,99.97,4,34.37
PK193,Harish M,ORD002623,94.12,4,112.12
PK079,Harish M,ORD002624,99.57,16,41.98
PK094,Naveen Kumar,ORD002625,89.88,4,85.36
PK018,Harish M,ORD002626,99.64,6,28.56
PK093,Anitha S,ORD002627,97.18,7,102.28
PK212,Anitha S,ORD002628,87.75,20,104.85
PK136,Priya Sharma,ORD002629,85.23,15,109.22
PK232,Arun Kumar,ORD002630,86.38,11,23.33
PK012,Vignesh R,ORD002631,88.12,10,118.87
PK019,Divya Nair,ORD002632,83.33,12,64.45
PK011,Sanjay Kumar,ORD002633,85.2,11,15.87
PK073,Arun Kumar,ORD002634,83.11,12,33.86
PK099,Harish M,ORD002635,94.65,10,63.44
PK062,Anitha S,ORD002636,86.77,13,109.5
PK211,Priya Sharma,ORD002637,96.66,17,58.71
PK116,Rahul Singh,ORD002638,96.92,10,34.64
PK198,Priya Sharma,ORD002639,97.99,9,70.18
PK084,Karthik Raj,ORD002640,82.45,8,94.0
PK182,Rahul Singh,ORD002641,88.42,8,54.13
PK031,Anitha S,ORD002642,96.4,6,84.02
PK117,Divya Nair,ORD002643,87.4,18,18.95
PK193,Harish M,ORD002644,82.27,14,88.76
PK137,Arun Kumar,ORD002645,92.19,15,60.06
PK184,Meena Devi,ORD002646,98.15,8,37.74
PK135,Arun Kumar,ORD002647,92.46,17,49.67
PK141,Arun Kumar,ORD002648,93.9,9,53.29
PK233,Arun Kumar,ORD002649,96.13,19,21.6
PK247,Harish M,ORD002650,87.91,10,78.3
PK116,Priya Sharma,ORD002651,98.24,20,75.39
PK146,Arun Kumar,ORD002652,94.76,15,33.66
PK099,Swetha R,ORD002653,82.69,10,111.94
PK151,Sanjay Kumar,ORD002654,98.51,12,115.59
PK108,Harish M,ORD002655,87.41,16,93.07
PK239,Harish M,ORD002656,85.09,12,94.51
PK072,Arun Kumar,ORD002657,95.89,19,115.65
PK236,Divya Nair,ORD002658,88.59,8,100.0
PK040,Anitha S,ORD002659,90.76,4,111.95
PK084,Harish M,ORD002660,94.18,5,16.85
PK173,Priya Sharma,ORD002661,88.78,4,70.22
PK105,Naveen Kumar,ORD002662,99.03,7,91.28
PK126,Priya Sharma,ORD002663,89.93,9,118.77
PK008,Karthik Raj,ORD002664,93.83,3,106.43
PK199,Priya Sharma,ORD002665,91.8,5,57.29
PK148,Meena Devi,ORD002666,82.8,19,58.72
PK114,Harish M,ORD002667,86.22,10,36.03
PK070,Harish M,ORD002668,91.22,20,16.04
PK206,Sanjay Kumar,ORD002669,82.96,8,35.85
PK240,Naveen Kumar,ORD002670,92.14,18,45.06
PK053,Swetha R,ORD002671,97.49,13,26.84
PK239,Priya Sharma,ORD002672,87.15,8,24.12
PK072,Sanjay Kumar,ORD002673,95.83,4,84.51
PK168,Anitha S,ORD002674,95.28,17,42.72
PK107,Sanjay Kumar,ORD002675,96.55,11,40.43
PK067,Swetha R,ORD002676,82.21,11,15.9
PK205,Anitha S,ORD002677,97.8,12,110.08
PK032,Arun Kumar,ORD002678,85.48,15,76.71
PK004,Anitha S,ORD002679,83.06,11,45.87
PK013,Arun Kumar,ORD002680,99.5,5,16.26
PK039,Swetha R,ORD002681,94.58,5,53.42
PK088,Rahul Singh,ORD002682,96.28,7,64.36
PK228,Anitha S,ORD002683,92.38,7,78.12
PK155,Priya Sharma,ORD002684,85.15,17,62.03
PK189,Karthik Raj,ORD002685,95.79,5,40.29
PK143,Swetha R,ORD002686,96.43,9,45.35
PK066,Anitha S,ORD002687,93.46,10,104.92
PK190,Rahul Singh,ORD002688,97.71,20,75.72
PK145,Rahul Singh,ORD002689,97.16,10,33.16
PK221,Rahul Singh,ORD002690,99.0,6,104.59
PK232,Meena Devi,ORD002691,105.0,10,119.43
PK175,Sanjay Kumar,ORD002692,87.35,16,101.43
PK132,Priya Sharma,ORD002693,93.0,3,45.19
PK129,Divya Nair,ORD002694,97.96,8,22.78
PK070,Harish M,ORD002695,90.16,12,99.37
PK228,Sanjay Kumar,ORD002696,97.24,17,70.23
PK069,Harish M,ORD002697,97.75,9,118.54
PK043,Naveen Kumar,ORD002698,87.05,5,34.37
PK113,Karthik Raj,ORD002699,83.99,9,68.89
PK229,Rahul Singh,ORD002700,96.38,18,39.77
PK189,Karthik Raj,ORD002701,97.37,18,19.13
PK202,Anitha S,ORD002702,96.14,12,67.18
PK231,Vignesh R,ORD002703,89.29,14,76.25
PK169,Arun Kumar,ORD002704,91.37,17,98.04
PK023,Harish M,ORD002705,98.09,14,57.44
PK189,Karthik Raj,ORD002706,85.23,9,53.06
PK217,Arun Kumar,ORD002707,97.01,4,18.66
PK099,Priya Sharma,ORD002708,85.41,13,51.51
PK078,Sanjay Kumar,ORD002709,88.56,17,85.7
PK248,Harish M,ORD002710,88.8,5,45.71
PK071,Divya Nair,ORD002711,88.67,18,58.88
PK117,Divya Nair,ORD002712,89.6,10,80.23
PK188,Sanjay Kumar,ORD002713,92.99,7,18.44
PK022,Arun Kumar,ORD002714,92.85,6,106.22
PK074,Swetha R,ORD002715,96.57,10,85.83
PK170,Vignesh R,ORD002716,97.11,8,61.32
PK217,Vignesh R,ORD002717,88.98,18,75.64
PK167,Rahul Singh,ORD002718,92.34,18,82.51
PK074,Rahul Singh,ORD002719,91.6,10,40.51
PK046,Swetha R,ORD002720,96.89,18,119.1
PK135,Naveen Kumar,ORD002721,83.55,5,48.02
PK055,Harish M,ORD002722,95.75,12,111.47
PK249,Sanjay Kumar,ORD002723,91.11,12,39.1
PK138,Divya Nair,ORD002724,85.68,5,116.86
PK138,Meena Devi,ORD002725,89.0,9,48.64
PK138,Meena Devi,ORD002726,88.72,14,60.81
PK024,Arun Kumar,ORD002727,97.19,7,99.87
PK174,Swetha R,ORD002728,91.47,14,16.28
PK046,Priya Sharma,ORD002729,97.71,9,64.73
PK139,Sanjay Kumar,ORD002730,92.73,10,34.84
PK177,Karthik Raj,ORD002731,93.21,16,65.66
PK036,Karthik Raj,ORD002732,83.06,13,46.46
PK178,Anitha S,ORD002733,98.88,16,96.65
PK063,Harish M,ORD002734,85.69,10,90.06
PK113,Swetha R,ORD002735,86.07,19,18.05
PK048,Rahul Singh,ORD002736,89.35,13,118.51
PK092,Karthik Raj,ORD002737,85.24,3,43.85
PK158,Naveen Kumar,ORD002738,99.47,16,70.86
PK118,Priya Sharma,ORD002739,88.51,16,118.01
PK051,Karthik Raj,ORD002740,86.37,16,114.05
PK141,Rahul Singh,ORD002741,98.64,16,110.69
PK096,Karthik Raj,ORD002742,98.89,15,101.35
PK091,Arun Kumar,ORD002743,94.77,20,42.06
PK100,Anitha S,ORD002744,90.07,5,20.97
PK168,Rahul Singh,ORD002745,93.59,17,90.19
PK177,Vignesh R,ORD002746,97.7,9,17.54
PK131,Anitha S,ORD002747,89.52,9,64.52
PK169,Anitha S,ORD002748,85.15,7,54.41
PK122,Arun Kumar,ORD002749,90.3,20,40.99
PK042,Vignesh R,ORD002750,87.63,12,84.04
PK234,Harish M,ORD002751,97.09,9,91.46
PK039,Harish M,ORD002752,91.36,12,105.99
PK055,Sanjay Kumar,ORD002753,98.08,10,25.31
PK060,Vignesh R,ORD002754,92.91,15,59.58
PK019,Anitha S,ORD002755,87.06,5,45.81
PK150,Arun Kumar,ORD002756,86.29,20,26.71
PK014,Karthik Raj,ORD002757,99.25,14,40.43
PK171,Divya Nair,ORD002758,85.68,10,80.55
PK077,Meena Devi,ORD002759,84.92,16,83.41
PK128,Karthik Raj,ORD002760,97.45,8,54.25
PK105,Vignesh R,ORD002761,92.51,18,22.08
PK243,Anitha S,ORD002762,89.84,15,59.77
PK009,Naveen Kumar,ORD002763,93.69,19,71.28
PK035,Anitha S,ORD002764,93.4,10,105.43
PK040,Arun Kumar,ORD002765,87.72,19,104.14
PK148,Vignesh R,ORD002766,89.62,19,45.33
PK105,Vignesh R,ORD002767,84.77,15,65.05
PK030,Naveen Kumar,ORD002768,95.7,19,82.73
PK057,Divya Nair,ORD002769,94.53,8,88.63
PK153,Sanjay Kumar,ORD002770,87.65,20,98.73
PK186,Rahul Singh,ORD002771,84.81,14,65.67
PK187,Karthik Raj,ORD002772,93.25,18,112.93
PK125,Vignesh R,ORD002773,88.26,5,69.34
PK074,Karthik Raj,ORD002774,82.74,6,21.62
PK035,Divya Nair,ORD002775,89.85,11,100.71
PK202,Rahul Singh,ORD002776,93.72,20,66.88
PK002,Anitha S,ORD002777,98.13,19,18.01
PK100,Arun Kumar,ORD002778,92.82,9,87.73
PK012,Divya Nair,ORD002779,99.62,9,26.96
PK218,Karthik Raj,ORD002780,96.39,4,83.89
PK240,Karthik Raj,ORD002781,87.03,7,105.34
PK079,Divya Nair,ORD002782,93.86,17,15.41
PK068,Meena Devi,ORD002783,90.92,20,78.01
PK169,Priya Sharma,ORD002784,95.22,13,33.17
PK176,Sanjay Kumar,ORD002785,83.32,7,66.37
PK106,Arun Kumar,ORD002786,92.05,6,99.51
PK219,Vignesh R,ORD002787,98.36,12,94.9
PK237,Naveen Kumar,ORD002788,86.63,19,98.23
PK247,Anitha S,ORD002789,91.15,5,114.39
PK103,Divya Nair,ORD002790,86.57,11,40.27
PK218,Vignesh R,ORD002791,83.75,12,24.16
PK204,Sanjay Kumar,ORD002792,89.8,3,110.03
PK151,Naveen Kumar,ORD002793,90.76,7,38.02
PK226,Sanjay Kumar,ORD002794,92.01,10,29.33
PK099,Karthik Raj,ORD002795,87.0,17,41.68
PK050,Anitha S,ORD002796,94.46,8,99.88
PK209,Anitha S,ORD002797,84.16,19,114.39
PK238,Naveen Kumar,ORD002798,84.4,8,114.68
PK004,Arun Kumar,ORD002799,82.24,15,58.99
PK230,Rahul Singh,ORD002800,91.27,19,44.44
PK030,Harish M,ORD002801,98.27,19,17.66
PK093,Sanjay Kumar,ORD002802,90.17,16,36.84
PK034,Meena Devi,ORD002803,99.28,10,91.55
PK070,Swetha R,ORD002804,84.0,19,93.92
PK042,Anitha S,ORD002805,99.48,9,79.34
PK147,Sanjay Kumar,ORD002806,93.93,3,32.72
PK037,Arun Kumar,ORD002807,90.88,7,92.01
PK231,Anitha S,ORD002808,85.76,12,119.26
PK040,Naveen Kumar,ORD002809,84.75,19,29.74
PK236,Rahul Singh,ORD002810,99.59,7,76.29
PK242,Swetha R,ORD002811,99.96,12,88.04
PK190,Divya Nair,ORD002812,92.66,7,116.17
PK139,Priya Sharma,ORD002813,90.04,7,102.07
PK034,Divya Nair,ORD002814,88.35,5,38.59
PK189,Meena Devi,ORD002815,98.69,9,92.83
PK052,Vignesh R,ORD002816,83.12,15,83.57
PK102,Arun Kumar,ORD002817,89.99,15,92.18
PK229,Priya Sharma,ORD002818,87.79,14,105.27
PK133,Swetha R,ORD002819,99.16,13,22.49
PK187,Harish M,ORD002820,85.39,10,85.17
PK080,Vignesh R,ORD002821,97.0,11,45.0
PK133,Divya Nair,ORD002822,97.24,5,82.72
PK036,Karthik Raj,ORD002823,93.38,12,19.81
PK138,Priya Sharma,ORD002824,83.89,17,108.5
PK044,Meena Devi,ORD002825,96.64,18,17.98
PK053,Sanjay Kumar,ORD002826,87.85,5,56.21
PK193,Anitha S,ORD002827,96.52,17,17.68
PK142,Rahul Singh,ORD002828,91.74,18,52.51
PK176,Vignesh R,ORD002829,92.93,10,94.18
PK128,Naveen Kumar,ORD002830,94.11,4,104.97
PK169,Meena Devi,ORD002831,82.82,10,80.5
PK027,Priya Sharma,ORD002832,93.46,4,97.89
PK092,Arun Kumar,ORD002833,83.8,14,83.89
PK044,Meena Devi,ORD002834,96.28,8,66.21
PK142,Rahul Singh,ORD002835,95.1,20,18.91
PK147,Vignesh R,ORD002836,85.38,15,18.12
PK100,Arun Kumar,ORD002837,84.48,8,100.53
PK171,Harish M,ORD002838,90.58,10,100.83
PK203,Vignesh R,ORD002839,84.19,13,56.96
PK241,Priya Sharma,ORD002840,90.89,3,93.55
PK249,Swetha R,ORD002841,94.13,8,73.22
PK128,Rahul Singh,ORD002842,94.48,19,53.57
PK190,Meena Devi,ORD002843,94.96,8,88.02
PK029,Karthik Raj,ORD002844,84.46,9,107.24
PK139,Sanjay Kumar,ORD002845,97.07,5,48.22
PK066,Meena Devi,ORD002846,94.12,7,111.1
PK084,Harish M,ORD002847,95.27,7,20.51
PK166,Harish M,ORD002848,89.81,12,51.94
PK156,Anitha S,ORD002849,89.8,8,62.12
PK221,Arun Kumar,ORD002850,96.89,15,116.79
PK222,Meena Devi,ORD002851,84.97,19,119.16
PK228,Vignesh R,ORD002852,85.01,17,43.09
PK147,Anitha S,ORD002853,88.59,14,29.14
PK037,Harish M,ORD002854,99.7,6,72.42
PK168,Anitha S,ORD002855,93.14,12,30.53
PK107,Naveen Kumar,ORD002856,98.53,14,26.62
PK200,Naveen Kumar,ORD002857,95.46,14,52.65
PK163,Sanjay Kumar,ORD002858,97.37,15,55.65
PK046,Swetha R,ORD002859,84.62,15,26.3
PK245,Sanjay Kumar,ORD002860,87.08,15,33.95
PK092,Priya Sharma,ORD002861,85.97,13,61.98
PK193,Sanjay Kumar,ORD002862,89.59,5,79.89
PK183,Meena Devi,ORD002863,95.11,11,89.52
PK224,Naveen Kumar,ORD002864,95.61,13,24.76
PK086,Naveen Kumar,ORD002865,95.67,4,30.65
PK081,Vignesh R,ORD002866,82.75,15,55.33
PK081,Karthik Raj,ORD002867,94.6,17,39.86
PK083,Swetha R,ORD002868,85.89,3,38.34
PK194,Swetha R,ORD002869,99.53,19,17.36
PK128,Harish M,ORD002870,85.69,14,68.34
PK050,Sanjay Kumar,ORD002871,98.23,20,67.7
PK150,Rahul Singh,ORD002872,91.13,10,104.8
PK143,Swetha R,ORD002873,86.85,10,26.8
PK138,Naveen Kumar,ORD002874,82.02,13,96.35
PK172,Priya Sharma,ORD002875,85.35,17,87.91
PK060,Naveen Kumar,ORD002876,95.16,15,117.47
PK083,Anitha S,ORD002877,86.93,9,92.11
PK016,Naveen Kumar,ORD002878,83.45,15,101.18
PK177,Karthik Raj,ORD002879,84.68,10,42.58
PK054,Meena Devi,ORD002880,83.85,8,23.33
PK201,Meena Devi,ORD002881,90.35,18,58.53
PK181,Divya Nair,ORD002882,97.78,12,20.04
PK198,Priya Sharma,ORD002883,98.34,4,102.79
PK077,Swetha R,ORD002884,91.43,11,68.49
PK230,Divya Nair,ORD002885,84.33,12,31.28
PK155,Vignesh R,ORD002886,93.19,3,87.27
PK150,Meena Devi,ORD002887,94.25,3,24.88
PK180,Naveen Kumar,ORD002888,93.49,7,79.06
PK048,Karthik Raj,ORD002889,95.74,11,48.5
PK234,Priya Sharma,ORD002890,92.76,3,28.96
PK029,Rahul Singh,ORD002891,98.21,13,32.99
PK028,Harish M,ORD002892,92.72,8,29.9
PK150,Priya Sharma,ORD002893,85.45,10,74.4
PK083,Swetha R,ORD002894,95.06,9,95.23
PK198,Vignesh R,ORD002895,90.73,18,32.26
PK025,Vignesh R,ORD002896,86.98,6,81.14
PK115,Karthik Raj,ORD002897,93.45,5,78.8
PK232,Divya Nair,ORD002898,92.8,19,101.48
PK064,Karthik Raj,ORD002899,87.57,13,87.91
PK112,Harish M,ORD002900,95.84,14,83.93
PK084,Karthik Raj,ORD002901,89.06,8,68.14
PK184,Sanjay Kumar,ORD002902,85.82,3,86.76
PK240,Swetha R,ORD002903,90.06,12,119.63
PK072,Priya Sharma,ORD002904,94.4,15,69.52
PK192,Priya Sharma,ORD002905,92.2,8,68.03
PK002,Harish M,ORD002906,98.86,3,93.8
PK119,Arun Kumar,ORD002907,95.88,20,90.46
PK180,Arun Kumar,ORD002908,96.4,20,28.47
PK208,Harish M,ORD002909,92.99,14,22.82
PK145,Priya Sharma,ORD002910,93.23,10,53.69
PK087,Rahul Singh,ORD002911,87.5,5,98.24
PK110,Harish M,ORD002912,91.08,8,100.51
PK122,Meena Devi,ORD002913,91.03,18,46.36
PK211,Karthik Raj,ORD002914,90.29,14,56.67
PK226,Naveen Kumar,ORD002915,93.08,16,62.33
PK050,Priya Sharma,ORD002916,95.09,4,55.85
PK101,Harish M,ORD002917,84.69,11,64.16
PK127,Divya Nair,ORD002918,89.2,19,36.48
PK205,Swetha R,ORD002919,99.37,19,50.22
PK198,Arun Kumar,ORD002920,94.07,9,72.46
PK203,Rahul Singh,ORD002921,93.81,20,91.14
PK033,Harish M,ORD002922,86.55,19,27.66
PK047,Swetha R,ORD002923,96.43,17,38.12
PK069,Swetha R,ORD002924,97.27,3,110.39
PK054,Divya Nair,ORD002925,85.85,15,32.84
PK222,Anitha S,ORD002926,87.87,5,63.33
PK124,Harish M,ORD002927,88.83,5,39.61
PK230,Meena Devi,ORD002928,99.61,18,86.88
PK173,Anitha S,ORD002929,98.63,3,73.56
PK218,Harish M,ORD002930,96.17,5,41.87
PK016,Naveen Kumar,ORD002931,93.41,17,96.17
PK100,Rahul Singh,ORD002932,96.46,12,82.72
PK152,Rahul Singh,ORD002933,88.47,8,82.64
PK114,Arun Kumar,ORD002934,86.25,16,59.02
PK155,Anitha S,ORD002935,99.71,19,84.43
PK234,Harish M,ORD002936,92.94,3,27.07
PK224,Swetha R,ORD002937,87.16,5,112.54
PK077,Naveen Kumar,ORD002938,90.09,20,39.46
PK111,Rahul Singh,ORD002939,91.6,7,97.53
PK008,Arun Kumar,ORD002940,91.34,9,16.31
PK242,Meena Devi,ORD002941,91.68,13,98.69
PK176,Anitha S,ORD002942,93.62,16,18.02
PK213,Naveen Kumar,ORD002943,87.41,18,57.35
PK152,Harish M,ORD002944,96.92,16,75.26
PK187,Karthik Raj,ORD002945,87.77,20,30.01
PK018,Harish M,ORD002946,96.13,9,27.38
PK237,Naveen Kumar,ORD002947,94.66,17,73.55
PK243,Meena Devi,ORD002948,82.89,17,118.96
PK050,Meena Devi,ORD002949,91.67,5,30.8
PK111,Karthik Raj,ORD002950,98.61,20,33.1
PK057,Anitha S,ORD002951,90.24,7,75.89
PK148,Arun Kumar,ORD002952,94.53,12,103.54
PK137,Naveen Kumar,ORD002953,84.84,13,100.96
PK029,Anitha S,ORD002954,94.82,7,29.6
PK250,Sanjay Kumar,ORD002955,83.08,15,43.54
PK045,Arun Kumar,ORD002956,95.56,4,95.56
PK171,Meena Devi,ORD002957,91.8,19,53.3
PK009,Rahul Singh,ORD002958,82.7,18,103.44
PK108,Sanjay Kumar,ORD002959,83.53,7,100.64
PK063,Swetha R,ORD002960,88.11,7,106.7
PK068,Anitha S,ORD002961,88.52,3,58.4
PK165,Sanjay Kumar,ORD002962,85.88,18,93.92
PK093,Rahul Singh,ORD002963,87.0,14,77.28
PK031,Harish M,ORD002964,84.81,8,27.55
PK178,Sanjay Kumar,ORD002965,98.96,12,21.04
PK110,Naveen Kumar,ORD002966,96.99,13,112.17
PK053,Divya Nair,ORD002967,94.29,6,104.51
PK056,Rahul Singh,ORD002968,87.03,16,87.8
PK207,Sanjay Kumar,ORD002969,95.37,16,48.05
PK006,Rahul Singh,ORD002970,94.43,3,58.15
PK098,Karthik Raj,ORD002971,99.99,4,29.86
PK222,Naveen Kumar,ORD002972,91.32,13,53.2
PK143,Harish M,ORD002973,91.24,20,112.59
PK031,Priya Sharma,ORD002974,90.48,14,68.35
PK168,Divya Nair,ORD002975,85.96,3,30.73
PK151,Anitha S,ORD002976,97.63,6,116.16
PK144,Sanjay Kumar,ORD002977,94.68,19,78.24
PK032,Swetha R,ORD002978,86.99,8,103.48
PK115,Harish M,ORD002979,93.68,9,69.92
PK200,Karthik Raj,ORD002980,90.17,9,34.41
PK227,Naveen Kumar,ORD002981,97.23,3,68.01
PK067,Vignesh R,ORD002982,96.19,7,79.68
PK079,Naveen Kumar,ORD002983,91.24,7,114.54
PK141,Vignesh R,ORD002984,93.55,16,47.83
PK003,Swetha R,ORD002985,83.01,18,87.86
PK076,Harish M,ORD002986,91.31,3,26.07
PK005,Meena Devi,ORD002987,99.1,5,100.05
PK134,Arun Kumar,ORD002988,90.98,15,24.11
PK121,Karthik Raj,ORD002989,88.46,13,23.08
PK151,Anitha S,ORD002990,89.21,3,83.54
PK095,Arun Kumar,ORD002991,96.84,7,68.89
PK195,Karthik Raj,ORD002992,82.64,19,66.15
PK126,Vignesh R,ORD002993,94.94,8,22.26
PK007,Naveen Kumar,ORD002994,92.98,18,22.22
PK126,Karthik Raj,ORD002995,83.94,4,108.98
PK160,Divya Nair,ORD002996,95.47,13,41.11
PK240,Arun Kumar,ORD002997,96.68,11,23.84
PK057,Meena Devi,ORD002998,96.87,12,56.19
PK057,Vignesh R,ORD002999,94.83,18,67.27
PK026,Karthik Raj,ORD003000,90.14,11,25.67
PK002,Vignesh R,ORD003001,95.26,20,68.93
PK152,Sanjay Kumar,ORD003002,85.87,7,29.93
PK076,Naveen Kumar,ORD003003,93.78,9,109.36
PK135,Meena Devi,ORD003004,97.88,4,44.69
PK076,Vignesh R,ORD003005,99.93,6,59.8
PK074,Rahul Singh,ORD003006,86.37,20,84.23
PK115,Arun Kumar,ORD003007,88.0,12,112.04
PK200,Arun Kumar,ORD003008,86.59,5,20.53
PK095,Karthik Raj,ORD003009,94.89,6,36.68
PK187,Swetha R,ORD003010,82.71,4,56.96
PK248,Sanjay Kumar,ORD003011,91.2,3,62.63
PK110,Vignesh R,ORD003012,98.51,7,27.42
PK149,Sanjay Kumar,ORD003013,86.7,3,19.88
PK098,Swetha R,ORD003014,84.77,13,30.24
PK034,Harish M,ORD003015,86.23,7,40.21
PK068,Vignesh R,ORD003016,84.47,16,76.99
PK214,Priya Sharma,ORD003017,91.59,16,29.99
PK054,Priya Sharma,ORD003018,85.07,5,59.53
PK079,Harish M,ORD003019,84.0,14,28.02
PK101,Harish M,ORD003020,85.87,13,39.08
PK053,Sanjay Kumar,ORD003021,86.09,3,73.84
PK149,Divya Nair,ORD003022,84.53,13,61.41
PK168,Anitha S,ORD003023,90.99,6,53.87
PK222,Sanjay Kumar,ORD003024,85.33,12,91.51
PK023,Vignesh R,ORD003025,94.71,10,97.03
PK085,Priya Sharma,ORD003026,82.26,18,22.33
PK080,Divya Nair,ORD003027,91.62,11,75.83
PK194,Swetha R,ORD003028,88.33,6,26.69
PK036,Vignesh R,ORD003029,99.48,19,75.89
PK146,Naveen Kumar,ORD003030,85.54,7,40.79
PK075,Swetha R,ORD003031,83.35,18,58.08
PK022,Priya Sharma,ORD003032,96.78,4,24.22
PK013,Swetha R,ORD003033,93.08,6,72.14
PK171,Sanjay Kumar,ORD003034,87.48,20,107.67
PK018,Sanjay Kumar,ORD003035,85.98,15,21.83
PK039,Sanjay Kumar,ORD003036,83.28,17,31.43
PK103,Sanjay Kumar,ORD003037,98.92,17,35.97
PK073,Vignesh R,ORD003038,85.43,16,20.16
PK109,Meena Devi,ORD003039,92.84,14,74.83
PK190,Swetha R,ORD003040,82.06,4,87.31
PK074,Sanjay Kumar,ORD003041,90.01,15,53.3
PK042,Rahul Singh,ORD003042,94.17,10,104.12
PK121,Naveen Kumar,ORD003043,97.81,12,69.27
PK091,Divya Nair,ORD003044,83.38,6,113.42
PK045,Meena Devi,ORD003045,99.35,16,36.78
PK207,Anitha S,ORD003046,97.97,14,94.54
PK008,Sanjay Kumar,ORD003047,83.83,8,66.81
PK126,Priya Sharma,ORD003048,89.13,12,114.36
PK059,Harish M,ORD003049,91.68,16,117.42
PK183,Priya Sharma,ORD003050,98.94,15,15.67
PK129,Harish M,ORD003051,87.61,6,102.45
PK055,Harish M,ORD003052,93.13,16,38.86
PK109,Anitha S,ORD003053,97.7,7,47.66
PK190,Karthik Raj,ORD003054,88.95,10,68.79
PK025,Swetha R,ORD003055,89.8,5,91.64
PK064,Swetha R,ORD003056,95.78,14,16.33
PK213,Harish M,ORD003057,97.76,3,62.64
PK175,Harish M,ORD003058,91.57,20,115.94
PK161,Swetha R,ORD003059,89.51,18,37.0
PK214,Swetha R,ORD003060,91.82,12,63.86
PK028,Anitha S,ORD003061,99.59,17,74.64
PK039,Swetha R,ORD003062,87.27,8,23.32
PK124,Priya Sharma,ORD003063,89.72,19,62.85
PK196,Meena Devi,ORD003064,82.12,15,117.96
PK234,Vignesh R,ORD003065,97.72,16,51.71
PK161,Divya Nair,ORD003066,86.59,13,111.3
PK066,Naveen Kumar,ORD003067,89.06,19,106.91
PK052,Divya Nair,ORD003068,85.46,8,24.41
PK198,Rahul Singh,ORD003069,88.57,5,94.79
PK150,Harish M,ORD003070,93.05,5,85.04
PK028,Harish M,ORD003071,90.89,11,24.41
PK222,Harish M,ORD003072,90.01,16,102.55
PK052,Priya Sharma,ORD003073,82.44,10,56.08
PK031,Rahul Singh,ORD003074,90.28,3,78.87
PK079,Rahul Singh,ORD003075,94.76,15,69.26
PK095,Meena Devi,ORD003076,87.96,6,52.12
PK231,Harish M,ORD003077,95.81,18,116.51
PK129,Divya Nair,ORD003078,89.73,4,24.91
PK177,Swetha R,ORD003079,94.36,20,54.1
PK174,Swetha R,ORD003080,93.01,5,100.97
PK047,Sanjay Kumar,ORD003081,84.52,8,20.64
PK098,Priya Sharma,ORD003082,89.45,4,84.58
PK034,Divya Nair,ORD003083,89.32,7,107.5
PK182,Swetha R,ORD003084,83.36,7,65.03
PK211,Meena Devi,ORD003085,90.26,7,78.2
PK108,Harish M,ORD003086,84.49,16,119.46
PK085,Priya Sharma,ORD003087,98.74,11,89.6
PK027,Meena Devi,ORD003088,92.64,10,27.24
PK131,Divya Nair,ORD003089,85.44,20,70.56
PK069,Swetha R,ORD003090,90.95,19,91.44
PK214,Divya Nair,ORD003091,95.88,17,113.23
PK114,Naveen Kumar,ORD003092,85.28,7,48.11
PK224,Divya Nair,ORD003093,85.09,12,69.6
PK017,Vignesh R,ORD003094,86.5,12,75.92
PK135,Harish M,ORD003095,92.03,7,73.88
PK073,Divya Nair,ORD003096,93.74,10,30.81
PK068,Vignesh R,ORD003097,99.41,13,117.13
PK203,Arun Kumar,ORD003098,85.5,10,87.1
PK095,Priya Sharma,ORD003099,94.5,13,76.58
PK120,Arun Kumar,ORD003100,88.45,11,47.75
PK120,Naveen Kumar,ORD003101,90.93,3,119.36
PK035,Vignesh R,ORD003102,85.91,4,51.0
PK172,Meena Devi,ORD003103,83.92,10,31.59
PK234,Divya Nair,ORD003104,94.64,13,32.62
PK043,Naveen Kumar,ORD003105,88.25,13,21.65
PK180,Rahul Singh,ORD003106,91.47,4,83.95
PK055,Naveen Kumar,ORD003107,98.19,11,59.84
PK235,Divya Nair,ORD003108,89.27,8,111.71
PK162,Anitha S,ORD003109,89.42,10,106.31
PK153,Rahul Singh,ORD003110,98.09,11,72.33
PK196,Vignesh R,ORD003111,98.39,12,16.28
PK014,Naveen Kumar,ORD003112,96.7,6,114.01
PK022,Arun Kumar,ORD003113,87.7,14,62.33
PK140,Rahul Singh,ORD003114,91.12,15,46.28
PK245,Harish M,ORD003115,99.24,11,112.44
PK010,Priya Sharma,ORD003116,88.45,12,106.41
PK243,Divya Nair,ORD003117,89.55,13,109.77
PK101,Rahul Singh,ORD003118,93.52,19,94.34
PK021,Karthik Raj,ORD003119,99.2,5,85.11
PK012,Naveen Kumar,ORD003120,86.56,20,22.79
PK141,Harish M,ORD003121,84.57,18,79.55
PK024,Anitha S,ORD003122,95.87,19,109.17
PK242,Karthik Raj,ORD003123,93.57,20,117.74
PK227,Swetha R,ORD003124,82.31,19,95.32
PK027,Naveen Kumar,ORD003125,83.08,15,117.95
PK168,Divya Nair,ORD003126,94.7,6,109.1
PK060,Harish M,ORD003127,88.49,4,47.58
PK132,Harish M,ORD003128,86.91,11,77.43
PK033,Naveen Kumar,ORD003129,85.63,4,43.06
PK129,Vignesh R,ORD003130,93.59,6,40.55
PK028,Karthik Raj,ORD003131,88.72,4,37.32
PK101,Naveen Kumar,ORD003132,87.37,8,45.62
PK122,Vignesh R,ORD003133,96.63,5,36.5
PK195,Meena Devi,ORD003134,93.36,9,69.11
PK170,Arun Kumar,ORD003135,91.36,11,54.17
PK175,Divya Nair,ORD003136,96.85,19,80.19
PK054,Divya Nair,ORD003137,88.08,13,41.95
PK174,Divya Nair,ORD003138,82.28,10,86.54
PK154,Vignesh R,ORD003139,96.19,11,69.9
PK103,Harish M,ORD003140,83.33,16,70.41
PK212,Anitha S,ORD003141,87.46,19,118.33
PK071,Anitha S,ORD003142,88.25,20,36.86
PK084,Naveen Kumar,ORD003143,92.63,16,32.33
PK062,Anitha S,ORD003144,84.19,4,15.22
PK189,Arun Kumar,ORD003145,83.33,4,62.25
PK180,Harish M,ORD003146,95.21,3,49.81
PK072,Priya Sharma,ORD003147,98.06,8,25.05
PK134,Naveen Kumar,ORD003148,92.68,12,19.85
PK122,Vignesh R,ORD003149,98.2,5,115.11
PK233,Divya Nair,ORD003150,82.18,19,109.59
PK070,Divya Nair,ORD003151,85.34,6,78.01
PK209,Divya Nair,ORD003152,85.12,12,20.99
PK144,Arun Kumar,ORD003153,95.77,4,60.55
PK237,Rahul Singh,ORD003154,84.92,7,97.7
PK086,Sanjay Kumar,ORD003155,89.32,4,111.71
PK176,Vignesh R,ORD003156,92.84,9,87.08
PK060,Karthik Raj,ORD003157,82.0,5,83.94
PK106,Swetha R,ORD003158,95.72,9,56.71
PK045,Harish M,ORD003159,96.14,3,62.23
PK224,Sanjay Kumar,ORD003160,91.92,16,26.8
PK017,Arun Kumar,ORD003161,87.62,16,84.43
PK047,Naveen Kumar,ORD003162,92.22,9,99.7
PK179,Anitha S,ORD003163,90.48,4,55.9
PK234,Priya Sharma,ORD003164,83.52,15,39.73
PK133,Vignesh R,ORD003165,84.99,10,102.35
PK044,Rahul Singh,ORD003166,92.2,17,23.78
PK198,Priya Sharma,ORD003167,82.32,6,47.59
PK065,Vignesh R,ORD003168,89.83,12,76.06
PK114,Rahul Singh,ORD003169,99.56,10,92.55
PK177,Divya Nair,ORD003170,85.61,3,108.56
PK095,Anitha S,ORD003171,84.58,14,46.99
PK010,Swetha R,ORD003172,97.7,15,46.84
PK141,Vignesh R,ORD003173,92.36,9,111.98
PK230,Anitha S,ORD003174,94.63,3,28.83
PK158,Sanjay Kumar,ORD003175,90.5,14,39.2
PK093,Harish M,ORD003176,98.31,6,36.33
PK203,Anitha S,ORD003177,83.0,3,74.35
PK023,Rahul Singh,ORD003178,95.69,9,52.13
PK131,Meena Devi,ORD003179,90.18,11,109.3
PK114,Priya Sharma,ORD003180,99.02,15,86.44
PK068,Swetha R,ORD003181,86.47,4,91.23
PK088,Naveen Kumar,ORD003182,89.69,20,102.35
PK161,Arun Kumar,ORD003183,90.8,8,51.54
PK068,Meena Devi,ORD003184,99.51,4,86.15
PK136,Swetha R,ORD003185,88.97,15,32.79
PK219,Karthik Raj,ORD003186,98.56,3,18.07
PK026,Swetha R,ORD003187,86.69,3,68.52
PK250,Naveen Kumar,ORD003188,98.09,9,19.74
PK248,Sanjay Kumar,ORD003189,93.64,4,40.18
PK030,Swetha R,ORD003190,105.0,7,31.02
PK086,Divya Nair,ORD003191,98.75,11,94.0
PK180,Karthik Raj,ORD003192,83.09,17,90.75
PK065,Sanjay Kumar,ORD003193,83.12,11,35.46
PK054,Anitha S,ORD003194,84.65,15,54.83
PK224,Meena Devi,ORD003195,84.33,7,32.16
PK006,Karthik Raj,ORD003196,87.17,8,86.59
PK112,Sanjay Kumar,ORD003197,87.37,3,17.5
PK125,Swetha R,ORD003198,90.56,16,100.42
PK069,Priya Sharma,ORD003199,93.32,8,61.44
PK233,Karthik Raj,ORD003200,96.07,17,63.81
PK006,Rahul Singh,ORD003201,98.36,3,107.48
PK005,Meena Devi,ORD003202,90.48,14,116.59
PK002,Sanjay Kumar,ORD003203,89.42,16,41.34
PK152,Anitha S,ORD003204,90.87,15,48.21
PK226,Naveen Kumar,ORD003205,89.36,14,97.45
PK135,Rahul Singh,ORD003206,82.78,12,75.11
PK208,Harish M,ORD003207,98.29,18,77.84
PK126,Rahul Singh,ORD003208,93.07,18,40.3
PK235,Harish M,ORD003209,83.28,9,65.7
PK217,Karthik Raj,ORD003210,87.57,16,38.46
PK156,Anitha S,ORD003211,85.64,7,15.72
PK123,Rahul Singh,ORD003212,89.24,18,17.38
PK042,Karthik Raj,ORD003213,96.19,17,64.02
PK149,Vignesh R,ORD003214,95.88,3,88.9
PK102,Karthik Raj,ORD003215,91.27,4,45.35
PK156,Naveen Kumar,ORD003216,85.62,3,72.41
PK179,Divya Nair,ORD003217,91.28,19,72.62
PK084,Swetha R,ORD003218,98.01,8,24.6
PK088,Rahul Singh,ORD003219,82.47,15,42.4
PK231,Priya Sharma,ORD003220,85.38,17,91.87
PK081,Anitha S,ORD003221,95.84,11,109.12
PK064,Rahul Singh,ORD003222,93.15,13,68.23
PK196,Rahul Singh,ORD003223,93.11,20,117.77
PK051,Anitha S,ORD003224,98.2,8,40.42
PK173,Anitha S,ORD003225,97.55,5,97.53
PK221,Rahul Singh,ORD003226,86.33,10,65.31
PK027,Rahul Singh,ORD003227,87.62,14,22.15
PK069,Rahul Singh,ORD003228,88.85,11,45.85
PK201,Rahul Singh,ORD003229,88.35,19,35.0
PK115,Swetha R,ORD003230,93.94,13,113.69
PK204,Naveen Kumar,ORD003231,85.04,19,94.73
PK029,Divya Nair,ORD003232,98.05,10,58.84
PK133,Karthik Raj,ORD003233,95.26,8,26.62
PK189,Meena Devi,ORD003234,89.43,5,29.35
PK076,Karthik Raj,ORD003235,87.86,11,101.8
PK022,Arun Kumar,ORD003236,93.33,4,46.37
PK084,Karthik Raj,ORD003237,92.01,6,118.45
PK147,Naveen Kumar,ORD003238,82.44,17,104.9
PK116,Swetha R,ORD003239,99.79,11,109.94
PK089,Priya Sharma,ORD003240,89.22,5,21.1
PK022,Harish M,ORD003241,85.59,12,72.54
PK080,Rahul Singh,ORD003242,84.59,9,78.97
PK091,Naveen Kumar,ORD003243,83.49,19,74.77
PK022,Sanjay Kumar,ORD003244,97.27,4,67.41
PK182,Naveen Kumar,ORD003245,96.85,19,76.97
PK232,Arun Kumar,ORD003246,83.91,12,94.04
PK104,Meena Devi,ORD003247,88.35,16,116.75
PK089,Karthik Raj,ORD003248,82.09,16,70.15
PK197,Sanjay Kumar,ORD003249,86.49,20,27.26
PK128,Karthik Raj,ORD003250,82.51,6,75.84
PK246,Priya Sharma,ORD003251,99.74,16,94.4
PK137,Rahul Singh,ORD003252,96.09,3,99.32
PK200,Priya Sharma,ORD003253,96.46,19,26.03
PK230,Vignesh R,ORD003254,88.11,17,45.16
PK088,Harish M,ORD003255,85.05,9,104.83
PK109,Naveen Kumar,ORD003256,91.59,11,46.09
PK060,Swetha R,ORD003257,97.1,9,94.02
PK071,Sanjay Kumar,ORD003258,88.48,16,45.43
PK071,Naveen Kumar,ORD003259,86.67,18,95.76
PK028,Karthik Raj,ORD003260,99.77,14,117.9
PK067,Naveen Kumar,ORD003261,83.1,3,105.73
PK215,Anitha S,ORD003262,88.69,15,16.03
PK153,Naveen Kumar,ORD003263,86.19,20,118.65
PK124,Arun Kumar,ORD003264,93.03,13,111.63
PK110,Swetha R,ORD003265,99.8,18,19.23
PK131,Swetha R,ORD003266,94.04,4,103.3
PK188,Meena Devi,ORD003267,99.42,8,57.82
PK211,Meena Devi,ORD003268,90.62,7,32.58
PK149,Rahul Singh,ORD003269,87.97,14,99.37
PK243,Sanjay Kumar,ORD003270,94.41,10,92.94
PK224,Arun Kumar,ORD003271,86.43,18,70.6
PK054,Priya Sharma,ORD003272,88.5,12,103.62
PK061,Sanjay Kumar,ORD003273,85.7,12,16.15
PK032,Vignesh R,ORD003274,98.13,6,78.04
PK062,Vignesh R,ORD003275,93.4,6,80.25
PK185,Priya Sharma,ORD003276,88.07,6,90.54
PK247,Swetha R,ORD003277,84.13,8,75.58
PK185,Swetha R,ORD003278,95.93,5,112.45
PK164,Naveen Kumar,ORD003279,92.18,9,67.42
PK184,Priya Sharma,ORD003280,83.88,9,22.54
PK166,Meena Devi,ORD003281,98.23,9,71.96
PK187,Anitha S,ORD003282,98.81,8,63.28
PK042,Meena Devi,ORD003283,82.98,16,96.05
PK185,Swetha R,ORD003284,83.8,19,99.43
PK200,Vignesh R,ORD003285,90.3,14,49.27
PK006,Vignesh R,ORD003286,92.65,8,95.12
PK106,Vignesh R,ORD003287,90.54,18,83.11
PK191,Arun Kumar,ORD003288,93.01,16,89.02
PK158,Priya Sharma,ORD003289,83.87,8,119.5
PK068,Naveen Kumar,ORD003290,83.35,5,118.42
PK108,Karthik Raj,ORD003291,99.03,9,19.32
PK181,Sanjay Kumar,ORD003292,86.24,3,48.81
PK221,Anitha S,ORD003293,96.44,3,100.77
PK160,Swetha R,ORD003294,94.67,6,64.28
PK238,Anitha S,ORD003295,98.9,20,90.23
PK086,Anitha S,ORD003296,89.27,16,22.41
PK196,Divya Nair,ORD003297,96.46,10,119.36
PK244,Divya Nair,ORD003298,83.65,3,80.95
PK081,Meena Devi,ORD003299,87.88,17,49.61
PK233,Harish M,ORD003300,95.74,19,48.88
PK010,Vignesh R,ORD003301,96.99,4,86.0
PK129,Swetha R,ORD003302,83.97,16,99.13
PK135,Karthik Raj,ORD003303,98.64,10,110.38
PK119,Arun Kumar,ORD003304,85.31,18,47.68
PK166,Vignesh R,ORD003305,96.95,8,89.25
PK163,Harish M,ORD003306,93.41,9,84.41
PK074,Naveen Kumar,ORD003307,84.0,13,99.06
PK139,Vignesh R,ORD003308,90.41,18,104.97
PK096,Karthik Raj,ORD003309,89.74,4,108.91
PK221,Naveen Kumar,ORD003310,85.4,9,63.26
PK167,Harish M,ORD003311,90.42,8,19.03
PK098,Divya Nair,ORD003312,91.62,6,49.28
PK243,Vignesh R,ORD003313,94.41,20,65.81
PK095,Vignesh R,ORD003314,97.33,8,86.43
PK017,Divya Nair,ORD003315,92.91,11,33.55
PK068,Harish M,ORD003316,85.01,7,55.09
PK048,Harish M,ORD003317,89.32,15,119.52
PK050,Karthik Raj,ORD003318,96.81,5,56.31
PK065,Vignesh R,ORD003319,91.12,14,23.61
PK144,Sanjay Kumar,ORD003320,87.54,16,37.63
PK079,Karthik Raj,ORD003321,87.9,4,106.97
PK002,Priya Sharma,ORD003322,97.45,20,77.02
PK046,Vignesh R,ORD003323,98.79,16,86.79
PK246,Meena Devi,ORD003324,86.49,9,102.21
PK190,Vignesh R,ORD003325,92.84,11,107.4
PK002,Anitha S,ORD003326,90.46,14,113.49
PK140,Meena Devi,ORD003327,86.17,18,66.42
PK061,Divya Nair,ORD003328,85.35,18,69.49
PK208,Harish M,ORD003329,83.95,10,62.65
PK094,Vignesh R,ORD003330,98.53,17,103.41
PK025,Karthik Raj,ORD003331,86.71,10,114.63
PK227,Divya Nair,ORD003332,94.22,9,74.79
PK110,Rahul Singh,ORD003333,93.86,3,52.04
PK211,Naveen Kumar,ORD003334,91.32,9,36.78
PK144,Naveen Kumar,ORD003335,91.07,6,90.94
PK189,Naveen Kumar,ORD003336,99.5,3,23.4
PK064,Harish M,ORD003337,99.62,6,118.58
PK239,Priya Sharma,ORD003338,87.05,18,113.22
PK248,Rahul Singh,ORD003339,98.5,14,55.29
PK177,Rahul Singh,ORD003340,96.36,7,30.84
PK073,Anitha S,ORD003341,90.71,11,84.3
PK097,Anitha S,ORD003342,90.15,17,109.32
PK107,Priya Sharma,ORD003343,96.89,5,85.7
PK091,Karthik Raj,ORD003344,85.01,6,90.86
PK023,Swetha R,ORD003345,87.55,8,19.7
PK226,Priya Sharma,ORD003346,98.91,12,73.23
PK183,Meena Devi,ORD003347,93.49,9,50.71
PK225,Divya Nair,ORD003348,92.9,12,75.09
PK002,Arun Kumar,ORD003349,97.5,10,34.81
PK191,Divya Nair,ORD003350,90.71,4,104.3
PK126,Rahul Singh,ORD003351,92.91,17,49.18
PK181,Arun Kumar,ORD003352,92.42,5,52.18
PK096,Sanjay Kumar,ORD003353,94.1,8,115.42
PK090,Karthik Raj,ORD003354,96.59,8,93.73
PK131,Divya Nair,ORD003355,95.02,19,85.73
PK061,Priya Sharma,ORD003356,97.91,8,79.54
PK184,Anitha S,ORD003357,85.48,10,110.65
PK020,Divya Nair,ORD003358,82.22,15,50.43
PK080,Sanjay Kumar,ORD003359,86.5,5,106.29
PK070,Divya Nair,ORD003360,83.85,17,99.43
PK227,Sanjay Kumar,ORD003361,89.06,6,26.33
PK108,Priya Sharma,ORD003362,99.1,3,114.53
PK053,Divya Nair,ORD003363,95.72,12,59.47
PK206,Anitha S,ORD003364,90.41,13,62.04
PK085,Swetha R,ORD003365,89.8,3,41.02
PK233,Naveen Kumar,ORD003366,87.9,4,105.35
PK045,Arun Kumar,ORD003367,86.94,3,67.14
PK210,Meena Devi,ORD003368,97.03,11,48.45
PK159,Meena Devi,ORD003369,92.19,20,97.49
PK098,Harish M,ORD003370,92.49,6,44.02
PK202,Sanjay Kumar,ORD003371,88.61,7,27.22
PK249,Naveen Kumar,ORD003372,89.04,18,26.22
PK218,Naveen Kumar,ORD003373,98.91,18,33.24
PK158,Divya Nair,ORD003374,91.88,18,28.33
PK127,Vignesh R,ORD003375,82.51,6,76.7
PK103,Priya Sharma,ORD003376,93.24,3,106.84
PK113,Swetha R,ORD003377,82.94,4,72.34
PK016,Karthik Raj,ORD003378,93.84,18,68.59
PK050,Karthik Raj,ORD003379,82.84,14,116.68
PK209,Karthik Raj,ORD003380,91.63,19,45.0
PK216,Naveen Kumar,ORD003381,96.43,13,50.52
PK176,Harish M,ORD003382,87.3,19,35.05
PK237,Naveen Kumar,ORD003383,89.71,6,68.75
PK120,Meena Devi,ORD003384,95.38,12,66.51
PK077,Divya Nair,ORD003385,94.43,17,56.59
PK091,Divya Nair,ORD003386,95.1,7,25.19
PK129,Rahul Singh,ORD003387,94.3,5,111.24
PK220,Meena Devi,ORD003388,90.21,17,41.22
PK111,Karthik Raj,ORD003389,96.74,10,69.18
PK121,Vignesh R,ORD003390,91.84,6,74.39
PK160,Rahul Singh,ORD003391,94.02,14,115.8
PK247,Priya Sharma,ORD003392,90.23,5,73.95
PK103,Meena Devi,ORD003393,92.33,15,92.34
PK163,Karthik Raj,ORD003394,87.72,8,102.97
PK068,Meena Devi,ORD003395,94.61,20,18.34
PK053,Harish M,ORD003396,95.6,10,78.97
PK042,Arun Kumar,ORD003397,90.44,7,119.5
PK225,Meena Devi,ORD003398,89.11,14,93.75
PK167,Swetha R,ORD003399,88.37,16,72.83
PK027,Karthik Raj,ORD003400,86.01,15,62.47
PK061,Swetha R,ORD003401,88.69,18,91.68
PK234,Anitha S,ORD003402,90.96,14,62.31
PK067,Vignesh R,ORD003403,99.85,20,119.29
PK012,Divya Nair,ORD003404,86.13,15,50.78
PK190,Vignesh R,ORD003405,96.63,4,40.7
PK006,Rahul Singh,ORD003406,98.82,15,79.91
PK221,Karthik Raj,ORD003407,84.95,16,35.98
PK148,Arun Kumar,ORD003408,93.34,8,42.56
PK176,Arun Kumar,ORD003409,82.36,19,53.97
PK064,Anitha S,ORD003410,95.41,8,37.41
PK104,Anitha S,ORD003411,98.52,9,107.34
PK125,Priya Sharma,ORD003412,86.33,16,46.09
PK074,Vignesh R,ORD003413,90.81,20,28.06
PK032,Anitha S,ORD003414,105.0,3,41.7
PK198,Vignesh R,ORD003415,93.14,11,113.85
PK073,Meena Devi,ORD003416,96.05,4,78.45
PK188,Sanjay Kumar,ORD003417,89.62,13,56.81
PK079,Divya Nair,ORD003418,95.72,10,93.56
PK058,Anitha S,ORD003419,87.54,18,73.26
PK017,Rahul Singh,ORD003420,95.06,14,87.68
PK204,Swetha R,ORD003421,82.93,19,88.99
PK010,Harish M,ORD003422,85.34,17,44.71
PK016,Anitha S,ORD003423,89.95,4,27.62
PK051,Karthik Raj,ORD003424,90.21,12,95.64
PK149,Vignesh R,ORD003425,90.51,18,44.21
PK013,Naveen Kumar,ORD003426,92.0,19,94.78
PK074,Divya Nair,ORD003427,82.65,19,86.45
PK063,Priya Sharma,ORD003428,87.08,12,119.03
PK120,Divya Nair,ORD003429,86.77,14,111.75
PK240,Meena Devi,ORD003430,86.28,11,105.48
PK077,Karthik Raj,ORD003431,84.91,10,42.02
PK076,Sanjay Kumar,ORD003432,88.65,6,20.53
PK212,Harish M,ORD003433,89.81,16,95.19
PK201,Karthik Raj,ORD003434,85.18,11,114.8
PK213,Harish M,ORD003435,85.58,11,79.94
PK126,Swetha R,ORD003436,99.11,4,84.81
PK089,Harish M,ORD003437,95.46,16,76.35
PK197,Naveen Kumar,ORD003438,84.38,19,63.71
PK029,Meena Devi,ORD003439,88.37,15,62.46
PK215,Vignesh R,ORD003440,83.35,13,65.51
PK149,Sanjay Kumar,ORD003441,85.09,3,28.15
PK029,Naveen Kumar,ORD003442,86.42,16,108.84
PK084,Naveen Kumar,ORD003443,89.83,16,34.64
PK098,Swetha R,ORD003444,83.37,12,48.07
PK077,Anitha S,ORD003445,83.37,19,104.68
PK218,Priya Sharma,ORD003446,87.2,14,20.69
PK247,Arun Kumar,ORD003447,93.62,16,116.52
PK090,Karthik Raj,ORD003448,95.49,16,116.72
PK224,Harish M,ORD003449,99.75,13,23.76
PK055,Anitha S,ORD003450,99.18,3,111.41
PK077,Divya Nair,ORD003451,88.28,8,102.67
PK118,Vignesh R,ORD003452,96.29,3,83.36
PK092,Priya Sharma,ORD003453,92.94,9,66.73
PK043,Karthik Raj,ORD003454,92.79,8,25.08
PK242,Priya Sharma,ORD003455,91.8,13,93.11
PK222,Naveen Kumar,ORD003456,83.94,11,75.54
PK248,Karthik Raj,ORD003457,89.2,10,59.43
PK169,Rahul Singh,ORD003458,90.94,4,30.4
PK042,Divya Nair,ORD003459,92.98,3,39.72
PK116,Rahul Singh,ORD003460,93.07,17,78.66
PK188,Harish M,ORD003461,86.94,18,87.74
PK162,Meena Devi,ORD003462,84.75,13,99.1
PK087,Swetha R,ORD003463,85.4,8,95.68
PK094,Anitha S,ORD003464,94.3,20,21.84
PK018,Priya Sharma,ORD003465,85.49,9,40.12
PK087,Swetha R,ORD003466,92.25,10,113.55
PK128,Swetha R,ORD003467,93.33,10,24.85
PK131,Arun Kumar,ORD003468,84.37,17,65.16
PK148,Arun Kumar,ORD003469,91.04,11,38.07
PK041,Sanjay Kumar,ORD003470,91.26,9,69.43
PK198,Meena Devi,ORD003471,96.4,8,21.48
PK223,Meena Devi,ORD003472,83.19,13,83.01
PK175,Naveen Kumar,ORD003473,96.09,6,90.56
PK087,Anitha S,ORD003474,93.81,6,42.67
PK174,Karthik Raj,ORD003475,88.78,11,111.9
PK241,Sanjay Kumar,ORD003476,96.82,7,116.87
PK236,Arun Kumar,ORD003477,95.21,17,30.73
PK123,Vignesh R,ORD003478,99.42,18,118.97
PK068,Divya Nair,ORD003479,84.21,13,67.48
PK133,Sanjay Kumar,ORD003480,82.05,17,72.38
PK069,Divya Nair,ORD003481,97.87,9,21.89
PK231,Sanjay Kumar,ORD003482,91.89,16,52.65
PK006,Harish M,ORD003483,99.46,17,119.73
PK157,Karthik Raj,ORD003484,98.26,14,63.68
PK034,Rahul Singh,ORD003485,89.31,14,84.5
PK112,Vignesh R,ORD003486,87.36,20,31.15
PK007,Priya Sharma,ORD003487,98.42,19,107.05
PK226,Divya Nair,ORD003488,95.77,8,70.76
PK066,Vignesh R,ORD003489,92.27,19,76.4
PK140,Swetha R,ORD003490,83.38,6,116.98
PK154,Meena Devi,ORD003491,86.56,13,77.28
PK145,Priya Sharma,ORD003492,92.06,11,32.39
PK170,Vignesh R,ORD003493,82.65,9,57.79
PK209,Divya Nair,ORD003494,96.76,3,94.05
PK117,Rahul Singh,ORD003495,86.52,5,32.77
PK040,Karthik Raj,ORD003496,99.47,11,42.75
PK158,Swetha R,ORD003497,82.83,8,113.15
PK027,Swetha R,ORD003498,99.24,12,50.21
PK080,Anitha S,ORD003499,94.59,11,32.84
PK126,Arun Kumar,ORD003500,95.38,19,102.39
PK202,Rahul Singh,ORD003501,85.02,12,86.56
PK169,Karthik Raj,ORD003502,92.64,9,47.34
PK225,Karthik Raj,ORD003503,87.65,4,48.67
PK167,Naveen Kumar,ORD003504,89.06,3,52.25
PK001,Karthik Raj,ORD003505,96.13,18,83.76
PK185,Anitha S,ORD003506,83.41,19,101.57
PK052,Divya Nair,ORD003507,91.27,20,91.79
PK177,Swetha R,ORD003508,93.76,17,78.59
PK024,Anitha S,ORD003509,88.72,14,65.35
PK079,Priya Sharma,ORD003510,86.1,9,36.17
PK051,Vignesh R,ORD003511,95.8,12,60.26
PK135,Vignesh R,ORD003512,84.42,19,66.62
PK075,Anitha S,ORD003513,97.98,13,52.99
PK155,Arun Kumar,ORD003514,84.33,6,41.18
PK036,Sanjay Kumar,ORD003515,92.18,16,30.55
PK058,Karthik Raj,ORD003516,83.65,8,90.36
PK059,Swetha R,ORD003517,97.42,18,39.98
PK137,Divya Nair,ORD003518,92.41,3,94.23
PK128,Priya Sharma,ORD003519,92.44,18,73.77
PK124,Naveen Kumar,ORD003520,90.0,5,72.63
PK033,Divya Nair,ORD003521,88.7,6,105.08
PK135,Priya Sharma,ORD003522,85.09,3,88.35
PK147,Arun Kumar,ORD003523,83.9,20,95.3
PK165,Naveen Kumar,ORD003524,95.76,11,61.33
PK152,Swetha R,ORD003525,95.21,6,49.66
PK030,Divya Nair,ORD003526,86.67,18,95.97
PK221,Anitha S,ORD003527,93.55,19,55.45
PK080,Harish M,ORD003528,82.85,12,118.35
PK152,Karthik Raj,ORD003529,96.58,18,19.87
PK104,Harish M,ORD003530,98.33,4,108.84
PK200,Sanjay Kumar,ORD003531,83.67,9,109.03
PK120,Priya Sharma,ORD003532,97.47,6,16.97
PK224,Sanjay Kumar,ORD003533,91.6,14,95.19
PK250,Naveen Kumar,ORD003534,85.33,20,24.88
PK168,Rahul Singh,ORD003535,84.9,16,72.11
PK153,Arun Kumar,ORD003536,83.3,9,33.88
PK125,Rahul Singh,ORD003537,95.82,7,90.74
PK199,Meena Devi,ORD003538,86.47,9,26.45
PK232,Anitha S,ORD003539,97.55,20,43.46
PK175,Meena Devi,ORD003540,96.49,17,71.71
PK019,Divya Nair,ORD003541,95.94,12,77.75
PK185,Harish M,ORD003542,95.4,8,74.18
PK214,Arun Kumar,ORD003543,92.0,13,119.3
PK130,Karthik Raj,ORD003544,93.72,14,80.52
PK037,Vignesh R,ORD003545,91.83,18,67.3
PK169,Swetha R,ORD003546,95.81,14,58.46
PK190,Priya Sharma,ORD003547,88.73,13,21.65
PK144,Swetha R,ORD003548,82.11,14,75.61
PK213,Swetha R,ORD003549,97.54,13,78.11
PK143,Sanjay Kumar,ORD003550,93.15,3,87.35
PK039,Anitha S,ORD003551,87.62,5,67.18
PK131,Harish M,ORD003552,85.44,12,112.35
PK037,Naveen Kumar,ORD003553,92.23,15,117.77
PK168,Rahul Singh,ORD003554,94.28,15,75.2
PK009,Arun Kumar,ORD003555,99.92,12,83.99
PK114,Vignesh R,ORD003556,90.26,10,98.08
PK089,Sanjay Kumar,ORD003557,97.31,13,17.25
PK127,Priya Sharma,ORD003558,83.89,19,24.77
PK032,Sanjay Kumar,ORD003559,83.08,16,39.09
PK026,Harish M,ORD003560,87.81,5,115.52
PK085,Harish M,ORD003561,93.72,12,113.8
PK235,Anitha S,ORD003562,85.3,5,72.03
PK187,Sanjay Kumar,ORD003563,97.65,10,85.77
PK144,Rahul Singh,ORD003564,91.02,8,85.15
PK022,Sanjay Kumar,ORD003565,85.19,3,91.07
PK145,Karthik Raj,ORD003566,86.04,12,27.96
PK012,Rahul Singh,ORD003567,86.39,20,56.45
PK001,Anitha S,ORD003568,90.44,9,77.41
PK030,Harish M,ORD003569,91.09,17,69.89
PK098,Sanjay Kumar,ORD003570,95.51,4,106.31
PK009,Rahul Singh,ORD003571,92.38,20,68.96
PK210,Harish M,ORD003572,83.78,13,48.4
PK009,Arun Kumar,ORD003573,99.99,9,81.32
PK168,Priya Sharma,ORD003574,87.75,20,48.95
PK144,Swetha R,ORD003575,82.02,4,110.69
PK141,Naveen Kumar,ORD003576,84.34,10,33.08
PK207,Priya Sharma,ORD003577,86.63,3,73.32
PK202,Harish M,ORD003578,89.0,12,92.89
PK054,Naveen Kumar,ORD003579,90.66,4,59.11
PK118,Sanjay Kumar,ORD003580,84.4,6,105.64
PK016,Swetha R,ORD003581,99.16,3,94.83
PK105,Harish M,ORD003582,99.13,7,107.49
PK174,Meena Devi,ORD003583,99.79,10,57.62
PK052,Karthik Raj,ORD003584,95.65,11,29.86
PK069,Meena Devi,ORD003585,86.77,18,101.35
PK177,Rahul Singh,ORD003586,95.68,18,31.76
PK109,Harish M,ORD003587,97.38,11,96.65
PK158,Priya Sharma,ORD003588,99.92,3,65.59
PK224,Rahul Singh,ORD003589,99.05,14,27.69
PK241,Karthik Raj,ORD003590,97.07,10,96.19
PK047,Arun Kumar,ORD003591,84.72,9,71.31
PK148,Sanjay Kumar,ORD003592,93.85,20,106.84
PK088,Karthik Raj,ORD003593,92.31,16,93.43
PK143,Anitha S,ORD003594,95.22,10,89.92
PK097,Swetha R,ORD003595,93.17,10,34.07
PK001,Naveen Kumar,ORD003596,87.11,16,108.81
PK129,Anitha S,ORD003597,87.52,13,86.3
PK202,Arun Kumar,ORD003598,97.19,4,21.19
PK011,Naveen Kumar,ORD003599,83.99,7,58.85
PK181,Naveen Kumar,ORD003600,84.91,18,36.35
PK116,Vignesh R,ORD003601,84.96,19,99.28
PK069,Divya Nair,ORD003602,95.79,11,67.6
PK066,Meena Devi,ORD003603,87.76,15,54.05
PK203,Rahul Singh,ORD003604,99.56,11,113.62
PK044,Rahul Singh,ORD003605,88.95,14,88.08
PK016,Rahul Singh,ORD003606,87.96,13,55.5
PK147,Rahul Singh,ORD003607,95.79,13,37.39
PK229,Naveen Kumar,ORD003608,99.52,20,100.43
PK114,Vignesh R,ORD003609,88.16,12,22.87
PK146,Rahul Singh,ORD003610,94.0,5,105.85
PK049,Arun Kumar,ORD003611,92.83,15,63.42
PK069,Harish M,ORD003612,93.74,11,35.72
PK048,Rahul Singh,ORD003613,92.27,5,30.43
PK226,Karthik Raj,ORD003614,99.72,12,114.9
PK022,Meena Devi,ORD003615,98.88,8,68.17
PK003,Meena Devi,ORD003616,98.99,7,26.23
PK134,Harish M,ORD003617,85.73,14,85.74
PK071,Harish M,ORD003618,86.26,8,88.2
PK211,Divya Nair,ORD003619,91.65,14,47.16
PK093,Sanjay Kumar,ORD003620,97.71,17,58.42
PK146,Karthik Raj,ORD003621,83.43,10,100.11
PK133,Meena Devi,ORD003622,87.68,4,107.51
PK022,Vignesh R,ORD003623,89.82,12,26.22
PK094,Sanjay Kumar,ORD003624,99.94,10,17.0
PK070,Arun Kumar,ORD003625,88.68,7,44.26
PK249,Vignesh R,ORD003626,88.88,10,72.79
PK150,Naveen Kumar,ORD003627,92.49,7,83.29
PK175,Meena Devi,ORD003628,94.89,5,106.43
PK203,Swetha R,ORD003629,92.58,10,24.35
PK050,Arun Kumar,ORD003630,89.47,11,26.36
PK203,Anitha S,ORD003631,98.16,4,57.87
PK164,Rahul Singh,ORD003632,93.77,13,69.46
PK034,Swetha R,ORD003633,82.7,8,78.8
PK147,Karthik Raj,ORD003634,86.2,11,64.65
PK163,Rahul Singh,ORD003635,92.19,11,54.04
PK184,Harish M,ORD003636,94.42,16,90.06
PK187,Anitha S,ORD003637,97.57,3,17.45
PK116,Karthik Raj,ORD003638,83.35,12,19.99
PK195,Rahul Singh,ORD003639,93.91,18,91.93
PK011,Rahul Singh,ORD003640,84.73,15,35.33
PK246,Karthik Raj,ORD003641,82.78,13,75.25
PK073,Naveen Kumar,ORD003642,91.39,14,95.05
PK010,Naveen Kumar,ORD003643,96.84,20,74.67
PK245,Meena Devi,ORD003644,94.11,17,29.53
PK231,Harish M,ORD003645,99.7,6,91.27
PK128,Meena Devi,ORD003646,99.95,7,92.42
PK136,Naveen Kumar,ORD003647,87.27,12,16.19
PK237,Swetha R,ORD003648,88.89,5,110.07
PK198,Rahul Singh,ORD003649,86.15,8,45.84
PK170,Rahul Singh,ORD003650,87.11,14,25.73
PK216,Harish M,ORD003651,97.79,16,43.81
PK219,Harish M,ORD003652,89.14,5,104.98
PK211,Naveen Kumar,ORD003653,89.41,17,32.95
PK235,Priya Sharma,ORD003654,82.15,18,29.9
PK140,Harish M,ORD003655,89.09,6,33.77
PK157,Rahul Singh,ORD003656,91.67,18,15.96
PK184,Naveen Kumar,ORD003657,95.83,4,101.62
PK233,Priya Sharma,ORD003658,85.03,15,27.6
PK183,Sanjay Kumar,ORD003659,85.52,17,65.5
PK101,Sanjay Kumar,ORD003660,82.29,13,82.1
PK245,Divya Nair,ORD003661,90.77,20,104.64
PK054,Meena Devi,ORD003662,94.14,10,56.13
PK045,Naveen Kumar,ORD003663,92.85,6,112.38
PK148,Naveen Kumar,ORD003664,82.61,19,23.46
PK139,Divya Nair,ORD003665,84.32,8,37.05
PK164,Arun Kumar,ORD003666,97.88,4,92.42
PK085,Rahul Singh,ORD003667,89.73,9,74.39
PK160,Sanjay Kumar,ORD003668,97.04,14,100.07
PK092,Sanjay Kumar,ORD003669,89.67,11,37.27
PK125,Sanjay Kumar,ORD003670,96.9,18,84.4
PK096,Meena Devi,ORD003671,87.35,13,23.39
PK210,Sanjay Kumar,ORD003672,99.42,16,69.01
PK228,Karthik Raj,ORD003673,87.74,18,20.62
PK019,Harish M,ORD003674,89.39,9,75.35
PK210,Priya Sharma,ORD003675,87.25,19,91.79
PK020,Karthik Raj,ORD003676,93.76,6,96.72
PK036,Meena Devi,ORD003677,83.53,19,43.04
PK161,Meena Devi,ORD003678,92.55,11,97.19
PK057,Divya Nair,ORD003679,86.44,20,80.93
PK002,Arun Kumar,ORD003680,91.31,11,100.49
PK194,Divya Nair,ORD003681,92.23,11,32.9
PK023,Karthik Raj,ORD003682,91.37,3,57.28
PK094,Sanjay Kumar,ORD003683,88.08,10,44.78
PK242,Vignesh R,ORD003684,91.46,11,93.32
PK001,Sanjay Kumar,ORD003685,95.61,10,84.5
PK218,Karthik Raj,ORD003686,97.48,6,71.7
PK155,Arun Kumar,ORD003687,90.57,20,84.78
PK231,Rahul Singh,ORD003688,99.8,7,22.51
PK069,Vignesh R,ORD003689,83.72,10,107.3
PK133,Anitha S,ORD003690,90.48,15,116.77
PK183,Harish M,ORD003691,98.51,11,21.57
PK044,Priya Sharma,ORD003692,97.75,7,16.67
PK039,Sanjay Kumar,ORD003693,94.65,12,70.04
PK217,Arun Kumar,ORD003694,85.15,11,63.55
PK163,Karthik Raj,ORD003695,98.71,15,36.2
PK174,Karthik Raj,ORD003696,82.92,17,19.29
PK021,Divya Nair,ORD003697,94.27,16,34.89
PK025,Sanjay Kumar,ORD003698,85.9,3,85.15
PK227,Swetha R,ORD003699,93.3,9,59.53
PK212,Naveen Kumar,ORD003700,89.81,11,115.59
PK156,Karthik Raj,ORD003701,83.28,3,62.21
PK049,Rahul Singh,ORD003702,92.74,15,70.73
PK017,Anitha S,ORD003703,82.17,20,16.55
PK164,Priya Sharma,ORD003704,97.7,4,109.58
PK115,Priya Sharma,ORD003705,94.71,14,65.71
PK040,Priya Sharma,ORD003706,93.09,9,95.78
PK242,Meena Devi,ORD003707,85.64,18,48.33
PK246,Karthik Raj,ORD003708,87.67,5,33.45
PK170,Divya Nair,ORD003709,95.75,10,78.06
PK018,Vignesh R,ORD003710,85.59,3,102.44
PK080,Meena Devi,ORD003711,86.43,9,114.2
PK146,Anitha S,ORD003712,90.78,3,41.52
PK157,Karthik Raj,ORD003713,98.39,20,50.34
PK188,Swetha R,ORD003714,93.67,7,30.15
PK211,Sanjay Kumar,ORD003715,90.53,17,41.5
PK173,Rahul Singh,ORD003716,91.79,16,106.79
PK036,Arun Kumar,ORD003717,96.23,7,38.74
PK056,Divya Nair,ORD003718,83.99,18,31.04
PK162,Meena Devi,ORD003719,88.48,20,114.58
PK201,Arun Kumar,ORD003720,96.49,8,18.66
PK068,Arun Kumar,ORD003721,98.01,10,85.52
PK083,Meena Devi,ORD003722,98.78,10,26.37
PK242,Anitha S,ORD003723,85.72,8,21.44
PK160,Swetha R,ORD003724,86.23,5,90.51
PK121,Swetha R,ORD003725,92.86,9,64.39
PK127,Priya Sharma,ORD003726,91.38,18,82.51
PK042,Swetha R,ORD003727,87.47,18,74.85
PK074,Anitha S,ORD003728,93.76,8,83.3
PK225,Divya Nair,ORD003729,99.49,12,53.09
PK099,Arun Kumar,ORD003730,87.67,19,70.07
PK152,Rahul Singh,ORD003731,86.83,12,66.44
PK157,Rahul Singh,ORD003732,88.88,3,82.75
PK175,Karthik Raj,ORD003733,87.81,5,74.31
PK151,Karthik Raj,ORD003734,92.56,16,32.78
PK091,Harish M,ORD003735,98.92,17,67.28
PK040,Vignesh R,ORD003736,84.29,16,58.79
PK222,Swetha R,ORD003737,89.64,11,51.27
PK009,Anitha S,ORD003738,85.12,11,49.6
PK139,Arun Kumar,ORD003739,92.44,3,68.02
PK043,Anitha S,ORD003740,89.85,8,15.6
PK106,Divya Nair,ORD003741,89.16,15,93.81
PK003,Sanjay Kumar,ORD003742,98.08,5,41.07
PK067,Priya Sharma,ORD003743,91.87,6,102.21
PK200,Sanjay Kumar,ORD003744,88.0,4,101.89
PK078,Anitha S,ORD003745,88.89,14,30.32
PK230,Priya Sharma,ORD003746,86.56,8,65.85
PK120,Karthik Raj,ORD003747,83.32,17,52.7
PK020,Naveen Kumar,ORD003748,95.63,13,53.02
PK149,Karthik Raj,ORD003749,93.22,6,29.77
PK111,Sanjay Kumar,ORD003750,84.48,15,73.22
PK194,Naveen Kumar,ORD003751,97.69,13,43.96
PK112,Swetha R,ORD003752,93.24,6,95.98
PK222,Karthik Raj,ORD003753,96.98,3,90.48
PK001,Arun Kumar,ORD003754,90.34,14,113.06
PK236,Arun Kumar,ORD003755,85.41,17,109.4
PK049,Rahul Singh,ORD003756,90.17,6,100.41
PK087,Rahul Singh,ORD003757,89.31,9,87.56
PK177,Arun Kumar,ORD003758,83.18,8,85.99
PK048,Naveen Kumar,ORD003759,95.04,11,51.65
PK024,Swetha R,ORD003760,97.89,20,60.58
PK149,Arun Kumar,ORD003761,88.2,8,114.8
PK012,Swetha R,ORD003762,96.29,9,61.31
PK114,Rahul Singh,ORD003763,98.8,11,85.14
PK125,Sanjay Kumar,ORD003764,89.5,3,51.75
PK160,Anitha S,ORD003765,96.18,18,25.0
PK026,Karthik Raj,ORD003766,91.52,17,34.73
PK198,Meena Devi,ORD003767,92.19,4,43.03
PK127,Karthik Raj,ORD003768,92.89,20,101.73
PK060,Divya Nair,ORD003769,98.16,5,66.52
PK004,Priya Sharma,ORD003770,96.82,4,64.34
PK191,Arun Kumar,ORD003771,90.8,3,77.57
PK093,Harish M,ORD003772,91.16,6,89.14
PK032,Swetha R,ORD003773,99.06,17,56.5
PK148,Meena Devi,ORD003774,83.06,9,55.07
PK205,Vignesh R,ORD003775,86.66,13,25.34
PK077,Anitha S,ORD003776,85.94,6,44.53
PK225,Swetha R,ORD003777,98.48,12,67.03
PK199,Rahul Singh,ORD003778,91.21,15,87.74
PK207,Karthik Raj,ORD003779,97.36,11,32.43
PK202,Anitha S,ORD003780,86.37,16,100.7
PK015,Anitha S,ORD003781,85.69,9,59.01
PK187,Arun Kumar,ORD003782,87.47,9,101.22
PK063,Anitha S,ORD003783,97.95,20,75.63
PK009,Vignesh R,ORD003784,92.6,19,38.26
PK243,Divya Nair,ORD003785,97.07,5,104.57
PK024,Anitha S,ORD003786,96.26,13,80.96
PK196,Anitha S,ORD003787,98.15,7,84.61
PK240,Meena Devi,ORD003788,86.25,4,51.63
PK159,Priya Sharma,ORD003789,96.41,9,27.22
PK016,Vignesh R,ORD003790,98.94,5,107.73
PK218,Naveen Kumar,ORD003791,98.75,18,75.68
PK070,Priya Sharma,ORD003792,92.32,14,57.68
PK024,Rahul Singh,ORD003793,96.65,7,67.95
PK019,Swetha R,ORD003794,86.05,9,71.48
PK026,Divya Nair,ORD003795,94.98,8,110.21
PK193,Arun Kumar,ORD003796,88.53,14,102.07
PK219,Anitha S,ORD003797,92.95,10,95.51
PK113,Swetha R,ORD003798,90.21,10,23.48
PK059,Sanjay Kumar,ORD003799,96.36,8,50.9
PK119,Karthik Raj,ORD003800,95.92,16,15.61
PK176,Divya Nair,ORD003801,96.8,14,24.75
PK241,Naveen Kumar,ORD003802,91.93,20,77.94
PK143,Rahul Singh,ORD003803,91.59,10,54.14
PK216,Sanjay Kumar,ORD003804,96.47,8,33.44
PK182,Swetha R,ORD003805,96.46,18,69.39
PK134,Karthik Raj,ORD003806,97.76,8,115.93
PK171,Arun Kumar,ORD003807,87.2,17,46.52
PK079,Sanjay Kumar,ORD003808,87.24,8,39.0
PK161,Divya Nair,ORD003809,98.48,17,111.06
PK122,Naveen Kumar,ORD003810,84.88,14,115.91
PK080,Naveen Kumar,ORD003811,88.33,15,57.22
PK068,Swetha R,ORD003812,85.7,9,99.97
PK171,Vignesh R,ORD003813,88.43,12,46.6
PK067,Sanjay Kumar,ORD003814,88.04,6,81.87
PK060,Vignesh R,ORD003815,84.36,9,41.17
PK084,Vignesh R,ORD003816,93.17,19,27.08
PK122,Vignesh R,ORD003817,93.9,12,90.01
PK188,Meena Devi,ORD003818,97.72,10,99.08
PK213,Anitha S,ORD003819,94.02,17,15.73
PK242,Divya Nair,ORD003820,96.41,13,89.41
PK134,Harish M,ORD003821,97.16,7,58.31
PK046,Arun Kumar,ORD003822,83.34,9,82.3
PK078,Sanjay Kumar,ORD003823,93.1,7,53.24
PK029,Harish M,ORD003824,82.51,14,101.64
PK186,Naveen Kumar,ORD003825,94.48,20,53.0
PK202,Meena Devi,ORD003826,97.43,17,83.53
PK221,Sanjay Kumar,ORD003827,85.54,17,36.18
PK013,Karthik Raj,ORD003828,87.75,4,88.85
PK065,Sanjay Kumar,ORD003829,88.34,16,15.52
PK229,Arun Kumar,ORD003830,92.3,16,46.97
PK089,Vignesh R,ORD003831,92.41,18,35.63
PK200,Anitha S,ORD003832,93.83,14,45.01
PK146,Meena Devi,ORD003833,90.71,14,45.35
PK021,Meena Devi,ORD003834,97.27,11,106.39
PK243,Priya Sharma,ORD003835,86.52,10,54.37
PK135,Arun Kumar,ORD003836,98.81,6,62.1
PK202,Vignesh R,ORD003837,87.72,9,63.12
PK045,Meena Devi,ORD003838,98.53,14,42.23
PK007,Priya Sharma,ORD003839,84.31,4,35.67
PK076,Rahul Singh,ORD003840,98.82,3,55.68
PK166,Sanjay Kumar,ORD003841,92.07,20,60.38
PK092,Sanjay Kumar,ORD003842,97.8,20,31.97
PK049,Meena Devi,ORD003843,85.86,8,85.49
PK213,Anitha S,ORD003844,88.89,13,83.16
PK041,Swetha R,ORD003845,90.43,14,89.48
PK151,Rahul Singh,ORD003846,85.37,10,17.36
PK153,Rahul Singh,ORD003847,96.23,19,78.49
PK067,Swetha R,ORD003848,95.18,12,32.98
PK060,Naveen Kumar,ORD003849,96.18,9,58.89
PK121,Arun Kumar,ORD003850,83.7,15,65.04
PK202,Priya Sharma,ORD003851,90.01,20,69.06
PK113,Meena Devi,ORD003852,82.01,14,89.76
PK121,Divya Nair,ORD003853,89.69,10,84.66
PK068,Priya Sharma,ORD003854,86.67,15,110.18
PK142,Naveen Kumar,ORD003855,83.91,3,50.86
PK024,Karthik Raj,ORD003856,86.11,12,112.45
PK161,Priya Sharma,ORD003857,93.71,19,40.39
PK017,Vignesh R,ORD003858,82.7,3,110.69
PK006,Naveen Kumar,ORD003859,98.3,12,89.42
PK139,Rahul Singh,ORD003860,87.2,7,25.44
PK118,Karthik Raj,ORD003861,94.59,16,110.73
PK198,Priya Sharma,ORD003862,87.16,20,106.29
PK198,Anitha S,ORD003863,87.38,8,39.12
PK230,Anitha S,ORD003864,90.59,11,55.34
PK040,Arun Kumar,ORD003865,85.74,16,77.62
PK011,Arun Kumar,ORD003866,96.04,19,51.48
PK047,Harish M,ORD003867,93.38,11,85.03
PK070,Rahul Singh,ORD003868,90.23,16,88.37
PK140,Anitha S,ORD003869,89.89,14,50.55
PK081,Vignesh R,ORD003870,84.49,14,87.92
PK237,Swetha R,ORD003871,97.46,5,42.14
PK188,Swetha R,ORD003872,92.38,9,99.18
PK197,Karthik Raj,ORD003873,91.2,13,100.41
PK087,Sanjay Kumar,ORD003874,95.14,7,79.78
PK222,Vignesh R,ORD003875,84.79,15,41.67
PK229,Sanjay Kumar,ORD003876,84.09,14,91.41
PK011,Divya Nair,ORD003877,82.85,13,63.33
PK037,Priya Sharma,ORD003878,92.26,16,19.94
PK056,Sanjay Kumar,ORD003879,85.96,20,21.75
PK197,Priya Sharma,ORD003880,99.37,8,47.62
PK194,Meena Devi,ORD003881,82.4,15,28.32
PK008,Karthik Raj,ORD003882,87.52,7,32.08
PK247,Harish M,ORD003883,97.44,3,85.54
PK234,Meena Devi,ORD003884,89.08,11,25.47
PK224,Arun Kumar,ORD003885,86.95,8,21.5
PK015,Vignesh R,ORD003886,85.39,18,35.21
PK014,Anitha S,ORD003887,87.73,8,18.67
PK234,Arun Kumar,ORD003888,91.45,17,31.82
PK101,Meena Devi,ORD003889,94.74,7,90.77
PK154,Meena Devi,ORD003890,82.52,12,55.92
PK088,Karthik Raj,ORD003891,90.66,9,116.68
PK116,Swetha R,ORD003892,88.84,9,71.49
PK112,Priya Sharma,ORD003893,82.03,18,82.53
PK207,Swetha R,ORD003894,89.95,6,15.83
PK090,Arun Kumar,ORD003895,90.2,16,119.85
PK213,Divya Nair,ORD003896,84.1,15,110.85
PK047,Sanjay Kumar,ORD003897,96.91,4,28.25
PK184,Arun Kumar,ORD003898,95.89,18,71.57
PK165,Divya Nair,ORD003899,83.06,13,51.37
PK197,Harish M,ORD003900,88.02,17,48.99
PK091,Priya Sharma,ORD003901,96.94,9,64.05
PK069,Meena Devi,ORD003902,84.35,13,97.14
PK033,Karthik Raj,ORD003903,88.37,11,93.29
PK144,Swetha R,ORD003904,93.8,5,91.47
PK022,Arun Kumar,ORD003905,82.55,18,49.57
PK139,Sanjay Kumar,ORD003906,93.06,13,58.21
PK076,Sanjay Kumar,ORD003907,95.74,10,71.18
PK250,Divya Nair,ORD003908,89.9,20,87.06
PK101,Sanjay Kumar,ORD003909,83.07,6,71.1
PK078,Karthik Raj,ORD003910,98.9,16,84.01
PK111,Rahul Singh,ORD003911,82.69,10,32.54
PK015,Anitha S,ORD003912,96.01,5,107.67
PK242,Anitha S,ORD003913,95.29,7,48.52
PK219,Vignesh R,ORD003914,97.34,4,47.9
PK182,Anitha S,ORD003915,90.34,18,15.54
PK056,Vignesh R,ORD003916,95.47,9,51.12
PK215,Rahul Singh,ORD003917,105.0,7,113.29
PK026,Rahul Singh,ORD003918,91.81,4,38.55
PK197,Rahul Singh,ORD003919,87.43,6,53.33
PK134,Naveen Kumar,ORD003920,96.95,8,33.15
PK049,Naveen Kumar,ORD003921,83.02,12,98.61
PK248,Vignesh R,ORD003922,95.75,15,38.3
PK235,Divya Nair,ORD003923,83.04,11,82.58
PK076,Anitha S,ORD003924,84.98,13,100.0
PK099,Sanjay Kumar,ORD003925,99.94,14,87.01
PK223,Sanjay Kumar,ORD003926,96.95,19,62.0
PK137,Divya Nair,ORD003927,96.16,16,56.51
PK182,Priya Sharma,ORD003928,97.15,6,45.79
PK094,Arun Kumar,ORD003929,97.37,15,64.04
PK050,Sanjay Kumar,ORD003930,89.14,18,65.8
PK155,Rahul Singh,ORD003931,84.07,17,104.83
PK236,Divya Nair,ORD003932,96.09,18,101.67
PK073,Karthik Raj,ORD003933,92.5,12,85.19
PK222,Arun Kumar,ORD003934,90.76,17,117.79
PK238,Harish M,ORD003935,84.7,8,97.88
PK091,Meena Devi,ORD003936,89.71,13,84.88
PK031,Rahul Singh,ORD003937,91.49,13,25.23
PK190,Naveen Kumar,ORD003938,93.64,16,63.31
PK011,Meena Devi,ORD003939,85.24,11,45.37
PK120,Vignesh R,ORD003940,99.56,16,32.1
PK172,Vignesh R,ORD003941,90.67,10,68.18
PK079,Vignesh R,ORD003942,90.62,8,99.91
PK039,Naveen Kumar,ORD003943,88.74,14,35.27
PK219,Naveen Kumar,ORD003944,94.05,18,95.09
PK239,Karthik Raj,ORD003945,96.05,4,48.22
PK155,Naveen Kumar,ORD003946,86.6,8,27.06
PK006,Naveen Kumar,ORD003947,95.76,19,70.4
PK139,Arun Kumar,ORD003948,98.47,6,114.2
PK071,Sanjay Kumar,ORD003949,85.44,4,49.4
PK164,Anitha S,ORD003950,94.88,17,38.6
PK016,Naveen Kumar,ORD003951,86.46,4,47.44
PK121,Swetha R,ORD003952,84.84,17,65.78
PK060,Naveen Kumar,ORD003953,83.22,18,106.28
PK081,Naveen Kumar,ORD003954,94.49,4,22.95
PK044,Sanjay Kumar,ORD003955,92.96,8,27.9
PK214,Rahul Singh,ORD003956,99.42,5,75.59
PK236,Swetha R,ORD003957,91.02,11,83.08
PK150,Divya Nair,ORD003958,98.76,18,106.09
PK009,Meena Devi,ORD003959,88.13,18,94.79
PK242,Karthik Raj,ORD003960,92.24,13,26.62
PK171,Anitha S,ORD003961,91.41,9,78.12
PK089,Divya Nair,ORD003962,87.57,5,31.08
PK198,Karthik Raj,ORD003963,86.2,18,56.65
PK025,Rahul Singh,ORD003964,87.01,13,39.09
PK132,Swetha R,ORD003965,85.82,7,91.17
PK246,Karthik Raj,ORD003966,96.74,14,118.22
PK054,Harish M,ORD003967,95.33,9,51.19
PK082,Harish M,ORD003968,89.82,18,75.78
PK142,Karthik Raj,ORD003969,82.89,20,19.59
PK242,Rahul Singh,ORD003970,91.16,15,28.66
PK239,Naveen Kumar,ORD003971,93.05,17,81.63
PK151,Arun Kumar,ORD003972,83.2,8,20.28
PK140,Vignesh R,ORD003973,98.17,7,65.54
PK008,Priya Sharma,ORD003974,87.41,3,50.0
PK064,Rahul Singh,ORD003975,98.61,9,32.58
PK041,Meena Devi,ORD003976,87.29,12,53.98
PK142,Arun Kumar,ORD003977,90.66,17,119.6
PK110,Naveen Kumar,ORD003978,88.77,8,100.33
PK089,Anitha S,ORD003979,99.65,12,82.09
PK219,Arun Kumar,ORD003980,89.85,15,98.76
PK215,Naveen Kumar,ORD003981,88.99,15,33.5
PK134,Anitha S,ORD003982,98.37,11,118.04
PK042,Karthik Raj,ORD003983,98.59,4,77.57
PK128,Arun Kumar,ORD003984,89.5,12,37.12
PK200,Naveen Kumar,ORD003985,88.61,17,119.66
PK139,Naveen Kumar,ORD003986,93.44,5,100.46
PK241,Sanjay Kumar,ORD003987,90.94,12,27.16
PK212,Rahul Singh,ORD003988,85.05,3,77.3
PK148,Divya Nair,ORD003989,82.68,16,28.19
PK236,Meena Devi,ORD003990,93.84,15,112.96
PK237,Naveen Kumar,ORD003991,92.94,3,99.88
PK169,Rahul Singh,ORD003992,87.32,7,24.55
PK249,Harish M,ORD003993,96.95,3,77.51
PK234,Vignesh R,ORD003994,92.95,3,83.33
PK196,Sanjay Kumar,ORD003995,92.94,12,48.87
PK220,Swetha R,ORD003996,99.27,15,21.75
PK116,Naveen Kumar,ORD003997,95.38,3,61.35
PK183,Harish M,ORD003998,82.09,5,25.77
PK140,Naveen Kumar,ORD003999,86.92,9,34.69
PK221,Swetha R,ORD004000,83.66,15,52.07
PK193,Divya Nair,ORD004001,93.91,14,57.48
PK009,Harish M,ORD004002,90.02,17,112.73
PK169,Karthik Raj,ORD004003,84.21,9,24.41
PK168,Arun Kumar,ORD004004,85.86,11,17.52
PK022,Naveen Kumar,ORD004005,97.45,19,56.02
PK232,Harish M,ORD004006,98.05,7,24.78
PK020,Naveen Kumar,ORD004007,97.04,7,21.93
PK003,Sanjay Kumar,ORD004008,90.6,9,110.07
PK110,Harish M,ORD004009,82.54,11,107.33
PK222,Vignesh R,ORD004010,83.59,16,78.26
PK141,Divya Nair,ORD004011,93.23,14,87.23
PK130,Anitha S,ORD004012,85.68,12,118.17
PK086,Priya Sharma,ORD004013,88.8,3,119.62
PK126,Harish M,ORD004014,92.54,7,95.42
PK210,Sanjay Kumar,ORD004015,99.91,5,106.41
PK157,Harish M,ORD004016,90.11,9,83.72
PK218,Arun Kumar,ORD004017,83.28,17,22.27
PK129,Sanjay Kumar,ORD004018,88.67,14,79.46
PK187,Rahul Singh,ORD004019,89.13,12,50.04
PK102,Divya Nair,ORD004020,82.13,18,65.91
PK172,Meena Devi,ORD004021,95.73,14,51.69
PK149,Harish M,ORD004022,94.21,10,33.01
PK040,Divya Nair,ORD004023,99.86,14,34.14
PK150,Anitha S,ORD004024,97.31,6,107.06
PK205,Sanjay Kumar,ORD004025,91.3,19,24.18
PK057,Meena Devi,ORD004026,94.59,14,89.37
PK091,Karthik Raj,ORD004027,82.68,10,80.22
PK114,Swetha R,ORD004028,85.76,15,58.08
PK180,Karthik Raj,ORD004029,99.42,3,111.53
PK143,Karthik Raj,ORD004030,96.62,7,18.1
PK047,Divya Nair,ORD004031,82.46,15,24.25
PK050,Sanjay Kumar,ORD004032,97.64,4,87.99
PK113,Divya Nair,ORD004033,84.2,9,72.09
PK007,Priya Sharma,ORD004034,94.25,19,72.07
PK217,Anitha S,ORD004035,99.66,15,106.28
PK165,Rahul Singh,ORD004036,97.57,8,89.82
PK110,Karthik Raj,ORD004037,85.41,8,64.57
PK232,Vignesh R,ORD004038,84.44,19,51.81
PK071,Naveen Kumar,ORD004039,97.78,9,55.09
PK025,Arun Kumar,ORD004040,92.39,4,118.24
PK132,Meena Devi,ORD004041,91.94,8,44.12
PK072,Anitha S,ORD004042,96.44,15,106.07
PK032,Harish M,ORD004043,94.83,19,109.32
PK016,Arun Kumar,ORD004044,89.21,13,33.21
PK108,Meena Devi,ORD004045,85.68,19,55.51
PK126,Harish M,ORD004046,94.48,16,113.8
PK168,Karthik Raj,ORD004047,92.35,14,69.57
PK241,Swetha R,ORD004048,94.05,5,65.55
PK005,Rahul Singh,ORD004049,86.28,16,59.37
PK226,Divya Nair,ORD004050,85.06,20,37.64
PK227,Swetha R,ORD004051,87.77,19,104.65
PK224,Meena Devi,ORD004052,90.28,18,100.14
PK056,Naveen Kumar,ORD004053,94.63,4,76.87
PK204,Swetha R,ORD004054,97.13,6,48.28
PK150,Priya Sharma,ORD004055,93.19,14,116.18
PK123,Naveen Kumar,ORD004056,88.92,18,84.14
PK062,Swetha R,ORD004057,96.24,4,52.66
PK205,Swetha R,ORD004058,84.87,3,66.06
PK175,Rahul Singh,ORD004059,89.23,4,33.24
PK100,Vignesh R,ORD004060,92.18,16,21.15
PK007,Vignesh R,ORD004061,90.99,16,73.79
PK209,Rahul Singh,ORD004062,94.81,12,18.3
PK231,Priya Sharma,ORD004063,83.66,10,28.91
PK231,Arun Kumar,ORD004064,85.29,10,101.26
PK064,Naveen Kumar,ORD004065,83.53,15,60.19
PK121,Priya Sharma,ORD004066,97.01,3,48.36
PK226,Naveen Kumar,ORD004067,94.9,5,42.11
PK145,Naveen Kumar,ORD004068,85.18,7,114.41
PK246,Arun Kumar,ORD004069,91.82,17,95.86
PK056,Swetha R,ORD004070,93.72,14,62.31
PK167,Harish M,ORD004071,86.96,11,27.81
PK195,Vignesh R,ORD004072,85.86,10,52.6
PK059,Harish M,ORD004073,93.5,11,57.72
PK147,Vignesh R,ORD004074,91.44,10,71.31
PK221,Naveen Kumar,ORD004075,98.2,20,54.08
PK057,Arun Kumar,ORD004076,90.0,11,24.65
PK230,Rahul Singh,ORD004077,99.52,16,67.34
PK243,Arun Kumar,ORD004078,90.89,16,33.55
PK174,Karthik Raj,ORD004079,90.32,4,113.54
PK109,Naveen Kumar,ORD004080,88.66,8,22.94
PK201,Vignesh R,ORD004081,91.33,5,39.43
PK042,Rahul Singh,ORD004082,98.27,11,56.78
PK241,Anitha S,ORD004083,96.24,13,82.23
PK203,Meena Devi,ORD004084,95.2,18,23.31
PK198,Swetha R,ORD004085,96.32,18,85.05
PK174,Arun Kumar,ORD004086,86.54,16,106.94
PK051,Vignesh R,ORD004087,89.89,10,90.38
PK055,Meena Devi,ORD004088,89.37,20,72.11
PK196,Sanjay Kumar,ORD004089,91.63,16,27.53
PK048,Vignesh R,ORD004090,96.26,6,107.93
PK178,Arun Kumar,ORD004091,95.61,12,89.06
PK059,Naveen Kumar,ORD004092,84.24,4,69.15
PK216,Meena Devi,ORD004093,87.74,19,95.37
PK109,Karthik Raj,ORD004094,86.99,17,114.31
PK232,Sanjay Kumar,ORD004095,89.84,11,17.87
PK121,Priya Sharma,ORD004096,91.24,17,51.52
PK108,Naveen Kumar,ORD004097,85.9,17,82.58
PK204,Karthik Raj,ORD004098,93.54,12,53.56
PK201,Anitha S,ORD004099,85.11,10,118.68
PK122,Rahul Singh,ORD004100,82.22,12,76.7
PK208,Sanjay Kumar,ORD004101,86.01,16,97.61
PK106,Divya Nair,ORD004102,91.64,10,47.68
PK100,Meena Devi,ORD004103,94.59,17,24.41
PK202,Priya Sharma,ORD004104,94.16,7,51.57
PK208,Priya Sharma,ORD004105,82.97,4,20.24
PK143,Harish M,ORD004106,93.57,11,67.63
PK108,Divya Nair,ORD004107,85.41,9,65.64
PK219,Naveen Kumar,ORD004108,98.44,17,101.13
PK141,Karthik Raj,ORD004109,89.22,12,36.38
PK041,Vignesh R,ORD004110,95.56,12,34.59
PK228,Divya Nair,ORD004111,90.35,19,99.92
PK190,Divya Nair,ORD004112,82.65,5,51.81
PK174,Rahul Singh,ORD004113,91.81,4,32.29
PK199,Divya Nair,ORD004114,90.07,17,76.53
PK116,Rahul Singh,ORD004115,82.17,12,101.46
PK068,Divya Nair,ORD004116,85.38,14,36.72
PK159,Arun Kumar,ORD004117,99.39,12,113.9
PK115,Sanjay Kumar,ORD004118,92.49,5,113.73
PK003,Karthik Raj,ORD004119,83.97,11,44.03
PK206,Anitha S,ORD004120,95.03,14,109.26
PK033,Naveen Kumar,ORD004121,84.03,18,35.77
PK211,Anitha S,ORD004122,87.56,9,48.96
PK037,Arun Kumar,ORD004123,84.27,16,116.92
PK143,Vignesh R,ORD004124,82.43,12,18.15
PK055,Vignesh R,ORD004125,91.51,12,26.49
PK244,Sanjay Kumar,ORD004126,88.96,20,52.39
PK108,Priya Sharma,ORD004127,89.75,14,55.51
PK124,Priya Sharma,ORD004128,92.05,8,77.7
PK094,Karthik Raj,ORD004129,97.71,17,58.02
PK106,Divya Nair,ORD004130,87.79,3,23.53
PK137,Karthik Raj,ORD004131,92.47,20,84.77
PK137,Swetha R,ORD004132,92.86,8,115.63
PK203,Arun Kumar,ORD004133,84.51,7,37.85
PK188,Divya Nair,ORD004134,98.03,20,113.03
PK241,Vignesh R,ORD004135,94.62,9,75.67
PK249,Priya Sharma,ORD004136,94.4,6,103.06
PK223,Priya Sharma,ORD004137,87.63,3,114.38
PK223,Harish M,ORD004138,97.89,4,111.39
PK043,Divya Nair,ORD004139,92.05,4,26.31
PK104,Arun Kumar,ORD004140,95.57,15,77.43
PK214,Anitha S,ORD004141,94.54,19,60.58
PK045,Sanjay Kumar,ORD004142,94.46,9,64.27
PK052,Vignesh R,ORD004143,91.26,13,40.1
PK075,Vignesh R,ORD004144,82.08,9,118.42
PK167,Rahul Singh,ORD004145,98.63,18,79.53
PK189,Anitha S,ORD004146,98.17,8,115.08
PK032,Anitha S,ORD004147,96.65,10,117.81
PK078,Karthik Raj,ORD004148,91.02,13,103.2
PK102,Meena Devi,ORD004149,99.83,13,113.78
PK184,Karthik Raj,ORD004150,96.72,7,92.38
PK162,Meena Devi,ORD004151,85.66,10,117.97
PK228,Karthik Raj,ORD004152,87.27,18,50.82
PK249,Sanjay Kumar,ORD004153,90.41,12,59.81
PK017,Vignesh R,ORD004154,92.63,19,70.47
PK037,Rahul Singh,ORD004155,85.61,10,92.46
PK129,Meena Devi,ORD004156,84.53,14,87.12
PK226,Naveen Kumar,ORD004157,93.85,7,59.43
PK062,Arun Kumar,ORD004158,88.44,18,28.78
PK064,Divya Nair,ORD004159,83.01,5,68.97
PK077,Sanjay Kumar,ORD004160,90.25,9,23.96
PK149,Priya Sharma,ORD004161,83.44,3,67.97
PK136,Rahul Singh,ORD004162,94.47,3,51.84
PK148,Sanjay Kumar,ORD004163,98.76,16,109.79
PK033,Arun Kumar,ORD004164,88.78,10,102.27
PK124,Sanjay Kumar,ORD004165,90.12,3,95.2
PK010,Sanjay Kumar,ORD004166,90.19,15,51.75
PK077,Rahul Singh,ORD004167,87.79,10,81.94
PK236,Sanjay Kumar,ORD004168,89.65,6,105.98
PK091,Naveen Kumar,ORD004169,93.47,4,98.61
PK248,Arun Kumar,ORD004170,87.81,13,35.88
PK157,Meena Devi,ORD004171,90.36,15,33.91
PK155,Divya Nair,ORD004172,87.7,20,15.2
PK153,Rahul Singh,ORD004173,95.28,4,19.75
PK035,Harish M,ORD004174,82.96,14,78.09
PK155,Vignesh R,ORD004175,88.51,20,105.98
PK075,Rahul Singh,ORD004176,84.52,5,26.18
PK240,Meena Devi,ORD004177,95.62,6,74.1
PK023,Swetha R,ORD004178,95.75,18,80.82
PK083,Meena Devi,ORD004179,90.95,15,112.55
PK207,Meena Devi,ORD004180,88.99,3,111.6
PK094,Sanjay Kumar,ORD004181,87.24,18,46.85
PK012,Sanjay Kumar,ORD004182,82.44,18,51.48
PK126,Meena Devi,ORD004183,94.56,15,25.28
PK146,Naveen Kumar,ORD004184,91.34,18,116.33
PK241,Naveen Kumar,ORD004185,95.66,18,94.95
PK122,Vignesh R,ORD004186,86.33,9,23.82
PK031,Vignesh R,ORD004187,85.05,7,95.42
PK212,Priya Sharma,ORD004188,90.93,4,109.3
PK151,Naveen Kumar,ORD004189,82.77,20,105.5
PK140,Karthik Raj,ORD004190,98.28,7,31.57
PK200,Vignesh R,ORD004191,95.79,14,36.19
PK217,Priya Sharma,ORD004192,91.03,12,108.43
PK009,Divya Nair,ORD004193,83.44,10,19.72
PK230,Rahul Singh,ORD004194,97.57,10,105.49
PK161,Rahul Singh,ORD004195,99.89,19,93.27
PK244,Anitha S,ORD004196,86.56,11,64.3
PK187,Anitha S,ORD004197,91.26,18,88.16
PK142,Naveen Kumar,ORD004198,90.46,16,68.63
PK047,Sanjay Kumar,ORD004199,99.54,6,85.88
PK211,Harish M,ORD004200,96.73,13,64.02
PK130,Rahul Singh,ORD004201,99.11,17,88.59
PK106,Vignesh R,ORD004202,96.77,8,108.66
PK151,Meena Devi,ORD004203,90.57,17,44.31
PK103,Vignesh R,ORD004204,95.73,9,26.7
PK185,Priya Sharma,ORD004205,87.28,20,69.94
PK203,Divya Nair,ORD004206,82.23,15,93.33
PK125,Priya Sharma,ORD004207,97.09,3,75.28
PK034,Priya Sharma,ORD004208,88.29,19,56.44
PK160,Rahul Singh,ORD004209,88.93,4,20.82
PK210,Arun Kumar,ORD004210,92.78,4,87.39
PK062,Anitha S,ORD004211,93.68,13,104.99
PK125,Naveen Kumar,ORD004212,94.5,5,46.84
PK011,Arun Kumar,ORD004213,88.84,8,75.78
PK065,Divya Nair,ORD004214,94.76,13,24.48
PK243,Karthik Raj,ORD004215,88.77,8,43.47
PK173,Vignesh R,ORD004216,85.02,17,115.06
PK034,Naveen Kumar,ORD004217,83.16,8,81.22
PK170,Meena Devi,ORD004218,93.45,14,51.73
PK164,Arun Kumar,ORD004219,92.26,11,68.0
PK140,Priya Sharma,ORD004220,82.3,20,114.08
PK125,Vignesh R,ORD004221,91.76,5,107.44
PK115,Meena Devi,ORD004222,82.33,4,73.58
PK102,Vignesh R,ORD004223,93.19,13,103.74
PK004,Meena Devi,ORD004224,87.22,20,110.19
PK230,Priya Sharma,ORD004225,96.31,12,37.89
PK217,Karthik Raj,ORD004226,88.84,12,96.99
PK140,Vignesh R,ORD004227,82.83,19,86.26
PK080,Priya Sharma,ORD004228,98.78,10,24.02
PK087,Naveen Kumar,ORD004229,91.11,7,68.79
PK234,Divya Nair,ORD004230,87.18,3,87.88
PK217,Swetha R,ORD004231,99.43,10,34.43
PK142,Karthik Raj,ORD004232,86.33,12,25.6
PK249,Priya Sharma,ORD004233,92.16,7,16.21
PK082,Swetha R,ORD004234,83.08,3,115.53
PK179,Swetha R,ORD004235,95.76,16,20.59
PK204,Swetha R,ORD004236,89.76,6,20.12
PK221,Rahul Singh,ORD004237,90.67,17,87.33
PK079,Swetha R,ORD004238,99.08,8,49.09
PK212,Anitha S,ORD004239,96.88,11,106.69
PK054,Anitha S,ORD004240,86.52,3,87.45
PK128,Arun Kumar,ORD004241,92.23,6,32.63
PK099,Naveen Kumar,ORD004242,92.31,9,85.69
PK211,Meena Devi,ORD004243,97.96,7,106.96
PK182,Karthik Raj,ORD004244,86.5,10,18.59
PK187,Sanjay Kumar,ORD004245,88.96,12,85.6
PK021,Karthik Raj,ORD004246,88.83,9,24.22
PK010,Harish M,ORD004247,91.55,18,101.77
PK068,Vignesh R,ORD004248,85.14,9,103.94
PK030,Harish M,ORD004249,91.62,15,90.53
PK078,Naveen Kumar,ORD004250,96.66,10,20.84
PK044,Sanjay Kumar,ORD004251,96.03,8,87.27
PK211,Naveen Kumar,ORD004252,97.02,13,82.56
PK211,Anitha S,ORD004253,90.19,8,36.21
PK151,Divya Nair,ORD004254,92.4,12,46.68
PK106,Sanjay Kumar,ORD004255,92.63,18,59.77
PK168,Vignesh R,ORD004256,84.08,17,115.95
PK056,Swetha R,ORD004257,88.88,8,17.77
PK214,Sanjay Kumar,ORD004258,96.68,12,61.56
PK021,Anitha S,ORD004259,94.24,7,86.0
PK141,Arun Kumar,ORD004260,85.57,9,45.55
PK242,Divya Nair,ORD004261,90.06,16,56.93
PK188,Divya Nair,ORD004262,94.85,15,43.15
PK180,Anitha S,ORD004263,92.37,12,113.25
PK145,Harish M,ORD004264,88.2,4,61.96
PK053,Priya Sharma,ORD004265,92.9,6,106.71
PK155,Priya Sharma,ORD004266,99.54,15,37.17
PK107,Harish M,ORD004267,85.18,6,70.51
PK209,Rahul Singh,ORD004268,89.75,20,75.04
PK065,Divya Nair,ORD004269,86.18,18,49.83
PK107,Meena Devi,ORD004270,92.07,11,17.5
PK007,Priya Sharma,ORD004271,82.75,20,108.49
PK073,Swetha R,ORD004272,83.38,8,62.44
PK166,Arun Kumar,ORD004273,89.11,10,49.57
PK033,Arun Kumar,ORD004274,84.03,13,18.67
PK134,Arun Kumar,ORD004275,87.9,13,77.3
PK132,Anitha S,ORD004276,87.7,10,20.12
PK124,Arun Kumar,ORD004277,95.44,17,118.19
PK111,Meena Devi,ORD004278,97.47,17,46.29
PK132,Swetha R,ORD004279,89.47,19,37.88
PK180,Divya Nair,ORD004280,93.42,18,61.38
PK158,Swetha R,ORD004281,97.17,15,56.85
PK216,Naveen Kumar,ORD004282,83.01,19,104.67
PK199,Harish M,ORD004283,97.08,17,118.21
PK134,Vignesh R,ORD004284,89.32,7,38.4
PK129,Swetha R,ORD004285,83.17,7,37.71
PK142,Karthik Raj,ORD004286,89.93,9,53.4
PK223,Priya Sharma,ORD004287,96.22,18,16.3
PK057,Harish M,ORD004288,86.75,11,78.95
PK074,Vignesh R,ORD004289,86.72,19,44.09
PK213,Karthik Raj,ORD004290,93.18,16,58.63
PK226,Meena Devi,ORD004291,93.08,11,79.12
PK237,Rahul Singh,ORD004292,83.72,4,71.58
PK198,Naveen Kumar,ORD004293,86.43,3,24.51
PK189,Harish M,ORD004294,99.37,9,86.12
PK202,Naveen Kumar,ORD004295,88.57,15,36.77
PK237,Priya Sharma,ORD004296,88.22,3,59.65
PK151,Harish M,ORD004297,94.59,3,106.38
PK061,Vignesh R,ORD004298,95.17,15,68.5
PK209,Divya Nair,ORD004299,82.86,16,35.85
PK109,Anitha S,ORD004300,82.79,19,33.28
PK028,Sanjay Kumar,ORD004301,86.45,4,108.71
PK172,Arun Kumar,ORD004302,97.56,12,33.03
PK127,Harish M,ORD004303,98.94,18,53.85
PK121,Vignesh R,ORD004304,92.87,13,27.67
PK063,Divya Nair,ORD004305,90.74,16,31.93
PK144,Divya Nair,ORD004306,95.71,18,93.64
PK147,Karthik Raj,ORD004307,83.13,19,67.68
PK069,Meena Devi,ORD004308,90.83,18,115.16
PK031,Rahul Singh,ORD004309,92.4,10,69.55
PK140,Vignesh R,ORD004310,97.81,6,85.91
PK007,Arun Kumar,ORD004311,89.93,12,116.69
PK061,Anitha S,ORD004312,86.87,5,79.75
PK054,Divya Nair,ORD004313,97.17,6,73.56
PK245,Rahul Singh,ORD004314,90.46,10,92.0
PK120,Arun Kumar,ORD004315,87.44,12,109.39
PK056,Arun Kumar,ORD004316,86.73,-2,25.23
PK201,Rahul Singh,ORD004317,82.52,19,50.85
PK066,Swetha R,ORD004318,85.58,14,85.66
PK067,Meena Devi,ORD004319,94.74,7,91.65
PK029,Divya Nair,ORD004320,85.07,20,86.87
PK046,Vignesh R,ORD004321,85.87,15,80.58
PK039,Anitha S,ORD004322,98.73,7,113.07
PK154,Rahul Singh,ORD004323,96.83,20,98.19
PK230,Naveen Kumar,ORD004324,87.59,3,62.41
PK024,Naveen Kumar,ORD004325,87.98,7,117.2
PK215,Arun Kumar,ORD004326,91.31,5,28.88
PK067,Karthik Raj,ORD004327,84.51,10,104.02
PK018,Divya Nair,ORD004328,95.51,8,32.62
PK059,Naveen Kumar,ORD004329,98.14,20,94.51
PK033,Naveen Kumar,ORD004330,90.56,12,84.85
PK087,Swetha R,ORD004331,85.94,12,72.56
PK120,Vignesh R,ORD004332,96.29,17,118.94
PK070,Sanjay Kumar,ORD004333,87.97,14,26.78
PK241,Divya Nair,ORD004334,88.95,13,71.21
PK168,Karthik Raj,ORD004335,88.95,14,67.78
PK182,Divya Nair,ORD004336,82.53,14,99.8
PK227,Meena Devi,ORD004337,88.78,14,62.13
PK219,Priya Sharma,ORD004338,86.82,18,23.18
PK072,Harish M,ORD004339,82.16,20,113.8
PK219,Meena Devi,ORD004340,90.08,15,97.29
PK111,Naveen Kumar,ORD004341,96.84,10,44.46
PK031,Rahul Singh,ORD004342,86.52,5,103.91
PK191,Vignesh R,ORD004343,92.76,18,70.36
PK088,Swetha R,ORD004344,91.67,17,111.91
PK007,Swetha R,ORD004345,99.18,18,105.03
PK050,Divya Nair,ORD004346,95.85,17,113.56
PK192,Swetha R,ORD004347,89.85,4,50.18
PK013,Naveen Kumar,ORD004348,82.49,10,90.35
PK046,Vignesh R,ORD004349,88.08,13,96.09
PK093,Swetha R,ORD004350,89.45,16,85.79
PK206,Divya Nair,ORD004351,84.1,13,47.79
PK095,Swetha R,ORD004352,90.34,10,70.67
PK063,Arun Kumar,ORD004353,85.21,4,95.24
PK197,Swetha R,ORD004354,89.07,19,19.47
PK074,Rahul Singh,ORD004355,94.1,19,82.62
PK024,Naveen Kumar,ORD004356,90.98,7,68.77
PK050,Priya Sharma,ORD004357,95.71,5,37.79
PK228,Naveen Kumar,ORD004358,94.41,6,72.17
PK234,Karthik Raj,ORD004359,95.85,18,61.68
PK141,Rahul Singh,ORD004360,86.84,3,112.38
PK144,Karthik Raj,ORD004361,98.75,9,23.8
PK007,Meena Devi,ORD004362,97.43,9,49.3
PK103,Naveen Kumar,ORD004363,84.6,17,108.24
PK074,Karthik Raj,ORD004364,82.44,9,44.88
PK179,Anitha S,ORD004365,87.21,13,24.16
PK023,Arun Kumar,ORD004366,93.3,6,58.62
PK014,Arun Kumar,ORD004367,83.35,19,88.12
PK110,Harish M,ORD004368,90.46,5,96.42
PK061,Divya Nair,ORD004369,95.33,14,94.08
PK081,Anitha S,ORD004370,87.14,4,36.85
PK206,Swetha R,ORD004371,97.65,8,112.37
PK024,Karthik Raj,ORD004372,99.54,6,63.13
PK064,Vignesh R,ORD004373,83.29,3,71.53
PK241,Priya Sharma,ORD004374,84.54,20,98.84
PK154,Arun Kumar,ORD004375,90.17,14,77.47
PK106,Swetha R,ORD004376,88.11,8,102.89
PK133,Swetha R,ORD004377,93.67,16,19.66
PK164,Divya Nair,ORD004378,88.75,17,88.37
PK049,Priya Sharma,ORD004379,86.09,12,93.4
PK102,Divya Nair,ORD004380,83.42,4,68.97
PK127,Meena Devi,ORD004381,97.98,6,71.86
PK135,Meena Devi,ORD004382,91.94,13,34.16
PK227,Anitha S,ORD004383,99.43,18,82.93
PK244,Karthik Raj,ORD004384,96.96,19,87.95
PK017,Arun Kumar,ORD004385,88.47,6,75.15
PK089,Priya Sharma,ORD004386,99.91,7,49.71
PK020,Vignesh R,ORD004387,84.92,8,22.58
PK238,Vignesh R,ORD004388,87.47,11,31.11
PK224,Harish M,ORD004389,95.41,9,62.78
PK187,Meena Devi,ORD004390,83.82,20,95.26
PK092,Vignesh R,ORD004391,95.89,19,56.08
PK116,Vignesh R,ORD004392,89.08,20,79.91
PK062,Rahul Singh,ORD004393,94.79,13,68.35
PK229,Vignesh R,ORD004394,87.54,7,58.89
PK064,Karthik Raj,ORD004395,84.24,15,104.71
PK051,Vignesh R,ORD004396,85.16,12,54.33
PK124,Meena Devi,ORD004397,92.0,3,26.76
PK161,Rahul Singh,ORD004398,95.07,6,94.23
PK005,Priya Sharma,ORD004399,91.09,20,89.79
PK025,Vignesh R,ORD004400,96.31,3,76.6
PK236,Rahul Singh,ORD004401,97.56,7,82.78
PK020,Karthik Raj,ORD004402,97.59,4,89.17
PK169,Arun Kumar,ORD004403,93.22,10,33.91
PK201,Sanjay Kumar,ORD004404,83.23,3,18.68
PK190,Vignesh R,ORD004405,82.95,19,49.65
PK050,Meena Devi,ORD004406,94.59,4,24.66
PK005,Meena Devi,ORD004407,96.54,14,23.92
PK141,Vignesh R,ORD004408,93.39,3,56.78
PK055,Meena Devi,ORD004409,88.11,13,70.07
PK163,Divya Nair,ORD004410,99.54,13,112.53
PK144,Anitha S,ORD004411,91.7,16,26.41
PK177,Arun Kumar,ORD004412,94.93,15,96.74
PK095,Vignesh R,ORD004413,93.07,11,25.35
PK017,Karthik Raj,ORD004414,87.93,15,53.77
PK119,Vignesh R,ORD004415,93.51,9,72.43
PK088,Priya Sharma,ORD004416,99.74,14,85.24
PK087,Divya Nair,ORD004417,87.18,17,56.78
PK200,Arun Kumar,ORD004418,91.3,16,37.86
PK190,Karthik Raj,ORD004419,88.1,8,82.28
PK151,Naveen Kumar,ORD004420,88.18,9,99.92
PK132,Anitha S,ORD004421,98.25,18,56.85
PK119,Rahul Singh,ORD004422,93.28,13,110.06
PK077,Priya Sharma,ORD004423,91.88,11,30.15
PK150,Rahul Singh,ORD004424,98.1,10,69.76
PK127,Arun Kumar,ORD004425,98.06,15,110.01
PK143,Rahul Singh,ORD004426,83.46,9,113.1
PK198,Anitha S,ORD004427,98.05,4,67.31
PK012,Sanjay Kumar,ORD004428,92.89,20,105.37
PK244,Arun Kumar,ORD004429,88.34,10,22.55
PK143,Meena Devi,ORD004430,85.72,18,70.46
PK186,Rahul Singh,ORD004431,97.89,9,91.9
PK183,Rahul Singh,ORD004432,82.82,14,111.98
PK246,Meena Devi,ORD004433,92.0,3,48.05
PK190,Divya Nair,ORD004434,97.36,3,50.44
PK116,Vignesh R,ORD004435,86.0,17,75.61
PK066,Vignesh R,ORD004436,88.96,17,60.58
PK149,Naveen Kumar,ORD004437,82.23,6,36.3
PK103,Rahul Singh,ORD004438,91.3,19,27.59
PK007,Rahul Singh,ORD004439,89.96,11,32.49
PK133,Harish M,ORD004440,87.62,4,68.9
PK191,Swetha R,ORD004441,83.43,5,101.99
PK066,Vignesh R,ORD004442,96.11,15,37.66
PK006,Rahul Singh,ORD004443,94.4,13,21.56
PK040,Arun Kumar,ORD004444,85.33,13,108.16
PK142,Harish M,ORD004445,82.25,8,59.03
PK129,Harish M,ORD004446,83.84,5,75.24
PK055,Sanjay Kumar,ORD004447,98.95,15,33.38
PK071,Arun Kumar,ORD004448,84.09,19,39.26
PK074,Sanjay Kumar,ORD004449,95.85,7,104.17
PK157,Vignesh R,ORD004450,83.08,15,25.16
PK218,Anitha S,ORD004451,91.77,16,97.41
PK160,Swetha R,ORD004452,95.32,5,86.69
PK040,Rahul Singh,ORD004453,96.24,18,66.36
PK102,Priya Sharma,ORD004454,87.78,18,99.09
PK096,Rahul Singh,ORD004455,97.66,9,-25.0
PK050,Harish M,ORD004456,86.97,8,66.25
PK240,Naveen Kumar,ORD004457,90.26,17,92.55
PK074,Divya Nair,ORD004458,97.28,17,45.95
PK100,Divya Nair,ORD004459,85.43,10,18.91
PK117,Rahul Singh,ORD004460,95.86,4,117.23
PK014,Sanjay Kumar,ORD004461,97.33,4,59.1
PK117,Priya Sharma,ORD004462,90.2,3,115.29
PK114,Swetha R,ORD004463,98.38,9,58.85
PK074,Priya Sharma,ORD004464,88.53,18,37.99
PK225,Divya Nair,ORD004465,94.47,11,97.69
PK154,Harish M,ORD004466,97.35,16,60.47
PK059,Arun Kumar,ORD004467,99.49,19,110.23
PK125,Divya Nair,ORD004468,93.42,8,19.43
PK176,Karthik Raj,ORD004469,91.83,4,69.21
PK021,Sanjay Kumar,ORD004470,92.8,19,117.44
PK212,Harish M,ORD004471,93.38,14,63.78
PK005,Vignesh R,ORD004472,95.07,14,104.18
PK179,Harish M,ORD004473,84.73,20,76.64
PK183,Naveen Kumar,ORD004474,88.92,13,56.6
PK179,Rahul Singh,ORD004475,95.07,6,29.54
PK231,Divya Nair,ORD004476,97.5,3,33.09
PK187,Arun Kumar,ORD004477,92.91,13,112.26
PK181,Rahul Singh,ORD004478,93.21,20,89.64
PK150,Meena Devi,ORD004479,86.14,11,96.84
PK187,Divya Nair,ORD004480,97.17,14,107.82
PK167,Sanjay Kumar,ORD004481,84.18,6,72.84
PK021,Meena Devi,ORD004482,94.49,12,29.88
PK242,Naveen Kumar,ORD004483,98.79,5,99.52
PK225,Divya Nair,ORD004484,87.16,12,88.22
PK215,Arun Kumar,ORD004485,89.03,19,40.58
PK088,Naveen Kumar,ORD004486,90.83,19,113.89
PK210,Arun Kumar,ORD004487,85.16,16,70.72
PK142,Anitha S,ORD004488,86.11,17,66.23
PK215,Harish M,ORD004489,93.34,10,16.41
PK118,Harish M,ORD004490,84.35,19,47.84
PK040,Karthik Raj,ORD004491,90.99,6,81.59
PK143,Swetha R,ORD004492,91.24,7,66.47
PK134,Rahul Singh,ORD004493,93.85,18,117.42
PK209,Anitha S,ORD004494,87.34,8,16.47
PK126,Sanjay Kumar,ORD004495,88.97,16,65.19
PK165,Arun Kumar,ORD004496,87.81,7,89.87
PK074,Swetha R,ORD004497,96.9,15,63.02
PK045,Meena Devi,ORD004498,94.61,19,75.81
PK184,Anitha S,ORD004499,97.96,15,63.44
PK090,Priya Sharma,ORD004500,82.26,11,97.98
PK102,Divya Nair,ORD004501,83.86,5,47.49
PK241,Rahul Singh,ORD004502,83.09,16,109.29
PK128,Sanjay Kumar,ORD004503,93.96,8,18.43
PK090,Sanjay Kumar,ORD004504,96.46,10,29.45
PK037,Rahul Singh,ORD004505,87.37,3,28.9
PK082,Harish M,ORD004506,87.91,17,35.44
PK025,Sanjay Kumar,ORD004507,82.23,15,102.44
PK034,Vignesh R,ORD004508,91.64,6,74.89
PK186,Naveen Kumar,ORD004509,99.94,14,102.37
PK179,Priya Sharma,ORD004510,96.87,7,81.59
PK133,Priya Sharma,ORD004511,91.18,14,115.25
PK030,Priya Sharma,ORD004512,99.53,13,93.64
PK082,Harish M,ORD004513,85.88,19,118.81
PK072,Karthik Raj,ORD004514,92.1,5,62.11
PK120,Harish M,ORD004515,94.0,4,65.31
PK099,Vignesh R,ORD004516,99.08,3,47.02
PK145,Sanjay Kumar,ORD004517,99.14,12,64.88
PK246,Vignesh R,ORD004518,84.62,15,97.14
PK148,Naveen Kumar,ORD004519,91.5,10,118.94
PK209,Meena Devi,ORD004520,86.15,13,74.26
PK244,Harish M,ORD004521,85.14,16,60.91
PK216,Naveen Kumar,ORD004522,82.32,20,97.05
PK119,Priya Sharma,ORD004523,87.29,4,40.17
PK109,Arun Kumar,ORD004524,99.03,13,86.15
PK231,Divya Nair,ORD004525,86.84,18,81.28
PK138,Naveen Kumar,ORD004526,86.9,16,107.82
PK003,Priya Sharma,ORD004527,92.17,6,67.38
PK174,Karthik Raj,ORD004528,94.1,6,56.06
PK108,Karthik Raj,ORD004529,93.32,17,23.13
PK120,Anitha S,ORD004530,90.41,12,50.44
PK094,Sanjay Kumar,ORD004531,84.69,11,94.22
PK124,Karthik Raj,ORD004532,88.64,18,78.85
PK015,Arun Kumar,ORD004533,92.75,19,91.75
PK162,Swetha R,ORD004534,85.69,5,112.12
PK041,Naveen Kumar,ORD004535,91.05,6,117.73
PK144,Anitha S,ORD004536,84.75,6,52.79
PK148,Rahul Singh,ORD004537,99.47,10,50.78
PK061,Anitha S,ORD004538,91.28,18,56.33
PK199,Anitha S,ORD004539,94.56,11,44.04
PK233,Divya Nair,ORD004540,85.46,13,42.58
PK215,Meena Devi,ORD004541,86.84,8,52.6
PK092,Priya Sharma,ORD004542,84.45,16,86.82
PK051,Naveen Kumar,ORD004543,94.68,7,103.14
PK013,Anitha S,ORD004544,83.07,10,57.16
PK202,Divya Nair,ORD004545,95.97,10,99.62
PK081,Divya Nair,ORD004546,96.44,6,67.8
PK019,Anitha S,ORD004547,97.06,7,30.48
PK025,Priya Sharma,ORD004548,98.03,16,58.0
PK065,Priya Sharma,ORD004549,97.55,7,46.14
PK242,Sanjay Kumar,ORD004550,88.76,15,90.45
PK076,Meena Devi,ORD004551,85.75,19,20.7
PK175,Naveen Kumar,ORD004552,84.23,5,19.39
PK029,Meena Devi,ORD004553,85.72,4,102.58
PK064,Naveen Kumar,ORD004554,99.47,13,39.57
PK066,Meena Devi,ORD004555,98.28,8,102.74
PK129,Priya Sharma,ORD004556,92.1,3,52.86
PK224,Rahul Singh,ORD004557,94.7,7,38.28
PK202,Vignesh R,ORD004558,91.53,7,56.85
PK094,Vignesh R,ORD004559,84.9,13,19.8
PK197,Karthik Raj,ORD004560,89.9,14,118.3
PK073,Meena Devi,ORD004561,92.92,14,69.14
PK133,Arun Kumar,ORD004562,99.95,7,71.48
PK119,Sanjay Kumar,ORD004563,84.54,9,102.0
PK066,Arun Kumar,ORD004564,82.84,19,23.32
PK196,Anitha S,ORD004565,85.53,14,42.0
PK058,Harish M,ORD004566,89.85,6,97.2
PK212,Priya Sharma,ORD004567,87.16,16,107.77
PK191,Swetha R,ORD004568,83.78,12,25.78
PK025,Priya Sharma,ORD004569,88.96,3,15.4
PK231,Meena Devi,ORD004570,86.79,10,43.81
PK209,Swetha R,ORD004571,84.5,7,21.99
PK226,Karthik Raj,ORD004572,84.2,6,17.08
PK082,Naveen Kumar,ORD004573,95.97,20,82.31
PK221,Divya Nair,ORD004574,82.63,4,29.21
PK002,Arun Kumar,ORD004575,82.73,6,43.98
PK230,Harish M,ORD004576,93.9,18,80.28
PK216,Meena Devi,ORD004577,94.68,15,39.08
PK228,Swetha R,ORD004578,89.87,4,103.04
PK235,Priya Sharma,ORD004579,88.37,11,35.23
PK064,Meena Devi,ORD004580,95.91,16,81.3
PK048,Anitha S,ORD004581,97.13,19,106.38
PK166,Karthik Raj,ORD004582,85.64,4,89.07
PK114,Naveen Kumar,ORD004583,91.53,10,50.73
PK029,Meena Devi,ORD004584,83.2,11,37.33
PK034,Sanjay Kumar,ORD004585,99.44,4,29.99
PK199,Priya Sharma,ORD004586,88.99,17,29.69
PK161,Naveen Kumar,ORD004587,96.45,15,105.94
PK034,Karthik Raj,ORD004588,83.12,14,107.85
PK036,Harish M,ORD004589,85.76,6,47.1
PK225,Rahul Singh,ORD004590,87.72,6,88.14
PK246,Swetha R,ORD004591,89.35,7,41.57
PK124,Karthik Raj,ORD004592,94.3,4,74.61
PK119,Rahul Singh,ORD004593,92.09,11,104.75
PK248,Sanjay Kumar,ORD004594,82.13,3,93.5
PK127,Arun Kumar,ORD004595,96.23,11,107.7
PK213,Swetha R,ORD004596,83.29,8,16.52
PK193,Arun Kumar,ORD004597,98.65,3,64.83
PK161,Rahul Singh,ORD004598,85.12,3,35.87
PK246,Vignesh R,ORD004599,87.42,20,19.06
PK080,Sanjay Kumar,ORD004600,98.84,20,53.92
PK178,Sanjay Kumar,ORD004601,95.23,4,81.12
PK069,Naveen Kumar,ORD004602,96.36,9,92.08
PK191,Arun Kumar,ORD004603,93.24,9,85.03
PK039,Swetha R,ORD004604,95.75,3,113.29
PK138,Rahul Singh,ORD004605,93.19,14,83.89
PK177,Priya Sharma,ORD004606,96.13,19,34.03
PK046,Vignesh R,ORD004607,85.52,3,86.14
PK081,Arun Kumar,ORD004608,91.71,11,95.91
PK048,Divya Nair,ORD004609,84.83,19,78.92
PK197,Vignesh R,ORD004610,87.19,19,89.32
PK167,Swetha R,ORD004611,92.76,6,15.95
PK147,Harish M,ORD004612,93.04,13,49.91
PK146,Arun Kumar,ORD004613,89.69,3,79.26
PK018,Vignesh R,ORD004614,85.91,17,24.82
PK087,Rahul Singh,ORD004615,89.58,4,80.09
PK096,Swetha R,ORD004616,82.76,6,22.88
PK248,Karthik Raj,ORD004617,99.48,12,96.06
PK211,Swetha R,ORD004618,91.88,13,45.75
PK101,Divya Nair,ORD004619,93.69,4,94.14
PK136,Arun Kumar,ORD004620,87.45,20,89.0
PK121,Priya Sharma,ORD004621,89.47,16,79.81
PK158,Meena Devi,ORD004622,97.95,12,22.53
PK092,Divya Nair,ORD004623,92.53,20,71.26
PK130,Divya Nair,ORD004624,83.19,3,70.92
PK219,Divya Nair,ORD004625,87.34,17,119.2
PK201,Harish M,ORD004626,88.93,3,99.29
PK028,Arun Kumar,ORD004627,97.81,10,79.4
PK229,Naveen Kumar,ORD004628,96.67,7,118.8
PK031,Karthik Raj,ORD004629,93.91,19,42.38
PK159,Anitha S,ORD004630,91.05,15,35.32
PK130,Rahul Singh,ORD004631,96.29,11,83.98
PK017,Rahul Singh,ORD004632,85.09,12,112.87
PK194,Meena Devi,ORD004633,96.35,11,110.86
PK068,Swetha R,ORD004634,93.62,13,106.84
PK191,Swetha R,ORD004635,92.4,18,72.41
PK236,Swetha R,ORD004636,99.21,3,34.77
PK156,Harish M,ORD004637,88.61,12,108.49
PK056,Karthik Raj,ORD004638,99.32,12,110.75
PK042,Rahul Singh,ORD004639,85.08,13,85.25
PK216,Harish M,ORD004640,92.06,16,19.24
PK028,Priya Sharma,ORD004641,85.34,9,105.82
PK039, Rahul Singh ,ORD004642,85.73,4,59.77
PK072,Rahul Singh,ORD004643,91.59,11,50.03
PK161,Meena Devi,ORD004644,83.21,18,72.14
PK197,Rahul Singh,ORD004645,98.56,6,103.2
PK042,Meena Devi,ORD004646,98.43,14,40.35
PK204,Rahul Singh,ORD004647,84.53,5,51.71
PK221,Swetha R,ORD004648,87.78,16,57.3
PK130,Arun Kumar,ORD004649,91.08,17,44.86
PK125,Vignesh R,ORD004650,96.62,7,42.4
PK065,Sanjay Kumar,ORD004651,89.15,17,90.67
PK010,Naveen Kumar,ORD004652,99.26,7,55.14
PK119,Naveen Kumar,ORD004653,92.24,19,66.74
PK133,Meena Devi,ORD004654,92.03,6,60.64
PK181,Harish M,ORD004655,93.08,16,98.89
PK019,Harish M,ORD004656,99.09,14,58.67
PK131,Swetha R,ORD004657,90.31,16,108.9
PK001,Anitha S,ORD004658,98.33,15,23.37
PK112,Karthik Raj,ORD004659,98.41,5,82.98
PK156,Swetha R,ORD004660,98.6,8,86.97
PK175,Meena Devi,ORD004661,84.49,7,102.33
PK182,Harish M,ORD004662,99.4,16,18.56
PK224,Rahul Singh,ORD004663,83.24,16,97.53
PK067,Vignesh R,ORD004664,92.87,8,51.54
PK183,Naveen Kumar,ORD004665,95.67,15,35.83
PK237,Naveen Kumar,ORD004666,99.74,7,105.94
PK120,Sanjay Kumar,ORD004667,82.44,20,44.11
PK206,Rahul Singh,ORD004668,83.29,16,94.42
PK015,Arun Kumar,ORD004669,93.19,15,83.9
PK080,Divya Nair,ORD004670,95.22,3,75.76
PK184,Naveen Kumar,ORD004671,84.64,13,65.96
PK085,Anitha S,ORD004672,94.01,19,69.94
PK232,Rahul Singh,ORD004673,90.07,15,69.09
PK003,Rahul Singh,ORD004674,95.54,16,80.9
PK059,Karthik Raj,ORD004675,94.21,16,44.76
PK114,Harish M,ORD004676,83.43,8,91.56
PK064,Priya Sharma,ORD004677,86.22,12,89.73
PK055,Divya Nair,ORD004678,83.52,19,98.35
PK142,Vignesh R,ORD004679,93.88,15,113.33
PK208,Naveen Kumar,ORD004680,92.84,8,68.54
PK057,Sanjay Kumar,ORD004681,96.87,10,114.13
PK096,Vignesh R,ORD004682,99.69,9,93.3
PK200,Rahul Singh,ORD004683,98.54,13,46.61
PK016,Meena Devi,ORD004684,95.6,7,87.96
PK238,Arun Kumar,ORD004685,86.59,9,65.28
PK238,Divya Nair,ORD004686,96.31,7,79.85
PK011,Sanjay Kumar,ORD004687,87.82,20,49.76
PK085,Anitha S,ORD004688,92.43,5,16.64
PK228,Vignesh R,ORD004689,99.31,13,24.6
PK182,Sanjay Kumar,ORD004690,88.62,18,59.82
PK063,Karthik Raj,ORD004691,88.3,6,103.52
PK160,Anitha S,ORD004692,99.35,5,80.84
PK127,Divya Nair,ORD004693,89.36,6,100.77
PK051,Anitha S,ORD004694,96.9,18,44.75
PK226,Swetha R,ORD004695,84.08,5,86.53
PK117,Swetha R,ORD004696,82.5,16,16.83
PK086,Naveen Kumar,ORD004697,86.63,15,54.29
PK116,Priya Sharma,ORD004698,94.08,8,64.19
PK211,Sanjay Kumar,ORD004699,90.78,3,103.42
PK081,Meena Devi,ORD004700,83.63,15,40.5
PK212,Harish M,ORD004701,90.64,14,107.63
PK053,Divya Nair,ORD004702,88.83,17,58.37
PK245,Sanjay Kumar,ORD004703,87.8,8,42.3
PK231,Arun Kumar,ORD004704,82.34,18,117.26
PK186,Naveen Kumar,ORD004705,91.66,20,100.99
PK214,Harish M,ORD004706,91.11,20,67.64
PK228,Meena Devi,ORD004707,87.37,12,105.06
PK002,Anitha S,ORD004708,89.02,17,110.39
PK052,Vignesh R,ORD004709,88.84,14,116.6
PK225,Swetha R,ORD004710,91.71,19,72.34
PK050,Swetha R,ORD004711,91.91,6,88.13
PK196,Rahul Singh,ORD004712,95.81,10,115.91
PK217,Karthik Raj,ORD004713,85.69,9,99.31
PK052,Karthik Raj,ORD004714,93.86,6,35.78
PK003,Vignesh R,ORD004715,90.31,20,49.65
PK212,Meena Devi,ORD004716,85.61,13,85.44
PK207,Swetha R,ORD004717,82.7,13,65.46
PK032,Harish M,ORD004718,90.26,8,116.65
PK250,Arun Kumar,ORD004719,93.83,4,84.0
PK106,Harish M,ORD004720,85.87,4,65.77
PK089,Karthik Raj,ORD004721,82.91,3,57.45
PK175,Meena Devi,ORD004722,84.0,19,103.28
PK129,Meena Devi,ORD004723,83.76,8,27.1
PK190,Karthik Raj,ORD004724,90.07,17,99.3
PK221,Naveen Kumar,ORD004725,88.94,10,61.25
PK219,Divya Nair,ORD004726,92.01,12,72.44
PK128,Anitha S,ORD004727,84.16,18,88.36
PK122,Priya Sharma,ORD004728,89.76,18,23.27
PK229,Divya Nair,ORD004729,97.93,11,31.89
PK234,Rahul Singh,ORD004730,97.62,19,75.48
PK023,Meena Devi,ORD004731,98.03,17,18.6
PK195,Sanjay Kumar,ORD004732,86.05,15,77.56
PK121,Meena Devi,ORD004733,82.5,9,15.43
PK124,Vignesh R,ORD004734,95.75,7,115.06
PK143,Naveen Kumar,ORD004735,92.62,8,42.84
PK249,Arun Kumar,ORD004736,99.75,17,81.02
PK026,Naveen Kumar,ORD004737,97.7,12,56.1
PK182,Arun Kumar,ORD004738,88.46,15,68.85
PK020,Anitha S,ORD004739,84.37,8,79.92
PK092,Harish M,ORD004740,92.97,16,54.88
PK154,Rahul Singh,ORD004741,99.14,13,35.99
PK056,Rahul Singh,ORD004742,84.15,18,27.05
PK015,Swetha R,ORD004743,93.66,19,61.56
PK026,Anitha S,ORD004744,93.36,17,80.02
PK026,Arun Kumar,ORD004745,92.1,10,114.54
PK091,Swetha R,ORD004746,96.91,5,31.27
PK008,Divya Nair,ORD004747,97.89,15,79.42
PK111,Harish M,ORD004748,92.66,17,101.59
PK250,Sanjay Kumar,ORD004749,88.58,7,78.84
PK248,Vignesh R,ORD004750,97.08,4,28.48
PK047,Karthik Raj,ORD004751,95.92,13,63.22
PK125,Anitha S,ORD004752,93.34,12,60.46
PK039,Rahul Singh,ORD004753,89.09,3,47.39
PK212,Vignesh R,ORD004754,92.23,20,82.87
PK167,Divya Nair,ORD004755,97.52,7,89.0
PK018,Anitha S,ORD004756,98.53,14,39.95
PK243,Vignesh R,ORD004757,90.9,14,94.09
PK133,Naveen Kumar,ORD004758,88.0,14,66.21
PK195,Anitha S,ORD004759,99.7,20,37.9
PK235,Naveen Kumar,ORD004760,87.79,17,107.8
PK051,Swetha R,ORD004761,99.42,17,62.94
PK143,Vignesh R,ORD004762,98.35,6,88.33
PK201,Karthik Raj,ORD004763,90.66,6,108.91
PK102,Meena Devi,ORD004764,91.24,9,76.6
PK104,Priya Sharma,ORD004765,93.96,20,25.37
PK058,Priya Sharma,ORD004766,98.52,17,30.41
PK223,Divya Nair,ORD004767,99.45,5,96.21
PK088,Divya Nair,ORD004768,95.34,15,61.8
PK128,Sanjay Kumar,ORD004769,84.41,17,98.7
PK160,Rahul Singh,ORD004770,94.8,19,87.99
PK112,Swetha R,ORD004771,88.02,15,62.13
PK097,Sanjay Kumar,ORD004772,89.47,20,59.27
PK016,Anitha S,ORD004773,91.32,9,59.49
PK212,Sanjay Kumar,ORD004774,83.8,5,57.71
PK101,Divya Nair,ORD004775,93.71,5,22.61
PK109, Meena Devi ,ORD004776,99.11,13,63.61
PK227,Naveen Kumar,ORD004777,83.5,5,41.74
PK124,Priya Sharma,ORD004778,88.44,18,46.72
PK184,Divya Nair,ORD004779,97.85,7,96.05
PK024,Vignesh R,ORD004780,91.04,14,28.08
PK096,Priya Sharma,ORD004781,95.67,3,51.01
PK200,Swetha R,ORD004782,88.85,6,61.15
PK075,Priya Sharma,ORD004783,89.44,17,98.29
PK086,Divya Nair,ORD004784,83.64,4,53.6
PK001,Naveen Kumar,ORD004785,84.12,19,75.66
PK234,Karthik Raj,ORD004786,94.05,3,31.35
PK002,Divya Nair,ORD004787,83.82,15,71.28
PK079,Meena Devi,ORD004788,87.39,20,61.48
PK182,Rahul Singh,ORD004789,82.04,18,20.78
PK237,Meena Devi,ORD004790,83.35,20,109.1
PK144,Swetha R,ORD004791,93.29,12,76.75
PK225,Meena Devi,ORD004792,92.24,17,39.21
PK012,Karthik Raj,ORD004793,88.67,19,21.03
PK064,Meena Devi,ORD004794,92.94,7,54.12
PK148,Karthik Raj,ORD004795,86.4,5,112.69
PK001,Priya Sharma,ORD004796,84.9,4,42.63
PK160,Arun Kumar,ORD004797,85.43,15,57.04
PK002,Harish M,ORD004798,90.43,18,57.84
PK050,Naveen Kumar,ORD004799,88.04,3,16.41
PK202,Karthik Raj,ORD004800,90.51,13,111.1
PK145,Karthik Raj,ORD004801,97.82,11,53.58
PK144,Priya Sharma,ORD004802,85.55,8,64.39
PK234,Vignesh R,ORD004803,93.66,20,75.91
PK235,Naveen Kumar,ORD004804,98.02,14,108.43
PK199,Karthik Raj,ORD004805,98.56,11,89.85
PK202,Sanjay Kumar,ORD004806,82.87,15,46.8
PK030,Swetha R,ORD004807,82.76,12,31.52
PK049,Naveen Kumar,ORD004808,92.62,15,34.25
PK204,Meena Devi,ORD004809,92.77,5,61.29
PK125,Harish M,ORD004810,83.89,14,47.17
PK088,Karthik Raj,ORD004811,94.68,9,43.17
PK038,Harish M,ORD004812,93.48,19,95.0
PK191,Priya Sharma,ORD004813,94.24,14,86.41
PK067,Harish M,ORD004814,88.19,12,65.09
PK092,Harish M,ORD004815,89.25,6,115.74
PK176,Sanjay Kumar,ORD004816,83.98,18,62.78
PK217,Meena Devi,ORD004817,89.64,20,106.68
PK050,Arun Kumar,ORD004818,90.12,14,71.04
PK175,Rahul Singh,ORD004819,86.76,15,17.43
PK183,Anitha S,ORD004820,84.85,4,35.77
PK088,Vignesh R,ORD004821,89.53,7,104.48
PK141,Rahul Singh,ORD004822,90.7,7,24.11
PK149,Karthik Raj,ORD004823,85.32,17,98.62
PK041,Arun Kumar,ORD004824,90.65,5,89.37
PK195,Swetha R,ORD004825,89.06,19,36.83
PK187,Harish M,ORD004826,88.62,15,59.36
PK189,Karthik Raj,ORD004827,89.64,18,72.89
PK159,Harish M,ORD004828,82.14,14,50.57
PK212,Harish M,ORD004829,99.73,6,96.63
PK212,Meena Devi,ORD004830,97.71,3,50.8
PK187,Sanjay Kumar,ORD004831,96.96,9,66.41
PK079,Naveen Kumar,ORD004832,96.79,12,51.82
PK108,Vignesh R,ORD004833,99.69,20,35.11
PK171,Divya Nair,ORD004834,90.03,12,35.52
PK159,Rahul Singh,ORD004835,95.31,4,81.2
PK042,Priya Sharma,ORD004836,94.42,9,114.07
PK087,Harish M,ORD004837,84.49,4,102.49
PK079,Harish M,ORD004838,91.56,18,60.07
PK113,Rahul Singh,ORD004839,92.67,5,17.16
PK119,Naveen Kumar,ORD004840,89.32,12,80.19
PK170,Anitha S,ORD004841,87.23,5,80.24
PK170,Harish M,ORD004842,83.64,20,30.18
PK101,Swetha R,ORD004843,86.9,19,40.57
PK172,Priya Sharma,ORD004844,93.08,7,56.77
PK199,Rahul Singh,ORD004845,93.02,12,77.9
PK135,Arun Kumar,ORD004846,87.0,6,103.06
PK128,Priya Sharma,ORD004847,97.43,18,113.0
PK156,Rahul Singh,ORD004848,99.03,3,71.17
PK104,Rahul Singh,ORD004849,84.6,5,27.43
PK197,Vignesh R,ORD004850,87.37,6,22.59
PK194,Vignesh R,ORD004851,94.75,5,89.34
PK169,Karthik Raj,ORD004852,95.32,10,24.05
PK142,Harish M,ORD004853,95.87,16,29.88
PK175,Anitha S,ORD004854,92.97,10,94.16
PK210,Harish M,ORD004855,89.5,14,49.93
PK234,Swetha R,ORD004856,83.56,6,69.18
PK075,Arun Kumar,ORD004857,84.08,20,16.31
PK032,Swetha R,ORD004858,95.0,9,32.6
PK062,Karthik Raj,ORD004859,97.15,11,82.07
PK207,Priya Sharma,ORD004860,90.6,8,59.15
PK205,Divya Nair,ORD004861,95.74,9,26.18
PK063,Swetha R,ORD004862,94.27,11,63.92
PK163,Vignesh R,ORD004863,87.64,20,69.11
PK187,Rahul Singh,ORD004864,82.2,19,56.66
PK057,Vignesh R,ORD004865,94.28,10,32.45
PK064,Swetha R,ORD004866,91.04,13,111.72
PK230,,ORD004867,99.5,16,17.07
PK054,Priya Sharma,ORD004868,89.65,19,60.22
PK080,Rahul Singh,ORD004869,90.36,6,58.19
PK165,Rahul Singh,ORD004870,97.73,7,41.99
PK249,Divya Nair,ORD004871,94.11,12,34.28
PK002,Karthik Raj,ORD004872,83.28,11,75.89
PK136,Swetha R,ORD004873,93.92,15,64.81
PK174,Meena Devi,ORD004874,94.8,15,80.67
PK179,Arun Kumar,ORD004875,82.53,3,16.07
PK180,Naveen Kumar,ORD004876,99.64,17,45.34
PK164,Vignesh R,ORD004877,89.06,12,106.61
PK084,Sanjay Kumar,ORD004878,96.16,3,112.22
PK041,Divya Nair,ORD004879,82.8,19,114.58
PK098,Harish M,ORD004880,86.25,18,118.46
PK101,Swetha R,ORD004881,87.8,17,107.24
PK159,Sanjay Kumar,ORD004882,98.77,12,49.22
PK217,Vignesh R,ORD004883,93.89,20,20.47
PK116,Meena Devi,ORD004884,85.52,11,42.6
PK084,Anitha S,ORD004885,84.2,8,17.88
PK081,Karthik Raj,ORD004886,88.51,18,46.06
PK103,Naveen Kumar,ORD004887,82.46,4,30.67
PK015,Karthik Raj,ORD004888,89.38,17,62.74
PK090,Naveen Kumar,ORD004889,83.41,11,81.6
PK189,Swetha R,ORD004890,82.8,6,30.09
PK199,Priya Sharma,ORD004891,94.82,13,86.1
PK033,Priya Sharma,ORD004892,95.38,14,55.51
PK099,Sanjay Kumar,ORD004893,87.13,13,113.49
PK065,Anitha S,ORD004894,99.08,8,26.31
PK119,Vignesh R,ORD004895,97.85,19,51.27
PK030,Swetha R,ORD004896,95.93,16,96.92
PK122,Arun Kumar,ORD004897,88.21,14,18.32
PK135,Swetha R,ORD004898,89.23,3,66.89
PK079,Rahul Singh,ORD004899,94.25,17,93.15
PK116,Rahul Singh,ORD004900,94.35,5,114.65
PK045,Harish M,ORD004901,83.4,4,92.97
PK237,Priya Sharma,ORD004902,99.64,8,51.9
PK164,Swetha R,ORD004903,91.46,10,109.35
PK060,Sanjay Kumar,ORD004904,93.27,10,71.23
PK015,Priya Sharma,ORD004905,83.56,7,93.11
PK099,Swetha R,ORD004906,91.25,16,57.28
PK221,Swetha R,ORD004907,99.05,15,39.67
PK125,Vignesh R,ORD004908,84.47,18,62.76
PK068,Meena Devi,ORD004909,92.14,3,94.92
PK089,Naveen Kumar,ORD004910,88.94,19,77.15
PK050,Meena Devi,ORD004911,99.25,19,25.97
PK013,Divya Nair,ORD004912,82.78,9,40.15
PK098,Naveen Kumar,ORD004913,86.79,9,31.41
PK058,Sanjay Kumar,ORD004914,95.47,12,46.11
PK100,Vignesh R,ORD004915,93.5,7,65.33
PK102,Anitha S,ORD004916,96.85,20,69.92
PK169,Karthik Raj,ORD004917,89.41,15,64.45
PK203,Meena Devi,ORD004918,90.26,20,80.09
PK074,Rahul Singh,ORD004919,93.44,9,94.0
PK132,Vignesh R,ORD004920,84.38,9,23.59
PK225,Sanjay Kumar,ORD004921,90.84,10,98.43
PK026,Arun Kumar,ORD004922,90.81,6,66.42
PK210,Meena Devi,ORD004923,92.25,18,81.76
PK097,Naveen Kumar,ORD004924,94.17,17,118.74
PK042,Naveen Kumar,ORD004925,94.45,15,87.95
PK200,Harish M,ORD004926,86.39,12,15.19
PK244,Karthik Raj,ORD004927,87.7,7,61.28
PK064,Karthik Raj,ORD004928,96.3,20,57.86
PK207,Rahul Singh,ORD004929,90.66,3,17.41
PK239,Anitha S,ORD004930,87.46,16,82.28
PK221,Vignesh R,ORD004931,99.42,6,52.33
PK151,Anitha S,ORD004932,83.59,17,38.12
PK012,Sanjay Kumar,ORD004933,82.13,10,87.51
PK183,Divya Nair,ORD004934,93.71,13,59.06
PK056,Priya Sharma,ORD004935,97.15,13,68.8
PK226,Rahul Singh,ORD004936,95.18,14,35.65
PK173,Arun Kumar,ORD004937,88.93,16,62.69
PK230,Naveen Kumar,ORD004938,88.5,3,107.38
PK169,Rahul Singh,ORD004939,94.25,8,56.65
PK060,Arun Kumar,ORD004940,92.84,4,86.29
PK147,Meena Devi,ORD004941,87.08,20,69.22
PK184,Harish M,ORD004942,83.52,5,100.94
PK241,Rahul Singh,ORD004943,85.54,18,97.67
PK092,Swetha R,ORD004944,97.77,19,89.95
PK052,Sanjay Kumar,ORD004945,88.29,12,38.11
PK222,Priya Sharma,ORD004946,88.18,17,91.13
PK176,Swetha R,ORD004947,93.41,7,74.52
PK096,Meena Devi,ORD004948,95.21,19,106.8
PK042,Karthik Raj,ORD004949,88.33,12,18.32
PK225,Sanjay Kumar,ORD004950,96.38,17,30.9
PK171,Arun Kumar,ORD004951,97.64,9,86.05
PK087,Karthik Raj,ORD004952,97.35,16,63.66
PK206,Naveen Kumar,ORD004953,85.91,8,53.07
PK124,Arun Kumar,ORD004954,88.23,11,63.02
PK039,Harish M,ORD004955,86.06,11,39.93
PK016,Rahul Singh,ORD004956,83.14,16,114.62
PK167,Harish M,ORD004957,94.78,6,106.97
PK171,Rahul Singh,ORD004958,89.91,8,46.9
PK067,Anitha S,ORD004959,92.52,9,56.71
PK175,Sanjay Kumar,ORD004960,91.99,16,72.89
PK220,Harish M,ORD004961,84.43,20,94.29
PK171,Vignesh R,ORD004962,90.15,11,106.06
PK201,Priya Sharma,ORD004963,84.02,16,91.46
PK183,Arun Kumar,ORD004964,85.66,13,68.97
PK174,Divya Nair,ORD004965,89.59,20,87.85
PK220,Divya Nair,ORD004966,89.02,8,79.72
PK090,Priya Sharma,ORD004967,99.79,7,95.8
PK140,Arun Kumar,ORD004968,85.29,13,113.66
PK007,Swetha R,ORD004969,93.84,6,66.47
PK201,Divya Nair,ORD004970,83.65,15,95.87
PK245,Karthik Raj,ORD004971,83.91,10,44.5
PK041,Divya Nair,ORD004972,92.52,6,114.25
PK054,Priya Sharma,ORD004973,85.77,17,39.62
PK135,Harish M,ORD004974,88.94,19,109.0
PK193,Meena Devi,ORD004975,99.85,13,21.43
PK076,Karthik Raj,ORD004976,83.02,20,67.75
PK122,Harish M,ORD004977,98.39,7,15.04
PK095,Harish M,ORD004978,90.62,18,61.85
PK103,Karthik Raj,ORD004979,87.1,14,100.15
PK129,Harish M,ORD004980,93.16,5,96.5
PK100,Harish M,ORD004981,92.58,17,91.2
PK022,Divya Nair,ORD004982,90.33,11,92.89
PK184,Meena Devi,ORD004983,86.0,4,73.1
PK241,Arun Kumar,ORD004984,97.6,14,119.1
PK129,Divya Nair,ORD004985,95.85,18,55.42
PK184,Vignesh R,ORD004986,95.27,5,110.75
PK100,Arun Kumar,ORD004987,90.15,10,36.96
PK146,Karthik Raj,ORD004988,91.97,20,68.91
PK226,Priya Sharma,ORD004989,97.52,16,111.14
PK165,Sanjay Kumar,ORD004990,88.09,17,16.91
PK040,Meena Devi,ORD004991,85.99,10,100.38
PK014,Vignesh R,ORD004992,87.2,3,45.89
PK235,Harish M,ORD004993,84.53,3,51.74
PK014,Anitha S,ORD004994,97.49,3,112.65
PK163,Priya Sharma,ORD004995,93.15,12,102.9
PK072,Meena Devi,ORD004996,86.61,20,75.03
PK171,Rahul Singh,ORD004997,95.73,12,27.72
PK143,Sanjay Kumar,ORD004998,86.12,20,85.37
PK073,Arun Kumar,ORD004999,92.58,4,16.62
PK148,Sanjay Kumar,ORD005000,92.24,20,74.85
PK152,Swetha R,ORD005001,97.97,19,82.8
PK134,Arun Kumar,ORD005002,88.64,5,19.43
PK140,Anitha S,ORD005003,99.43,6,45.64
PK109,Vignesh R,ORD005004,88.0,18,78.07
PK039,Vignesh R,ORD005005,99.6,6,65.26
PK053,Divya Nair,ORD005006,92.33,15,64.01
PK016,Anitha S,ORD005007,87.91,5,107.24
PK163,Vignesh R,ORD005008,96.93,6,101.05
PK232,Swetha R,ORD005009,87.01,14,115.96
PK104,Karthik Raj,ORD005010,94.11,16,51.9
PK153,Arun Kumar,ORD005011,89.5,11,108.91
PK105,Meena Devi,ORD005012,96.76,13,117.5
PK025,Harish M,ORD005013,86.72,9,38.9
PK080,Naveen Kumar,ORD005014,84.17,5,26.55
PK078,Swetha R,ORD005015,98.32,16,33.4
PK235,Vignesh R,ORD005016,90.88,11,69.04
PK019,Vignesh R,ORD005017,91.3,4,20.02
PK001,Priya Sharma,ORD005018,96.11,9,108.22
PK038,Meena Devi,ORD005019,84.24,20,95.27
PK157,Rahul Singh,ORD005020,85.94,14,81.57
PK205,Anitha S,ORD005021,94.88,4,72.39
PK240,Priya Sharma,ORD005022,84.53,17,85.18
PK199,Rahul Singh,ORD005023,84.12,5,29.7
PK021,Meena Devi,ORD005024,91.66,4,40.67
PK141,Harish M,ORD005025,90.69,10,49.86
PK161,Sanjay Kumar,ORD005026,84.54,16,62.43
PK117,Anitha S,ORD005027,99.5,13,56.57
PK174,Swetha R,ORD005028,95.46,11,112.59
PK035,Swetha R,ORD005029,94.81,5,94.65
PK057,Priya Sharma,ORD005030,82.87,12,55.71
PK113,Swetha R,ORD005031,90.5,17,37.6
PK193,Meena Devi,ORD005032,93.46,3,107.2
PK099,Meena Devi,ORD005033,96.24,19,86.76
PK068, Arun Kumar ,ORD005034,87.51,13,27.01
PK049,Meena Devi,ORD005035,85.15,14,64.29
PK192,Harish M,ORD005036,88.6,13,40.09
PK209,Priya Sharma,ORD005037,93.63,7,17.23
PK230,Naveen Kumar,ORD005038,96.88,8,83.56
PK047,Harish M,ORD005039,93.96,15,99.6
PK122,Arun Kumar,ORD005040,94.29,6,57.24
PK156,Meena Devi,ORD005041,97.32,9,94.64
PK167,Harish M,ORD005042,94.1,4,59.13
PK078,Divya Nair,ORD005043,85.59,3,51.89
PK062,Anitha S,ORD005044,95.85,13,29.82
PK124,Anitha S,ORD005045,97.89,20,48.8
PK240,Anitha S,ORD005046,96.08,8,117.04
PK103,Vignesh R,ORD005047,91.55,8,67.88
PK132,Anitha S,ORD005048,82.19,8,22.61
PK241,Priya Sharma,ORD005049,82.82,20,42.25
PK215,Vignesh R,ORD005050,86.74,8,84.49
PK151,Arun Kumar,ORD005051,88.53,18,59.11
PK125,Swetha R,ORD005052,91.19,18,114.5
PK094,Naveen Kumar,ORD005053,97.28,17,117.34
PK003,Harish M,ORD005054,88.32,16,47.22
PK158,Arun Kumar,ORD005055,90.94,8,19.7
PK125,Swetha R,ORD005056,99.42,20,28.12
PK039,Vignesh R,ORD005057,93.65,16,22.51
PK174,Anitha S,ORD005058,95.05,16,112.35
PK184,Sanjay Kumar,ORD005059,95.33,3,34.15
PK151,Karthik Raj,ORD005060,92.13,20,106.8
PK179,Rahul Singh,ORD005061,97.28,7,55.56
PK049,Meena Devi,ORD005062,99.52,15,111.75
PK196,Anitha S,ORD005063,82.38,12,31.31
PK100,Harish M,ORD005064,88.13,12,57.17
PK117,Harish M,ORD005065,87.1,9,83.35
PK064,Priya Sharma,ORD005066,95.43,19,75.15
PK139,Karthik Raj,ORD005067,92.96,4,54.29
PK126,Meena Devi,ORD005068,88.09,6,104.29
PK045,Anitha S,ORD005069,95.84,-2,118.08
PK080,Karthik Raj,ORD005070,83.35,15,61.13
PK146,Arun Kumar,ORD005071,96.18,6,94.52
PK175,Divya Nair,ORD005072,83.82,5,78.81
PK079,Swetha R,ORD005073,86.43,7,67.36
PK163,Swetha R,ORD005074,90.21,13,15.09
PK226,Vignesh R,ORD005075,83.11,10,84.79
PK174,Meena Devi,ORD005076,98.88,4,41.57
PK070,Arun Kumar,ORD005077,91.51,9,92.66
PK096,Swetha R,ORD005078,94.26,19,59.3
PK054,Divya Nair,ORD005079,83.41,13,23.58
PK031,Anitha S,ORD005080,87.21,17,95.9
PK229,Swetha R,ORD005081,98.62,6,79.73
PK009,Arun Kumar,ORD005082,94.46,19,25.34
PK218,Karthik Raj,ORD005083,95.8,6,22.25
PK119,Rahul Singh,ORD005084,96.79,8,39.61
PK136,Swetha R,ORD005085,99.87,14,39.96
PK171,Vignesh R,ORD005086,91.1,12,93.85
PK063,Rahul Singh,ORD005087,83.01,20,66.72
PK063,Arun Kumar,ORD005088,94.3,16,117.61
PK105,Meena Devi,ORD005089,94.52,20,57.23
PK187,Rahul Singh,ORD005090,82.96,4,64.28
PK040,Meena Devi,ORD005091,83.94,16,51.91
PK091,Sanjay Kumar,ORD005092,84.37,5,107.74
PK240,Priya Sharma,ORD005093,87.37,8,114.35
PK047,Divya Nair,ORD005094,88.88,6,74.98
PK160,Priya Sharma,ORD005095,82.26,18,57.95
PK047,Rahul Singh,ORD005096,86.78,7,68.0
PK036,Rahul Singh,ORD005097,96.41,11,34.93
PK022,Arun Kumar,ORD005098,98.41,9,116.36
PK171,Karthik Raj,ORD005099,90.87,3,110.4
PK188,Naveen Kumar,ORD005100,98.33,4,103.78
PK080, Vignesh R ,ORD005101,97.65,15,60.68
PK242,Sanjay Kumar,ORD005102,89.91,3,98.93
PK216,Sanjay Kumar,ORD005103,93.61,18,117.45
PK068,Priya Sharma,ORD005104,92.74,11,34.69
PK160,Vignesh R,ORD005105,93.4,3,88.64
PK020,Naveen Kumar,ORD005106,87.73,8,82.69
PK168,Anitha S,ORD005107,91.55,20,41.13
PK062,Vignesh R,ORD005108,85.32,19,104.03
PK097,Swetha R,ORD005109,84.16,13,32.95
PK191,Sanjay Kumar,ORD005110,91.51,12,26.43
PK043,Sanjay Kumar,ORD005111,86.59,11,22.17
PK250,Rahul Singh,ORD005112,85.05,7,31.33
PK030,Rahul Singh,ORD005113,99.44,17,25.7
PK019,Divya Nair,ORD005114,82.48,12,108.37
PK059,Harish M,ORD005115,98.96,20,19.53
PK019,Naveen Kumar,ORD005116,82.62,12,70.01
PK243,Meena Devi,ORD005117,83.65,3,71.91
PK010,Naveen Kumar,ORD005118,93.09,3,42.47
PK106,Vignesh R,ORD005119,98.41,17,89.16
PK096,Swetha R,ORD005120,83.42,20,61.85
PK011,Anitha S,ORD005121,94.94,8,102.02
PK134,Harish M,ORD005122,89.31,9,97.57
PK180,Meena Devi,ORD005123,88.69,10,77.46
PK061,Meena Devi,ORD005124,99.53,4,107.0
PK231,Priya Sharma,ORD005125,87.76,14,60.2
PK146,Meena Devi,ORD005126,96.75,10,86.89
PK171,Arun Kumar,ORD005127,95.66,12,112.19
PK133,Priya Sharma,ORD005128,86.44,8,72.28
PK121,Rahul Singh,ORD005129,86.07,8,43.59
PK250,Karthik Raj,ORD005130,97.75,-2,103.9
PK125,Divya Nair,ORD005131,83.69,15,116.86
PK120,Anitha S,ORD005132,96.2,16,78.81
PK246,Harish M,ORD005133,84.77,16,35.88
PK117,Anitha S,ORD005134,89.58,9,111.37
PK152,Rahul Singh,ORD005135,84.5,15,75.04
PK214,Priya Sharma,ORD005136,96.76,13,34.27
PK228,Naveen Kumar,ORD005137,97.47,5,30.89
PK086,Divya Nair,ORD005138,82.71,5,110.53
PK101,Vignesh R,ORD005139,97.48,11,91.28
PK208,Anitha S,ORD005140,93.46,3,52.57
PK019,Sanjay Kumar,ORD005141,91.27,19,74.58
PK218,Anitha S,ORD005142,91.09,8,43.09
PK177,Meena Devi,ORD005143,89.23,8,86.26
PK013,Karthik Raj,ORD005144,90.62,11,64.09
PK176,Naveen Kumar,ORD005145,86.73,3,93.03
PK001,Sanjay Kumar,ORD005146,95.5,20,103.63
PK134,Anitha S,ORD005147,86.5,17,107.86
PK190,Meena Devi,ORD005148,89.62,14,101.76
PK112,Sanjay Kumar,ORD005149,92.49,6,56.97
PK006,Harish M,ORD005150,84.53,9,20.82
PK221,Vignesh R,ORD005151,84.31,10,69.99
PK209,Naveen Kumar,ORD005152,86.77,13,93.8
PK054,Rahul Singh,ORD005153,92.87,5,92.32
PK160,Swetha R,ORD005154,83.7,5,119.72
PK102,Rahul Singh,ORD005155,84.59,13,26.68
PK141,Divya Nair,ORD005156,83.34,10,33.51
PK033,Meena Devi,ORD005157,94.49,9,46.84
PK206,Sanjay Kumar,ORD005158,98.07,10,37.57
PK036,Vignesh R,ORD005159,97.21,14,36.45
PK003,Anitha S,ORD005160,90.95,19,42.49
PK173,Swetha R,ORD005161,98.6,4,98.86
PK005,Karthik Raj,ORD005162,85.02,4,27.49
PK182,Priya Sharma,ORD005163,82.75,8,43.33
PK141,Sanjay Kumar,ORD005164,93.09,19,39.5
PK031,Anitha S,ORD005165,97.76,12,88.27
PK081,Sanjay Kumar,ORD005166,91.18,3,26.31
PK025,Priya Sharma,ORD005167,92.84,7,68.26
PK140,Meena Devi,ORD005168,96.49,4,65.31
PK165,Harish M,ORD005169,95.67,10,87.35
PK207,Anitha S,ORD005170,99.13,15,70.97
PK179,Vignesh R,ORD005171,85.82,9,105.77
PK076,Sanjay Kumar,ORD005172,98.01,4,104.8
PK150,Karthik Raj,ORD005173,90.52,11,52.33
PK107,Rahul Singh,ORD005174,83.66,14,86.4
PK214,Arun Kumar,ORD005175,94.49,15,35.06
PK033,Arun Kumar,ORD005176,83.46,19,43.62
PK171,Meena Devi,ORD005177,97.66,20,63.53
PK138,Naveen Kumar,ORD005178,88.68,11,115.5
PK093,Karthik Raj,ORD005179,87.79,4,104.05
PK201,Naveen Kumar,ORD005180,95.07,15,40.3
PK113,Karthik Raj,ORD005181,87.74,17,33.04
PK071,Anitha S,ORD005182,92.42,17,72.43
PK149,Anitha S,ORD005183,99.2,19,80.83
PK164,Sanjay Kumar,ORD005184,99.85,3,23.36
PK075,Harish M,ORD005185,83.9,11,81.02
PK149,Priya Sharma,ORD005186,89.93,8,16.79
PK051,Meena Devi,ORD005187,82.74,15,100.16
PK158,Divya Nair,ORD005188,89.23,10,17.85
PK109,Priya Sharma,ORD005189,94.0,11,97.39
PK049,Arun Kumar,ORD005190,89.52,19,30.5
PK219,Naveen Kumar,ORD005191,93.05,10,39.87
PK192,Rahul Singh,ORD005192,90.37,6,99.78
PK189,Sanjay Kumar,ORD005193,85.41,7,28.89
PK247,Sanjay Kumar,ORD005194,89.32,6,76.33
PK008,Meena Devi,ORD005195,86.93,19,71.91
PK207,Arun Kumar,ORD005196,82.92,9,68.15
PK247,Vignesh R,ORD005197,89.09,8,15.9
PK202,Harish M,ORD005198,96.92,12,55.83
PK205,Naveen Kumar,ORD005199,84.32,4,78.18
PK238,Swetha R,ORD005200,88.79,16,63.47
PK147,Arun Kumar,ORD005201,86.55,3,104.59
PK095,Anitha S,ORD005202,96.56,15,117.94
PK138,Swetha R,ORD005203,97.55,5,50.25
PK250,Anitha S,ORD005204,82.83,8,38.03
PK235,Sanjay Kumar,ORD005205,91.47,5,26.98
PK103,Rahul Singh,ORD005206,82.96,10,43.22
PK068,Divya Nair,ORD005207,97.9,15,18.64
PK242,Vignesh R,ORD005208,90.63,7,110.64
PK042,Arun Kumar,ORD005209,95.79,14,116.95
PK008,Swetha R,ORD005210,88.5,20,47.26
PK115,Divya Nair,ORD005211,92.08,10,108.79
PK013,Priya Sharma,ORD005212,87.84,3,111.79
PK083,Arun Kumar,ORD005213,82.69,17,18.65
PK171,Anitha S,ORD005214,94.72,10,47.38
PK132,Meena Devi,ORD005215,94.13,17,69.3
PK093,Priya Sharma,ORD005216,96.98,10,42.42
PK126,Harish M,ORD005217,84.87,16,37.51
PK032,Priya Sharma,ORD005218,86.73,4,117.2
PK219,Rahul Singh,ORD005219,94.35,15,101.93
PK155,Harish M,ORD005220,92.32,10,117.5
PK097,Arun Kumar,ORD005221,83.52,15,41.16
PK090,Meena Devi,ORD005222,87.11,13,114.17
PK044,Vignesh R,ORD005223,90.82,4,28.72
PK143,Meena Devi,ORD005224,86.1,8,50.54
PK044,Vignesh R,ORD005225,84.8,7,111.35
PK102,Arun Kumar,ORD005226,82.6,14,49.67
PK103,Sanjay Kumar,ORD005227,95.16,20,29.09
PK137,Swetha R,ORD005228,84.09,10,44.85
PK078,Vignesh R,ORD005229,94.97,16,118.65
PK108,Arun Kumar,ORD005230,91.2,4,112.88
PK243,Naveen Kumar,ORD005231,83.44,17,24.69
PK059,Anitha S,ORD005232,84.06,12,29.05
PK125,Divya Nair,ORD005233,95.73,7,28.63
PK216,Harish M,ORD005234,83.44,18,114.77
PK173,Naveen Kumar,ORD005235,84.71,18,79.89
PK203,Meena Devi,ORD005236,84.74,19,20.36
PK134,Karthik Raj,ORD005237,85.87,5,83.51
PK223,Rahul Singh,ORD005238,84.74,17,17.75
PK205,Divya Nair,ORD005239,82.26,3,59.25
PK150,Rahul Singh,ORD005240,97.7,10,27.58
PK134,Vignesh R,ORD005241,96.31,11,57.48
PK032,Meena Devi,ORD005242,86.73,8,19.28
PK125,Rahul Singh,ORD005243,94.96,8,69.48
PK169,Priya Sharma,ORD005244,94.56,14,21.37
PK179,Meena Devi,ORD005245,92.02,15,81.56
PK159,Anitha S,ORD005246,83.82,10,100.27
PK137,Rahul Singh,ORD005247,90.69,18,76.27
PK201,Priya Sharma,ORD005248,86.35,10,71.78
PK192,Meena Devi,ORD005249,89.02,16,42.96
PK248,Divya Nair,ORD005250,82.42,4,46.74
PK199,Divya Nair,ORD005251,86.77,19,85.3
PK123,Meena Devi,ORD005252,89.87,17,20.95
PK163,Swetha R,ORD005253,94.96,16,31.47
PK189,Swetha R,ORD005254,86.95,15,87.21
PK069,Divya Nair,ORD005255,93.06,5,83.62
PK068,Karthik Raj,ORD005256,99.5,9,27.14
PK111,Karthik Raj,ORD005257,97.23,15,72.19
PK012,Swetha R,ORD005258,88.71,19,56.62
PK240,Anitha S,ORD005259,93.2,12,61.17
PK175,Anitha S,ORD005260,85.04,3,96.0
PK227,Swetha R,ORD005261,96.19,14,106.35
PK130,Priya Sharma,ORD005262,84.26,5,36.55
PK194,Vignesh R,ORD005263,93.73,17,62.51
PK102,Sanjay Kumar,ORD005264,90.06,8,19.79
PK107,Divya Nair,ORD005265,96.81,15,66.17
PK025,Vignesh R,ORD005266,86.64,17,82.98
PK050,Arun Kumar,ORD005267,93.46,16,48.53
PK163,Naveen Kumar,ORD005268,97.5,11,61.88
PK042,Sanjay Kumar,ORD005269,85.0,19,90.25
PK022,Meena Devi,ORD005270,83.36,10,92.53
PK050,Naveen Kumar,ORD005271,89.42,4,68.15
PK143,Vignesh R,ORD005272,95.8,20,96.42
PK178,Anitha S,ORD005273,95.28,4,109.64
PK093,Divya Nair,ORD005274,88.29,5,102.39
PK043,Arun Kumar,ORD005275,96.53,12,114.54
PK047,Anitha S,ORD005276,96.4,20,106.43
PK194,Vignesh R,ORD005277,91.43,6,66.91
PK113,Anitha S,ORD005278,85.91,8,84.38
PK243,Divya Nair,ORD005279,87.31,18,74.43
PK036,Vignesh R,ORD005280,98.23,12,22.6
PK212,Anitha S,ORD005281,99.97,14,22.04
PK212,Arun Kumar,ORD005282,94.33,4,103.85
PK146,Anitha S,ORD005283,96.59,4,40.24
PK233,Arun Kumar,ORD005284,97.46,9,37.79
PK055,Meena Devi,ORD005285,98.03,12,30.69
PK224,Priya Sharma,ORD005286,87.36,4,65.63
PK195,Divya Nair,ORD005287,84.76,4,102.15
PK121,Meena Devi,ORD005288,93.32,20,35.86
PK099,Vignesh R,ORD005289,94.97,7,97.09
PK098,Divya Nair,ORD005290,82.18,13,119.07
PK048,Priya Sharma,ORD005291,82.65,4,74.73
PK060,Arun Kumar,ORD005292,95.76,12,117.86
PK144,Naveen Kumar,ORD005293,89.15,7,72.66
PK126,Anitha S,ORD005294,82.16,7,50.58
PK178,Naveen Kumar,ORD005295,88.23,4,29.26
PK027,Sanjay Kumar,ORD005296,96.86,5,111.48
PK153,Naveen Kumar,ORD005297,99.48,20,82.07
PK126,Rahul Singh,ORD005298,86.24,20,62.7
PK050,Rahul Singh,ORD005299,87.84,16,20.35
PK116,Karthik Raj,ORD005300,90.31,10,16.8
PK201,Sanjay Kumar,ORD005301,96.42,14,62.17
PK117,Sanjay Kumar,ORD005302,86.13,13,54.45
PK053,Swetha R,ORD005303,88.96,3,85.84
PK088,Sanjay Kumar,ORD005304,98.52,6,105.86
PK055,Arun Kumar,ORD005305,95.01,13,61.52
PK179,Meena Devi,ORD005306,89.17,7,48.6
PK076,Vignesh R,ORD005307,95.91,14,49.88
PK037,Arun Kumar,ORD005308,98.15,6,49.68
PK108,Divya Nair,ORD005309,99.47,20,31.31
PK041,Arun Kumar,ORD005310,94.9,15,50.9
PK206,Anitha S,ORD005311,92.45,6,61.92
PK016,Naveen Kumar,ORD005312,99.7,7,31.07
PK156,Sanjay Kumar,ORD005313,84.03,8,40.37
PK020,Rahul Singh,ORD005314,93.2,3,23.2
PK178,Harish M,ORD005315,86.45,8,110.11
PK164,Divya Nair,ORD005316,82.08,9,42.4
PK069,Naveen Kumar,ORD005317,85.38,6,68.5
PK037,Vignesh R,ORD005318,89.29,5,37.24
PK185,Divya Nair,ORD005319,99.15,18,82.57
PK223,Karthik Raj,ORD005320,84.08,17,77.61
PK104,Priya Sharma,ORD005321,99.67,17,53.99
PK103,Swetha R,ORD005322,98.18,19,106.86
PK083,Swetha R,ORD005323,88.83,19,113.6
PK176,Anitha S,ORD005324,98.37,3,20.72
PK139,Meena Devi,ORD005325,94.17,6,74.41
PK096,Divya Nair,ORD005326,91.28,12,108.18
PK186,Anitha S,ORD005327,83.34,6,97.15
PK089,Divya Nair,ORD005328,94.3,19,98.41
PK032,Swetha R,ORD005329,95.67,3,27.74
PK043,Arun Kumar,ORD005330,87.36,10,58.03
PK023,Vignesh R,ORD005331,97.37,13,114.71
PK070,Priya Sharma,ORD005332,93.32,6,51.82
PK171,Arun Kumar,ORD005333,97.35,18,87.16
PK190,Vignesh R,ORD005334,91.53,17,70.15
PK159,Meena Devi,ORD005335,83.19,19,64.47
PK249,Rahul Singh,ORD005336,93.79,7,16.68
PK218,Arun Kumar,ORD005337,87.25,5,44.55
PK094,Arun Kumar,ORD005338,93.51,7,52.5
PK211,Divya Nair,ORD005339,83.08,5,62.51
PK217,Sanjay Kumar,ORD005340,83.23,4,87.93
PK216,Meena Devi,ORD005341,91.45,13,85.36
PK072,Rahul Singh,ORD005342,86.63,11,82.74
PK210,Meena Devi,ORD005343,97.53,14,110.25
PK042,Meena Devi,ORD005344,92.9,15,73.98
PK134,Anitha S,ORD005345,86.11,13,111.66
PK202,Divya Nair,ORD005346,84.74,19,118.68
PK145,Sanjay Kumar,ORD005347,87.59,20,101.47
PK051,Vignesh R,ORD005348,98.02,10,50.66
PK149,Anitha S,ORD005349,99.66,11,108.33
PK205,Arun Kumar,ORD005350,90.72,16,27.45
PK052,Swetha R,ORD005351,87.28,17,79.48
PK094,Arun Kumar,ORD005352,93.58,20,94.05
PK195,Arun Kumar,ORD005353,85.48,4,57.64
PK200,Swetha R,ORD005354,96.78,4,117.16
PK124,Harish M,ORD005355,92.07,16,41.01
PK070,Anitha S,ORD005356,89.25,4,116.87
PK210,Anitha S,ORD005357,86.61,12,53.98
PK076,Anitha S,ORD005358,86.6,3,78.0
PK044,Meena Devi,ORD005359,99.69,14,112.38
PK070,Swetha R,ORD005360,85.73,11,16.89
PK165,Swetha R,ORD005361,86.52,20,30.44
PK250,Divya Nair,ORD005362,89.04,8,63.91
PK117,Harish M,ORD005363,84.07,20,85.42
PK111,Divya Nair,ORD005364,91.34,7,42.8
PK179,Vignesh R,ORD005365,95.58,16,48.82
PK190,Priya Sharma,ORD005366,85.73,12,44.31
PK195,Vignesh R,ORD005367,83.35,20,97.0
PK130,Sanjay Kumar,ORD005368,89.41,14,22.87
PK050,Karthik Raj,ORD005369,87.37,9,72.97
PK224,Sanjay Kumar,ORD005370,86.62,14,95.76
PK228,Sanjay Kumar,ORD005371,91.6,14,51.82
PK086,Sanjay Kumar,ORD005372,85.7,20,105.79
PK156,Vignesh R,ORD005373,83.49,16,20.3
PK042,Anitha S,ORD005374,99.65,7,65.46
PK125,Naveen Kumar,ORD005375,92.99,16,38.18
PK185,Rahul Singh,ORD005376,88.58,4,19.07
PK111,Karthik Raj,ORD005377,93.03,7,15.03
PK034,Divya Nair,ORD005378,91.47,5,89.21
PK181,Vignesh R,ORD005379,93.38,17,56.12
PK114,Harish M,ORD005380,89.51,16,46.35
PK103,Swetha R,ORD005381,99.34,11,47.98
PK086,Vignesh R,ORD005382,91.31,17,103.66
PK031,Swetha R,ORD005383,82.97,7,43.97
PK243,Rahul Singh,ORD005384,84.81,9,105.17
PK167,Naveen Kumar,ORD005385,84.07,5,59.56
PK147,Harish M,ORD005386,97.18,9,91.05
PK129,Rahul Singh,ORD005387,89.18,12,90.91
PK024,Divya Nair,ORD005388,86.82,12,66.46
PK062,Divya Nair,ORD005389,98.46,16,35.09
PK102,Arun Kumar,ORD005390,82.82,5,28.48
PK232,Sanjay Kumar,ORD005391,91.34,10,29.43
PK033,Priya Sharma,ORD005392,87.13,10,86.91
PK067,Sanjay Kumar,ORD005393,88.53,11,18.87
PK242,Vignesh R,ORD005394,85.65,15,71.85
PK186,Harish M,ORD005395,98.98,18,95.29
PK029,Sanjay Kumar,ORD005396,97.33,20,93.45
PK246,Rahul Singh,ORD005397,87.75,20,43.76
PK025,Vignesh R,ORD005398,84.46,20,116.37
PK064,Vignesh R,ORD005399,88.39,6,54.67
PK106,Harish M,ORD005400,94.77,20,30.02
PK114,Naveen Kumar,ORD005401,91.98,17,58.63
PK165,Anitha S,ORD005402,97.4,15,115.51
PK209,Karthik Raj,ORD005403,86.73,13,68.7
PK199,Swetha R,ORD005404,95.11,15,51.98
PK097,Arun Kumar,ORD005405,86.48,6,113.3
PK194,Harish M,ORD005406,98.04,19,41.37
PK240,Divya Nair,ORD005407,99.16,13,100.26
PK053,Sanjay Kumar,ORD005408,86.13,8,89.51
PK123,Rahul Singh,ORD005409,87.53,12,107.1
PK224,Meena Devi,ORD005410,88.77,5,59.4
PK244,Naveen Kumar,ORD005411,94.09,14,67.86
PK161,Anitha S,ORD005412,98.22,8,33.06
PK210,Priya Sharma,ORD005413,85.66,5,113.55
PK131,Arun Kumar,ORD005414,86.12,17,27.47
PK053,Arun Kumar,ORD005415,83.35,15,115.36
PK150,Priya Sharma,ORD005416,99.53,19,19.94
PK006,Swetha R,ORD005417,93.03,7,54.54
PK193,Swetha R,ORD005418,94.6,19,94.62
PK062,Arun Kumar,ORD005419,83.98,19,104.85
PK233,Rahul Singh,ORD005420,95.08,4,61.25
PK174,Sanjay Kumar,ORD005421,89.87,3,116.7
PK196,Vignesh R,ORD005422,87.43,13,51.33
PK209,Karthik Raj,ORD005423,84.68,20,52.1
PK123,Harish M,ORD005424,96.91,18,77.96
PK207,Naveen Kumar,ORD005425,84.51,13,115.11
PK075,Karthik Raj,ORD005426,91.42,7,65.51
PK192,Rahul Singh,ORD005427,87.72,6,107.94
PK246,Divya Nair,ORD005428,82.37,3,78.0
PK097,Divya Nair,ORD005429,99.02,14,79.69
PK192,Priya Sharma,ORD005430,95.48,4,20.1
PK094,Divya Nair,ORD005431,89.11,13,103.21
PK067,Meena Devi,ORD005432,84.6,4,77.29
PK053,Anitha S,ORD005433,88.65,4,117.28
PK208,Vignesh R,ORD005434,96.3,16,40.12
PK016,Sanjay Kumar,ORD005435,95.26,14,109.15
PK159,Vignesh R,ORD005436,88.15,3,68.68
PK137,Harish M,ORD005437,97.93,20,115.71
PK193,Arun Kumar,ORD005438,86.72,6,49.33
PK136,Rahul Singh,ORD005439,93.37,13,45.88
PK051,Vignesh R,ORD005440,99.25,3,49.53
PK084,Swetha R,ORD005441,88.13,11,53.02
PK103,Naveen Kumar,ORD005442,94.62,20,66.42
PK222,Divya Nair,ORD005443,86.06,12,51.8
PK210,Swetha R,ORD005444,89.78,20,52.49
PK119,Naveen Kumar,ORD005445,99.73,4,119.6
PK090,Rahul Singh,ORD005446,94.19,15,102.15
PK239,Meena Devi,ORD005447,83.42,14,68.28
PK013,Harish M,ORD005448,89.68,18,94.58
PK237,Rahul Singh,ORD005449,95.75,20,29.29
PK186,Priya Sharma,ORD005450,97.29,17,76.2
PK056,Karthik Raj,ORD005451,94.22,18,100.59
PK042,Divya Nair,ORD005452,84.65,14,23.09
PK016,Sanjay Kumar,ORD005453,94.59,17,95.24
PK241,Vignesh R,ORD005454,84.97,8,111.58
PK086,Harish M,ORD005455,89.04,11,108.76
PK168,Naveen Kumar,ORD005456,92.53,14,116.3
PK171,Arun Kumar,ORD005457,87.12,4,36.29
PK224,Vignesh R,ORD005458,86.22,13,91.8
PK099,Priya Sharma,ORD005459,93.73,17,72.16
PK090,Arun Kumar,ORD005460,88.98,13,20.92
PK037,Karthik Raj,ORD005461,87.07,10,94.29
PK061,Sanjay Kumar,ORD005462,89.6,16,53.33
PK218,Vignesh R,ORD005463,99.93,11,24.44
PK171,Swetha R,ORD005464,96.9,17,84.66
PK189,Priya Sharma,ORD005465,95.2,8,117.18
PK214,Priya Sharma,ORD005466,97.15,6,43.06
PK025,Harish M,ORD005467,98.78,9,73.54
PK043,Anitha S,ORD005468,86.63,14,47.72
PK050,Meena Devi,ORD005469,82.67,20,106.67
PK112,Meena Devi,ORD005470,99.79,9,95.72
PK011,Meena Devi,ORD005471,83.03,10,34.29
PK072,Karthik Raj,ORD005472,99.31,19,101.62
PK075,Karthik Raj,ORD005473,91.77,8,63.45
PK152,Swetha R,ORD005474,90.26,3,81.83
PK119,Sanjay Kumar,ORD005475,89.95,6,76.58
PK130,Vignesh R,ORD005476,95.36,7,112.02
PK186,Harish M,ORD005477,85.4,8,58.28
PK041,Priya Sharma,ORD005478,94.37,20,103.75
PK230,Priya Sharma,ORD005479,92.22,10,78.85
PK001,Harish M,ORD005480,91.7,18,49.96
PK038,Swetha R,ORD005481,88.64,19,101.22
PK134,Anitha S,ORD005482,87.37,10,40.74
PK063,Karthik Raj,ORD005483,86.49,20,110.77
PK083,Meena Devi,ORD005484,86.83,14,65.01
PK114,Harish M,ORD005485,89.55,17,54.38
PK123,Arun Kumar,ORD005486,95.41,20,81.34
PK040,Rahul Singh,ORD005487,84.51,17,55.78
PK225,Vignesh R,ORD005488,99.83,10,17.9
PK033,Arun Kumar,ORD005489,85.85,16,31.83
PK073,Swetha R,ORD005490,89.21,12,100.7
PK059,Sanjay Kumar,ORD005491,91.5,15,73.95
PK042,Harish M,ORD005492,90.15,20,106.03
PK081,Anitha S,ORD005493,98.0,15,34.83
PK064,Divya Nair,ORD005494,98.89,8,98.86
PK101,Swetha R,ORD005495,86.69,12,48.76
PK188,Sanjay Kumar,ORD005496,88.37,4,37.53
PK107,Rahul Singh,ORD005497,92.35,10,109.72
PK183,Swetha R,ORD005498,97.78,8,60.48
PK196,Karthik Raj,ORD005499,89.17,12,77.21
PK179,Rahul Singh,ORD005500,86.48,4,73.35
PK196,Harish M,ORD005501,91.2,17,20.82
PK078,Karthik Raj,ORD005502,95.97,17,78.56
PK009,Arun Kumar,ORD005503,94.62,5,16.81
PK184,Harish M,ORD005504,83.91,9,39.46
PK011,Anitha S,ORD005505,94.18,6,45.74
PK213,Priya Sharma,ORD005506,86.61,13,63.45
PK085,Divya Nair,ORD005507,93.76,14,107.19
PK133,Anitha S,ORD005508,89.66,19,81.81
PK121,Divya Nair,ORD005509,91.33,11,107.43
PK115,Harish M,ORD005510,85.7,15,94.93
PK065,Naveen Kumar,ORD005511,94.63,14,31.78
PK159,Swetha R,ORD005512,90.15,13,70.6
PK116,Sanjay Kumar,ORD005513,90.34,10,118.06
PK211,Harish M,ORD005514,83.72,15,67.33
PK184,Anitha S,ORD005515,84.84,7,23.68
PK018,Rahul Singh,ORD005516,99.71,12,87.98
PK031,Harish M,ORD005517,98.58,3,64.83
PK041,Arun Kumar,ORD005518,86.28,16,116.24
PK114,Naveen Kumar,ORD005519,86.3,12,45.46
PK070,Vignesh R,ORD005520,90.47,11,35.11
PK184,Harish M,ORD005521,99.72,13,34.29
PK203,Priya Sharma,ORD005522,82.6,5,68.61
PK248,Priya Sharma,ORD005523,85.72,9,56.22
PK202,Harish M,ORD005524,96.7,4,69.24
PK001,Arun Kumar,ORD005525,92.14,4,95.6
PK111,Vignesh R,ORD005526,91.15,11,49.51
PK197,Rahul Singh,ORD005527,86.91,9,57.42
PK065,Arun Kumar,ORD005528,98.45,16,79.57
PK116,Priya Sharma,ORD005529,82.14,15,44.21
PK147,Harish M,ORD005530,83.1,15,86.37
PK094,Meena Devi,ORD005531,82.95,16,20.64
PK117,Divya Nair,ORD005532,83.56,13,112.64
PK069,Priya Sharma,ORD005533,92.19,20,110.01
PK247,Rahul Singh,ORD005534,87.87,5,62.53
PK150,Sanjay Kumar,ORD005535,90.67,5,32.57
PK160,Rahul Singh,ORD005536,84.0,4,68.61
PK248,Harish M,ORD005537,83.67,4,110.4
PK022,Vignesh R,ORD005538,94.02,14,62.2
PK201,Anitha S,ORD005539,97.74,16,109.87
PK189,Arun Kumar,ORD005540,99.19,5,92.32
PK066,Harish M,ORD005541,93.3,12,56.6
PK180,Priya Sharma,ORD005542,85.5,8,112.91
PK055,Arun Kumar,ORD005543,87.23,7,78.58
PK103,Anitha S,ORD005544,85.6,14,59.31
PK024,Vignesh R,ORD005545,82.1,18,111.38
PK170,Vignesh R,ORD005546,88.96,7,27.87
PK022,Sanjay Kumar,ORD005547,90.72,10,63.72
PK160,Priya Sharma,ORD005548,98.06,11,70.35
PK190,Arun Kumar,ORD005549,86.68,14,15.9
PK038,Priya Sharma,ORD005550,94.4,15,47.58
PK207,Karthik Raj,ORD005551,86.85,3,56.53
PK009,Harish M,ORD005552,97.52,16,72.96
PK010,Anitha S,ORD005553,83.87,8,75.08
PK224,Harish M,ORD005554,89.67,16,109.72
PK100,Sanjay Kumar,ORD005555,88.25,18,89.64
PK005,Sanjay Kumar,ORD005556,84.08,6,16.13
PK227,Vignesh R,ORD005557,89.5,3,58.16
PK139,Divya Nair,ORD005558,94.8,18,71.41
PK047,Swetha R,ORD005559,82.81,15,85.08
PK078,Rahul Singh,ORD005560,84.74,10,31.04
PK144,Rahul Singh,ORD005561,86.31,19,60.62
PK180,Swetha R,ORD005562,92.27,20,19.89
PK132,Arun Kumar,ORD005563,89.53,19,119.38
PK062,Harish M,ORD005564,89.28,19,18.74
PK078,Rahul Singh,ORD005565,94.17,11,63.07
PK067,Anitha S,ORD005566,99.75,20,55.24
PK050,Swetha R,ORD005567,86.04,9,56.99
PK161,Karthik Raj,ORD005568,89.71,17,101.51
PK231,Arun Kumar,ORD005569,90.13,8,92.84
PK126,Divya Nair,ORD005570,93.1,18,27.81
PK222,Naveen Kumar,ORD005571,83.96,11,72.29
PK104,Rahul Singh,ORD005572,98.5,3,95.8
PK024,Naveen Kumar,ORD005573,84.52,4,27.34
PK241,Rahul Singh,ORD005574,99.79,12,109.56
PK135,Arun Kumar,ORD005575,95.26,17,37.25
PK038,Priya Sharma,ORD005576,91.74,14,30.96
PK070,Harish M,ORD005577,88.53,3,69.02
PK233,Divya Nair,ORD005578,83.93,15,37.7
PK088,Priya Sharma,ORD005579,96.82,9,89.77
PK172,Vignesh R,ORD005580,85.35,10,78.05
PK047,Divya Nair,ORD005581,98.83,15,41.52
PK061,Harish M,ORD005582,93.59,5,90.5
PK202,Karthik Raj,ORD005583,99.58,20,46.59
PK118,Priya Sharma,ORD005584,105.0,11,44.91
PK126,Priya Sharma,ORD005585,85.87,12,86.61
PK146,Naveen Kumar,ORD005586,92.59,5,115.25
PK220,Anitha S,ORD005587,95.74,10,43.96
PK214,Priya Sharma,ORD005588,95.26,18,103.71
PK107,Vignesh R,ORD005589,83.21,6,69.57
PK041,Priya Sharma,ORD005590,87.0,5,111.45
PK100,Meena Devi,ORD005591,88.91,18,57.33
PK087,Swetha R,ORD005592,94.31,18,60.95
PK058,Anitha S,ORD005593,92.32,11,19.0
PK103,Arun Kumar,ORD005594,87.33,18,16.1
PK152,Sanjay Kumar,ORD005595,91.17,14,31.11
PK232,Rahul Singh,ORD005596,84.45,9,24.48
PK054,Priya Sharma,ORD005597,99.56,5,19.02
PK225,Arun Kumar,ORD005598,87.87,6,41.75
PK132,Rahul Singh,ORD005599,83.96,10,71.39
PK124,Vignesh R,ORD005600,84.02,4,108.81
PK029,Rahul Singh,ORD005601,94.44,5,103.44
PK042,Priya Sharma,ORD005602,90.3,8,118.06
PK050,Priya Sharma,ORD005603,91.18,5,90.4
PK025,Vignesh R,ORD005604,83.16,4,89.57
PK007,Meena Devi,ORD005605,93.32,12,27.31
PK241,Karthik Raj,ORD005606,90.33,8,42.09
PK173,Meena Devi,ORD005607,93.72,16,61.2
PK202,Karthik Raj,ORD005608,99.21,14,95.33
PK166,Anitha S,ORD005609,82.34,4,48.24
PK119,Swetha R,ORD005610,98.82,5,94.52
PK122,Priya Sharma,ORD005611,84.93,14,105.69
PK190,Arun Kumar,ORD005612,93.96,3,72.93
PK170,Vignesh R,ORD005613,99.39,7,32.13
PK021,Meena Devi,ORD005614,93.19,3,58.58
PK089,Vignesh R,ORD005615,86.09,7,80.05
PK179,Karthik Raj,ORD005616,89.62,6,72.99
PK211,Divya Nair,ORD005617,98.8,5,21.82
PK118,Swetha R,ORD005618,92.21,18,107.88
PK138,Rahul Singh,ORD005619,85.86,8,71.33
PK142,Harish M,ORD005620,105.0,7,28.27
PK084,Swetha R,ORD005621,83.16,8,90.9
PK155,Priya Sharma,ORD005622,98.91,4,37.63
PK085,Naveen Kumar,ORD005623,94.59,3,25.78
PK051,Anitha S,ORD005624,94.89,15,95.04
PK091,Arun Kumar,ORD005625,96.62,17,92.65
PK154,Divya Nair,ORD005626,98.95,5,42.05
PK060,Harish M,ORD005627,97.87,10,24.92
PK183,Divya Nair,ORD005628,85.07,16,21.86
PK109,Sanjay Kumar,ORD005629,97.28,18,100.96
PK089,Sanjay Kumar,ORD005630,89.59,11,86.29
PK072,Rahul Singh,ORD005631,82.75,7,69.23
PK085,Priya Sharma,ORD005632,88.18,8,104.3
PK190,Harish M,ORD005633,84.44,13,55.51
PK238,Swetha R,ORD005634,85.46,4,59.23
PK093,Priya Sharma,ORD005635,98.48,13,42.1
PK196,Priya Sharma,ORD005636,88.12,9,107.95
PK005,Anitha S,ORD005637,95.83,14,90.4
PK121,Harish M,ORD005638,82.9,9,91.76
PK052,Divya Nair,ORD005639,84.02,4,104.03
PK162,Sanjay Kumar,ORD005640,89.76,20,102.37
PK037,Priya Sharma,ORD005641,92.6,15,88.8
PK042,Divya Nair,ORD005642,96.95,16,34.01
PK250,Arun Kumar,ORD005643,91.47,14,100.04
PK027,Priya Sharma,ORD005644,91.56,12,50.09
PK098,Sanjay Kumar,ORD005645,92.26,15,85.71
PK060,Karthik Raj,ORD005646,91.85,19,52.29
PK093,Rahul Singh,ORD005647,97.28,5,47.52
PK164,Naveen Kumar,ORD005648,98.75,17,52.95
PK052,Priya Sharma,ORD005649,94.19,11,23.95
PK136,Naveen Kumar,ORD005650,86.6,10,44.74
PK096,Sanjay Kumar,ORD005651,85.99,11,89.6
PK133,Naveen Kumar,ORD005652,96.01,9,52.64
PK083,Anitha S,ORD005653,87.92,6,80.91
PK071,Harish M,ORD005654,97.46,19,32.61
PK219,Arun Kumar,ORD005655,95.38,15,88.81
PK239,Vignesh R,ORD005656,82.25,18,25.52
PK057,Priya Sharma,ORD005657,87.02,12,93.5
PK059,Swetha R,ORD005658,93.81,8,43.59
PK134,Naveen Kumar,ORD005659,97.44,12,78.71
PK158,Vignesh R,ORD005660,93.53,19,45.44
PK064,Anitha S,ORD005661,86.45,15,97.41
PK168,Swetha R,ORD005662,93.19,7,112.09
PK034,Sanjay Kumar,ORD005663,92.68,16,93.13
PK033,Naveen Kumar,ORD005664,87.95,4,68.59
PK062,Naveen Kumar,ORD005665,92.38,16,111.23
PK199,Divya Nair,ORD005666,95.06,14,101.43
PK131,Meena Devi,ORD005667,88.11,9,74.39
PK232,Vignesh R,ORD005668,86.54,13,119.22
PK096,Divya Nair,ORD005669,89.66,11,26.61
PK059,Vignesh R,ORD005670,86.73,17,98.2
PK145,Swetha R,ORD005671,96.27,4,98.62
PK061,Meena Devi,ORD005672,88.65,11,19.16
PK027,Karthik Raj,ORD005673,83.52,17,48.02
PK090,Karthik Raj,ORD005674,83.12,18,118.89
PK123,Rahul Singh,ORD005675,99.31,17,106.03
PK064,Swetha R,ORD005676,90.52,9,81.66
PK142,Sanjay Kumar,ORD005677,85.03,18,20.6
PK190,Rahul Singh,ORD005678,85.38,14,77.63
PK193,Vignesh R,ORD005679,89.1,20,94.91
PK024,Divya Nair,ORD005680,89.11,7,62.64
PK059,Meena Devi,ORD005681,87.98,5,80.13
PK044,Rahul Singh,ORD005682,90.58,4,50.6
PK052,Karthik Raj,ORD005683,98.08,13,94.71
PK001,Swetha R,ORD005684,83.86,5,86.9
PK226,Sanjay Kumar,ORD005685,96.27,19,53.63
PK088,Karthik Raj,ORD005686,83.37,8,70.62
PK250,Naveen Kumar,ORD005687,95.59,7,74.39
PK208,Arun Kumar,ORD005688,87.47,12,75.51
PK116,Sanjay Kumar,ORD005689,94.95,3,26.37
PK162,Divya Nair,ORD005690,96.45,13,118.44
PK130,Karthik Raj,ORD005691,95.77,6,23.16
PK250,Swetha R,ORD005692,99.43,12,17.95
PK244,Vignesh R,ORD005693,84.52,19,92.33
PK125,Swetha R,ORD005694,97.63,6,103.93
PK193,Karthik Raj,ORD005695,97.71,6,106.64
PK129,Naveen Kumar,ORD005696,98.39,4,45.83
PK156,Karthik Raj,ORD005697,86.64,12,47.3
PK105,Vignesh R,ORD005698,90.47,8,52.1
PK010,Vignesh R,ORD005699,95.81,7,116.17
PK016,Anitha S,ORD005700,91.48,12,26.47
PK006,Anitha S,ORD005701,98.14,8,44.68
PK239,Anitha S,ORD005702,91.97,14,29.17
PK034,Vignesh R,ORD005703,97.89,6,38.29
PK054,Arun Kumar,ORD005704,93.94,9,57.32
PK169,Rahul Singh,ORD005705,87.92,15,61.91
PK151,Arun Kumar,ORD005706,88.6,20,95.69
PK116,Meena Devi,ORD005707,91.92,8,37.07
PK148,Priya Sharma,ORD005708,89.04,19,37.41
PK010,Sanjay Kumar,ORD005709,92.09,15,91.14
PK057,Priya Sharma,ORD005710,91.05,6,102.93
PK019,Karthik Raj,ORD005711,94.94,18,42.89
PK244,Priya Sharma,ORD005712,86.46,11,105.86
PK217,Harish M,ORD005713,89.32,6,76.43
PK155,Sanjay Kumar,ORD005714,87.86,6,38.26
PK168,Arun Kumar,ORD005715,98.16,8,66.31
PK001,Vignesh R,ORD005716,87.29,13,26.16
PK145,Swetha R,ORD005717,87.71,3,80.58
PK085,Divya Nair,ORD005718,90.09,11,51.61
PK033,Rahul Singh,ORD005719,90.47,6,96.84
PK215,Anitha S,ORD005720,88.82,15,100.69
PK232,Sanjay Kumar,ORD005721,92.49,7,64.86
PK047,Arun Kumar,ORD005722,92.5,15,46.86
PK024,Karthik Raj,ORD005723,82.1,11,77.09
PK232,Swetha R,ORD005724,89.33,17,47.51
PK004,Naveen Kumar,ORD005725,85.74,12,80.75
PK005,Divya Nair,ORD005726,94.09,11,80.7
PK180,Arun Kumar,ORD005727,88.32,4,56.79
PK199,Vignesh R,ORD005728,88.13,11,91.85
PK172,Vignesh R,ORD005729,84.92,15,45.2
PK085,Sanjay Kumar,ORD005730,96.48,15,93.52
PK222,Karthik Raj,ORD005731,87.95,13,110.49
PK083,Meena Devi,ORD005732,85.13,20,77.75
PK007,Meena Devi,ORD005733,91.28,7,89.1
PK020,Harish M,ORD005734,97.15,7,112.09
PK139,Arun Kumar,ORD005735,92.23,10,94.1
PK227,Arun Kumar,ORD005736,86.79,20,56.83
PK106,Harish M,ORD005737,91.97,3,16.98
PK065,Divya Nair,ORD005738,93.05,11,25.36
PK214,Divya Nair,ORD005739,93.64,11,70.55
PK243,Harish M,ORD005740,83.72,12,111.91
PK182,Divya Nair,ORD005741,90.74,4,48.24
PK166,Arun Kumar,ORD005742,84.25,17,84.89
PK052,Anitha S,ORD005743,86.18,15,71.11
PK085,Karthik Raj,ORD005744,99.93,19,55.62
PK061,Anitha S,ORD005745,88.18,10,45.77
PK047,Anitha S,ORD005746,97.86,7,73.76
PK219,Vignesh R,ORD005747,96.47,12,17.71
PK205,Naveen Kumar,ORD005748,96.79,4,65.64
PK231,Divya Nair,ORD005749,84.27,13,46.1
PK227,Naveen Kumar,ORD005750,82.43,11,71.7
PK092,Meena Devi,ORD005751,96.35,14,32.7
PK211,Anitha S,ORD005752,97.51,8,118.35
PK169,Anitha S,ORD005753,92.85,5,81.41
PK246,Divya Nair,ORD005754,98.05,20,44.85
PK186,Arun Kumar,ORD005755,85.55,19,65.48
PK250,Naveen Kumar,ORD005756,88.3,5,84.16
PK071,Harish M,ORD005757,90.94,10,114.68
PK231,Arun Kumar,ORD005758,94.76,17,75.2
PK115,Priya Sharma,ORD005759,91.17,3,112.42
PK048,Meena Devi,ORD005760,88.03,18,102.14
PK171,Naveen Kumar,ORD005761,82.94,13,84.18
PK218,Karthik Raj,ORD005762,90.47,7,50.0
PK195,Vignesh R,ORD005763,87.61,4,27.93
PK054,Divya Nair,ORD005764,89.52,11,34.06
PK054,Rahul Singh,ORD005765,92.32,12,37.6
PK207,Divya Nair,ORD005766,98.86,20,61.4
PK166,Swetha R,ORD005767,88.63,11,57.47
PK232,Harish M,ORD005768,91.47,14,35.55
PK171,Meena Devi,ORD005769,82.84,11,17.94
PK175,Rahul Singh,ORD005770,92.24,18,100.63
PK220,Rahul Singh,ORD005771,86.31,3,90.79
PK169,Priya Sharma,ORD005772,99.31,18,118.98
PK171,Priya Sharma,ORD005773,96.68,17,78.31
PK105,Naveen Kumar,ORD005774,99.77,14,90.66
PK033,Meena Devi,ORD005775,97.44,6,100.95
PK153,Anitha S,ORD005776,97.74,6,79.92
PK166,Harish M,ORD005777,95.95,20,40.22
PK233,Priya Sharma,ORD005778,90.42,17,57.43
PK246,Vignesh R,ORD005779,99.66,20,91.38
PK117,Vignesh R,ORD005780,87.67,13,19.02
PK033,Divya Nair,ORD005781,83.23,5,82.69
PK123,Swetha R,ORD005782,92.5,7,101.76
PK124,Vignesh R,ORD005783,90.12,4,18.58
PK106,Divya Nair,ORD005784,96.23,20,15.88
PK051,Priya Sharma,ORD005785,93.79,5,15.35
PK203,Rahul Singh,ORD005786,97.39,9,52.51
PK146,Naveen Kumar,ORD005787,99.36,13,67.23
PK205,Naveen Kumar,ORD005788,89.09,4,36.52
PK142,Priya Sharma,ORD005789,97.92,20,86.39
PK205,Naveen Kumar,ORD005790,82.27,9,66.71
PK125,Swetha R,ORD005791,93.39,16,30.15
PK224,Rahul Singh,ORD005792,83.38,6,34.86
PK044,Anitha S,ORD005793,90.65,4,101.78
PK219,Harish M,ORD005794,91.57,20,82.73
PK215,Harish M,ORD005795,94.45,11,103.79
PK214,Arun Kumar,ORD005796,97.25,19,117.36
PK232,Anitha S,ORD005797,83.09,6,29.91
PK059,Meena Devi,ORD005798,98.08,4,113.32
PK133,Karthik Raj,ORD005799,94.6,4,45.41
PK080,Meena Devi,ORD005800,88.07,10,71.97
PK225,Vignesh R,ORD005801,91.73,18,41.58
PK207,Sanjay Kumar,ORD005802,89.72,10,115.86
PK166,Sanjay Kumar,ORD005803,94.36,18,38.76
PK050,Vignesh R,ORD005804,96.2,10,77.52
PK032,Harish M,ORD005805,95.89,8,75.79
PK137,Priya Sharma,ORD005806,94.86,15,42.46
PK209,Meena Devi,ORD005807,87.36,19,67.09
PK117,Sanjay Kumar,ORD005808,98.3,16,75.37
PK146,Karthik Raj,ORD005809,82.81,12,104.36
PK152,Harish M,ORD005810,86.33,7,97.4
PK176,Meena Devi,ORD005811,91.07,6,40.75
PK224,Vignesh R,ORD005812,85.87,6,24.04
PK072,Anitha S,ORD005813,86.26,20,61.84
PK144,Naveen Kumar,ORD005814,91.9,11,19.59
PK207,Swetha R,ORD005815,88.75,15,97.76
PK169,Anitha S,ORD005816,93.27,13,100.18
PK241,Divya Nair,ORD005817,89.88,10,36.98
PK009,Naveen Kumar,ORD005818,89.31,17,101.67
PK142,Divya Nair,ORD005819,84.81,16,103.55
PK078,Swetha R,ORD005820,82.89,20,32.85
PK018,Karthik Raj,ORD005821,83.06,13,19.88
PK105,Karthik Raj,ORD005822,90.78,16,69.06
PK053,Vignesh R,ORD005823,85.47,6,69.57
PK227,Vignesh R,ORD005824,91.02,9,94.56
PK076,Naveen Kumar,ORD005825,98.04,20,27.9
PK098,Meena Devi,ORD005826,90.24,20,85.38
PK207,Divya Nair,ORD005827,91.4,14,96.28
PK114,Divya Nair,ORD005828,82.67,13,34.69
PK120,Rahul Singh,ORD005829,94.18,19,116.09
PK016,Harish M,ORD005830,97.72,14,38.95
PK166,Harish M,ORD005831,97.93,6,22.08
PK181,Swetha R,ORD005832,98.1,3,89.4
PK154,Divya Nair,ORD005833,82.14,19,81.34
PK172,Divya Nair,ORD005834,98.63,12,58.69
PK085,Karthik Raj,ORD005835,83.32,5,31.7
PK142,Naveen Kumar,ORD005836,87.69,14,22.61
PK025,Vignesh R,ORD005837,88.12,18,115.66
PK121,Divya Nair,ORD005838,88.98,7,17.0
PK143,Naveen Kumar,ORD005839,92.24,8,104.65
PK199,Meena Devi,ORD005840,87.08,20,29.02
PK137,Meena Devi,ORD005841,87.71,10,75.99
PK083,Meena Devi,ORD005842,96.69,18,60.22
PK171,Priya Sharma,ORD005843,94.55,18,70.12
PK088,Rahul Singh,ORD005844,88.41,12,85.24
PK011,Naveen Kumar,ORD005845,86.98,14,17.89
PK237,Divya Nair,ORD005846,82.42,16,32.2
PK027,Harish M,ORD005847,89.93,15,33.36
PK237,Rahul Singh,ORD005848,92.85,15,104.51
PK085,Harish M,ORD005849,89.19,19,57.95
PK112,Rahul Singh,ORD005850,92.82,13,30.91
PK101,Sanjay Kumar,ORD005851,99.57,12,77.89
PK183,Harish M,ORD005852,93.46,17,60.91
PK154,Naveen Kumar,ORD005853,89.94,8,101.39
PK157,Arun Kumar,ORD005854,94.48,10,68.68
PK235,Anitha S,ORD005855,82.56,17,113.97
PK215,Harish M,ORD005856,99.71,5,32.74
PK087,Vignesh R,ORD005857,94.51,8,107.0
PK211,Arun Kumar,ORD005858,88.19,8,49.99
PK091,Sanjay Kumar,ORD005859,83.7,20,24.98
PK205,Rahul Singh,ORD005860,86.94,20,110.16
PK064,Swetha R,ORD005861,93.82,20,17.12
PK175,Naveen Kumar,ORD005862,90.5,6,111.69
PK056,Divya Nair,ORD005863,99.3,20,117.39
PK031,Harish M,ORD005864,95.38,17,110.07
PK214,Swetha R,ORD005865,82.2,7,86.02
PK174,Anitha S,ORD005866,92.93,20,23.8
PK085,Rahul Singh,ORD005867,96.81,5,83.3
PK229,Swetha R,ORD005868,97.95,8,23.7
PK174,Divya Nair,ORD005869,89.15,5,96.88
PK055,Swetha R,ORD005870,99.87,16,99.23
PK046,Naveen Kumar,ORD005871,88.39,18,47.24
PK073,Naveen Kumar,ORD005872,89.74,5,100.97
PK009,Priya Sharma,ORD005873,90.7,18,24.91
PK155,Karthik Raj,ORD005874,82.11,17,24.23
PK146,Anitha S,ORD005875,95.59,14,101.54
PK053,Divya Nair,ORD005876,96.64,11,72.0
PK169,Naveen Kumar,ORD005877,84.68,9,45.34
PK228,Karthik Raj,ORD005878,89.66,12,98.24
PK118,Karthik Raj,ORD005879,95.98,18,62.0
PK133,,ORD005880,90.36,17,104.24
PK015,Naveen Kumar,ORD005881,89.91,20,85.1
PK170,Sanjay Kumar,ORD005882,90.06,12,15.36
PK097,Swetha R,ORD005883,88.77,5,57.24
PK142,Naveen Kumar,ORD005884,96.6,7,93.79
PK056,Swetha R,ORD005885,86.75,3,70.7
PK212,Vignesh R,ORD005886,98.29,13,99.86
PK218,Arun Kumar,ORD005887,94.46,8,94.37
PK060,Arun Kumar,ORD005888,92.65,7,71.54
PK079,Meena Devi,ORD005889,83.9,17,92.48
PK173,Swetha R,ORD005890,92.14,3,107.87
PK172,Vignesh R,ORD005891,94.21,11,40.34
PK153,Meena Devi,ORD005892,99.98,11,50.35
PK125,Karthik Raj,ORD005893,97.45,8,54.84
PK023,Rahul Singh,ORD005894,87.66,12,27.44
PK048,Naveen Kumar,ORD005895,96.17,6,100.88
PK087,Vignesh R,ORD005896,86.63,10,35.48
PK186,Meena Devi,ORD005897,99.86,13,95.66
PK042,Sanjay Kumar,ORD005898,85.62,13,107.98
PK182,Sanjay Kumar,ORD005899,82.15,18,66.54
PK214,Swetha R,ORD005900,88.04,13,75.44
PK115,Vignesh R,ORD005901,98.0,14,80.41
PK181,Harish M,ORD005902,94.83,7,118.13
PK092,Arun Kumar,ORD005903,92.44,12,103.79
PK062,Vignesh R,ORD005904,99.06,15,90.44
PK182,Rahul Singh,ORD005905,95.28,14,88.64
PK048,Vignesh R,ORD005906,82.07,3,85.54
PK203,Sanjay Kumar,ORD005907,92.69,9,88.42
PK008,Rahul Singh,ORD005908,96.23,13,84.09
PK024,Naveen Kumar,ORD005909,82.38,20,80.03
PK240,Naveen Kumar,ORD005910,82.62,16,18.46
PK064,Anitha S,ORD005911,85.34,14,80.47
PK015,Harish M,ORD005912,93.55,15,60.28
PK093,Vignesh R,ORD005913,84.13,13,43.66
PK232,Harish M,ORD005914,82.92,10,100.54
PK221,Harish M,ORD005915,95.17,18,112.43
PK141,Vignesh R,ORD005916,82.72,18,28.39
PK238,Swetha R,ORD005917,87.7,11,17.67
PK041,Karthik Raj,ORD005918,89.54,7,85.05
PK135,Divya Nair,ORD005919,99.78,15,29.28
PK100,Naveen Kumar,ORD005920,96.57,16,114.46
PK136,Meena Devi,ORD005921,94.75,14,94.92
PK170,Anitha S,ORD005922,83.1,9,77.97
PK160,Priya Sharma,ORD005923,93.92,7,40.71
PK222,Vignesh R,ORD005924,94.18,14,79.14
PK091,Swetha R,ORD005925,82.91,13,24.97
PK243,Vignesh R,ORD005926,82.23,3,45.3
PK226,Priya Sharma,ORD005927,84.11,7,57.42
PK106,Vignesh R,ORD005928,96.09,10,108.76
PK093,Naveen Kumar,ORD005929,85.07,18,15.22
PK128,Arun Kumar,ORD005930,84.57,17,51.16
PK203,Meena Devi,ORD005931,88.38,14,88.3
PK055,Meena Devi,ORD005932,86.79,14,48.19
PK053,Sanjay Kumar,ORD005933,95.21,3,80.67
PK209,Anitha S,ORD005934,92.63,9,77.28
PK204,Meena Devi,ORD005935,90.58,17,40.44
PK240,Divya Nair,ORD005936,87.9,4,86.81
PK181,Harish M,ORD005937,84.82,10,84.61
PK037,Anitha S,ORD005938,96.73,16,67.09
PK248,Arun Kumar,ORD005939,84.37,12,42.98
PK182,Meena Devi,ORD005940,95.23,12,82.34
PK085,Rahul Singh,ORD005941,83.49,8,58.34
PK023,Arun Kumar,ORD005942,98.63,18,102.97
PK172,Harish M,ORD005943,91.46,9,43.31
PK244,Naveen Kumar,ORD005944,99.46,8,116.04
PK244,Swetha R,ORD005945,83.09,8,87.27
PK158,Swetha R,ORD005946,90.78,7,62.88
PK183,Priya Sharma,ORD005947,89.56,17,55.47
PK046,Karthik Raj,ORD005948,88.32,16,119.15
PK236,Naveen Kumar,ORD005949,87.33,11,39.64
PK215,Arun Kumar,ORD005950,93.08,18,102.62
PK009,Swetha R,ORD005951,94.9,16,91.2
PK010,Vignesh R,ORD005952,98.85,12,31.97
PK136,Meena Devi,ORD005953,99.79,18,34.86
PK238,Vignesh R,ORD005954,96.65,16,18.21
PK161,Vignesh R,ORD005955,92.73,10,114.28
PK021,Arun Kumar,ORD005956,88.01,6,75.01
PK107,Priya Sharma,ORD005957,84.35,12,92.42
PK124,Sanjay Kumar,ORD005958,91.28,3,56.34
PK188,Karthik Raj,ORD005959,84.08,13,91.98
PK072,Karthik Raj,ORD005960,85.72,4,94.27
PK227,Meena Devi,ORD005961,83.84,14,117.58
PK238,Anitha S,ORD005962,95.22,5,33.35
PK033,Sanjay Kumar,ORD005963,85.61,19,97.64
PK043,Anitha S,ORD005964,84.27,18,100.32
PK199,Rahul Singh,ORD005965,91.12,6,43.3
PK193,Arun Kumar,ORD005966,86.28,4,80.24
PK101,Rahul Singh,ORD005967,90.62,20,39.47
PK178,Meena Devi,ORD005968,92.55,20,104.79
PK031,Arun Kumar,ORD005969,86.05,16,103.46
PK011,Divya Nair,ORD005970,84.76,4,112.93
PK191,Anitha S,ORD005971,92.24,3,46.47
PK103,Rahul Singh,ORD005972,88.2,12,41.79
PK205,Sanjay Kumar,ORD005973,98.92,11,107.27
PK003,Vignesh R,ORD005974,99.94,15,60.12
PK041,Divya Nair,ORD005975,84.81,8,118.6
PK001,Swetha R,ORD005976,91.66,20,31.3
PK046,Priya Sharma,ORD005977,83.84,8,71.09
PK062,Priya Sharma,ORD005978,91.62,15,46.06
PK172,Naveen Kumar,ORD005979,92.1,6,45.56
PK209,Swetha R,ORD005980,88.02,10,57.84
PK246,Meena Devi,ORD005981,89.71,20,27.0
PK141,Swetha R,ORD005982,90.79,13,40.04
PK218,Sanjay Kumar,ORD005983,83.15,18,111.89
PK021,Meena Devi,ORD005984,94.23,19,94.14
PK090,Meena Devi,ORD005985,91.48,8,112.38
PK127,Sanjay Kumar,ORD005986,95.19,20,32.88
PK055,Karthik Raj,ORD005987,88.72,14,49.38
PK248,Meena Devi,ORD005988,95.91,16,83.01
PK241,Arun Kumar,ORD005989,94.08,11,119.19
PK129,Meena Devi,ORD005990,97.58,4,100.08
PK056,Divya Nair,ORD005991,83.79,10,94.33
PK057,Rahul Singh,ORD005992,95.5,20,37.5
PK156,Anitha S,ORD005993,82.6,18,87.32
PK216,Naveen Kumar,ORD005994,84.99,20,26.66
PK050,Naveen Kumar,ORD005995,83.7,11,37.29
PK153,Meena Devi,ORD005996,93.51,3,108.94
PK120,Meena Devi,ORD005997,86.49,19,44.15
PK140,Vignesh R,ORD005998,96.39,6,32.57
PK166,Meena Devi,ORD005999,85.95,8,100.16
PK115,Meena Devi,ORD006000,96.63,15,77.06
PK224,Harish M,ORD006001,84.12,10,29.8
PK038,Anitha S,ORD006002,86.1,5,51.29
PK007,Harish M,ORD006003,87.47,4,53.58
PK016,Divya Nair,ORD006004,85.03,13,19.31
PK051,Arun Kumar,ORD006005,84.57,19,43.8
PK121,Swetha R,ORD006006,82.89,10,82.53
PK129,Sanjay Kumar,ORD006007,87.08,4,80.02
PK178,Meena Devi,ORD006008,86.38,5,70.21
PK025,Vignesh R,ORD006009,87.56,15,119.5
PK004,Priya Sharma,ORD006010,90.46,6,32.75
PK110,Swetha R,ORD006011,91.15,11,110.83
PK048,Vignesh R,ORD006012,91.62,8,99.83
PK213,Vignesh R,ORD006013,86.73,17,38.65
PK101,Harish M,ORD006014,82.96,19,54.33
PK117,Harish M,ORD006015,89.6,11,117.64
PK049,Arun Kumar,ORD006016,90.43,11,58.13
PK186,Arun Kumar,ORD006017,86.95,8,102.83
PK197,Sanjay Kumar,ORD006018,93.89,12,44.77
PK181,Harish M,ORD006019,96.8,11,50.88
PK204,Naveen Kumar,ORD006020,99.34,15,95.32
PK117,Karthik Raj,ORD006021,98.41,9,42.83
PK105,Arun Kumar,ORD006022,92.88,13,81.22
PK209,Divya Nair,ORD006023,99.57,14,82.18
PK094,Meena Devi,ORD006024,88.21,4,102.44
PK014,Harish M,ORD006025,94.09,14,31.67
PK057,Sanjay Kumar,ORD006026,91.23,8,91.61
PK217,Meena Devi,ORD006027,91.34,16,51.4
PK073,Priya Sharma,ORD006028,93.78,15,15.31
PK129,Divya Nair,ORD006029,85.09,12,83.51
PK121,Rahul Singh,ORD006030,89.14,10,94.16
PK109,Harish M,ORD006031,84.2,10,63.79
PK171,Sanjay Kumar,ORD006032,82.7,7,62.55
PK176,Arun Kumar,ORD006033,99.86,18,91.39
PK031,Harish M,ORD006034,97.02,10,91.32
PK079,Karthik Raj,ORD006035,89.68,13,95.56
PK064,Meena Devi,ORD006036,87.98,4,111.91
PK129,Divya Nair,ORD006037,98.53,6,117.09
PK165,Naveen Kumar,ORD006038,85.5,19,27.97
PK167,Divya Nair,ORD006039,90.07,9,95.05
PK059,Swetha R,ORD006040,97.15,7,118.97
PK086,Naveen Kumar,ORD006041,86.14,11,46.21
PK095,Rahul Singh,ORD006042,83.12,15,74.83
PK186,Harish M,ORD006043,91.95,10,68.49
PK008,Swetha R,ORD006044,90.88,7,20.22
PK050,Rahul Singh,ORD006045,91.97,12,105.36
PK071,Divya Nair,ORD006046,91.54,13,110.95
PK084,Swetha R,ORD006047,99.03,10,34.46
PK032,Swetha R,ORD006048,89.33,4,53.96
PK175,Swetha R,ORD006049,92.45,6,88.98
PK140,Priya Sharma,ORD006050,85.42,18,116.55
PK017,Karthik Raj,ORD006051,98.29,12,20.92
PK134,Vignesh R,ORD006052,94.49,6,87.86
PK066,Divya Nair,ORD006053,98.98,15,75.56
PK038,Divya Nair,ORD006054,94.09,5,76.45
PK061,Divya Nair,ORD006055,85.64,17,69.19
PK188,Vignesh R,ORD006056,82.84,18,63.26
PK033,Karthik Raj,ORD006057,92.7,12,112.54
PK115,Harish M,ORD006058,96.31,14,36.01
PK099,Swetha R,ORD006059,99.17,4,54.32
PK092,Anitha S,ORD006060,98.04,8,22.84
PK230,Priya Sharma,ORD006061,90.92,5,22.01
PK049,Harish M,ORD006062,84.02,6,48.81
PK140,Karthik Raj,ORD006063,84.57,7,19.24
PK209,Sanjay Kumar,ORD006064,84.88,14,94.03
PK105,Swetha R,ORD006065,82.22,14,33.88
PK173,Harish M,ORD006066,93.99,14,29.58
PK108,Divya Nair,ORD006067,96.39,7,62.39
PK107,Divya Nair,ORD006068,89.34,8,38.83
PK057,Meena Devi,ORD006069,87.43,18,61.92
PK116,Karthik Raj,ORD006070,87.48,12,81.16
PK227,Naveen Kumar,ORD006071,93.96,14,78.94
PK239,Anitha S,ORD006072,87.98,10,64.69
PK054,Vignesh R,ORD006073,82.59,16,52.74
PK104,Arun Kumar,ORD006074,89.86,8,88.31
PK173,Rahul Singh,ORD006075,84.63,13,105.84
PK010,Harish M,ORD006076,98.14,4,105.89
PK024,Arun Kumar,ORD006077,94.36,18,64.43
PK126,Anitha S,ORD006078,98.84,20,22.57
PK132,Vignesh R,ORD006079,93.82,7,34.81
PK059,Vignesh R,ORD006080,93.9,18,57.76
PK226,Sanjay Kumar,ORD006081,91.97,20,18.54
PK182,Anitha S,ORD006082,92.17,13,99.27
PK071,Naveen Kumar,ORD006083,90.65,16,60.35
PK064,Swetha R,ORD006084,84.82,4,64.77
PK182,Arun Kumar,ORD006085,89.21,15,69.33
PK161,Arun Kumar,ORD006086,95.06,15,50.23
PK139,Vignesh R,ORD006087,83.68,19,31.75
PK210,Priya Sharma,ORD006088,98.52,9,90.64
PK128,Priya Sharma,ORD006089,91.74,17,71.6
PK131,Karthik Raj,ORD006090,93.15,13,69.38
PK084,Anitha S,ORD006091,98.9,8,91.24
PK089,Sanjay Kumar,ORD006092,98.79,17,40.79
PK243,Vignesh R,ORD006093,96.43,14,87.69
PK116,Anitha S,ORD006094,84.26,12,74.77
PK112,Harish M,ORD006095,92.92,8,58.79
PK121,Sanjay Kumar,ORD006096,92.91,7,58.39
PK074,Karthik Raj,ORD006097,89.36,8,49.35
PK087,Swetha R,ORD006098,98.61,7,54.65
PK199,Divya Nair,ORD006099,93.12,13,76.58
PK158,Arun Kumar,ORD006100,84.97,10,25.56
PK227,Rahul Singh,ORD006101,99.73,16,106.59
PK006,Divya Nair,ORD006102,88.77,15,69.48
PK250,Harish M,ORD006103,95.21,18,44.63
PK163,Meena Devi,ORD006104,90.3,14,57.9
PK164,Sanjay Kumar,ORD006105,98.21,20,91.94
PK010,Arun Kumar,ORD006106,98.03,9,73.03
PK063,Swetha R,ORD006107,97.74,10,87.32
PK177,Meena Devi,ORD006108,99.54,19,54.59
PK021,Harish M,ORD006109,99.62,20,114.96
PK125,Anitha S,ORD006110,93.18,12,111.0
PK160,Divya Nair,ORD006111,99.96,5,35.19
PK088,Harish M,ORD006112,84.39,15,88.16
PK012,Naveen Kumar,ORD006113,97.29,4,25.06
PK187,Sanjay Kumar,ORD006114,85.94,4,105.17
PK084,Karthik Raj,ORD006115,95.73,5,108.11
PK050,Arun Kumar,ORD006116,95.54,12,49.2
PK148,Sanjay Kumar,ORD006117,98.29,12,84.2
PK087,Karthik Raj,ORD006118,86.75,15,54.03
PK137,Rahul Singh,ORD006119,98.56,13,69.45
PK007,Meena Devi,ORD006120,99.34,20,80.17
PK245,Vignesh R,ORD006121,95.76,14,88.26
PK198,Sanjay Kumar,ORD006122,93.04,11,68.49
PK215,Meena Devi,ORD006123,97.04,5,100.43
PK115,Naveen Kumar,ORD006124,86.45,15,49.87
PK171,Rahul Singh,ORD006125,89.99,14,45.55
PK015,Priya Sharma,ORD006126,97.78,6,41.06
PK053,Arun Kumar,ORD006127,87.54,9,42.96
PK129,Karthik Raj,ORD006128,93.72,13,90.5
PK103,Anitha S,ORD006129,98.32,17,114.68
PK052,Vignesh R,ORD006130,96.74,3,66.03
PK014,Swetha R,ORD006131,96.47,17,42.23
PK241,Karthik Raj,ORD006132,97.02,19,112.07
PK230,Vignesh R,ORD006133,87.23,8,59.96
PK164,Harish M,ORD006134,99.81,9,63.04
PK040,Vignesh R,ORD006135,89.39,9,61.11
PK241,Meena Devi,ORD006136,98.67,16,80.75
PK139,Meena Devi,ORD006137,87.79,6,93.76
PK054,Sanjay Kumar,ORD006138,95.13,4,98.61
PK033,Arun Kumar,ORD006139,89.64,8,24.5
PK064,Rahul Singh,ORD006140,98.08,17,50.91
PK105,Harish M,ORD006141,94.48,16,82.93
PK012,Anitha S,ORD006142,86.19,9,56.83
PK102,Rahul Singh,ORD006143,91.91,9,85.67
PK099,Priya Sharma,ORD006144,86.91,4,105.85
PK226,Divya Nair,ORD006145,99.08,3,85.26
PK064,Vignesh R,ORD006146,97.01,7,29.19
PK130,Naveen Kumar,ORD006147,91.0,11,17.43
PK111,Swetha R,ORD006148,99.19,16,38.81
PK180,Sanjay Kumar,ORD006149,84.48,16,115.69
PK110,Vignesh R,ORD006150,92.49,18,57.95
PK195,Anitha S,ORD006151,91.89,8,33.73
PK068,Vignesh R,ORD006152,85.24,8,64.14
PK140,Divya Nair,ORD006153,92.43,5,102.57
PK071,Arun Kumar,ORD006154,86.59,18,59.8
PK218,Swetha R,ORD006155,84.94,9,85.13
PK044,Meena Devi,ORD006156,98.09,3,107.73
PK206,Sanjay Kumar,ORD006157,99.94,6,60.73
PK190,Anitha S,ORD006158,83.84,20,47.88
PK085,Karthik Raj,ORD006159,92.98,8,71.33
PK131,Divya Nair,ORD006160,91.61,15,21.93
PK111,Karthik Raj,ORD006161,92.37,20,71.69
PK168,Rahul Singh,ORD006162,87.81,20,117.57
PK153,Divya Nair,ORD006163,87.93,14,40.92
PK199,Vignesh R,ORD006164,90.04,12,101.59
PK016,Rahul Singh,ORD006165,94.32,3,98.16
PK209,Priya Sharma,ORD006166,84.6,6,28.94
PK231,Divya Nair,ORD006167,92.51,19,35.51
PK029,Rahul Singh,ORD006168,86.97,19,61.83
PK213,Karthik Raj,ORD006169,87.68,9,116.41
PK145,Divya Nair,ORD006170,86.04,4,36.67
PK152,Naveen Kumar,ORD006171,92.48,17,91.96
PK247,Harish M,ORD006172,90.57,15,58.7
PK173,Anitha S,ORD006173,97.3,19,102.45
PK013,Priya Sharma,ORD006174,92.79,20,81.48
PK016,Arun Kumar,ORD006175,85.74,19,85.92
PK173,Anitha S,ORD006176,91.83,14,38.58
PK029,,ORD006177,95.74,4,52.48
PK151,Meena Devi,ORD006178,97.75,17,46.82
PK009,Vignesh R,ORD006179,93.12,7,83.93
PK109,Vignesh R,ORD006180,88.22,12,15.81
PK047,Anitha S,ORD006181,90.71,9,-25.0
PK178,Arun Kumar,ORD006182,99.07,15,114.12
PK182,Sanjay Kumar,ORD006183,88.47,15,111.66
PK090,Arun Kumar,ORD006184,91.61,11,44.76
PK082,Priya Sharma,ORD006185,86.28,14,38.88
PK192,Priya Sharma,ORD006186,87.66,9,43.64
PK221,Meena Devi,ORD006187,97.63,6,44.73
PK034,Vignesh R,ORD006188,89.73,4,62.3
PK184,Karthik Raj,ORD006189,91.23,14,61.84
PK081,Meena Devi,ORD006190,88.57,20,33.38
PK074,Priya Sharma,ORD006191,82.27,4,113.38
PK159,Naveen Kumar,ORD006192,88.2,16,61.43
PK099,Divya Nair,ORD006193,98.73,4,42.64
PK067,Arun Kumar,ORD006194,87.28,18,15.66
PK142,Divya Nair,ORD006195,98.75,8,17.39
PK167,Divya Nair,ORD006196,92.9,4,17.51
PK101,Sanjay Kumar,ORD006197,98.69,9,78.24
PK188,Sanjay Kumar,ORD006198,85.22,18,92.78
PK022,Sanjay Kumar,ORD006199,91.24,16,100.76
PK108,Anitha S,ORD006200,87.75,10,95.32
PK005,Karthik Raj,ORD006201,92.38,4,67.92
PK136,Meena Devi,ORD006202,86.17,9,35.15
PK029,Divya Nair,ORD006203,98.88,12,109.23
PK183,Priya Sharma,ORD006204,99.6,4,100.49
PK016,Harish M,ORD006205,92.85,12,79.98
PK043,Rahul Singh,ORD006206,93.38,7,92.58
PK246,Anitha S,ORD006207,97.3,18,107.96
PK037,Divya Nair,ORD006208,95.43,14,108.64
PK101,Priya Sharma,ORD006209,97.36,10,110.96
PK152,Priya Sharma,ORD006210,99.71,19,33.79
PK145,Naveen Kumar,ORD006211,95.74,9,68.81
PK018,Arun Kumar,ORD006212,88.01,16,19.07
PK082,Arun Kumar,ORD006213,95.13,6,49.49
PK026,Divya Nair,ORD006214,83.65,6,86.04
PK032,Priya Sharma,ORD006215,86.0,15,105.08
PK119,Naveen Kumar,ORD006216,97.01,9,60.8
PK152,Karthik Raj,ORD006217,93.69,19,104.64
PK166,Rahul Singh,ORD006218,82.64,4,87.85
PK047,Sanjay Kumar,ORD006219,89.47,10,80.07
PK124,Priya Sharma,ORD006220,86.55,17,27.26
PK244,Rahul Singh,ORD006221,83.85,4,62.64
PK135,Naveen Kumar,ORD006222,84.8,11,45.72
PK209,Priya Sharma,ORD006223,93.5,17,34.72
PK233,Naveen Kumar,ORD006224,89.34,16,82.16
PK168,Vignesh R,ORD006225,85.72,6,26.71
PK148,Rahul Singh,ORD006226,98.78,20,29.77
PK129,Naveen Kumar,ORD006227,83.66,15,94.19
PK043,Swetha R,ORD006228,92.42,4,87.38
PK078,Harish M,ORD006229,82.35,8,108.98
PK074,Sanjay Kumar,ORD006230,83.94,15,82.59
PK214,Rahul Singh,ORD006231,90.06,11,79.17
PK043,Arun Kumar,ORD006232,86.35,18,66.43
PK034,Rahul Singh,ORD006233,84.62,3,64.47
PK092,Priya Sharma,ORD006234,83.65,10,20.1
PK179,Harish M,ORD006235,97.57,11,84.79
PK001,Rahul Singh,ORD006236,90.34,16,54.84
PK039,Vignesh R,ORD006237,94.25,9,55.92
PK189,Sanjay Kumar,ORD006238,86.44,16,90.95
PK058,Sanjay Kumar,ORD006239,88.47,12,98.09
PK137,Swetha R,ORD006240,97.56,11,81.02
PK109,Vignesh R,ORD006241,82.23,3,88.06
PK123,Sanjay Kumar,ORD006242,96.13,17,62.34
PK180,Anitha S,ORD006243,91.31,15,21.98
PK139,Naveen Kumar,ORD006244,93.42,15,31.58
PK189,Anitha S,ORD006245,93.28,12,71.21
PK188,Swetha R,ORD006246,90.32,12,42.73
PK076,Arun Kumar,ORD006247,95.1,18,23.96
PK177,Divya Nair,ORD006248,105.0,12,118.04
PK202,Harish M,ORD006249,89.22,12,50.47
PK073,Rahul Singh,ORD006250,84.29,17,61.56
PK245,Karthik Raj,ORD006251,85.61,9,70.81
PK140,Priya Sharma,ORD006252,95.58,6,118.84
PK116,Priya Sharma,ORD006253,97.36,12,107.61
PK003,Sanjay Kumar,ORD006254,89.79,20,64.38
PK072,Naveen Kumar,ORD006255,98.26,14,113.07
PK221,Meena Devi,ORD006256,99.72,13,85.52
PK125,Rahul Singh,ORD006257,86.05,9,58.16
PK039,Arun Kumar,ORD006258,90.76,12,109.94
PK074,Rahul Singh,ORD006259,88.63,19,70.95
PK246,Karthik Raj,ORD006260,94.56,8,36.17
PK102,Priya Sharma,ORD006261,92.18,15,98.99
PK074,Harish M,ORD006262,90.91,10,36.86
PK047,Priya Sharma,ORD006263,91.62,4,44.48
PK160,Anitha S,ORD006264,92.15,13,95.67
PK072,Arun Kumar,ORD006265,95.74,16,109.69
PK104,Karthik Raj,ORD006266,98.84,3,86.96
PK236,Karthik Raj,ORD006267,88.1,9,63.58
PK189,Priya Sharma,ORD006268,88.51,10,27.87
PK019,Karthik Raj,ORD006269,82.31,20,19.88
PK245,Divya Nair,ORD006270,97.16,8,90.06
PK031,Divya Nair,ORD006271,85.86,7,30.65
PK220,Swetha R,ORD006272,84.37,8,27.69
PK138,Rahul Singh,ORD006273,89.61,20,23.32
PK092,Harish M,ORD006274,87.63,14,42.95
PK152,Arun Kumar,ORD006275,82.93,8,31.36
PK032,Vignesh R,ORD006276,88.65,15,100.3
PK077,Naveen Kumar,ORD006277,89.32,13,27.51
PK051,Swetha R,ORD006278,87.21,14,92.72
PK076,Meena Devi,ORD006279,95.16,18,22.8
PK151,Arun Kumar,ORD006280,98.53,9,107.03
PK084,Karthik Raj,ORD006281,89.45,18,69.78
PK226,,ORD006282,93.77,20,15.99
PK157,Meena Devi,ORD006283,85.61,16,44.02
PK003,Karthik Raj,ORD006284,96.65,20,66.52
PK244,Meena Devi,ORD006285,84.77,3,92.77
PK220,Vignesh R,ORD006286,98.2,14,25.62
PK109,Divya Nair,ORD006287,88.16,18,77.13
PK065,Karthik Raj,ORD006288,92.04,6,106.88
PK022,Karthik Raj,ORD006289,93.64,3,23.07
PK102,Divya Nair,ORD006290,82.77,5,118.81
PK203,Anitha S,ORD006291,97.31,4,33.17
PK177,Naveen Kumar,ORD006292,90.67,12,24.37
PK188,Sanjay Kumar,ORD006293,85.89,11,46.47
PK007,Karthik Raj,ORD006294,95.46,17,95.24
PK143,Harish M,ORD006295,88.81,8,117.23
PK214,Naveen Kumar,ORD006296,87.14,20,18.14
PK019,Anitha S,ORD006297,85.83,8,62.41
PK227,Priya Sharma,ORD006298,84.86,10,98.79
PK099,Meena Devi,ORD006299,94.63,13,64.42
PK207,Anitha S,ORD006300,86.12,6,92.69
PK208,Vignesh R,ORD006301,82.2,18,18.55
PK248,Swetha R,ORD006302,96.22,3,103.8
PK027,Rahul Singh,ORD006303,99.35,5,119.25
PK003,Harish M,ORD006304,96.31,15,31.67
PK173,Rahul Singh,ORD006305,84.91,9,18.49
PK088,Arun Kumar,ORD006306,87.57,5,43.94
PK199,Swetha R,ORD006307,96.9,20,57.95
PK019,Priya Sharma,ORD006308,96.86,15,65.79
PK011,Harish M,ORD006309,91.5,13,107.35
PK192,Divya Nair,ORD006310,82.5,4,17.49
PK188,Priya Sharma,ORD006311,93.24,15,107.31
PK213,Rahul Singh,ORD006312,97.8,7,48.0
PK222,Naveen Kumar,ORD006313,97.71,3,49.9
PK163,Anitha S,ORD006314,96.59,17,113.16
PK171,Sanjay Kumar,ORD006315,97.03,15,65.35
PK077,Swetha R,ORD006316,87.57,12,99.77
PK042,Meena Devi,ORD006317,90.17,19,37.86
PK250,Priya Sharma,ORD006318,99.37,3,48.86
PK016,Divya Nair,ORD006319,92.55,11,68.52
PK177,Sanjay Kumar,ORD006320,98.69,10,33.17
PK236,Anitha S,ORD006321,99.68,15,114.19
PK001,Swetha R,ORD006322,87.92,18,40.52
PK091,Arun Kumar,ORD006323,88.09,6,50.01
PK020,Meena Devi,ORD006324,88.48,3,85.77
PK182,Meena Devi,ORD006325,89.49,18,68.5
PK099,Vignesh R,ORD006326,99.53,4,33.51
PK195,Arun Kumar,ORD006327,95.34,11,110.68
PK063,Arun Kumar,ORD006328,97.07,20,96.4
PK105,Meena Devi,ORD006329,94.26,17,79.46
PK116,Priya Sharma,ORD006330,90.19,19,28.31
PK200,Harish M,ORD006331,95.67,18,78.99
PK226,Anitha S,ORD006332,89.68,15,117.2
PK033,Meena Devi,ORD006333,95.64,8,114.02
PK138,Anitha S,ORD006334,91.26,14,30.58
PK080,Divya Nair,ORD006335,93.42,3,30.91
PK150,Vignesh R,ORD006336,96.42,16,100.39
PK051,Divya Nair,ORD006337,87.71,10,56.93
PK172,Harish M,ORD006338,90.26,4,94.95
PK183,Vignesh R,ORD006339,91.68,9,84.23
PK227,Rahul Singh,ORD006340,88.44,13,108.15
PK172,Naveen Kumar,ORD006341,96.4,10,117.13
PK082,Harish M,ORD006342,85.17,20,98.51
PK073,Rahul Singh,ORD006343,95.99,8,25.13
PK042,Vignesh R,ORD006344,84.73,16,109.84
PK016,Sanjay Kumar,ORD006345,95.82,14,48.33
PK091,Swetha R,ORD006346,94.94,3,88.85
PK226,Swetha R,ORD006347,91.39,16,59.15
PK130,Naveen Kumar,ORD006348,98.17,15,118.39
PK004,Rahul Singh,ORD006349,92.65,13,21.38
PK212,Divya Nair,ORD006350,82.72,18,45.67
PK231,Swetha R,ORD006351,84.65,20,64.23
PK040,Naveen Kumar,ORD006352,96.46,8,44.43
PK028,Rahul Singh,ORD006353,97.54,12,21.58
PK183,Swetha R,ORD006354,82.83,18,100.12
PK017,Vignesh R,ORD006355,92.44,11,96.78
PK063,Sanjay Kumar,ORD006356,89.66,5,116.73
PK208,Naveen Kumar,ORD006357,90.83,6,30.55
PK136,Harish M,ORD006358,95.74,10,60.32
PK030,Vignesh R,ORD006359,99.39,17,96.06
PK206,Harish M,ORD006360,82.68,11,112.08
PK086,Sanjay Kumar,ORD006361,95.77,10,105.32
PK100,Swetha R,ORD006362,89.41,17,17.98
PK130,Naveen Kumar,ORD006363,92.79,16,114.31
PK210,Sanjay Kumar,ORD006364,91.23,6,19.6
PK123,Karthik Raj,ORD006365,94.28,5,19.46
PK057,Swetha R,ORD006366,87.66,6,119.53
PK131,Rahul Singh,ORD006367,93.43,3,78.06
PK211,Karthik Raj,ORD006368,99.13,19,109.48
PK184,Arun Kumar,ORD006369,84.39,6,34.04
PK145,Meena Devi,ORD006370,96.2,6,18.02
PK145,Rahul Singh,ORD006371,89.65,20,63.16
PK098,Anitha S,ORD006372,93.99,12,48.06
PK135,Rahul Singh,ORD006373,90.11,6,35.38
PK192,Naveen Kumar,ORD006374,87.99,19,87.04
PK122,Priya Sharma,ORD006375,82.91,20,113.95
PK139,Sanjay Kumar,ORD006376,94.48,19,22.33
PK052,Karthik Raj,ORD006377,87.92,14,45.54
PK200,Anitha S,ORD006378,95.12,15,104.62
PK020,Naveen Kumar,ORD006379,85.3,8,24.2
PK152,Anitha S,ORD006380,90.99,15,83.68
PK208,Priya Sharma,ORD006381,82.63,14,23.47
PK166,Harish M,ORD006382,86.24,13,70.4
PK141,Priya Sharma,ORD006383,88.28,4,75.02
PK239,Vignesh R,ORD006384,87.5,12,61.07
PK103,Vignesh R,ORD006385,92.23,14,81.4
PK043,Naveen Kumar,ORD006386,88.92,5,105.01
PK238,Meena Devi,ORD006387,94.9,11,56.77
PK105,Meena Devi,ORD006388,85.15,19,75.49
PK162,Meena Devi,ORD006389,92.23,18,52.03
PK096,Arun Kumar,ORD006390,86.09,5,114.17
PK030,Sanjay Kumar,ORD006391,89.8,15,72.46
PK242,Anitha S,ORD006392,96.82,4,111.54
PK209,Divya Nair,ORD006393,95.17,19,52.3
PK184,Meena Devi,ORD006394,90.42,5,95.35
PK180,Anitha S,ORD006395,90.34,13,23.38
PK248,Sanjay Kumar,ORD006396,99.32,18,37.13
PK117,Swetha R,ORD006397,85.6,3,102.52
PK128,Rahul Singh,ORD006398,86.49,5,71.66
PK143,Naveen Kumar,ORD006399,84.35,13,103.62
PK157,Anitha S,ORD006400,84.7,10,44.07
PK079,Sanjay Kumar,ORD006401,91.77,11,18.41
PK045,Anitha S,ORD006402,90.97,17,32.36
PK082,Arun Kumar,ORD006403,85.3,18,21.04
PK166,Karthik Raj,ORD006404,91.46,10,20.16
PK175,Divya Nair,ORD006405,95.0,10,86.51
PK104,Naveen Kumar,ORD006406,97.5,14,111.1
PK223,Anitha S,ORD006407,91.91,13,54.41
PK083,Meena Devi,ORD006408,87.08,6,16.94
PK230,Anitha S,ORD006409,90.75,13,86.7
PK083,Sanjay Kumar,ORD006410,86.2,-2,64.02
PK190,Anitha S,ORD006411,95.08,20,31.83
PK096,Divya Nair,ORD006412,82.08,4,48.72
PK076,Harish M,ORD006413,86.59,20,108.63
PK192,Meena Devi,ORD006414,86.8,13,100.17
PK016,Karthik Raj,ORD006415,90.51,18,74.74
PK183,Swetha R,ORD006416,92.96,18,97.8
PK137,Meena Devi,ORD006417,97.14,3,98.72
PK217,Anitha S,ORD006418,82.73,20,16.4
PK007,Swetha R,ORD006419,88.45,3,34.22
PK055,Rahul Singh,ORD006420,90.55,5,109.23
PK222,Naveen Kumar,ORD006421,83.0,7,31.91
PK167,Harish M,ORD006422,82.91,16,62.51
PK085,Priya Sharma,ORD006423,90.48,17,45.23
PK159,Karthik Raj,ORD006424,90.14,6,112.65
PK019,Anitha S,ORD006425,84.88,4,76.07
PK005,Naveen Kumar,ORD006426,82.61,20,117.72
PK150,Swetha R,ORD006427,94.85,5,119.65
PK106,Karthik Raj,ORD006428,88.7,19,54.05
PK169,Naveen Kumar,ORD006429,91.62,17,18.96
PK096,Karthik Raj,ORD006430,96.57,7,87.47
PK079,Rahul Singh,ORD006431,86.85,9,67.95
PK088,Meena Devi,ORD006432,95.17,8,48.47
PK030,Anitha S,ORD006433,82.04,14,36.02
PK062,Meena Devi,ORD006434,95.73,7,21.61
PK094,Vignesh R,ORD006435,99.94,3,15.37
PK160,Divya Nair,ORD006436,90.24,10,64.17
PK078,Arun Kumar,ORD006437,95.52,5,67.66
PK010,Sanjay Kumar,ORD006438,95.48,9,18.64
PK206,Karthik Raj,ORD006439,95.94,16,67.89
PK091,Anitha S,ORD006440,96.75,13,45.09
PK082,Meena Devi,ORD006441,97.55,15,62.49
PK038,Arun Kumar,ORD006442,82.98,15,66.1
PK192,Vignesh R,ORD006443,93.13,9,53.18
PK048,Vignesh R,ORD006444,96.69,19,110.32
PK246,Harish M,ORD006445,89.81,9,33.47
PK032,Arun Kumar,ORD006446,92.14,18,23.49
PK228,Divya Nair,ORD006447,93.05,4,114.74
PK208,Vignesh R,ORD006448,96.89,15,97.29
PK072,Naveen Kumar,ORD006449,99.53,12,97.89
PK047,Anitha S,ORD006450,94.71,15,66.91
PK058,Sanjay Kumar,ORD006451,93.96,8,99.26
PK194,Naveen Kumar,ORD006452,92.07,11,23.12
PK062,Naveen Kumar,ORD006453,92.3,4,44.9
PK195,Rahul Singh,ORD006454,87.1,17,78.32
PK204,Vignesh R,ORD006455,89.09,4,21.39
PK143,Harish M,ORD006456,84.21,8,118.27
PK028,Meena Devi,ORD006457,99.65,11,56.63
PK070,Sanjay Kumar,ORD006458,88.76,8,82.46
PK235,Harish M,ORD006459,87.52,8,41.5
PK062,Vignesh R,ORD006460,84.7,8,15.03
PK066,Arun Kumar,ORD006461,87.2,19,23.24
PK017,Divya Nair,ORD006462,97.3,12,41.6
PK168,Meena Devi,ORD006463,88.75,17,83.39
PK035,Meena Devi,ORD006464,99.69,7,25.14
PK028,Karthik Raj,ORD006465,92.42,7,104.1
PK193,Harish M,ORD006466,95.33,16,59.59
PK102,Divya Nair,ORD006467,85.37,3,108.12
PK033,Sanjay Kumar,ORD006468,90.04,5,28.02
PK116,Karthik Raj,ORD006469,91.01,20,78.96
PK070,Harish M,ORD006470,83.86,11,16.89
PK115,Rahul Singh,ORD006471,84.05,3,39.89
PK128,Arun Kumar,ORD006472,90.04,19,104.35
PK218,Meena Devi,ORD006473,82.72,3,74.08
PK050,Naveen Kumar,ORD006474,87.64,7,95.06
PK091,Vignesh R,ORD006475,89.16,3,17.81
PK237,Priya Sharma,ORD006476,94.88,11,58.24
PK191,Harish M,ORD006477,85.41,12,50.33
PK120,Meena Devi,ORD006478,89.4,20,43.3
PK041,Swetha R,ORD006479,89.58,8,98.41
PK169,Sanjay Kumar,ORD006480,88.17,14,93.1
PK108,Arun Kumar,ORD006481,85.21,15,46.6
PK098,Vignesh R,ORD006482,96.65,12,68.49
PK055,Naveen Kumar,ORD006483,83.43,16,57.25
PK113,Swetha R,ORD006484,87.66,17,15.21
PK179,Vignesh R,ORD006485,93.64,15,54.65
PK075,Sanjay Kumar,ORD006486,88.71,5,35.99
PK035,Harish M,ORD006487,96.36,8,69.0
PK048,Meena Devi,ORD006488,91.7,9,47.17
PK161,Anitha S,ORD006489,91.38,16,64.62
PK117,Meena Devi,ORD006490,93.81,3,53.63
PK123,Vignesh R,ORD006491,83.22,9,87.21
PK238,Karthik Raj,ORD006492,89.75,4,33.72
PK152,Harish M,ORD006493,89.12,6,27.03
PK123,Sanjay Kumar,ORD006494,86.5,3,71.64
PK114,Harish M,ORD006495,87.53,13,63.95
PK248,Harish M,ORD006496,96.35,6,40.95
PK197,Anitha S,ORD006497,99.99,8,37.27
PK208,Vignesh R,ORD006498,87.29,11,25.66
PK031,Karthik Raj,ORD006499,98.58,10,41.64
PK175,Swetha R,ORD006500,94.73,11,117.79
PK193,Swetha R,ORD006501,88.11,11,83.09
PK241,Arun Kumar,ORD006502,83.52,17,52.79
PK098,Naveen Kumar,ORD006503,95.79,13,97.84
PK178,Vignesh R,ORD006504,83.05,9,25.93
PK105,Sanjay Kumar,ORD006505,96.3,10,48.14
PK204,Anitha S,ORD006506,87.62,13,100.21
PK159,Meena Devi,ORD006507,82.68,17,109.06
PK138,Naveen Kumar,ORD006508,91.58,6,58.46
PK233,Vignesh R,ORD006509,91.7,8,101.24
PK146,Rahul Singh,ORD006510,92.97,19,43.62
PK038,Vignesh R,ORD006511,93.77,19,108.63
PK234,Naveen Kumar,ORD006512,99.74,6,23.66
PK131,Arun Kumar,ORD006513,86.47,5,40.22
PK228,Divya Nair,ORD006514,97.24,5,74.22
PK212,Meena Devi,ORD006515,97.87,10,54.75
PK209,Vignesh R,ORD006516,82.6,16,63.84
PK197,Karthik Raj,ORD006517,96.6,6,82.59
PK181,Meena Devi,ORD006518,91.05,5,21.02
PK141,Anitha S,ORD006519,97.65,5,80.04
PK186,Harish M,ORD006520,88.62,4,104.55
PK249,Priya Sharma,ORD006521,97.59,13,106.54
PK227,Arun Kumar,ORD006522,87.11,6,57.66
PK216,Meena Devi,ORD006523,83.07,9,18.2
PK138,Arun Kumar,ORD006524,93.86,10,30.47
PK237,Meena Devi,ORD006525,83.71,12,29.47
PK061,Rahul Singh,ORD006526,91.61,16,113.38
PK102,Priya Sharma,ORD006527,99.75,8,46.87
PK225,Priya Sharma,ORD006528,99.93,7,74.65
PK175,Karthik Raj,ORD006529,83.24,19,34.04
PK126,Vignesh R,ORD006530,91.49,12,94.53
PK080,Sanjay Kumar,ORD006531,99.38,11,90.77
PK181,Naveen Kumar,ORD006532,99.3,10,42.32
PK085,Meena Devi,ORD006533,95.09,6,48.28
PK189,Naveen Kumar,ORD006534,94.15,12,46.16
PK076,Rahul Singh,ORD006535,87.09,5,22.47
PK123,Karthik Raj,ORD006536,82.81,19,115.44
PK083,Swetha R,ORD006537,86.15,9,42.34
PK206,Priya Sharma,ORD006538,94.35,11,83.22
PK205,Anitha S,ORD006539,87.22,18,72.82
PK166,Naveen Kumar,ORD006540,92.28,4,69.8
PK089,Arun Kumar,ORD006541,87.91,9,99.35
PK079,Sanjay Kumar,ORD006542,84.69,4,105.73
PK057,Karthik Raj,ORD006543,92.5,16,103.89
PK154,Naveen Kumar,ORD006544,95.4,20,68.77
PK094,Rahul Singh,ORD006545,97.45,12,93.54
PK080,Vignesh R,ORD006546,86.8,8,59.94
PK033,Arun Kumar,ORD006547,95.07,8,48.83
PK235,Naveen Kumar,ORD006548,92.73,6,102.15
PK093,Meena Devi,ORD006549,84.91,14,88.01
PK052,Vignesh R,ORD006550,82.6,11,45.65
PK053,Meena Devi,ORD006551,85.05,16,15.38
PK189,Naveen Kumar,ORD006552,90.92,15,20.9
PK204,Anitha S,ORD006553,97.94,5,68.32
PK247,Meena Devi,ORD006554,84.51,17,23.26
PK197,Swetha R,ORD006555,84.86,15,59.47
PK134,Swetha R,ORD006556,84.54,6,44.18
PK200,Arun Kumar,ORD006557,83.7,5,87.57
PK129,Sanjay Kumar,ORD006558,85.27,9,49.84
PK049,Vignesh R,ORD006559,95.4,14,63.0
PK219,Divya Nair,ORD006560,82.72,10,76.5
PK247,Divya Nair,ORD006561,91.75,7,39.8
PK236,Anitha S,ORD006562,83.14,3,43.57
PK058,Rahul Singh,ORD006563,90.89,7,34.12
PK153,Karthik Raj,ORD006564,92.21,17,110.08
PK131,Sanjay Kumar,ORD006565,91.62,10,74.6
PK006,Anitha S,ORD006566,99.77,20,85.5
PK022,,ORD006567,89.81,5,92.6
PK015,Meena Devi,ORD006568,95.79,13,21.16
PK093,Swetha R,ORD006569,99.29,19,117.1
PK090,Harish M,ORD006570,88.19,18,48.82
PK160,Priya Sharma,ORD006571,99.23,17,69.81
PK047,Rahul Singh,ORD006572,93.65,6,44.39
PK247,Naveen Kumar,ORD006573,93.58,13,102.54
PK098,Priya Sharma,ORD006574,82.52,13,26.98
PK160,Meena Devi,ORD006575,96.64,8,45.82
PK152,Swetha R,ORD006576,90.59,11,35.97
PK135,Karthik Raj,ORD006577,92.36,12,90.99
PK202,Vignesh R,ORD006578,83.65,18,72.55
PK223,Harish M,ORD006579,93.36,11,26.36
PK135,Divya Nair,ORD006580,92.71,3,76.57
PK164,Sanjay Kumar,ORD006581,91.05,11,67.43
PK102,Naveen Kumar,ORD006582,97.29,19,95.68
PK240,Harish M,ORD006583,86.11,10,62.51
PK046,Anitha S,ORD006584,95.69,10,112.48
PK091,Divya Nair,ORD006585,98.81,18,85.91
PK133,Harish M,ORD006586,97.49,14,110.31
PK154,Karthik Raj,ORD006587,90.35,18,37.94
PK028,Naveen Kumar,ORD006588,91.01,13,104.91
PK100,Meena Devi,ORD006589,82.76,15,96.18
PK132,Vignesh R,ORD006590,92.58,12,23.02
PK249,Anitha S,ORD006591,94.67,6,110.29
PK208,Karthik Raj,ORD006592,88.12,9,77.72
PK133,Karthik Raj,ORD006593,86.38,4,61.09
PK194,Swetha R,ORD006594,86.36,10,66.41
PK130,Priya Sharma,ORD006595,93.65,13,21.64
PK197,Swetha R,ORD006596,88.24,11,102.94
PK005,Harish M,ORD006597,89.5,19,20.37
PK028,Meena Devi,ORD006598,86.57,4,97.61
PK136,Sanjay Kumar,ORD006599,97.41,4,80.7
PK169,Arun Kumar,ORD006600,95.12,18,40.64
PK017,Priya Sharma,ORD006601,96.35,16,68.72
PK216,Vignesh R,ORD006602,90.3,19,96.84
PK081,Karthik Raj,ORD006603,99.0,9,46.81
PK215,Harish M,ORD006604,95.65,5,41.87
PK231,Vignesh R,ORD006605,84.17,15,51.46
PK223,Karthik Raj,ORD006606,94.48,12,67.35
PK114,Arun Kumar,ORD006607,84.48,19,102.54
PK172,Rahul Singh,ORD006608,86.81,18,29.35
PK134,Karthik Raj,ORD006609,96.34,12,49.68
PK094,Divya Nair,ORD006610,92.95,5,23.7
PK232,Swetha R,ORD006611,98.86,7,56.71
PK050,Vignesh R,ORD006612,85.54,10,104.83
PK169,Arun Kumar,ORD006613,96.94,18,61.88
PK168,Swetha R,ORD006614,86.44,7,87.63
PK189,Divya Nair,ORD006615,91.69,16,91.83
PK232,Naveen Kumar,ORD006616,92.69,4,80.51
PK002,Meena Devi,ORD006617,92.9,16,69.0
PK069,Anitha S,ORD006618,88.47,9,38.4
PK065,Sanjay Kumar,ORD006619,91.34,14,72.57
PK199,Sanjay Kumar,ORD006620,85.96,6,103.27
PK058,Divya Nair,ORD006621,91.78,20,91.19
PK212,Vignesh R,ORD006622,83.57,20,88.67
PK054,Vignesh R,ORD006623,89.03,13,105.66
PK090,Meena Devi,ORD006624,87.71,9,57.14
PK248,Rahul Singh,ORD006625,95.81,18,76.0
PK222,Harish M,ORD006626,82.94,10,44.8
PK199,Swetha R,ORD006627,99.79,15,36.29
PK141,Arun Kumar,ORD006628,91.04,10,74.94
PK015,Sanjay Kumar,ORD006629,87.45,14,43.33
PK203,Rahul Singh,ORD006630,91.41,12,73.33
PK044,Sanjay Kumar,ORD006631,97.09,7,47.09
PK198,Karthik Raj,ORD006632,84.52,13,78.07
PK063,Rahul Singh,ORD006633,87.27,16,71.6
PK223,Rahul Singh,ORD006634,82.4,9,104.49
PK222,Sanjay Kumar,ORD006635,92.02,13,27.05
PK148,Harish M,ORD006636,95.77,14,47.77
PK226,Divya Nair,ORD006637,83.75,5,42.64
PK045,Swetha R,ORD006638,98.47,18,25.85
PK083,Naveen Kumar,ORD006639,95.87,15,39.96
PK039,Vignesh R,ORD006640,86.66,16,16.95
PK104,Harish M,ORD006641,92.99,4,45.88
PK030,Karthik Raj,ORD006642,91.64,8,23.78
PK121,Meena Devi,ORD006643,91.89,16,99.91
PK106,Rahul Singh,ORD006644,87.01,20,102.73
PK113,Vignesh R,ORD006645,95.97,4,97.25
PK222,Anitha S,ORD006646,90.77,20,108.18
PK241,Swetha R,ORD006647,85.01,5,82.24
PK030,Divya Nair,ORD006648,88.13,13,18.56
PK127,Divya Nair,ORD006649,86.49,12,116.57
PK027,Arun Kumar,ORD006650,98.38,13,52.11
PK222,Arun Kumar,ORD006651,89.0,14,87.25
PK093,Harish M,ORD006652,90.62,12,79.81
PK028,Karthik Raj,ORD006653,96.59,7,64.18
PK096,Meena Devi,ORD006654,87.38,18,50.6
PK196,Swetha R,ORD006655,99.76,20,49.39
PK046,Arun Kumar,ORD006656,88.32,17,92.81
PK151,Meena Devi,ORD006657,92.52,19,75.96
PK158,Anitha S,ORD006658,94.47,12,77.27
PK104,Naveen Kumar,ORD006659,89.75,19,114.78
PK230,Priya Sharma,ORD006660,83.78,20,82.17
PK084,Harish M,ORD006661,89.64,13,116.51
PK212,Karthik Raj,ORD006662,95.99,17,44.88
PK125,Sanjay Kumar,ORD006663,86.56,19,89.5
PK136,Meena Devi,ORD006664,91.09,4,56.54
PK186,Vignesh R,ORD006665,94.92,5,107.23
PK085,Divya Nair,ORD006666,94.07,18,78.73
PK164,Sanjay Kumar,ORD006667,87.79,15,47.19
PK170,Swetha R,ORD006668,94.45,12,118.6
PK176,Naveen Kumar,ORD006669,95.33,20,68.76
PK135,Karthik Raj,ORD006670,86.53,10,75.39
PK238,Naveen Kumar,ORD006671,99.14,10,21.7
PK044,Anitha S,ORD006672,87.28,13,57.62
PK071,Meena Devi,ORD006673,93.63,10,60.94
PK129,Divya Nair,ORD006674,94.33,3,34.29
PK142,Meena Devi,ORD006675,88.91,8,78.39
PK230,Harish M,ORD006676,82.37,8,60.93
PK060,Karthik Raj,ORD006677,99.71,19,35.18
PK188,Swetha R,ORD006678,91.68,3,47.24
PK248,Meena Devi,ORD006679,86.23,8,26.13
PK038,Naveen Kumar,ORD006680,85.35,16,97.07
PK135,Naveen Kumar,ORD006681,92.66,15,-25.0
PK032,Swetha R,ORD006682,87.38,7,34.9
PK221,Sanjay Kumar,ORD006683,87.77,15,119.8
PK167,Harish M,ORD006684,84.37,20,97.01
PK005,Rahul Singh,ORD006685,98.41,14,79.34
PK232,Divya Nair,ORD006686,99.35,20,115.47
PK198,Rahul Singh,ORD006687,91.49,3,87.49
PK170,Meena Devi,ORD006688,92.82,17,26.42
PK214,Sanjay Kumar,ORD006689,86.37,5,93.17
PK195,Sanjay Kumar,ORD006690,95.22,17,88.8
PK166,Meena Devi,ORD006691,90.27,14,44.22
PK030,Priya Sharma,ORD006692,82.58,3,109.17
PK110,Karthik Raj,ORD006693,88.93,18,61.95
PK035,Swetha R,ORD006694,84.15,12,119.07
PK227,Divya Nair,ORD006695,91.03,11,102.39
PK020,Swetha R,ORD006696,87.7,16,90.31
PK093,Karthik Raj,ORD006697,83.4,13,16.2
PK100,Karthik Raj,ORD006698,90.78,19,114.45
PK167,Swetha R,ORD006699,82.66,9,99.44
PK009,Divya Nair,ORD006700,85.03,9,48.47
PK232,Naveen Kumar,ORD006701,91.77,11,74.98
PK049,Anitha S,ORD006702,87.46,10,83.77
PK066,Anitha S,ORD006703,91.26,18,40.37
PK042,Karthik Raj,ORD006704,90.29,5,57.1
PK148,Karthik Raj,ORD006705,98.25,17,17.35
PK179,Anitha S,ORD006706,87.03,6,32.24
PK173,Sanjay Kumar,ORD006707,89.43,14,46.56
PK036,Harish M,ORD006708,87.27,20,44.26
PK186,Harish M,ORD006709,89.65,13,103.62
PK028,Karthik Raj,ORD006710,93.96,14,57.08
PK176,Priya Sharma,ORD006711,87.04,15,85.81
PK037,Sanjay Kumar,ORD006712,90.37,9,116.03
PK076,Naveen Kumar,ORD006713,98.3,16,112.0
PK218,Priya Sharma,ORD006714,84.27,14,50.11
PK001,Vignesh R,ORD006715,91.13,4,51.67
PK228,Priya Sharma,ORD006716,94.29,16,66.55
PK249,Divya Nair,ORD006717,95.22,10,27.28
PK130,Karthik Raj,ORD006718,92.52,14,68.42
PK241,Naveen Kumar,ORD006719,93.88,15,109.29
PK155,Karthik Raj,ORD006720,91.61,13,47.03
PK162,Divya Nair,ORD006721,98.87,20,35.74
PK100,Anitha S,ORD006722,94.61,20,86.28
PK167,Anitha S,ORD006723,98.43,10,40.45
PK240,Karthik Raj,ORD006724,89.38,20,36.74
PK181,Swetha R,ORD006725,82.0,15,82.29
PK030,Meena Devi,ORD006726,85.33,13,62.72
PK104,Vignesh R,ORD006727,94.49,8,33.68
PK095,Harish M,ORD006728,94.91,4,72.95
PK109,Swetha R,ORD006729,96.71,17,118.98
PK198,Karthik Raj,ORD006730,99.8,4,58.12
PK147,Harish M,ORD006731,85.39,10,98.91
PK230,Karthik Raj,ORD006732,94.76,20,113.53
PK158,Priya Sharma,ORD006733,89.89,12,69.97
PK111,Anitha S,ORD006734,85.16,6,98.24
PK134,Swetha R,ORD006735,91.8,18,52.95
PK241,Meena Devi,ORD006736,92.78,12,32.41
PK088,Karthik Raj,ORD006737,99.9,11,84.97
PK027,Meena Devi,ORD006738,91.03,16,82.35
PK043,Priya Sharma,ORD006739,96.02,12,95.11
PK115,Arun Kumar,ORD006740,86.27,8,92.43
PK182,Divya Nair,ORD006741,88.0,17,101.92
PK224,Harish M,ORD006742,83.83,20,50.64
PK178,Rahul Singh,ORD006743,90.72,18,40.7
PK223,Meena Devi,ORD006744,85.06,15,31.68
PK191,Harish M,ORD006745,85.82,9,108.03
PK150,Swetha R,ORD006746,98.03,16,116.33
PK040,Naveen Kumar,ORD006747,89.75,11,105.78
PK035,Arun Kumar,ORD006748,85.52,9,55.34
PK002,Priya Sharma,ORD006749,89.78,16,90.92
PK219,Harish M,ORD006750,82.02,15,31.31
PK156,Arun Kumar,ORD006751,93.19,5,39.64
PK185,Divya Nair,ORD006752,92.13,13,109.16
PK198,Rahul Singh,ORD006753,82.75,13,105.26
PK156,Divya Nair,ORD006754,89.33,10,52.06
PK198,Rahul Singh,ORD006755,88.07,4,58.85
PK242,Anitha S,ORD006756,86.92,20,75.76
PK225,Priya Sharma,ORD006757,96.58,15,88.88
PK041,Karthik Raj,ORD006758,92.1,9,61.28
PK012,Divya Nair,ORD006759,85.82,9,39.56
PK183,Rahul Singh,ORD006760,88.65,7,59.86
PK074,Sanjay Kumar,ORD006761,93.96,12,73.95
PK201,Sanjay Kumar,ORD006762,87.91,20,67.96
PK115,Naveen Kumar,ORD006763,95.14,16,44.72
PK233,Sanjay Kumar,ORD006764,94.95,20,27.74
PK157,Priya Sharma,ORD006765,97.82,8,20.46
PK133,Karthik Raj,ORD006766,87.29,9,99.15
PK028,Sanjay Kumar,ORD006767,89.01,6,18.6
PK102,Anitha S,ORD006768,85.86,12,117.18
PK068,Rahul Singh,ORD006769,95.54,7,107.78
PK195,Meena Devi,ORD006770,97.84,9,64.25
PK102,Harish M,ORD006771,99.5,20,115.95
PK217,Karthik Raj,ORD006772,82.67,10,51.81
PK189,Meena Devi,ORD006773,93.99,6,119.0
PK027,Sanjay Kumar,ORD006774,85.18,17,15.01
PK028,Arun Kumar,ORD006775,99.29,20,81.62
PK244,Meena Devi,ORD006776,85.84,17,119.62
PK098,Divya Nair,ORD006777,99.59,19,83.9
PK065,Anitha S,ORD006778,96.05,9,68.16
PK156,Karthik Raj,ORD006779,82.64,10,87.06
PK029,Rahul Singh,ORD006780,82.03,8,57.62
PK207,Naveen Kumar,ORD006781,90.47,8,90.92
PK039,Vignesh R,ORD006782,94.12,10,101.79
PK200,Karthik Raj,ORD006783,84.55,6,79.53
PK114,Naveen Kumar,ORD006784,92.56,19,59.36
PK095,Swetha R,ORD006785,92.35,7,84.9
PK136,Vignesh R,ORD006786,88.43,14,66.13
PK090,Naveen Kumar,ORD006787,90.47,14,81.33
PK209,Arun Kumar,ORD006788,82.24,11,89.36
PK204,Meena Devi,ORD006789,83.1,19,31.13
PK063,Divya Nair,ORD006790,88.94,15,54.67
PK183,Meena Devi,ORD006791,84.19,13,67.37
PK142,Divya Nair,ORD006792,82.88,10,92.8
PK004,Rahul Singh,ORD006793,97.83,3,67.52
PK158,Swetha R,ORD006794,91.96,10,53.32
PK082,Priya Sharma,ORD006795,96.93,4,116.63
PK020,Anitha S,ORD006796,86.7,13,19.26
PK241,Anitha S,ORD006797,88.31,11,95.66
PK110,Naveen Kumar,ORD006798,94.44,17,19.93
PK091,Naveen Kumar,ORD006799,87.23,12,25.38
PK065,Divya Nair,ORD006800,99.92,11,65.73
PK025,Karthik Raj,ORD006801,99.73,7,24.23
PK190,Divya Nair,ORD006802,84.96,6,88.68
PK172,Naveen Kumar,ORD006803,84.45,15,71.85
PK067,Sanjay Kumar,ORD006804,92.7,17,114.74
PK166,Arun Kumar,ORD006805,88.0,6,30.27
PK049,Anitha S,ORD006806,91.61,18,61.91
PK008,Anitha S,ORD006807,88.27,13,23.29
PK171,Vignesh R,ORD006808,85.94,17,83.59
PK244,Karthik Raj,ORD006809,91.4,15,50.73
PK027,Meena Devi,ORD006810,83.49,3,40.79
PK243,Swetha R,ORD006811,86.83,3,95.15
PK049,Swetha R,ORD006812,93.27,5,51.05
PK078,Anitha S,ORD006813,99.79,10,81.58
PK105,Priya Sharma,ORD006814,89.66,19,26.29
PK229,Vignesh R,ORD006815,97.88,18,96.76
PK047,Vignesh R,ORD006816,82.28,3,40.46
PK020,Swetha R,ORD006817,90.33,17,61.42
PK142,Swetha R,ORD006818,94.62,6,95.1
PK004,Sanjay Kumar,ORD006819,95.07,8,93.95
PK008,Priya Sharma,ORD006820,87.82,13,119.97
PK016,Sanjay Kumar,ORD006821,96.4,8,69.94
PK057,Vignesh R,ORD006822,89.01,19,15.91
PK080,Rahul Singh,ORD006823,82.34,19,60.11
PK094,Divya Nair,ORD006824,83.22,6,28.9
PK011,Arun Kumar,ORD006825,83.78,20,111.68
PK179,Arun Kumar,ORD006826,93.2,8,80.44
PK141,Swetha R,ORD006827,85.43,17,93.52
PK127,Anitha S,ORD006828,84.68,17,45.27
PK087,Arun Kumar,ORD006829,89.37,16,44.32
PK133,Sanjay Kumar,ORD006830,95.87,20,99.08
PK190,Naveen Kumar,ORD006831,94.97,20,25.48
PK243,Arun Kumar,ORD006832,99.71,4,41.89
PK151,Arun Kumar,ORD006833,84.36,11,42.75
PK118,Naveen Kumar,ORD006834,87.38,4,64.11
PK161,Arun Kumar,ORD006835,86.58,18,118.12
PK157,Meena Devi,ORD006836,93.61,19,64.18
PK236,Priya Sharma,ORD006837,88.76,7,64.76
PK185,Rahul Singh,ORD006838,93.02,5,17.79
PK144,Anitha S,ORD006839,83.72,20,51.5
PK032,Sanjay Kumar,ORD006840,84.01,18,29.57
PK021,Arun Kumar,ORD006841,92.91,14,58.37
PK212,Meena Devi,ORD006842,91.99,5,28.13
PK209,Naveen Kumar,ORD006843,82.53,11,46.42
PK023,Rahul Singh,ORD006844,99.52,14,103.48
PK060,Divya Nair,ORD006845,87.08,14,91.15
PK022,Divya Nair,ORD006846,98.93,10,45.72
PK032,Priya Sharma,ORD006847,91.72,16,15.68
PK063,Naveen Kumar,ORD006848,93.86,9,69.17
PK013,Meena Devi,ORD006849,98.39,18,72.86
PK221,Rahul Singh,ORD006850,99.91,16,38.5
PK053,Priya Sharma,ORD006851,87.1,14,93.37
PK151,Naveen Kumar,ORD006852,92.87,8,65.8
PK146,Divya Nair,ORD006853,85.9,18,50.43
PK022,Divya Nair,ORD006854,91.14,9,77.31
PK002,Swetha R,ORD006855,92.91,5,116.46
PK043,Sanjay Kumar,ORD006856,94.22,16,93.48
PK246,Vignesh R,ORD006857,98.37,15,66.82
PK113,Anitha S,ORD006858,83.89,7,65.31
PK176,Priya Sharma,ORD006859,97.47,8,117.12
PK166,Meena Devi,ORD006860,86.12,15,62.41
PK183,Anitha S,ORD006861,98.46,18,105.81
PK048,Divya Nair,ORD006862,87.15,16,25.79
PK161,Vignesh R,ORD006863,83.38,9,16.35
PK158,Divya Nair,ORD006864,94.16,19,27.32
PK169,Rahul Singh,ORD006865,93.43,8,20.81
PK223,Priya Sharma,ORD006866,95.01,14,118.76
PK227,Vignesh R,ORD006867,84.52,8,62.46
PK149,Rahul Singh,ORD006868,89.03,12,74.98
PK165,Priya Sharma,ORD006869,82.15,3,70.02
PK134,Harish M,ORD006870,99.34,5,59.77
PK072,Swetha R,ORD006871,88.72,12,58.69
PK227,Priya Sharma,ORD006872,85.89,14,51.66
PK166,Divya Nair,ORD006873,94.64,12,92.66
PK038,Swetha R,ORD006874,89.99,20,24.01
PK189,Priya Sharma,ORD006875,94.38,4,85.03
PK222,Priya Sharma,ORD006876,93.8,14,79.71
PK188,Sanjay Kumar,ORD006877,98.6,17,100.07
PK215,Swetha R,ORD006878,86.72,16,44.65
PK001,Anitha S,ORD006879,96.38,16,65.68
PK110,Priya Sharma,ORD006880,88.94,18,29.9
PK171,Divya Nair,ORD006881,99.47,7,61.55
PK034,Meena Devi,ORD006882,96.86,18,110.43
PK094,Meena Devi,ORD006883,99.75,15,71.71
PK029,Sanjay Kumar,ORD006884,99.05,3,28.62
PK042,Harish M,ORD006885,94.81,14,39.19
PK115,Priya Sharma,ORD006886,99.78,20,117.88
PK232,Vignesh R,ORD006887,82.85,9,78.1
PK062,Swetha R,ORD006888,93.47,9,68.49
PK191,Priya Sharma,ORD006889,96.09,17,105.13
PK222,Naveen Kumar,ORD006890,93.16,16,44.8
PK163,Arun Kumar,ORD006891,85.59,10,78.67
PK062,Arun Kumar,ORD006892,99.19,15,22.26
PK155,Rahul Singh,ORD006893,86.47,20,64.51
PK244,Sanjay Kumar,ORD006894,84.62,7,64.96
PK012,Karthik Raj,ORD006895,91.78,5,101.91
PK168,Anitha S,ORD006896,95.53,18,16.06
PK005,Anitha S,ORD006897,82.66,13,94.35
PK170,Priya Sharma,ORD006898,98.22,17,113.7
PK165,Karthik Raj,ORD006899,96.55,6,19.33
PK003,Naveen Kumar,ORD006900,82.23,7,118.39
PK028,Harish M,ORD006901,99.04,5,66.66
PK227,Swetha R,ORD006902,82.06,13,33.27
PK155,Swetha R,ORD006903,92.75,20,61.76
PK230,Rahul Singh,ORD006904,92.76,12,98.99
PK127,Vignesh R,ORD006905,90.13,8,55.1
PK027,Priya Sharma,ORD006906,97.46,3,67.69
PK169,Divya Nair,ORD006907,93.44,9,35.64
PK024,Naveen Kumar,ORD006908,86.89,10,36.47
PK172,Harish M,ORD006909,99.96,19,15.78
PK194,Anitha S,ORD006910,85.89,9,40.34
PK039,Divya Nair,ORD006911,94.15,4,112.75
PK215,Swetha R,ORD006912,89.54,20,83.58
PK066,Karthik Raj,ORD006913,91.59,12,85.29
PK057,Naveen Kumar,ORD006914,89.34,4,27.49
PK182,Divya Nair,ORD006915,99.8,15,88.28
PK246,Priya Sharma,ORD006916,83.58,17,80.35
PK228,Naveen Kumar,ORD006917,92.49,18,53.81
PK088,Divya Nair,ORD006918,82.4,16,109.71
PK120,Arun Kumar,ORD006919,87.17,15,61.23
PK046,Arun Kumar,ORD006920,92.82,16,85.48
PK169,Priya Sharma,ORD006921,94.93,15,74.13
PK211,Meena Devi,ORD006922,99.23,14,106.35
PK244,Karthik Raj,ORD006923,94.63,11,63.32
PK194,Meena Devi,ORD006924,94.32,13,63.56
PK128,Karthik Raj,ORD006925,84.27,15,66.89
PK187,Vignesh R,ORD006926,88.5,7,57.23
PK107,Sanjay Kumar,ORD006927,96.76,18,62.89
PK226,Meena Devi,ORD006928,94.62,8,92.93
PK152,Naveen Kumar,ORD006929,86.2,5,61.01
PK103,Anitha S,ORD006930,96.17,4,48.17
PK167,Harish M,ORD006931,99.21,19,29.34
PK100,Naveen Kumar,ORD006932,89.34,10,27.38
PK172,Divya Nair,ORD006933,84.04,12,66.22
PK211,Meena Devi,ORD006934,92.28,14,115.11
PK127,Anitha S,ORD006935,85.12,8,32.51
PK241,Naveen Kumar,ORD006936,94.08,15,68.18
PK062,Naveen Kumar,ORD006937,89.24,15,104.91
PK175,Sanjay Kumar,ORD006938,90.48,4,88.22
PK128,Anitha S,ORD006939,91.23,14,100.68
PK243,Meena Devi,ORD006940,84.8,15,98.11
PK147,Harish M,ORD006941,87.0,4,64.44
PK179,Rahul Singh,ORD006942,83.59,8,68.35
PK196,Swetha R,ORD006943,97.69,14,104.08
PK086,Meena Devi,ORD006944,89.0,18,96.0
PK119,Naveen Kumar,ORD006945,95.55,16,93.16
PK088,Priya Sharma,ORD006946,86.49,16,84.4
PK148,Arun Kumar,ORD006947,93.47,20,96.6
PK067,Swetha R,ORD006948,85.01,4,78.33
PK059,Anitha S,ORD006949,98.06,8,50.02
PK211,Naveen Kumar,ORD006950,98.19,14,73.03
PK023,Rahul Singh,ORD006951,95.58,10,66.46
PK172,Arun Kumar,ORD006952,87.25,18,45.34
PK003,Anitha S,ORD006953,88.17,10,98.15
PK088,Sanjay Kumar,ORD006954,96.35,9,91.14
PK049,Karthik Raj,ORD006955,98.49,14,92.5
PK217,Karthik Raj,ORD006956,89.06,19,105.63
PK247,Divya Nair,ORD006957,91.95,9,76.38
PK100,Priya Sharma,ORD006958,99.77,12,75.08
PK236,Anitha S,ORD006959,84.7,12,93.93
PK233,Harish M,ORD006960,90.66,8,94.67
PK110,Vignesh R,ORD006961,98.6,6,85.28
PK090,Priya Sharma,ORD006962,85.62,9,58.45
PK164,Vignesh R,ORD006963,89.28,8,85.76
PK189,Vignesh R,ORD006964,98.53,4,69.75
PK021,Anitha S,ORD006965,86.54,18,18.71
PK104,Karthik Raj,ORD006966,97.38,19,45.01
PK029,Naveen Kumar,ORD006967,96.69,7,54.49
PK033,Rahul Singh,ORD006968,95.4,6,119.17
PK174,Karthik Raj,ORD006969,85.8,14,26.65
PK212,Sanjay Kumar,ORD006970,85.3,10,65.03
PK146,Divya Nair,ORD006971,98.79,18,90.52
PK168,Harish M,ORD006972,97.3,19,21.9
PK204,Rahul Singh,ORD006973,90.24,15,115.3
PK005,Karthik Raj,ORD006974,99.72,3,46.13
PK149,Vignesh R,ORD006975,83.45,13,82.0
PK017,Naveen Kumar,ORD006976,88.84,17,25.82
PK158,Arun Kumar,ORD006977,88.33,7,95.46
PK228,Swetha R,ORD006978,93.79,7,58.11
PK163,Naveen Kumar,ORD006979,87.0,17,80.1
PK110,Arun Kumar,ORD006980,91.73,19,76.44
PK006,Naveen Kumar,ORD006981,83.12,15,110.53
PK038,Karthik Raj,ORD006982,97.7,6,49.55
PK156,Divya Nair,ORD006983,98.46,14,20.04
PK050,Naveen Kumar,ORD006984,87.32,5,54.89
PK099,Meena Devi,ORD006985,97.47,20,104.22
PK051,Sanjay Kumar,ORD006986,95.08,14,107.73
PK152,Sanjay Kumar,ORD006987,84.31,5,30.6
PK177,Naveen Kumar,ORD006988,88.56,10,79.42
PK150,Priya Sharma,ORD006989,97.81,20,97.64
PK122,Arun Kumar,ORD006990,91.05,10,65.99
PK223,Karthik Raj,ORD006991,98.7,12,46.61
PK064,Rahul Singh,ORD006992,89.45,13,73.3
PK199,Priya Sharma,ORD006993,82.33,19,104.94
PK158,Meena Devi,ORD006994,88.88,13,19.7
PK210,Arun Kumar,ORD006995,94.97,4,108.06
PK104,Arun Kumar,ORD006996,91.27,15,118.92
PK005,Naveen Kumar,ORD006997,91.75,13,89.06
PK220,Divya Nair,ORD006998,90.45,10,55.86
PK068,Naveen Kumar,ORD006999,83.83,18,119.59
PK067,Priya Sharma,ORD007000,89.71,14,81.85
PK110,Priya Sharma,ORD007001,82.78,16,75.45
PK129,Priya Sharma,ORD007002,84.85,14,115.45
PK114,Anitha S,ORD007003,91.12,12,18.65
PK129,Anitha S,ORD007004,87.03,10,104.37
PK169,Naveen Kumar,ORD007005,99.76,19,70.16
PK124,Sanjay Kumar,ORD007006,83.86,4,91.54
PK130,Meena Devi,ORD007007,85.14,17,87.7
PK187,Priya Sharma,ORD007008,89.12,16,37.04
PK029,Naveen Kumar,ORD007009,93.61,17,51.09
PK105,Swetha R,ORD007010,97.82,11,31.57
PK094,Swetha R,ORD007011,89.52,6,37.64
PK118,Karthik Raj,ORD007012,91.08,3,30.53
PK214,,ORD007013,93.95,4,35.84
PK071, Arun Kumar ,ORD007014,89.65,16,108.16
PK071,Meena Devi,ORD007015,87.15,18,90.46
PK143,Arun Kumar,ORD007016,90.91,7,19.98
PK239,Rahul Singh,ORD007017,99.26,10,94.76
PK100,Vignesh R,ORD007018,92.88,11,52.74
PK157,Naveen Kumar,ORD007019,89.8,3,55.52
PK172,Swetha R,ORD007020,84.75,11,79.89
PK116,Divya Nair,ORD007021,99.65,15,48.68
PK172,Naveen Kumar,ORD007022,87.2,4,49.36
PK030,Meena Devi,ORD007023,96.41,14,23.39
PK144,Divya Nair,ORD007024,99.1,4,112.3
PK226,Harish M,ORD007025,85.88,10,103.15
PK071,Priya Sharma,ORD007026,83.65,11,78.63
PK060,Swetha R,ORD007027,94.07,14,82.44
PK206,Divya Nair,ORD007028,83.48,5,116.78
PK097,Harish M,ORD007029,83.36,5,100.56
PK191,Arun Kumar,ORD007030,90.06,11,95.03
PK157,Naveen Kumar,ORD007031,89.25,11,39.8
PK022,Sanjay Kumar,ORD007032,95.98,15,27.2
PK057,Arun Kumar,ORD007033,99.58,15,62.64
PK010,Vignesh R,ORD007034,93.11,9,20.07
PK154,Karthik Raj,ORD007035,94.48,9,48.06
PK247,Divya Nair,ORD007036,93.04,9,82.99
PK177,Anitha S,ORD007037,87.2,11,63.79
PK237,Harish M,ORD007038,99.11,15,23.59
PK061,Arun Kumar,ORD007039,92.8,16,39.69
PK198,Anitha S,ORD007040,85.82,15,37.03
PK015,Harish M,ORD007041,97.78,10,44.55
PK063,Arun Kumar,ORD007042,93.04,8,16.8
PK061,Naveen Kumar,ORD007043,91.04,13,76.15
PK021,Priya Sharma,ORD007044,89.9,18,84.08
PK234,Rahul Singh,ORD007045,96.15,6,119.19
PK243,Divya Nair,ORD007046,84.51,20,48.1
PK187,Priya Sharma,ORD007047,82.81,15,58.92
PK211,Divya Nair,ORD007048,88.97,19,50.97
PK069,Divya Nair,ORD007049,89.2,14,68.74
PK062,Vignesh R,ORD007050,94.02,17,75.27
PK077,Naveen Kumar,ORD007051,84.24,19,93.22
PK077,Harish M,ORD007052,99.56,15,96.17
PK139,Karthik Raj,ORD007053,83.75,5,48.28
PK019,Naveen Kumar,ORD007054,91.13,6,50.15
PK080,Vignesh R,ORD007055,82.37,15,115.43
PK151,Divya Nair,ORD007056,98.4,16,96.02
PK073,Rahul Singh,ORD007057,90.08,15,17.48
PK019,Swetha R,ORD007058,86.24,12,93.04
PK095,Vignesh R,ORD007059,98.27,19,45.1
PK098,Rahul Singh,ORD007060,99.16,11,107.45
PK105,Divya Nair,ORD007061,92.78,3,75.29
PK235,Vignesh R,ORD007062,84.46,16,105.52
PK237,Anitha S,ORD007063,98.99,4,94.74
PK104,Anitha S,ORD007064,96.43,3,82.0
PK135,Swetha R,ORD007065,90.54,14,55.53
PK024,Karthik Raj,ORD007066,99.17,18,85.18
PK098,Naveen Kumar,ORD007067,95.45,15,32.81
PK196,Rahul Singh,ORD007068,86.35,16,65.05
PK052,Harish M,ORD007069,89.92,8,15.18
PK069,Harish M,ORD007070,85.73,19,95.79
PK123,Naveen Kumar,ORD007071,94.8,11,50.27
PK136,Meena Devi,ORD007072,89.69,5,92.8
PK226,Anitha S,ORD007073,93.76,11,30.1
PK162,Arun Kumar,ORD007074,97.18,5,87.41
PK154,Priya Sharma,ORD007075,90.72,7,73.15
PK012,Arun Kumar,ORD007076,96.33,10,104.13
PK250,Swetha R,ORD007077,89.53,10,110.43
PK084,Meena Devi,ORD007078,90.32,15,41.68
PK219,Vignesh R,ORD007079,92.27,7,48.66
PK188,Naveen Kumar,ORD007080,82.15,3,110.32
PK216,Sanjay Kumar,ORD007081,93.37,14,71.1
PK048,Harish M,ORD007082,82.93,9,46.59
PK029,Arun Kumar,ORD007083,86.01,12,106.86
PK074,Arun Kumar,ORD007084,89.89,15,97.63
PK113,Rahul Singh,ORD007085,88.14,18,107.05
PK142,Priya Sharma,ORD007086,82.34,9,102.51
PK194,Karthik Raj,ORD007087,93.33,4,89.74
PK163,Arun Kumar,ORD007088,90.82,11,88.7
PK006,Sanjay Kumar,ORD007089,98.51,18,78.71
PK195,Vignesh R,ORD007090,84.33,16,30.05
PK007,Swetha R,ORD007091,86.07,3,69.12
PK230,Arun Kumar,ORD007092,89.75,16,33.27
PK212,Karthik Raj,ORD007093,88.7,3,46.57
PK207,Rahul Singh,ORD007094,99.43,18,108.42
PK204,Harish M,ORD007095,91.12,8,118.47
PK129,Arun Kumar,ORD007096,98.27,10,117.21
PK132,Naveen Kumar,ORD007097,89.57,13,56.57
PK207,Arun Kumar,ORD007098,91.82,3,30.94
PK162,Anitha S,ORD007099,86.95,5,23.89
PK247,Swetha R,ORD007100,83.62,13,28.01
PK215,Sanjay Kumar,ORD007101,95.4,20,61.39
PK233,Divya Nair,ORD007102,83.3,12,63.83
PK176,Arun Kumar,ORD007103,97.18,4,99.88
PK188,Karthik Raj,ORD007104,83.12,3,61.39
PK165,Vignesh R,ORD007105,87.84,17,70.55
PK181,Swetha R,ORD007106,93.18,3,85.05
PK089,Meena Devi,ORD007107,99.26,10,23.6
PK192,Priya Sharma,ORD007108,94.91,19,17.78
PK127,Divya Nair,ORD007109,91.68,4,32.23
PK210,Arun Kumar,ORD007110,84.21,16,49.96
PK135,Vignesh R,ORD007111,84.19,16,100.26
PK114,Rahul Singh,ORD007112,88.94,10,56.48
PK190,Priya Sharma,ORD007113,94.7,13,36.28
PK225,Sanjay Kumar,ORD007114,90.89,15,67.1
PK197,Karthik Raj,ORD007115,95.23,4,113.24
PK172,Priya Sharma,ORD007116,96.11,4,115.59
PK121,Sanjay Kumar,ORD007117,88.14,8,34.61
PK054,Arun Kumar,ORD007118,88.86,19,118.72
PK048,Vignesh R,ORD007119,99.79,9,82.23
PK128,Meena Devi,ORD007120,98.64,15,38.29
PK188,Arun Kumar,ORD007121,90.15,18,98.93
PK135,Karthik Raj,ORD007122,88.84,13,91.06
PK132,Naveen Kumar,ORD007123,92.86,20,77.89
PK228,Naveen Kumar,ORD007124,82.02,9,32.38
PK240,Rahul Singh,ORD007125,89.75,14,58.26
PK192,Arun Kumar,ORD007126,83.59,9,21.44
PK057,Karthik Raj,ORD007127,83.5,8,45.61
PK156,Priya Sharma,ORD007128,87.16,4,98.0
PK124,Anitha S,ORD007129,94.21,3,61.63
PK104,Anitha S,ORD007130,94.59,12,39.7
PK164,Karthik Raj,ORD007131,97.86,6,23.57
PK101,Harish M,ORD007132,83.07,20,25.76
PK129,Swetha R,ORD007133,84.53,9,89.03
PK214,Priya Sharma,ORD007134,86.63,20,47.93
PK204,Meena Devi,ORD007135,85.89,5,52.54
PK217,Rahul Singh,ORD007136,99.19,8,97.4
PK043,Vignesh R,ORD007137,92.76,14,59.4
PK244,Vignesh R,ORD007138,94.58,18,92.78
PK041,Swetha R,ORD007139,86.6,13,83.76
PK143,Priya Sharma,ORD007140,100.0,17,114.45
PK214,Meena Devi,ORD007141,91.33,16,58.46
PK028,Naveen Kumar,ORD007142,97.69,13,78.41
PK021,Harish M,ORD007143,90.24,6,109.29
PK105,Vignesh R,ORD007144,87.68,6,102.22
PK240,Sanjay Kumar,ORD007145,91.67,12,114.66
PK100,Rahul Singh,ORD007146,85.55,4,60.18
PK238,Arun Kumar,ORD007147,92.3,14,52.74
PK054,Anitha S,ORD007148,99.58,15,70.21
PK051,Arun Kumar,ORD007149,83.3,16,65.92
PK109,Karthik Raj,ORD007150,92.21,17,44.14
PK083,Rahul Singh,ORD007151,93.95,14,38.68
PK020,Karthik Raj,ORD007152,90.45,17,104.65
PK236,Sanjay Kumar,ORD007153,97.01,15,118.98
PK121,Anitha S,ORD007154,97.13,9,77.17
PK093,Harish M,ORD007155,96.13,16,80.97
PK024,Karthik Raj,ORD007156,84.92,18,21.46
PK233,Naveen Kumar,ORD007157,84.19,9,16.17
PK157,Anitha S,ORD007158,90.1,20,85.65
PK213,Rahul Singh,ORD007159,96.75,16,51.4
PK042,Karthik Raj,ORD007160,83.82,17,45.72
PK140,Harish M,ORD007161,85.63,12,51.6
PK113,Rahul Singh,ORD007162,88.75,16,77.41
PK099,Sanjay Kumar,ORD007163,92.32,20,-25.0
PK066,Priya Sharma,ORD007164,90.14,13,97.17
PK250,Naveen Kumar,ORD007165,96.8,4,55.56
PK178,Divya Nair,ORD007166,86.97,12,42.84
PK048,Swetha R,ORD007167,98.72,18,55.81
PK223,Sanjay Kumar,ORD007168,99.49,6,15.12
PK199,Vignesh R,ORD007169,86.55,7,16.64
PK082,Sanjay Kumar,ORD007170,83.65,15,43.42
PK215,Karthik Raj,ORD007171,92.78,8,69.24
PK047,Swetha R,ORD007172,87.69,18,32.09
PK039,Priya Sharma,ORD007173,99.31,4,29.53
PK009,Harish M,ORD007174,82.37,15,71.58
PK130,Swetha R,ORD007175,93.64,12,115.43
PK077,Naveen Kumar,ORD007176,99.63,15,103.95
PK141,Swetha R,ORD007177,86.65,6,47.18
PK131,Anitha S,ORD007178,85.5,19,87.63
PK206,Rahul Singh,ORD007179,88.61,16,66.1
PK151,Naveen Kumar,ORD007180,88.32,16,58.19
PK016,Priya Sharma,ORD007181,83.68,17,99.98
PK081,Priya Sharma,ORD007182,82.8,4,25.77
PK207,Swetha R,ORD007183,92.83,11,101.67
PK209,Meena Devi,ORD007184,99.17,18,26.19
PK243,Karthik Raj,ORD007185,84.75,18,91.66
PK031,Naveen Kumar,ORD007186,83.31,9,113.71
PK202,Vignesh R,ORD007187,92.73,6,76.32
PK046,Rahul Singh,ORD007188,88.62,10,38.36
PK031,Divya Nair,ORD007189,84.94,6,84.94
PK238,Divya Nair,ORD007190,84.75,12,16.46
PK030,Karthik Raj,ORD007191,97.6,15,57.77
PK189,Arun Kumar,ORD007192,93.73,15,71.17
PK065,Priya Sharma,ORD007193,93.18,13,79.16
PK210,Harish M,ORD007194,90.55,5,20.61
PK095,Priya Sharma,ORD007195,86.05,18,118.44
PK191,Anitha S,ORD007196,94.23,7,79.3
PK238,Naveen Kumar,ORD007197,99.5,6,90.51
PK210,Vignesh R,ORD007198,95.93,3,69.0
PK094,Anitha S,ORD007199,93.73,3,58.06
PK115,Arun Kumar,ORD007200,88.66,13,86.59
PK043,Harish M,ORD007201,96.41,10,59.25
PK137,Harish M,ORD007202,93.48,14,112.07
PK008,Sanjay Kumar,ORD007203,94.65,19,71.18
PK007,Naveen Kumar,ORD007204,83.69,18,105.44
PK213,Arun Kumar,ORD007205,84.27,6,15.93
PK162,Priya Sharma,ORD007206,86.98,15,49.76
PK135,Karthik Raj,ORD007207,92.31,6,83.24
PK194,Rahul Singh,ORD007208,92.27,8,52.93
PK070,Karthik Raj,ORD007209,86.17,5,75.4
PK140,Divya Nair,ORD007210,92.85,13,95.97
PK060,Swetha R,ORD007211,95.54,6,77.75
PK019,Rahul Singh,ORD007212,96.64,17,33.99
PK162,Swetha R,ORD007213,87.82,5,63.95
PK194,Sanjay Kumar,ORD007214,94.75,16,90.57
PK002,Sanjay Kumar,ORD007215,94.24,4,32.47
PK158,Vignesh R,ORD007216,96.49,4,18.82
PK184,Sanjay Kumar,ORD007217,91.78,5,98.37
PK042,Karthik Raj,ORD007218,89.62,8,30.19
PK161,Rahul Singh,ORD007219,83.71,12,70.78
PK225,Karthik Raj,ORD007220,97.5,17,49.75
PK028,Sanjay Kumar,ORD007221,82.98,19,117.43
PK019,Swetha R,ORD007222,96.2,20,104.02
PK027,Sanjay Kumar,ORD007223,90.69,18,70.79
PK246,Divya Nair,ORD007224,90.36,10,50.98
PK180,Vignesh R,ORD007225,87.62,19,98.53
PK030,Harish M,ORD007226,88.89,16,23.19
PK183,Karthik Raj,ORD007227,82.81,13,117.2
PK023,Anitha S,ORD007228,92.16,13,37.66
PK050,Arun Kumar,ORD007229,95.97,5,96.92
PK156,Swetha R,ORD007230,86.74,12,51.26
PK004,Meena Devi,ORD007231,82.36,14,109.55
PK135,Harish M,ORD007232,90.73,6,83.74
PK240,Meena Devi,ORD007233,86.26,11,70.92
PK115,Anitha S,ORD007234,97.52,15,110.77
PK123,Arun Kumar,ORD007235,85.19,19,103.32
PK085,Swetha R,ORD007236,93.02,19,93.59
PK095,Swetha R,ORD007237,98.51,20,112.15
PK083,Sanjay Kumar,ORD007238,93.41,19,41.23
PK069,Anitha S,ORD007239,93.38,10,54.77
PK059,Rahul Singh,ORD007240,95.95,7,38.02
PK173,Priya Sharma,ORD007241,87.29,20,24.65
PK219,Divya Nair,ORD007242,86.27,15,31.15
PK250,Rahul Singh,ORD007243,89.36,17,68.35
PK167,Karthik Raj,ORD007244,96.39,16,55.72
PK022,Karthik Raj,ORD007245,91.58,3,19.86
PK065,Anitha S,ORD007246,82.28,13,112.1
PK053,Meena Devi,ORD007247,88.17,3,102.82
PK114,Harish M,ORD007248,83.35,9,26.76
PK202,Priya Sharma,ORD007249,83.85,15,45.48
PK168,Vignesh R,ORD007250,99.68,7,71.63
PK089,Anitha S,ORD007251,97.08,8,108.33
PK021,Arun Kumar,ORD007252,94.66,7,97.83
PK159,Meena Devi,ORD007253,91.4,8,51.66
PK233,Meena Devi,ORD007254,97.31,16,21.84
PK085,Arun Kumar,ORD007255,87.84,15,25.15
PK102,Arun Kumar,ORD007256,82.97,16,92.64
PK240,Harish M,ORD007257,90.44,7,87.95
PK221,Vignesh R,ORD007258,83.68,13,57.62
PK246,Vignesh R,ORD007259,95.55,13,25.71
PK085,Divya Nair,ORD007260,84.87,14,49.36
PK143,Anitha S,ORD007261,94.06,13,66.35
PK250,Swetha R,ORD007262,92.81,14,93.31
PK039,Anitha S,ORD007263,82.62,12,55.67
PK233,Naveen Kumar,ORD007264,96.21,8,19.57
PK123,Arun Kumar,ORD007265,99.48,18,62.18
PK135,Sanjay Kumar,ORD007266,99.68,7,51.85
PK047,Vignesh R,ORD007267,90.55,5,69.13
PK083,Sanjay Kumar,ORD007268,84.71,14,75.49
PK201,Swetha R,ORD007269,91.39,5,53.76
PK150,Sanjay Kumar,ORD007270,94.6,9,21.79
PK227, Karthik Raj ,ORD007271,84.66,12,43.28
PK203,Priya Sharma,ORD007272,83.82,9,96.22
PK194,Divya Nair,ORD007273,97.94,5,48.06
PK027,Harish M,ORD007274,92.0,3,98.63
PK045,Vignesh R,ORD007275,98.89,7,61.08
PK002,Anitha S,ORD007276,92.38,14,85.71
PK211,Divya Nair,ORD007277,94.29,18,83.75
PK051,Karthik Raj,ORD007278,95.33,14,36.7
PK161,Meena Devi,ORD007279,93.11,10,85.87
PK004,Swetha R,ORD007280,96.68,7,104.7
PK171,Sanjay Kumar,ORD007281,99.73,13,36.06
PK062,Rahul Singh,ORD007282,89.14,11,40.11
PK181,Karthik Raj,ORD007283,95.65,4,35.64
PK232,Arun Kumar,ORD007284,93.61,19,24.31
PK038,Naveen Kumar,ORD007285,83.16,19,52.24
PK184,Divya Nair,ORD007286,85.81,9,42.97
PK165,Karthik Raj,ORD007287,87.25,5,77.77
PK202,Swetha R,ORD007288,96.7,11,81.47
PK006,Swetha R,ORD007289,91.27,18,64.43
PK174,Meena Devi,ORD007290,93.57,17,93.13
PK150,Vignesh R,ORD007291,84.03,13,51.96
PK215,Swetha R,ORD007292,99.05,11,67.16
PK091,Swetha R,ORD007293,85.1,10,78.14
PK103,Sanjay Kumar,ORD007294,92.78,11,108.56
PK111,Sanjay Kumar,ORD007295,84.38,17,117.95
PK209,Rahul Singh,ORD007296,97.67,11,103.06
PK061,Meena Devi,ORD007297,87.09,5,106.45
PK161,Harish M,ORD007298,85.29,15,113.77
PK033,Swetha R,ORD007299,99.3,8,21.44
PK127,Priya Sharma,ORD007300,87.56,15,81.94
PK002,Swetha R,ORD007301,92.55,12,36.25
PK188,Karthik Raj,ORD007302,86.06,20,83.84
PK130,Swetha R,ORD007303,86.86,13,28.65
PK214,Sanjay Kumar,ORD007304,82.44,16,62.82
PK075,Naveen Kumar,ORD007305,82.38,6,113.78
PK104,Swetha R,ORD007306,93.59,8,17.62
PK182,Anitha S,ORD007307,93.48,5,32.23
PK014,Rahul Singh,ORD007308,82.99,15,24.91
PK115,Arun Kumar,ORD007309,89.72,13,117.07
PK183,Priya Sharma,ORD007310,88.09,9,46.8
PK166,Naveen Kumar,ORD007311,82.03,16,87.75
PK094,Naveen Kumar,ORD007312,82.54,3,99.07
PK223,Karthik Raj,ORD007313,89.92,11,15.37
PK104,Karthik Raj,ORD007314,92.24,8,83.98
PK080,Harish M,ORD007315,97.51,7,62.96
PK175,Arun Kumar,ORD007316,98.6,19,119.3
PK068,Swetha R,ORD007317,92.03,8,45.04
PK042,Divya Nair,ORD007318,89.87,13,97.46
PK067,Sanjay Kumar,ORD007319,99.26,10,45.75
PK017,Swetha R,ORD007320,92.33,4,74.89
PK060,Naveen Kumar,ORD007321,93.85,8,81.69
PK091,Vignesh R,ORD007322,90.36,10,109.41
PK130,Anitha S,ORD007323,89.02,14,32.52
PK220,Karthik Raj,ORD007324,98.51,11,34.73
PK122,Karthik Raj,ORD007325,87.93,14,67.48
PK165,Naveen Kumar,ORD007326,98.09,15,25.52
PK088,Rahul Singh,ORD007327,83.15,16,63.59
PK092,Sanjay Kumar,ORD007328,95.39,13,106.53
PK165,Karthik Raj,ORD007329,90.4,3,93.01
PK148,Arun Kumar,ORD007330,83.45,20,88.44
PK022,Meena Devi,ORD007331,82.54,9,89.52
PK144,Anitha S,ORD007332,86.18,19,49.32
PK086,Harish M,ORD007333,90.81,12,105.03
PK147,Harish M,ORD007334,86.83,19,50.5
PK213,Swetha R,ORD007335,99.45,10,42.76
PK117,Sanjay Kumar,ORD007336,99.25,11,22.41
PK228,Sanjay Kumar,ORD007337,98.42,20,112.52
PK041,Naveen Kumar,ORD007338,96.91,16,104.47
PK076,Anitha S,ORD007339,92.23,11,46.46
PK214,Sanjay Kumar,ORD007340,98.59,9,106.46
PK115,Anitha S,ORD007341,84.36,15,82.36
PK156,Harish M,ORD007342,95.82,20,56.45
PK223,Anitha S,ORD007343,96.47,13,118.28
PK202,Rahul Singh,ORD007344,89.49,4,24.04
PK108,Naveen Kumar,ORD007345,86.59,19,106.87
PK168,Vignesh R,ORD007346,98.92,7,16.58
PK007,Naveen Kumar,ORD007347,97.41,20,62.73
PK072,Arun Kumar,ORD007348,90.42,13,113.07
PK020,Vignesh R,ORD007349,86.53,19,19.21
PK086,Sanjay Kumar,ORD007350,99.89,4,29.09
PK005,Sanjay Kumar,ORD007351,85.95,11,16.28
PK216,Meena Devi,ORD007352,98.66,14,69.24
PK155,Karthik Raj,ORD007353,88.85,18,49.24
PK159,Sanjay Kumar,ORD007354,85.08,12,118.2
PK086,Divya Nair,ORD007355,99.13,7,45.01
PK183,Priya Sharma,ORD007356,85.54,3,25.93
PK126,Sanjay Kumar,ORD007357,82.96,3,79.39
PK241,Sanjay Kumar,ORD007358,90.64,17,21.73
PK185,Meena Devi,ORD007359,83.21,4,37.44
PK052,Sanjay Kumar,ORD007360,98.16,12,78.41
PK088,Anitha S,ORD007361,89.9,17,46.28
PK074,Divya Nair,ORD007362,83.84,13,55.49
PK199,Rahul Singh,ORD007363,94.82,13,18.52
PK118,Meena Devi,ORD007364,91.18,13,99.03
PK004,Meena Devi,ORD007365,96.07,20,52.23
PK040,Rahul Singh,ORD007366,82.2,19,102.36
PK209,Priya Sharma,ORD007367,83.55,11,89.19
PK060,Vignesh R,ORD007368,96.62,4,34.79
PK099,Sanjay Kumar,ORD007369,91.52,3,33.01
PK055,Rahul Singh,ORD007370,96.37,4,94.94
PK086,Sanjay Kumar,ORD007371,95.8,13,24.47
PK011,Vignesh R,ORD007372,87.94,15,87.87
PK008,Swetha R,ORD007373,99.59,12,114.69
PK095,Anitha S,ORD007374,82.24,18,111.07
PK006,Harish M,ORD007375,84.17,4,100.05
PK052,Swetha R,ORD007376,94.22,7,63.48
PK226,Swetha R,ORD007377,90.93,15,88.13
PK108,Harish M,ORD007378,84.5,18,69.85
PK056,Swetha R,ORD007379,92.28,16,28.64
PK082,Meena Devi,ORD007380,92.46,15,79.48
PK198,Vignesh R,ORD007381,82.66,9,70.68
PK114,Arun Kumar,ORD007382,89.3,19,50.12
PK092,Anitha S,ORD007383,91.87,16,66.07
PK061,Priya Sharma,ORD007384,87.78,5,64.81
PK062,Sanjay Kumar,ORD007385,85.58,17,113.59
PK237,Rahul Singh,ORD007386,97.79,6,30.1
PK114,Karthik Raj,ORD007387,95.74,14,119.81
PK002,Divya Nair,ORD007388,91.23,4,37.52
PK065,Meena Devi,ORD007389,89.21,3,81.78
PK123,Swetha R,ORD007390,88.89,13,43.53
PK204,Naveen Kumar,ORD007391,91.5,17,16.63
PK005,Karthik Raj,ORD007392,83.24,7,33.21
PK082,Vignesh R,ORD007393,92.38,15,115.89
PK154,Priya Sharma,ORD007394,93.12,6,88.63
PK228,Meena Devi,ORD007395,85.68,6,77.42
PK036,Anitha S,ORD007396,89.21,20,112.94
PK233,Priya Sharma,ORD007397,91.52,16,39.44
PK186,Naveen Kumar,ORD007398,87.28,16,20.78
PK059,Divya Nair,ORD007399,87.7,12,50.89
PK040,Arun Kumar,ORD007400,87.83,19,88.31
PK228,Sanjay Kumar,ORD007401,89.45,16,50.42
PK056,Harish M,ORD007402,91.89,11,86.66
PK077,Karthik Raj,ORD007403,99.05,14,37.49
PK075,Anitha S,ORD007404,96.04,14,104.59
PK198,Karthik Raj,ORD007405,95.24,4,106.59
PK057,Divya Nair,ORD007406,84.35,8,67.57
PK142,Vignesh R,ORD007407,91.34,5,118.97
PK157,Meena Devi,ORD007408,85.56,20,57.68
PK015,Karthik Raj,ORD007409,97.18,20,70.98
PK177,Divya Nair,ORD007410,98.64,17,63.91
PK013,Harish M,ORD007411,91.4,19,36.91
PK015,Meena Devi,ORD007412,84.11,17,86.14
PK132,Anitha S,ORD007413,88.8,8,90.15
PK138,Divya Nair,ORD007414,94.3,6,27.06
PK196,Divya Nair,ORD007415,88.17,7,48.36
PK045,Swetha R,ORD007416,95.34,13,95.95
PK031,Divya Nair,ORD007417,89.33,20,112.36
PK146,Naveen Kumar,ORD007418,87.83,10,38.82
PK195,Divya Nair,ORD007419,91.15,16,49.84
PK009,Arun Kumar,ORD007420,98.97,11,97.82
PK049,Swetha R,ORD007421,92.62,19,49.2
PK122,Vignesh R,ORD007422,98.07,17,25.38
PK214,Karthik Raj,ORD007423,86.45,20,51.96
PK154,Naveen Kumar,ORD007424,93.9,15,87.21
PK095,Anitha S,ORD007425,82.8,15,100.85
PK103,Sanjay Kumar,ORD007426,88.12,9,37.82
PK222,Naveen Kumar,ORD007427,85.22,4,82.94
PK206,Arun Kumar,ORD007428,85.95,18,15.41
PK152,Meena Devi,ORD007429,82.31,11,17.37
PK179,Arun Kumar,ORD007430,93.8,20,28.33
PK214,Priya Sharma,ORD007431,89.64,16,44.38
PK176,Rahul Singh,ORD007432,97.83,18,86.7
PK139,Rahul Singh,ORD007433,93.49,17,41.14
PK241,Priya Sharma,ORD007434,84.16,18,95.99
PK167,Harish M,ORD007435,86.25,6,60.06
PK205,Rahul Singh,ORD007436,93.34,11,23.54
PK073,Swetha R,ORD007437,85.41,19,78.6
PK052,Priya Sharma,ORD007438,88.81,7,119.39
PK172,Swetha R,ORD007439,93.08,12,23.17
PK087,Sanjay Kumar,ORD007440,87.18,20,60.3
PK243,Karthik Raj,ORD007441,98.43,19,94.65
PK139,Arun Kumar,ORD007442,88.28,18,111.33
PK111,Vignesh R,ORD007443,85.03,3,23.22
PK097,Divya Nair,ORD007444,86.35,4,39.06
PK173,Vignesh R,ORD007445,85.59,16,68.9
PK226,Anitha S,ORD007446,87.98,15,115.85
PK151,Harish M,ORD007447,96.11,15,75.06
PK195,Karthik Raj,ORD007448,94.57,13,35.96
PK143,Priya Sharma,ORD007449,91.2,12,101.63
PK233,Arun Kumar,ORD007450,90.32,13,119.84
PK025,Harish M,ORD007451,95.81,10,39.52
PK179,Priya Sharma,ORD007452,86.4,13,101.94
PK017,Sanjay Kumar,ORD007453,95.84,3,30.1
PK056,Arun Kumar,ORD007454,88.84,10,31.88
PK069,Meena Devi,ORD007455,82.2,15,74.94
PK198,Priya Sharma,ORD007456,91.68,9,45.46
PK055,Priya Sharma,ORD007457,82.36,19,31.01
PK104,Meena Devi,ORD007458,90.25,13,117.1
PK193,Karthik Raj,ORD007459,95.43,7,89.85
PK069,Divya Nair,ORD007460,94.98,19,54.87
PK183,Divya Nair,ORD007461,83.25,17,18.94
PK033,Vignesh R,ORD007462,92.84,15,107.06
PK181,Divya Nair,ORD007463,96.33,18,99.05
PK206,Karthik Raj,ORD007464,95.27,18,74.73
PK001,Meena Devi,ORD007465,84.26,12,86.53
PK104,Naveen Kumar,ORD007466,90.3,18,78.44
PK042,Swetha R,ORD007467,83.31,10,44.39
PK137,Karthik Raj,ORD007468,97.74,17,107.32
PK041,Divya Nair,ORD007469,89.91,7,117.51
PK110,Harish M,ORD007470,92.1,14,113.84
PK160,Vignesh R,ORD007471,88.0,14,48.59
PK042,Anitha S,ORD007472,83.15,6,47.44
PK049,Anitha S,ORD007473,82.81,11,101.63
PK070,Meena Devi,ORD007474,83.56,11,25.66
PK152,Vignesh R,ORD007475,99.58,12,62.64
PK244,Vignesh R,ORD007476,93.2,16,56.74
PK102,Anitha S,ORD007477,85.16,5,68.32
PK007,Divya Nair,ORD007478,97.1,10,58.39
PK161,Divya Nair,ORD007479,96.94,20,89.34
PK051,Arun Kumar,ORD007480,83.48,18,17.53
PK192,Arun Kumar,ORD007481,82.77,4,82.06
PK152,Sanjay Kumar,ORD007482,91.89,6,118.14
PK007,Naveen Kumar,ORD007483,83.51,7,22.49
PK034,Priya Sharma,ORD007484,95.02,6,76.93
PK248,Priya Sharma,ORD007485,92.38,13,57.11
PK016,Anitha S,ORD007486,90.17,16,43.1
PK050,Karthik Raj,ORD007487,82.52,3,102.73
PK247,Swetha R,ORD007488,97.94,6,31.37
PK212,Swetha R,ORD007489,82.4,15,-25.0
PK124,Divya Nair,ORD007490,82.32,15,60.7
PK209,Priya Sharma,ORD007491,83.65,6,15.51
PK145,Arun Kumar,ORD007492,83.15,8,61.82
PK061,Karthik Raj,ORD007493,99.23,6,85.91
PK086,Swetha R,ORD007494,98.07,19,51.96
PK173,Divya Nair,ORD007495,83.71,9,41.0
PK208,Rahul Singh,ORD007496,86.0,3,100.69
PK208,Divya Nair,ORD007497,97.73,16,54.05
PK011,Naveen Kumar,ORD007498,93.46,15,65.94
PK081,Anitha S,ORD007499,82.26,6,73.33
PK189,Harish M,ORD007500,99.21,20,82.52
PK237,Priya Sharma,ORD007501,97.7,19,117.6
PK163,Karthik Raj,ORD007502,84.89,10,66.11
PK221,Arun Kumar,ORD007503,88.66,8,45.59
PK077,Arun Kumar,ORD007504,84.92,20,32.26
PK229,Karthik Raj,ORD007505,86.68,6,73.36
PK220,Sanjay Kumar,ORD007506,84.17,8,99.65
PK240,Anitha S,ORD007507,87.32,8,46.29
PK044,Anitha S,ORD007508,85.99,5,17.31
PK008,Rahul Singh,ORD007509,89.39,4,35.44
PK140,Vignesh R,ORD007510,88.68,13,72.06
PK216,Sanjay Kumar,ORD007511,97.04,9,16.88
PK210,Arun Kumar,ORD007512,99.46,3,111.3
PK073,Karthik Raj,ORD007513,92.78,10,49.97
PK083,Vignesh R,ORD007514,91.16,19,21.48
PK106,Priya Sharma,ORD007515,86.27,7,113.17
PK066,Priya Sharma,ORD007516,94.65,18,98.14
PK113,Priya Sharma,ORD007517,93.68,3,94.15
PK035,Arun Kumar,ORD007518,93.51,17,36.03
PK034,Rahul Singh,ORD007519,86.92,8,45.47
PK098,Divya Nair,ORD007520,82.37,18,68.44
PK210,Naveen Kumar,ORD007521,88.26,12,17.99
PK193,Arun Kumar,ORD007522,86.84,19,95.67
PK216,Divya Nair,ORD007523,96.45,18,61.45
PK022,Naveen Kumar,ORD007524,90.08,8,67.05
PK036,Swetha R,ORD007525,93.92,20,83.62
PK194,Arun Kumar,ORD007526,95.03,4,82.67
PK037,Divya Nair,ORD007527,91.42,6,74.15
PK203,Anitha S,ORD007528,97.75,7,87.63
PK169,Swetha R,ORD007529,90.39,9,99.39
PK024,Priya Sharma,ORD007530,93.39,4,75.75
PK025,Meena Devi,ORD007531,90.64,16,41.25
PK165,Divya Nair,ORD007532,91.41,15,61.64
PK039,Meena Devi,ORD007533,84.69,3,86.47
PK111,Vignesh R,ORD007534,97.98,14,98.24
PK142,Swetha R,ORD007535,84.94,14,74.96
PK089,Sanjay Kumar,ORD007536,89.58,12,114.04
PK170,Swetha R,ORD007537,84.62,8,105.98
PK017,Naveen Kumar,ORD007538,82.52,9,110.26
PK168,Swetha R,ORD007539,94.5,3,39.39
PK249,Harish M,ORD007540,87.59,17,16.72
PK202,Rahul Singh,ORD007541,96.43,3,116.03
PK226,Naveen Kumar,ORD007542,82.56,4,90.55
PK142,Divya Nair,ORD007543,93.4,18,20.05
PK121,Arun Kumar,ORD007544,88.54,11,21.79
PK212,Divya Nair,ORD007545,91.44,7,26.7
PK127,Karthik Raj,ORD007546,93.72,3,26.23
PK111,Meena Devi,ORD007547,90.42,8,17.59
PK027,Naveen Kumar,ORD007548,95.69,18,72.98
PK061,Swetha R,ORD007549,94.6,8,24.93
PK203,Karthik Raj,ORD007550,86.81,9,86.18
PK245,Swetha R,ORD007551,84.08,5,100.25
PK249,Divya Nair,ORD007552,95.56,4,103.7
PK073,Rahul Singh,ORD007553,84.87,11,30.52
PK104,Naveen Kumar,ORD007554,95.73,9,94.28
PK089,Priya Sharma,ORD007555,89.8,9,68.46
PK194,Naveen Kumar,ORD007556,89.71,14,59.13
PK180,Harish M,ORD007557,99.29,10,15.97
PK110,Arun Kumar,ORD007558,93.34,14,37.78
PK152,Divya Nair,ORD007559,85.93,13,82.24
PK016,Anitha S,ORD007560,99.16,20,59.89
PK121,Swetha R,ORD007561,84.36,3,109.99
PK115,Rahul Singh,ORD007562,96.99,17,61.18
PK013,Naveen Kumar,ORD007563,97.58,4,61.01
PK204,Rahul Singh,ORD007564,91.83,16,60.16
PK045,Swetha R,ORD007565,93.19,15,101.13
PK153,Swetha R,ORD007566,97.12,3,119.36
PK239,Swetha R,ORD007567,96.52,6,50.85
PK080,Rahul Singh,ORD007568,88.4,9,17.28
PK196,Anitha S,ORD007569,89.17,6,73.81
PK145,Divya Nair,ORD007570,84.1,15,83.74
PK129,Vignesh R,ORD007571,88.66,17,50.23
PK125,Anitha S,ORD007572,95.25,4,20.88
PK099,Harish M,ORD007573,89.75,15,115.0
PK093,Priya Sharma,ORD007574,86.21,4,24.12
PK239,Sanjay Kumar,ORD007575,96.4,20,49.57
PK208,Priya Sharma,ORD007576,99.6,18,108.45
PK071,Sanjay Kumar,ORD007577,98.52,11,104.31
PK022,Sanjay Kumar,ORD007578,97.41,11,91.85
PK015,Rahul Singh,ORD007579,84.04,20,28.56
PK039,Karthik Raj,ORD007580,86.83,12,37.95
PK140,Harish M,ORD007581,86.43,16,103.4
PK014,Naveen Kumar,ORD007582,84.89,16,76.62
PK234,Meena Devi,ORD007583,96.94,17,118.73
PK029,Sanjay Kumar,ORD007584,92.44,20,82.4
PK213,Anitha S,ORD007585,84.03,15,35.61
PK092,Karthik Raj,ORD007586,84.07,14,84.67
PK144,Meena Devi,ORD007587,86.53,13,116.53
PK117,Sanjay Kumar,ORD007588,98.96,13,63.69
PK208,Vignesh R,ORD007589,98.32,20,42.37
PK074,Naveen Kumar,ORD007590,83.32,18,62.63
PK151,Priya Sharma,ORD007591,82.21,12,36.19
PK142,Anitha S,ORD007592,84.23,19,58.28
PK165,Sanjay Kumar,ORD007593,87.77,15,116.53
PK033,Divya Nair,ORD007594,87.62,12,32.24
PK143,Vignesh R,ORD007595,94.1,13,32.79
PK170,Sanjay Kumar,ORD007596,93.88,3,47.75
PK137,Naveen Kumar,ORD007597,89.7,6,68.44
PK003,Priya Sharma,ORD007598,82.57,4,118.65
PK197,Meena Devi,ORD007599,86.58,8,85.54
PK205,Divya Nair,ORD007600,88.55,19,66.82
PK032,Sanjay Kumar,ORD007601,84.85,13,87.42
PK015,Swetha R,ORD007602,96.1,5,22.97
PK072,Naveen Kumar,ORD007603,90.34,7,37.64
PK164,Harish M,ORD007604,93.31,12,20.5
PK178,Priya Sharma,ORD007605,85.33,10,82.78
PK201,Divya Nair,ORD007606,90.27,14,45.43
PK247,Priya Sharma,ORD007607,94.44,7,73.62
PK060,Anitha S,ORD007608,92.74,16,34.75
PK097,Arun Kumar,ORD007609,91.53,6,25.17
PK142,Naveen Kumar,ORD007610,98.2,4,80.36
PK237,Swetha R,ORD007611,88.53,16,41.07
PK204,Swetha R,ORD007612,94.78,18,81.38
PK041,Karthik Raj,ORD007613,85.05,11,33.95
PK141,Karthik Raj,ORD007614,96.55,10,34.23
PK220,Sanjay Kumar,ORD007615,99.71,3,16.5
PK110,Rahul Singh,ORD007616,83.9,4,116.94
PK018,Sanjay Kumar,ORD007617,90.92,19,18.37
PK113,Meena Devi,ORD007618,87.66,16,67.76
PK073,Arun Kumar,ORD007619,89.29,3,15.53
PK004,Arun Kumar,ORD007620,83.38,5,52.41
PK061,Divya Nair,ORD007621,92.9,14,117.85
PK046,Harish M,ORD007622,84.9,5,61.4
PK038,Harish M,ORD007623,85.83,12,45.71
PK239,Vignesh R,ORD007624,83.63,17,100.43
PK135,Anitha S,ORD007625,84.98,16,105.61
PK126,Naveen Kumar,ORD007626,94.15,10,26.0
PK179,Naveen Kumar,ORD007627,96.93,12,115.63
PK045,Naveen Kumar,ORD007628,99.16,6,64.74
PK227,Harish M,ORD007629,98.66,14,72.22
PK163,Divya Nair,ORD007630,92.95,5,20.74
PK250,Naveen Kumar,ORD007631,85.37,18,47.82
PK130,Swetha R,ORD007632,87.95,14,16.89
PK199,Vignesh R,ORD007633,98.75,6,75.43
PK226,Anitha S,ORD007634,84.33,7,88.31
PK150,Priya Sharma,ORD007635,91.16,16,38.39
PK183,Meena Devi,ORD007636,93.6,14,32.66
PK031,Rahul Singh,ORD007637,89.03,4,98.65
PK108,Divya Nair,ORD007638,95.55,5,29.44
PK132,Anitha S,ORD007639,84.56,11,80.56
PK165,Naveen Kumar,ORD007640,88.26,18,77.6
PK025,Anitha S,ORD007641,88.59,12,48.36
PK217,Meena Devi,ORD007642,84.18,8,38.2
PK159,Meena Devi,ORD007643,87.81,17,81.44
PK149,Sanjay Kumar,ORD007644,96.7,13,17.53
PK188,Vignesh R,ORD007645,83.73,10,96.59
PK240,Meena Devi,ORD007646,96.32,19,117.42
PK026,Swetha R,ORD007647,82.09,15,61.82
PK241,Priya Sharma,ORD007648,89.87,14,108.53
PK104,Harish M,ORD007649,84.38,14,83.51
PK129,Rahul Singh,ORD007650,88.62,4,105.51
PK017,Anitha S,ORD007651,98.25,3,65.61
PK226,Priya Sharma,ORD007652,89.45,13,101.12
PK069,Harish M,ORD007653,98.6,14,34.07
PK153,Swetha R,ORD007654,84.84,8,34.66
PK023,Vignesh R,ORD007655,83.29,18,48.04
PK052,Anitha S,ORD007656,92.6,11,100.76
PK094,Priya Sharma,ORD007657,98.81,14,24.14
PK197,Rahul Singh,ORD007658,88.18,6,69.66
PK066,Divya Nair,ORD007659,96.01,5,114.96
PK008,Priya Sharma,ORD007660,90.64,7,72.33
PK171,Sanjay Kumar,ORD007661,89.24,8,27.79
PK153,Anitha S,ORD007662,97.31,6,112.74
PK081,Swetha R,ORD007663,84.35,18,55.25
PK201,Anitha S,ORD007664,88.36,8,57.22
PK204,Rahul Singh,ORD007665,89.93,11,42.16
PK229,Divya Nair,ORD007666,83.29,8,17.0
PK140,Harish M,ORD007667,96.38,13,91.16
PK248,Divya Nair,ORD007668,93.66,11,46.62
PK048,Naveen Kumar,ORD007669,97.78,13,52.36
PK144,Anitha S,ORD007670,95.23,18,49.64
PK021,Harish M,ORD007671,82.03,17,110.78
PK057,Harish M,ORD007672,91.48,15,57.3
PK133,Arun Kumar,ORD007673,86.22,4,106.66
PK186,Karthik Raj,ORD007674,99.62,7,33.93
PK211,Priya Sharma,ORD007675,84.22,11,56.36
PK082,Arun Kumar,ORD007676,85.99,18,24.57
PK092,Divya Nair,ORD007677,94.64,4,46.31
PK009,Meena Devi,ORD007678,96.86,4,36.13
PK075,Priya Sharma,ORD007679,88.72,15,118.33
PK117,Arun Kumar,ORD007680,87.77,12,16.98
PK186,Naveen Kumar,ORD007681,91.2,8,97.59
PK116,Meena Devi,ORD007682,92.6,9,63.15
PK080,Meena Devi,ORD007683,86.52,11,37.82
PK098,Rahul Singh,ORD007684,84.8,20,108.84
PK223,Rahul Singh,ORD007685,86.7,18,78.5
PK164,Swetha R,ORD007686,83.16,12,76.49
PK074,Sanjay Kumar,ORD007687,95.95,15,24.24
PK016,Arun Kumar,ORD007688,91.96,19,29.33
PK070,Naveen Kumar,ORD007689,93.68,9,20.31
PK098,Priya Sharma,ORD007690,94.54,19,43.88
PK105,Karthik Raj,ORD007691,91.66,8,29.63
PK049,Karthik Raj,ORD007692,89.48,6,104.9
PK017,Arun Kumar,ORD007693,97.46,6,50.57
PK248,Priya Sharma,ORD007694,99.05,3,44.43
PK018,Harish M,ORD007695,85.32,15,80.09
PK226,Priya Sharma,ORD007696,91.93,3,57.2
PK049,Harish M,ORD007697,95.71,14,48.34
PK210,Vignesh R,ORD007698,88.52,11,49.93
PK049,Karthik Raj,ORD007699,90.16,19,51.96
PK120,Karthik Raj,ORD007700,85.86,11,108.94
PK021,Divya Nair,ORD007701,98.16,15,43.73
PK220,Anitha S,ORD007702,85.89,20,42.14
PK134,Priya Sharma,ORD007703,83.19,5,105.92
PK168,Karthik Raj,ORD007704,87.43,18,115.35
PK087,,ORD007705,85.77,17,27.84
PK145,Priya Sharma,ORD007706,88.86,19,71.61
PK135,Divya Nair,ORD007707,93.24,7,101.0
PK183,Divya Nair,ORD007708,89.94,18,46.93
PK136,Vignesh R,ORD007709,99.33,12,84.67
PK044,Priya Sharma,ORD007710,98.83,14,96.36
PK138,Naveen Kumar,ORD007711,82.26,18,38.11
PK149,Naveen Kumar,ORD007712,82.34,18,69.0
PK081,Sanjay Kumar,ORD007713,88.36,12,61.94
PK026,Vignesh R,ORD007714,87.38,13,108.58
PK199,Divya Nair,ORD007715,84.02,7,96.61
PK032,Vignesh R,ORD007716,92.63,10,115.17
PK023,Karthik Raj,ORD007717,83.5,12,94.68
PK052,Vignesh R,ORD007718,93.57,6,74.12
PK150,Rahul Singh,ORD007719,95.77,16,77.51
PK051,Divya Nair,ORD007720,89.38,16,52.46
PK049,Priya Sharma,ORD007721,85.36,15,87.27
PK020,Anitha S,ORD007722,89.75,18,30.06
PK117,Meena Devi,ORD007723,97.81,10,92.16
PK223,Divya Nair,ORD007724,83.29,13,47.47
PK097,Karthik Raj,ORD007725,99.02,18,95.27
PK221,Naveen Kumar,ORD007726,94.46,15,61.05
PK203,Vignesh R,ORD007727,96.17,18,54.43
PK249,Swetha R,ORD007728,94.01,12,46.49
PK145,Naveen Kumar,ORD007729,82.32,11,80.87
PK047,Sanjay Kumar,ORD007730,93.5,6,38.93
PK053,Divya Nair,ORD007731,89.89,6,108.27
PK046,Sanjay Kumar,ORD007732,85.45,18,85.21
PK107,Rahul Singh,ORD007733,94.94,3,110.43
PK026,Harish M,ORD007734,86.76,6,111.3
PK033,Meena Devi,ORD007735,91.67,12,53.1
PK133,Meena Devi,ORD007736,97.91,18,23.99
PK209,Anitha S,ORD007737,96.29,19,114.42
PK072,Swetha R,ORD007738,83.46,14,47.55
PK080,Naveen Kumar,ORD007739,95.42,8,116.33
PK095,Swetha R,ORD007740,85.44,11,90.1
PK118,Meena Devi,ORD007741,93.58,5,107.8
PK070,Priya Sharma,ORD007742,91.56,20,116.61
PK190,Naveen Kumar,ORD007743,86.93,15,112.26
PK245,Priya Sharma,ORD007744,89.55,10,26.55
PK102,Harish M,ORD007745,85.6,7,76.56
PK182,Rahul Singh,ORD007746,91.5,15,76.04
PK165,Anitha S,ORD007747,89.04,19,36.73
PK132,Anitha S,ORD007748,99.27,10,27.69
PK079,Naveen Kumar,ORD007749,97.22,3,27.13
PK196,Anitha S,ORD007750,98.96,9,103.78
PK085,Rahul Singh,ORD007751,91.2,19,65.77
PK129,Meena Devi,ORD007752,88.28,5,67.15
PK008,Sanjay Kumar,ORD007753,89.22,19,81.62
PK217,Harish M,ORD007754,82.95,7,26.71
PK196,Swetha R,ORD007755,86.65,7,44.75
PK122,Anitha S,ORD007756,84.59,12,104.35
PK031,Rahul Singh,ORD007757,99.19,16,29.09
PK040,Sanjay Kumar,ORD007758,82.46,17,91.06
PK243,Rahul Singh,ORD007759,99.6,17,79.88
PK029,Vignesh R,ORD007760,98.02,7,61.06
PK185,Divya Nair,ORD007761,82.19,8,94.41
PK100,Swetha R,ORD007762,90.33,20,81.06
PK160,Divya Nair,ORD007763,90.55,12,83.31
PK025,Rahul Singh,ORD007764,93.56,7,117.99
PK083,Harish M,ORD007765,90.33,14,51.41
PK018,Vignesh R,ORD007766,88.04,15,48.76
PK212,Divya Nair,ORD007767,84.82,18,64.61
PK214,Vignesh R,ORD007768,98.88,18,52.44
PK154,Sanjay Kumar,ORD007769,85.99,8,50.38
PK105,Swetha R,ORD007770,84.19,19,101.87
PK178,Anitha S,ORD007771,84.02,18,27.35
PK123,Meena Devi,ORD007772,82.99,4,107.3
PK178,Sanjay Kumar,ORD007773,82.55,19,118.31
PK154,Anitha S,ORD007774,95.8,20,42.28
PK139,Priya Sharma,ORD007775,96.11,3,92.46
PK236,Priya Sharma,ORD007776,91.24,19,101.17
PK185,Divya Nair,ORD007777,90.74,9,40.75
PK249,Priya Sharma,ORD007778,83.72,19,113.19
PK108,Harish M,ORD007779,83.55,9,109.32
PK052,Sanjay Kumar,ORD007780,89.77,17,56.32
PK002,Harish M,ORD007781,93.62,13,100.5
PK236,Anitha S,ORD007782,97.08,3,38.24
PK092,Divya Nair,ORD007783,90.68,14,39.29
PK008,Swetha R,ORD007784,83.25,14,85.4
PK016,Harish M,ORD007785,85.51,18,76.33
PK103,Divya Nair,ORD007786,96.35,8,58.45
PK142,Naveen Kumar,ORD007787,89.93,10,39.84
PK007,Sanjay Kumar,ORD007788,97.62,19,60.2
PK139,Vignesh R,ORD007789,89.99,16,114.14
PK071,Sanjay Kumar,ORD007790,92.39,8,97.38
PK179,Meena Devi,ORD007791,82.17,18,76.85
PK168,Harish M,ORD007792,96.66,4,107.37
PK128,Rahul Singh,ORD007793,87.79,7,81.24
PK054,Swetha R,ORD007794,93.79,9,79.59
PK082,Sanjay Kumar,ORD007795,83.8,4,43.44
PK104,Harish M,ORD007796,93.52,16,116.97
PK239,Swetha R,ORD007797,85.96,10,63.02
PK174,Priya Sharma,ORD007798,87.27,17,117.65
PK068,Divya Nair,ORD007799,95.33,7,69.52
PK043,Vignesh R,ORD007800,84.04,19,83.74
PK219,Arun Kumar,ORD007801,95.54,13,89.56
PK168,Divya Nair,ORD007802,99.92,5,39.72
PK046,Harish M,ORD007803,98.65,11,54.96
PK126,Meena Devi,ORD007804,83.03,14,80.04
PK095,Naveen Kumar,ORD007805,85.26,6,41.94
PK194,Vignesh R,ORD007806,95.21,12,17.65
PK039,Harish M,ORD007807,90.26,8,27.07
PK064,Divya Nair,ORD007808,91.65,14,42.61
PK087,Naveen Kumar,ORD007809,93.77,16,37.77
PK029,Priya Sharma,ORD007810,97.06,17,25.43
PK168,Anitha S,ORD007811,96.68,10,65.85
PK211,Naveen Kumar,ORD007812,99.73,15,47.99
PK045,Divya Nair,ORD007813,99.69,6,21.44
PK204,Swetha R,ORD007814,91.39,14,113.68
PK095,Karthik Raj,ORD007815,82.24,17,17.81
PK037,Harish M,ORD007816,90.86,7,46.55
PK161,Divya Nair,ORD007817,92.86,15,44.11
PK088,Anitha S,ORD007818,90.33,18,91.91
PK109,Anitha S,ORD007819,82.11,3,87.68
PK010,Meena Devi,ORD007820,89.61,18,23.15
PK062,Sanjay Kumar,ORD007821,92.6,3,51.27
PK207,Priya Sharma,ORD007822,93.18,5,99.23
PK138,Priya Sharma,ORD007823,97.39,3,40.49
PK081,Priya Sharma,ORD007824,99.34,13,80.76
PK146,Naveen Kumar,ORD007825,95.05,6,96.72
PK165,Anitha S,ORD007826,95.45,15,75.66
PK200,Priya Sharma,ORD007827,94.26,5,40.11
PK123,Arun Kumar,ORD007828,85.15,3,102.35
PK075,Arun Kumar,ORD007829,97.52,4,113.97
PK044,Rahul Singh,ORD007830,88.22,11,29.83
PK024,Anitha S,ORD007831,91.16,20,31.82
PK188,Karthik Raj,ORD007832,96.47,10,38.02
PK120,Naveen Kumar,ORD007833,84.69,6,84.46
PK023,Swetha R,ORD007834,86.63,18,42.66
PK243,Arun Kumar,ORD007835,92.12,17,28.38
PK049,Arun Kumar,ORD007836,82.54,13,45.28
PK234,Anitha S,ORD007837,90.1,3,41.64
PK216,Swetha R,ORD007838,84.7,10,66.04
PK019,Harish M,ORD007839,93.18,20,80.75
PK016,Swetha R,ORD007840,95.13,12,63.97
PK030,Meena Devi,ORD007841,92.47,4,102.99
PK198,Divya Nair,ORD007842,99.85,10,103.57
PK100,Karthik Raj,ORD007843,82.98,4,91.81
PK028,Naveen Kumar,ORD007844,87.08,4,76.86
PK208,Karthik Raj,ORD007845,98.36,7,105.98
PK171,Naveen Kumar,ORD007846,97.13,17,71.95
PK178,Sanjay Kumar,ORD007847,84.2,17,42.35
PK162,Divya Nair,ORD007848,92.81,3,98.07
PK143,Rahul Singh,ORD007849,87.16,5,57.71
PK182,Karthik Raj,ORD007850,84.31,10,43.58
PK019,Sanjay Kumar,ORD007851,86.52,7,69.7
PK015,Rahul Singh,ORD007852,84.53,8,42.36
PK121,Naveen Kumar,ORD007853,96.48,19,17.23
PK161,Meena Devi,ORD007854,82.74,11,83.14
PK159,Karthik Raj,ORD007855,91.0,19,104.77
PK052,Naveen Kumar,ORD007856,91.26,17,93.4
PK101,Arun Kumar,ORD007857,83.41,16,64.44
PK087,Rahul Singh,ORD007858,90.92,8,114.06
PK078,Sanjay Kumar,ORD007859,89.84,5,115.72
PK134,Anitha S,ORD007860,87.47,7,58.36
PK069,Rahul Singh,ORD007861,89.12,7,84.97
PK020,Naveen Kumar,ORD007862,93.13,13,83.09
PK069,Swetha R,ORD007863,83.38,12,40.42
PK061,Karthik Raj,ORD007864,82.9,12,36.86
PK064,Naveen Kumar,ORD007865,96.49,5,80.36
PK202,Harish M,ORD007866,92.82,7,26.56
PK091,Anitha S,ORD007867,84.4,10,113.08
PK118,Karthik Raj,ORD007868,94.51,6,47.01
PK204,Priya Sharma,ORD007869,92.87,18,55.65
PK235,Swetha R,ORD007870,98.71,5,97.36
PK156,Priya Sharma,ORD007871,97.13,6,73.58
PK062,Priya Sharma,ORD007872,98.76,18,35.57
PK216,Vignesh R,ORD007873,95.95,18,31.75
PK173,Rahul Singh,ORD007874,87.69,4,95.01
PK132,Arun Kumar,ORD007875,98.11,19,112.91
PK142,Swetha R,ORD007876,95.58,10,17.07
PK030,Harish M,ORD007877,89.55,15,59.04
PK007,Sanjay Kumar,ORD007878,84.81,6,32.24
PK129,Harish M,ORD007879,85.9,15,93.75
PK073,,ORD007880,87.33,5,60.14
PK129,Vignesh R,ORD007881,87.62,19,89.56
PK185,Vignesh R,ORD007882,82.88,18,84.31
PK099,Karthik Raj,ORD007883,90.39,13,34.3
PK103,Vignesh R,ORD007884,89.71,15,27.88
PK147,Arun Kumar,ORD007885,85.18,3,83.48
PK174,Naveen Kumar,ORD007886,93.27,14,74.83
PK226,Arun Kumar,ORD007887,97.25,14,36.78
PK220,Swetha R,ORD007888,93.33,14,107.86
PK188,Naveen Kumar,ORD007889,98.33,18,95.74
PK215,Divya Nair,ORD007890,83.77,8,98.61
PK112,Karthik Raj,ORD007891,97.05,3,19.13
PK051,Rahul Singh,ORD007892,87.52,11,29.55
PK021,Divya Nair,ORD007893,86.67,10,39.79
PK166,Arun Kumar,ORD007894,92.77,5,112.33
PK171,Divya Nair,ORD007895,95.55,14,117.64
PK041,Swetha R,ORD007896,93.32,6,17.12
PK029,Priya Sharma,ORD007897,91.81,7,88.21
PK208,Vignesh R,ORD007898,86.27,18,47.92
PK025,Sanjay Kumar,ORD007899,88.15,13,37.4
PK058,Priya Sharma,ORD007900,88.51,20,19.12
PK153,Harish M,ORD007901,82.72,11,65.58
PK075,Rahul Singh,ORD007902,91.4,16,103.49
PK144,Meena Devi,ORD007903,89.05,6,50.27
PK046,Meena Devi,ORD007904,91.23,3,19.67
PK222,Anitha S,ORD007905,83.07,4,33.07
PK145,Rahul Singh,ORD007906,82.6,4,96.93
PK045,Sanjay Kumar,ORD007907,91.68,15,109.67
PK219,Swetha R,ORD007908,86.2,20,62.02
PK079,Sanjay Kumar,ORD007909,98.31,6,52.62
PK051,Swetha R,ORD007910,83.83,20,16.28
PK235,Arun Kumar,ORD007911,98.37,7,76.93
PK117,Karthik Raj,ORD007912,91.09,14,99.07
PK031,Arun Kumar,ORD007913,93.71,12,77.57
PK159,Rahul Singh,ORD007914,94.52,7,37.22
PK136,Anitha S,ORD007915,99.54,5,93.81
PK198,Divya Nair,ORD007916,83.1,14,80.45
PK063,Harish M,ORD007917,95.74,13,116.56
PK128,Anitha S,ORD007918,99.65,14,105.14
PK016,Priya Sharma,ORD007919,90.36,19,62.56
PK115,Naveen Kumar,ORD007920,96.56,8,54.52
PK237,Naveen Kumar,ORD007921,94.81,19,73.16
PK215,Meena Devi,ORD007922,91.31,5,15.48
PK226,Priya Sharma,ORD007923,97.63,20,21.26
PK001,Meena Devi,ORD007924,97.08,16,18.81
PK027,Naveen Kumar,ORD007925,91.37,7,72.63
PK130,Karthik Raj,ORD007926,89.03,13,77.27
PK132,Arun Kumar,ORD007927,87.75,17,118.02
PK221,Naveen Kumar,ORD007928,84.65,19,50.56
PK106,Harish M,ORD007929,99.52,12,43.41
PK103,Anitha S,ORD007930,95.69,18,39.15
PK083,Priya Sharma,ORD007931,94.11,15,87.78
PK078,Divya Nair,ORD007932,97.61,9,97.68
PK207,Karthik Raj,ORD007933,87.42,11,41.45
PK179,Harish M,ORD007934,88.59,20,36.89
PK213,Meena Devi,ORD007935,98.54,5,27.84
PK014,Sanjay Kumar,ORD007936,93.06,10,38.56
PK245,Arun Kumar,ORD007937,96.3,12,105.78
PK031,Arun Kumar,ORD007938,86.43,4,71.35
PK110,Harish M,ORD007939,89.26,9,62.09
PK032,Naveen Kumar,ORD007940,91.27,5,90.14
PK154,Divya Nair,ORD007941,83.55,8,22.05
PK229,Divya Nair,ORD007942,90.01,3,91.19
PK055,Swetha R,ORD007943,98.79,13,37.95
PK188,Vignesh R,ORD007944,97.54,15,85.76
PK099,Swetha R,ORD007945,99.48,5,21.11
PK097,Anitha S,ORD007946,93.08,16,117.27
PK095,Arun Kumar,ORD007947,85.57,11,107.98
PK225,Harish M,ORD007948,90.71,16,73.34
PK176,Divya Nair,ORD007949,90.12,18,17.09
PK103,Priya Sharma,ORD007950,82.55,4,48.58
PK050,Sanjay Kumar,ORD007951,90.02,16,106.13
PK183,Swetha R,ORD007952,94.1,13,109.95
PK141,Harish M,ORD007953,91.19,12,99.61
PK055,Naveen Kumar,ORD007954,84.39,4,65.51
PK097,Anitha S,ORD007955,88.68,8,40.29
PK028,Sanjay Kumar,ORD007956,96.94,20,84.94
PK187,Karthik Raj,ORD007957,88.82,9,74.33
PK244,Meena Devi,ORD007958,86.6,6,42.48
PK154,Priya Sharma,ORD007959,96.28,8,55.78
PK168,Divya Nair,ORD007960,83.72,20,45.04
PK045,Swetha R,ORD007961,86.59,8,34.98
PK194,Anitha S,ORD007962,85.39,19,104.21
PK222,Arun Kumar,ORD007963,93.54,11,108.98
PK037,Harish M,ORD007964,91.09,18,92.34
PK152,Priya Sharma,ORD007965,97.29,5,19.99
PK065,Meena Devi,ORD007966,98.45,3,115.72
PK247,Vignesh R,ORD007967,95.82,13,26.9
PK021,Rahul Singh,ORD007968,87.29,10,117.16
PK201,Divya Nair,ORD007969,93.97,10,94.35
PK129,Rahul Singh,ORD007970,95.11,16,29.26
PK192,Naveen Kumar,ORD007971,98.73,9,117.26
PK250,Anitha S,ORD007972,92.57,6,44.55
PK131,Priya Sharma,ORD007973,95.34,8,29.46
PK223,Sanjay Kumar,ORD007974,83.55,14,102.34
PK217,Arun Kumar,ORD007975,93.98,6,88.66
PK181,Sanjay Kumar,ORD007976,90.09,18,77.73
PK187,Naveen Kumar,ORD007977,83.44,8,109.38
PK217,Sanjay Kumar,ORD007978,89.62,16,26.61
PK131,Divya Nair,ORD007979,90.13,3,43.95
PK008,Priya Sharma,ORD007980,92.63,6,26.63
PK234,Anitha S,ORD007981,85.88,19,114.66
PK233,Divya Nair,ORD007982,92.45,13,15.56
PK215,Anitha S,ORD007983,91.62,13,103.69
PK146,Naveen Kumar,ORD007984,99.23,3,115.07
PK069,Sanjay Kumar,ORD007985,85.32,4,71.87
PK175,Arun Kumar,ORD007986,84.84,14,57.24
PK208,Swetha R,ORD007987,90.51,4,102.12
PK047,Harish M,ORD007988,90.85,10,27.52
PK210,Karthik Raj,ORD007989,88.68,10,117.6
PK198,Arun Kumar,ORD007990,85.33,9,56.97
PK024,Sanjay Kumar,ORD007991,85.03,17,15.81
PK126,Karthik Raj,ORD007992,94.24,7,19.97
PK215,Meena Devi,ORD007993,92.07,18,109.03
PK210,Divya Nair,ORD007994,94.97,12,111.59
PK017,Priya Sharma,ORD007995,85.85,16,61.57
PK061,Anitha S,ORD007996,88.63,14,69.12
PK123,Naveen Kumar,ORD007997,88.21,17,41.17
PK080,Vignesh R,ORD007998,91.16,12,20.82
PK150,Arun Kumar,ORD007999,94.41,19,41.6
PK189,Anitha S,ORD008000,99.36,10,16.29
PK099,Harish M,ORD008001,98.08,11,78.72
PK178,Swetha R,ORD008002,85.87,14,59.47
PK121,Divya Nair,ORD008003,83.46,7,91.25
PK090,Vignesh R,ORD008004,93.68,13,73.6
PK160,Anitha S,ORD008005,98.18,3,105.85
PK223,Naveen Kumar,ORD008006,95.32,20,35.83
PK147,Divya Nair,ORD008007,93.91,18,83.76
PK157,Arun Kumar,ORD008008,95.67,18,56.64
PK247,Vignesh R,ORD008009,99.72,17,52.83
PK006,Divya Nair,ORD008010,96.4,8,29.54
PK175,Karthik Raj,ORD008011,96.33,13,30.09
PK201,Rahul Singh,ORD008012,88.82,10,76.16
PK222,Arun Kumar,ORD008013,87.46,7,77.93
PK037,Priya Sharma,ORD008014,99.59,12,65.69
PK115,Divya Nair,ORD008015,96.9,16,116.66
PK019,Harish M,ORD008016,84.56,5,44.25
PK060,Harish M,ORD008017,99.49,17,99.77
PK065,Rahul Singh,ORD008018,99.68,8,108.27
PK030,Anitha S,ORD008019,94.84,11,48.8
PK115,Anitha S,ORD008020,96.44,15,44.54
PK039,Swetha R,ORD008021,95.65,4,90.39
PK190,Rahul Singh,ORD008022,96.25,14,39.83
PK144,Karthik Raj,ORD008023,85.83,5,30.46
PK249,Divya Nair,ORD008024,85.03,12,70.67
PK229,Sanjay Kumar,ORD008025,97.67,3,32.98
PK172,Rahul Singh,ORD008026,85.49,5,16.47
PK101,Vignesh R,ORD008027,92.64,20,45.52
PK100,Meena Devi,ORD008028,87.32,10,119.16
PK042,Swetha R,ORD008029,82.34,18,52.8
PK061,Divya Nair,ORD008030,82.79,10,26.34
PK183,Meena Devi,ORD008031,99.85,20,41.01
PK191,Rahul Singh,ORD008032,94.35,20,33.72
PK095,Vignesh R,ORD008033,90.8,4,35.87
PK040,Swetha R,ORD008034,91.45,15,43.2
PK081,Harish M,ORD008035,90.76,18,73.69
PK110,Harish M,ORD008036,86.49,4,101.74
PK179,Anitha S,ORD008037,88.83,11,75.44
PK104,Priya Sharma,ORD008038,95.19,13,22.61
PK058,Swetha R,ORD008039,98.32,11,41.99
PK020,Rahul Singh,ORD008040,91.98,9,103.39
PK248,Arun Kumar,ORD008041,95.8,13,41.88
PK011,Meena Devi,ORD008042,97.65,4,112.88
PK136,Arun Kumar,ORD008043,89.4,10,80.17
PK108,Arun Kumar,ORD008044,98.98,10,100.91
PK024,Priya Sharma,ORD008045,91.26,16,65.62
PK097,Anitha S,ORD008046,82.74,7,38.5
PK240,Vignesh R,ORD008047,95.57,8,56.94
PK016,Naveen Kumar,ORD008048,95.64,6,85.87
PK031,Arun Kumar,ORD008049,89.14,20,108.91
PK153,Naveen Kumar,ORD008050,93.85,6,31.2
PK121,Priya Sharma,ORD008051,90.02,5,71.67
PK180,Anitha S,ORD008052,91.08,6,27.41
PK061,Rahul Singh,ORD008053,96.76,5,99.7
PK118,Divya Nair,ORD008054,94.63,8,56.55
PK144,Swetha R,ORD008055,87.05,10,67.71
PK225,Karthik Raj,ORD008056,84.69,15,39.68
PK241,Priya Sharma,ORD008057,95.58,9,74.38
PK184,Vignesh R,ORD008058,85.58,12,45.95
PK191,Divya Nair,ORD008059,82.82,20,16.32
PK089,Vignesh R,ORD008060,91.39,-2,94.37
PK215,Swetha R,ORD008061,86.53,10,63.61
PK077,Rahul Singh,ORD008062,88.4,12,22.99
PK041,Priya Sharma,ORD008063,88.72,9,109.16
PK199,Rahul Singh,ORD008064,88.83,19,15.19
PK077,Swetha R,ORD008065,97.62,14,41.2
PK169,Priya Sharma,ORD008066,99.71,15,24.95
PK052,Vignesh R,ORD008067,94.74,14,22.62
PK238,Priya Sharma,ORD008068,89.04,6,62.44
PK164,Anitha S,ORD008069,90.1,10,33.63
PK014,Sanjay Kumar,ORD008070,90.3,5,80.59
PK183,Anitha S,ORD008071,90.26,15,36.74
PK242,Sanjay Kumar,ORD008072,97.38,12,64.87
PK137,Vignesh R,ORD008073,93.29,7,115.93
PK092,Arun Kumar,ORD008074,96.7,20,89.01
PK027,Swetha R,ORD008075,94.37,4,93.79
PK156,Karthik Raj,ORD008076,98.51,12,20.22
PK246,Meena Devi,ORD008077,94.55,19,115.51
PK037,Vignesh R,ORD008078,99.31,13,53.06
PK237,Vignesh R,ORD008079,82.77,20,109.28
PK186,Divya Nair,ORD008080,98.27,10,67.79
PK160,Harish M,ORD008081,99.85,7,31.24
PK063,Meena Devi,ORD008082,89.2,19,70.06
PK016,Divya Nair,ORD008083,96.96,9,50.9
PK017,Meena Devi,ORD008084,98.29,5,73.87
PK152,Rahul Singh,ORD008085,98.95,13,69.94
PK222,Karthik Raj,ORD008086,84.34,4,113.95
PK135,Priya Sharma,ORD008087,98.48,9,91.78
PK086,Harish M,ORD008088,96.38,17,64.04
PK115,Priya Sharma,ORD008089,99.53,13,38.1
PK088,Arun Kumar,ORD008090,95.83,18,59.68
PK070,Vignesh R,ORD008091,84.36,20,82.97
PK150,Arun Kumar,ORD008092,86.82,16,17.45
PK116,Arun Kumar,ORD008093,87.52,5,117.4
PK023,Anitha S,ORD008094,82.14,6,38.99
PK059,Rahul Singh,ORD008095,98.14,6,80.77
PK204,Priya Sharma,ORD008096,84.97,14,80.86
PK085,Divya Nair,ORD008097,84.14,12,116.36
PK185,Sanjay Kumar,ORD008098,99.4,8,45.21
PK120,Vignesh R,ORD008099,99.88,4,28.09
PK160,Sanjay Kumar,ORD008100,93.83,10,27.86
PK115,Arun Kumar,ORD008101,97.15,19,113.71
PK074,Divya Nair,ORD008102,86.66,4,108.15
PK170,Naveen Kumar,ORD008103,93.63,4,79.28
PK008,Priya Sharma,ORD008104,87.72,11,61.76
PK237,Divya Nair,ORD008105,95.01,9,92.51
PK103,Naveen Kumar,ORD008106,97.63,17,20.52
PK137,Rahul Singh,ORD008107,95.82,20,112.78
PK098,Divya Nair,ORD008108,99.58,7,24.52
PK246,Anitha S,ORD008109,94.07,13,96.95
PK205,Harish M,ORD008110,92.44,3,101.49
PK021,Meena Devi,ORD008111,82.3,14,88.83
PK048,Sanjay Kumar,ORD008112,95.44,5,65.9
PK152,Arun Kumar,ORD008113,82.58,8,74.83
PK059,Harish M,ORD008114,99.37,3,102.26
PK013,Anitha S,ORD008115,88.47,10,78.59
PK018,Karthik Raj,ORD008116,88.39,10,17.92
PK246,Priya Sharma,ORD008117,99.32,10,31.95
PK007,Swetha R,ORD008118,87.14,9,93.79
PK229,Arun Kumar,ORD008119,84.33,19,77.62
PK220,Priya Sharma,ORD008120,87.48,6,40.63
PK091,Rahul Singh,ORD008121,91.04,4,39.29
PK236,Harish M,ORD008122,85.21,13,73.37
PK114,Meena Devi,ORD008123,84.19,19,65.93
PK187,Harish M,ORD008124,82.06,6,113.65
PK170,Swetha R,ORD008125,84.27,15,48.77
PK241,Anitha S,ORD008126,83.9,19,55.28
PK027,Anitha S,ORD008127,94.74,8,114.59
PK234,Swetha R,ORD008128,87.49,4,119.01
PK179,Karthik Raj,ORD008129,88.17,4,93.21
PK208,Harish M,ORD008130,83.92,3,75.69
PK068,Karthik Raj,ORD008131,96.97,20,64.53
PK249,Naveen Kumar,ORD008132,84.91,15,26.94
PK209,Naveen Kumar,ORD008133,91.85,16,20.92
PK010,Naveen Kumar,ORD008134,92.52,13,117.66
PK240,Meena Devi,ORD008135,83.26,7,104.33
PK104,Naveen Kumar,ORD008136,86.4,6,15.53
PK247,Meena Devi,ORD008137,82.35,13,59.86
PK125,Rahul Singh,ORD008138,89.3,3,48.85
PK018,Vignesh R,ORD008139,89.45,14,47.3
PK212,Rahul Singh,ORD008140,89.19,17,112.89
PK244,Priya Sharma,ORD008141,86.38,8,89.94
PK170,Priya Sharma,ORD008142,95.29,11,109.75
PK026,Swetha R,ORD008143,85.37,4,115.14
PK044,Karthik Raj,ORD008144,96.39,4,115.93
PK169,Divya Nair,ORD008145,98.04,14,18.41
PK206,Divya Nair,ORD008146,88.62,19,92.55
PK014,Meena Devi,ORD008147,98.15,6,15.88
PK110,Karthik Raj,ORD008148,85.45,7,41.99
PK023,Swetha R,ORD008149,83.01,11,89.01
PK239,Meena Devi,ORD008150,85.73,3,54.91
PK093,Rahul Singh,ORD008151,87.09,13,47.92
PK062,Priya Sharma,ORD008152,93.39,10,-25.0
PK231,Sanjay Kumar,ORD008153,90.5,5,110.08
PK013,Swetha R,ORD008154,96.69,19,101.43
PK249,Sanjay Kumar,ORD008155,86.54,16,16.15
PK060,Harish M,ORD008156,91.73,11,35.28
PK030,Priya Sharma,ORD008157,84.11,5,55.1
PK139,Rahul Singh,ORD008158,86.28,13,55.83
PK061,Anitha S,ORD008159,84.76,3,109.98
PK147,Naveen Kumar,ORD008160,98.23,13,54.57
PK080,Anitha S,ORD008161,94.28,4,79.69
PK021,Swetha R,ORD008162,88.34,8,44.32
PK091,Priya Sharma,ORD008163,98.86,9,109.81
PK217,Divya Nair,ORD008164,86.96,5,54.14
PK059,Rahul Singh,ORD008165,86.38,5,83.2
PK218,Karthik Raj,ORD008166,92.9,12,118.36
PK185,Divya Nair,ORD008167,88.87,16,31.03
PK211,Naveen Kumar,ORD008168,85.22,10,95.16
PK103,Swetha R,ORD008169,94.87,13,23.35
PK180,Arun Kumar,ORD008170,88.24,3,74.96
PK178,Harish M,ORD008171,89.76,3,45.15
PK237,Karthik Raj,ORD008172,97.64,17,25.93
PK216,Karthik Raj,ORD008173,84.35,3,16.93
PK009,Naveen Kumar,ORD008174,89.55,12,85.41
PK076,Anitha S,ORD008175,82.17,18,21.3
PK221,Divya Nair,ORD008176,85.44,20,40.72
PK141,Anitha S,ORD008177,84.25,10,111.31
PK198,Rahul Singh,ORD008178,93.24,19,18.91
PK192,Swetha R,ORD008179,86.61,12,92.27
PK203,Meena Devi,ORD008180,91.7,20,99.14
PK219,Sanjay Kumar,ORD008181,89.35,18,83.71
PK116,Karthik Raj,ORD008182,87.01,12,39.2
PK048,Arun Kumar,ORD008183,94.23,6,15.87
PK092,Sanjay Kumar,ORD008184,91.36,4,83.88
PK015,Arun Kumar,ORD008185,88.81,10,17.44
PK196,Divya Nair,ORD008186,84.19,19,50.17
PK245,Sanjay Kumar,ORD008187,86.44,14,67.26
PK250,Naveen Kumar,ORD008188,82.05,18,74.24
PK115,Naveen Kumar,ORD008189,91.85,14,60.35
PK250,Swetha R,ORD008190,97.38,16,77.48
PK026,Arun Kumar,ORD008191,99.95,13,102.25
PK032,Divya Nair,ORD008192,90.45,20,49.39
PK003,Anitha S,ORD008193,94.9,17,72.0
PK029,Vignesh R,ORD008194,96.51,4,51.46
PK149,Karthik Raj,ORD008195,86.77,5,42.23
PK056,Harish M,ORD008196,93.55,17,116.53
PK019,Divya Nair,ORD008197,84.91,19,15.84
PK144,Meena Devi,ORD008198,84.0,20,22.5
PK125,Vignesh R,ORD008199,83.16,10,31.81
PK073,Priya Sharma,ORD008200,93.78,6,76.49
PK092,Meena Devi,ORD008201,94.48,8,82.43
PK078,Anitha S,ORD008202,95.24,18,76.01
PK014,Rahul Singh,ORD008203,87.21,16,93.85
PK176,Anitha S,ORD008204,97.23,19,21.64
PK063,Vignesh R,ORD008205,98.99,3,22.69
PK233,Priya Sharma,ORD008206,82.79,11,103.93
PK042,Karthik Raj,ORD008207,99.38,8,26.13
PK238,Sanjay Kumar,ORD008208,85.96,10,117.38
PK184,Divya Nair,ORD008209,93.01,10,17.2
PK134,Vignesh R,ORD008210,87.65,19,60.09
PK250,Priya Sharma,ORD008211,98.4,5,84.92
PK138,Arun Kumar,ORD008212,91.49,7,70.32
PK169,Divya Nair,ORD008213,88.92,12,71.89
PK095,Meena Devi,ORD008214,91.75,6,118.62
PK112,Naveen Kumar,ORD008215,89.44,5,26.11
PK215,Divya Nair,ORD008216,88.17,5,17.16
PK179,Swetha R,ORD008217,82.56,9,30.6
PK234,Divya Nair,ORD008218,82.27,4,100.68
PK026,Rahul Singh,ORD008219,99.35,11,116.96
PK220,Arun Kumar,ORD008220,95.13,7,59.26
PK182,Divya Nair,ORD008221,86.24,5,20.09
PK075,Divya Nair,ORD008222,97.89,5,17.24
PK096,Swetha R,ORD008223,82.23,16,93.02
PK052,Sanjay Kumar,ORD008224,85.6,7,22.95
PK195,Karthik Raj,ORD008225,83.33,20,56.85
PK208,Rahul Singh,ORD008226,86.73,6,50.6
PK013,Anitha S,ORD008227,94.44,4,50.69
PK201,Vignesh R,ORD008228,88.91,4,77.12
PK024,Vignesh R,ORD008229,82.78,9,41.12
PK200,Swetha R,ORD008230,98.69,16,26.34
PK071,Swetha R,ORD008231,97.06,4,47.65
PK214,Divya Nair,ORD008232,91.64,19,66.37
PK134,Karthik Raj,ORD008233,94.53,13,35.73
PK222,Harish M,ORD008234,91.08,15,28.52
PK247,Divya Nair,ORD008235,98.52,17,96.66
PK011,Harish M,ORD008236,97.51,12,104.26
PK117,Karthik Raj,ORD008237,99.64,15,24.34
PK132,Arun Kumar,ORD008238,88.03,6,22.75
PK182,Arun Kumar,ORD008239,96.06,15,-25.0
PK175,Divya Nair,ORD008240,84.26,6,66.79
PK214,Meena Devi,ORD008241,86.52,18,31.36
PK080,Harish M,ORD008242,90.21,5,68.76
PK148,Sanjay Kumar,ORD008243,98.58,6,23.53
PK142,Arun Kumar,ORD008244,94.85,-2,116.16
PK135,Meena Devi,ORD008245,89.9,12,62.92
PK160,Swetha R,ORD008246,90.17,5,57.21
PK084,Naveen Kumar,ORD008247,83.37,7,95.32
PK229,Divya Nair,ORD008248,86.32,20,68.7
PK241,Rahul Singh,ORD008249,91.59,5,35.02
PK037,Divya Nair,ORD008250,88.81,20,62.54
PK145,Harish M,ORD008251,94.06,11,78.56
PK183,Anitha S,ORD008252,87.81,5,58.71
PK055,Priya Sharma,ORD008253,96.2,7,83.73
PK093,Naveen Kumar,ORD008254,83.23,20,82.19
PK036,Vignesh R,ORD008255,93.78,14,70.14
PK179,Priya Sharma,ORD008256,91.24,14,46.44
PK066,Vignesh R,ORD008257,86.48,14,16.4
PK030,Rahul Singh,ORD008258,97.65,14,35.46
PK078,Anitha S,ORD008259,91.09,19,62.08
PK153,Arun Kumar,ORD008260,92.54,3,38.73
PK063,Karthik Raj,ORD008261,91.1,5,93.61
PK245,Rahul Singh,ORD008262,85.97,8,40.1
PK135,Arun Kumar,ORD008263,98.05,11,101.62
PK152,Swetha R,ORD008264,82.94,5,74.87
PK036,Arun Kumar,ORD008265,89.56,15,63.48
PK055,Priya Sharma,ORD008266,93.1,19,92.32
PK239,Swetha R,ORD008267,86.39,11,67.64
PK082,Sanjay Kumar,ORD008268,88.01,19,101.15
PK063,Meena Devi,ORD008269,105.0,19,79.9
PK057,Karthik Raj,ORD008270,82.95,3,27.92
PK232,Arun Kumar,ORD008271,87.06,10,103.24
PK112,Vignesh R,ORD008272,91.1,8,102.17
PK182,Karthik Raj,ORD008273,85.64,9,25.26
PK246,Meena Devi,ORD008274,83.36,12,86.53
PK060,Harish M,ORD008275,97.36,17,66.86
PK162,Arun Kumar,ORD008276,82.92,9,93.73
PK180,Rahul Singh,ORD008277,86.47,19,94.81
PK153,Anitha S,ORD008278,88.36,11,27.01
PK230,Meena Devi,ORD008279,89.66,11,65.71
PK166,Meena Devi,ORD008280,86.74,8,54.72
PK048,Sanjay Kumar,ORD008281,90.16,20,40.53
PK226,Meena Devi,ORD008282,96.19,15,56.37
PK229,Rahul Singh,ORD008283,86.87,10,86.69
PK095,Karthik Raj,ORD008284,90.35,19,64.13
PK044,Arun Kumar,ORD008285,92.32,7,96.14
PK054,Arun Kumar,ORD008286,82.73,7,30.18
PK131,Swetha R,ORD008287,99.3,5,77.28
PK119,Swetha R,ORD008288,95.94,13,101.54
PK196,Rahul Singh,ORD008289,90.47,7,119.24
PK198,Meena Devi,ORD008290,96.89,16,115.18
PK101,Rahul Singh,ORD008291,85.04,19,47.21
PK141,Swetha R,ORD008292,89.47,8,45.07
PK207,Harish M,ORD008293,99.38,12,91.96
PK203,Anitha S,ORD008294,92.28,4,71.44
PK197,Meena Devi,ORD008295,82.2,15,94.87
PK128,Sanjay Kumar,ORD008296,83.75,5,70.35
PK181,Divya Nair,ORD008297,93.15,11,22.64
PK114,Divya Nair,ORD008298,96.69,14,93.14
PK133,Vignesh R,ORD008299,82.76,15,20.02
PK246,Rahul Singh,ORD008300,99.41,17,103.7
PK107,Rahul Singh,ORD008301,88.32,3,80.2
PK044,Vignesh R,ORD008302,96.23,9,16.6
PK018,Divya Nair,ORD008303,87.61,9,43.79
PK043,Vignesh R,ORD008304,85.01,16,93.76
PK052,Priya Sharma,ORD008305,94.87,4,88.69
PK228,Priya Sharma,ORD008306,93.45,17,65.03
PK120,Vignesh R,ORD008307,97.05,12,106.57
PK104,Meena Devi,ORD008308,89.98,12,47.73
PK218,Arun Kumar,ORD008309,93.3,11,59.41
PK111,Priya Sharma,ORD008310,85.01,16,85.95
PK151,Swetha R,ORD008311,83.68,17,71.75
PK163,Priya Sharma,ORD008312,89.21,15,70.01
PK218,Swetha R,ORD008313,91.6,12,83.34
PK209,Rahul Singh,ORD008314,97.18,5,62.5
PK166,Divya Nair,ORD008315,93.04,15,68.17
PK231,Meena Devi,ORD008316,87.33,18,80.9
PK091,Swetha R,ORD008317,84.48,7,89.86
PK235,Meena Devi,ORD008318,85.04,18,24.63
PK064,Vignesh R,ORD008319,93.45,10,26.22
PK229,Sanjay Kumar,ORD008320,96.65,18,22.53
PK194,Karthik Raj,ORD008321,94.73,7,107.81
PK155,Rahul Singh,ORD008322,89.72,12,26.39
PK125,Anitha S,ORD008323,92.76,13,42.84
PK191,Priya Sharma,ORD008324,84.35,13,58.59
PK067,Priya Sharma,ORD008325,82.65,17,100.86
PK118,Arun Kumar,ORD008326,86.89,11,59.31
PK241,Swetha R,ORD008327,87.11,11,72.64
PK092,Anitha S,ORD008328,95.28,14,99.69
PK171,Priya Sharma,ORD008329,86.42,3,111.9
PK024,Karthik Raj,ORD008330,94.96,3,58.56
PK237,Harish M,ORD008331,88.3,16,113.76
PK079,Karthik Raj,ORD008332,97.9,15,26.71
PK047,Priya Sharma,ORD008333,95.28,12,84.05
PK041,Rahul Singh,ORD008334,87.03,12,33.1
PK055,Anitha S,ORD008335,95.19,6,49.07
PK022,Priya Sharma,ORD008336,85.5,10,81.49
PK016,Arun Kumar,ORD008337,84.72,14,57.26
PK146,Rahul Singh,ORD008338,82.28,12,68.17
PK047,Anitha S,ORD008339,95.63,4,92.12
PK193,Meena Devi,ORD008340,86.64,10,25.1
PK138,Anitha S,ORD008341,82.11,18,62.72
PK231,Arun Kumar,ORD008342,97.32,6,114.5
PK034,Arun Kumar,ORD008343,85.44,20,106.34
PK133,Swetha R,ORD008344,99.07,10,62.87
PK021,Rahul Singh,ORD008345,89.08,6,47.8
PK071,Divya Nair,ORD008346,94.09,18,18.37
PK182,Meena Devi,ORD008347,86.22,16,35.52
PK221,Swetha R,ORD008348,96.35,19,67.87
PK218,Meena Devi,ORD008349,89.35,11,69.5
PK009,Sanjay Kumar,ORD008350,93.48,6,39.35
PK096,Vignesh R,ORD008351,85.52,4,32.02
PK176,Karthik Raj,ORD008352,89.94,9,71.69
PK115,Arun Kumar,ORD008353,86.44,17,80.06
PK171,Anitha S,ORD008354,88.69,4,35.6
PK183,Anitha S,ORD008355,84.28,3,94.81
PK021,Harish M,ORD008356,99.8,15,66.75
PK152,Priya Sharma,ORD008357,82.1,7,118.5
PK104,Harish M,ORD008358,90.97,17,95.27
PK022,Rahul Singh,ORD008359,88.9,14,56.9
PK062,Sanjay Kumar,ORD008360,87.9,16,47.51
PK202,Anitha S,ORD008361,84.99,5,31.64
PK096,Anitha S,ORD008362,83.82,16,46.76
PK205,Vignesh R,ORD008363,99.63,13,17.13
PK210,Priya Sharma,ORD008364,82.76,20,36.52
PK006,Vignesh R,ORD008365,97.87,17,105.7
PK124,Harish M,ORD008366,84.25,19,23.49
PK058,Sanjay Kumar,ORD008367,89.74,12,39.92
PK172,Arun Kumar,ORD008368,98.27,10,101.62
PK174,Harish M,ORD008369,82.32,14,119.17
PK109,Vignesh R,ORD008370,99.45,6,97.09
PK094,Divya Nair,ORD008371,88.43,20,33.21
PK034,Harish M,ORD008372,82.88,6,25.16
PK095,Vignesh R,ORD008373,90.7,9,28.81
PK004,Divya Nair,ORD008374,85.46,5,68.01
PK072,Priya Sharma,ORD008375,89.16,13,84.58
PK130,Rahul Singh,ORD008376,82.58,5,56.74
PK218,Karthik Raj,ORD008377,86.08,8,81.29
PK134,Vignesh R,ORD008378,92.52,9,93.81
PK072,Vignesh R,ORD008379,97.75,7,38.8
PK045,Harish M,ORD008380,94.58,17,106.7
PK103,Karthik Raj,ORD008381,98.25,11,55.22
PK113,Priya Sharma,ORD008382,91.99,3,23.37
PK001,Anitha S,ORD008383,85.36,10,71.5
PK214,Sanjay Kumar,ORD008384,84.38,18,112.51
PK097,Karthik Raj,ORD008385,94.03,5,38.85
PK097,Rahul Singh,ORD008386,97.14,15,19.76
PK208,Anitha S,ORD008387,98.11,13,86.67
PK092,Priya Sharma,ORD008388,94.8,3,105.42
PK075,Anitha S,ORD008389,93.99,15,34.19
PK051,Naveen Kumar,ORD008390,95.0,10,90.25
PK166,Swetha R,ORD008391,91.17,10,37.33
PK058,Anitha S,ORD008392,83.99,14,116.91
PK164,Vignesh R,ORD008393,82.05,8,95.21
PK194,Anitha S,ORD008394,89.37,6,21.07
PK226,Anitha S,ORD008395,87.18,17,99.97
PK086,Rahul Singh,ORD008396,93.53,13,70.37
PK039,Arun Kumar,ORD008397,91.69,4,62.66
PK066,Naveen Kumar,ORD008398,85.43,20,28.96
PK017,Vignesh R,ORD008399,94.08,7,24.85
PK033,Anitha S,ORD008400,86.45,19,91.01
PK014,Sanjay Kumar,ORD008401,84.06,17,20.74
PK049,Arun Kumar,ORD008402,95.8,18,39.78
PK054,Divya Nair,ORD008403,93.57,3,82.06
PK087,Divya Nair,ORD008404,86.79,6,111.39
PK028,Anitha S,ORD008405,86.4,14,64.47
PK146,Arun Kumar,ORD008406,97.25,4,110.44
PK086,Naveen Kumar,ORD008407,98.14,8,22.09
PK027,Vignesh R,ORD008408,86.67,20,43.33
PK141,Sanjay Kumar,ORD008409,95.0,6,54.03
PK128,Arun Kumar,ORD008410,86.2,7,75.03
PK032,Priya Sharma,ORD008411,85.41,17,46.87
PK107,Rahul Singh,ORD008412,84.42,16,63.15
PK061,Anitha S,ORD008413,89.18,12,93.09
PK122,Meena Devi,ORD008414,85.63,13,36.1
PK165,Arun Kumar,ORD008415,82.28,13,83.31
PK203,Priya Sharma,ORD008416,88.71,4,15.6
PK113,Naveen Kumar,ORD008417,91.22,5,69.45
PK128,Naveen Kumar,ORD008418,85.18,10,90.64
PK021,Swetha R,ORD008419,92.7,13,48.33
PK164,Naveen Kumar,ORD008420,94.73,16,82.09
PK120,Rahul Singh,ORD008421,83.63,8,65.78
PK106,Sanjay Kumar,ORD008422,99.95,4,61.36
PK193,Rahul Singh,ORD008423,84.89,18,78.54
PK019,Divya Nair,ORD008424,89.81,3,66.7
PK228,Naveen Kumar,ORD008425,91.83,14,96.92
PK218,Vignesh R,ORD008426,85.4,9,94.61
PK156,Anitha S,ORD008427,94.86,6,94.39
PK045,Priya Sharma,ORD008428,84.19,17,86.47
PK155,Vignesh R,ORD008429,95.8,15,69.16
PK061,Divya Nair,ORD008430,94.72,19,31.28
PK135,Anitha S,ORD008431,98.13,11,86.73
PK107,Arun Kumar,ORD008432,93.15,16,96.23
PK238,Arun Kumar,ORD008433,89.58,6,88.33
PK041,Arun Kumar,ORD008434,91.79,5,77.26
PK019,Naveen Kumar,ORD008435,87.52,7,97.43
PK024,Harish M,ORD008436,90.59,10,88.11
PK169,Harish M,ORD008437,98.82,6,106.29
PK112,Arun Kumar,ORD008438,87.48,7,40.15
PK129,Naveen Kumar,ORD008439,99.3,20,103.32
PK103,Naveen Kumar,ORD008440,82.24,8,70.87
PK070,Sanjay Kumar,ORD008441,95.72,12,46.58
PK155,Divya Nair,ORD008442,84.46,10,42.27
PK228,Sanjay Kumar,ORD008443,90.21,14,72.04
PK239,Naveen Kumar,ORD008444,93.11,4,40.61
PK082,Anitha S,ORD008445,86.39,4,92.82
PK166,Divya Nair,ORD008446,87.27,14,83.6
PK113,Rahul Singh,ORD008447,96.7,17,63.25
PK026,Sanjay Kumar,ORD008448,89.65,20,97.6
PK051,Divya Nair,ORD008449,85.21,11,88.4
PK059,Meena Devi,ORD008450,91.63,13,55.4
PK133,Priya Sharma,ORD008451,84.84,14,39.9
PK183,Karthik Raj,ORD008452,94.3,10,17.85
PK066,Divya Nair,ORD008453,97.39,6,116.6
PK130,Priya Sharma,ORD008454,90.83,10,29.29
PK117,Divya Nair,ORD008455,88.34,20,107.6
PK121,Swetha R,ORD008456,86.74,12,38.36
PK112,Anitha S,ORD008457,89.55,12,34.98
PK180,Arun Kumar,ORD008458,94.88,3,106.73
PK053,Rahul Singh,ORD008459,84.6,19,47.16
PK247,Naveen Kumar,ORD008460,99.37,13,32.98
PK111,Harish M,ORD008461,93.48,20,15.79
PK014,Sanjay Kumar,ORD008462,97.6,9,41.36
PK074,Vignesh R,ORD008463,83.25,7,37.41
PK007,Anitha S,ORD008464,98.12,13,51.95
PK100,Divya Nair,ORD008465,96.65,6,36.95
PK006,Meena Devi,ORD008466,94.54,7,69.28
PK064,Harish M,ORD008467,98.08,7,60.12
PK102,Karthik Raj,ORD008468,99.24,7,108.84
PK126,Naveen Kumar,ORD008469,82.42,12,51.93
PK232,Meena Devi,ORD008470,91.48,10,65.95
PK149,Divya Nair,ORD008471,90.36,19,22.34
PK084,Arun Kumar,ORD008472,92.35,13,49.62
PK105,Karthik Raj,ORD008473,91.16,18,40.84
PK164,Karthik Raj,ORD008474,93.15,12,115.48
PK021,Karthik Raj,ORD008475,94.34,6,100.09
PK065,Anitha S,ORD008476,89.59,20,86.74
PK121,Arun Kumar,ORD008477,96.88,10,93.05
PK239,Meena Devi,ORD008478,92.15,3,77.7
PK021,Vignesh R,ORD008479,89.56,13,90.7
PK169,Swetha R,ORD008480,96.4,3,49.82
PK183,Harish M,ORD008481,82.96,4,35.42
PK143,Rahul Singh,ORD008482,98.05,6,34.23
PK244,Arun Kumar,ORD008483,83.55,6,111.27
PK184,Anitha S,ORD008484,85.29,3,106.58
PK052,Arun Kumar,ORD008485,94.64,11,75.69
PK099,Anitha S,ORD008486,96.93,18,46.54
PK093,Divya Nair,ORD008487,85.29,5,82.86
PK143,Vignesh R,ORD008488,99.88,16,36.48
PK230,Rahul Singh,ORD008489,85.15,10,18.46
PK184,Karthik Raj,ORD008490,98.9,3,108.64
PK164,Harish M,ORD008491,99.78,5,76.15
PK171,Naveen Kumar,ORD008492,84.62,14,31.6
PK173,Naveen Kumar,ORD008493,100.0,12,105.97
PK212,Harish M,ORD008494,87.16,3,50.78
PK139,Rahul Singh,ORD008495,92.3,6,69.54
PK232,Priya Sharma,ORD008496,88.4,19,56.82
PK210,Divya Nair,ORD008497,83.87,8,34.02
PK197,Sanjay Kumar,ORD008498,91.34,5,41.22
PK028,Karthik Raj,ORD008499,85.94,6,51.95
PK064,Naveen Kumar,ORD008500,91.11,5,63.04
PK108,Karthik Raj,ORD008501,91.34,5,98.4
PK013,Arun Kumar,ORD008502,99.06,18,91.2
PK137,Rahul Singh,ORD008503,90.58,19,96.47
PK167,Sanjay Kumar,ORD008504,94.8,5,119.93
PK084,Naveen Kumar,ORD008505,93.07,19,37.01
PK082,Swetha R,ORD008506,88.39,20,78.83
PK139,Sanjay Kumar,ORD008507,88.79,9,84.73
PK203,Sanjay Kumar,ORD008508,89.08,-2,108.1
PK071,Arun Kumar,ORD008509,90.32,16,35.8
PK118,Arun Kumar,ORD008510,90.64,19,64.62
PK153,Anitha S,ORD008511,90.81,9,78.9
PK149, Divya Nair ,ORD008512,86.47,7,76.15
PK124,Naveen Kumar,ORD008513,82.36,11,24.19
PK075,Rahul Singh,ORD008514,96.33,11,102.75
PK189,Vignesh R,ORD008515,97.19,3,95.79
PK079,Meena Devi,ORD008516,93.44,19,51.91
PK240,Sanjay Kumar,ORD008517,90.3,8,15.62
PK249,Harish M,ORD008518,93.99,3,84.66
PK029,Meena Devi,ORD008519,90.13,17,75.12
PK058,Divya Nair,ORD008520,82.72,14,65.08
PK122,Divya Nair,ORD008521,86.33,3,20.47
PK070,Meena Devi,ORD008522,82.42,14,94.18
PK088,Divya Nair,ORD008523,90.07,4,83.69
PK203,Meena Devi,ORD008524,92.16,17,68.2
PK016,Harish M,ORD008525,89.78,19,57.24
PK117,Rahul Singh,ORD008526,99.73,15,46.97
PK045,Harish M,ORD008527,86.76,17,77.61
PK193,Rahul Singh,ORD008528,98.91,5,61.38
PK204,Harish M,ORD008529,94.72,9,71.17
PK211,Swetha R,ORD008530,89.68,13,108.05
PK062,Karthik Raj,ORD008531,98.8,3,43.9
PK195,Priya Sharma,ORD008532,86.64,9,95.15
PK120,Naveen Kumar,ORD008533,98.67,15,87.01
PK241,Priya Sharma,ORD008534,97.12,9,39.23
PK230,Priya Sharma,ORD008535,93.6,12,30.31
PK199,Karthik Raj,ORD008536,84.5,4,99.71
PK186,Arun Kumar,ORD008537,90.77,8,72.59
PK036,Vignesh R,ORD008538,93.32,9,26.21
PK157,Meena Devi,ORD008539,97.61,15,16.78
PK139,Naveen Kumar,ORD008540,87.93,15,61.5
PK042,Karthik Raj,ORD008541,94.45,12,68.47
PK083,Naveen Kumar,ORD008542,94.98,14,94.58
PK060,Divya Nair,ORD008543,82.9,4,35.6
PK106,Divya Nair,ORD008544,84.64,19,105.84
PK105,Karthik Raj,ORD008545,87.37,11,25.99
PK069,Priya Sharma,ORD008546,85.37,6,39.28
PK096,Rahul Singh,ORD008547,93.76,14,104.69
PK123,Naveen Kumar,ORD008548,85.78,19,37.46
PK013,Vignesh R,ORD008549,82.03,9,70.26
PK213,Sanjay Kumar,ORD008550,98.02,17,60.59
PK147,Sanjay Kumar,ORD008551,91.51,6,41.02
PK229,Karthik Raj,ORD008552,88.91,5,23.8
PK234,Arun Kumar,ORD008553,88.13,17,72.82
PK152,Sanjay Kumar,ORD008554,90.02,7,45.07
PK102,Rahul Singh,ORD008555,83.4,6,20.64
PK183,Arun Kumar,ORD008556,85.59,14,86.6
PK087,Anitha S,ORD008557,88.16,7,77.32
PK178,Divya Nair,ORD008558,97.75,14,99.58
PK157,Harish M,ORD008559,82.62,20,93.74
PK142,Karthik Raj,ORD008560,97.48,20,117.88
PK137,Anitha S,ORD008561,86.79,11,87.39
PK086,Karthik Raj,ORD008562,84.6,8,45.35
PK144,Swetha R,ORD008563,91.19,18,46.37
PK195,Harish M,ORD008564,89.36,20,21.03
PK023,Karthik Raj,ORD008565,95.69,16,63.89
PK046,Priya Sharma,ORD008566,90.41,16,17.52
PK107,Rahul Singh,ORD008567,99.39,7,108.13
PK106,Karthik Raj,ORD008568,85.78,10,58.45
PK052,Naveen Kumar,ORD008569,93.04,11,76.93
PK155,Swetha R,ORD008570,92.1,3,69.55
PK211,Karthik Raj,ORD008571,82.32,4,25.58
PK171,Harish M,ORD008572,87.38,20,36.71
PK005,Sanjay Kumar,ORD008573,90.16,11,50.04
PK124,Priya Sharma,ORD008574,90.2,19,42.25
PK080,Divya Nair,ORD008575,85.83,11,57.25
PK198,Harish M,ORD008576,83.76,18,100.12
PK054,Anitha S,ORD008577,85.29,9,27.87
PK107,Sanjay Kumar,ORD008578,97.98,16,60.89
PK019,Priya Sharma,ORD008579,84.99,18,19.38
PK009,Karthik Raj,ORD008580,97.96,18,40.27
PK103,Karthik Raj,ORD008581,94.97,3,48.16
PK234,Harish M,ORD008582,86.96,16,21.62
PK176,Arun Kumar,ORD008583,93.89,4,100.71
PK165,Meena Devi,ORD008584,87.59,9,49.29
PK225,Priya Sharma,ORD008585,89.18,12,26.45
PK103,Meena Devi,ORD008586,90.43,7,69.01
PK210,Arun Kumar,ORD008587,96.89,13,51.28
PK220,Harish M,ORD008588,98.61,4,75.08
PK160,Rahul Singh,ORD008589,91.99,7,41.0
PK068,Karthik Raj,ORD008590,92.11,20,80.82
PK129,Meena Devi,ORD008591,85.15,5,58.92
PK001,Karthik Raj,ORD008592,99.68,10,22.26
PK013,Rahul Singh,ORD008593,87.13,20,99.43
PK007,Rahul Singh,ORD008594,82.46,19,52.15
PK131,Sanjay Kumar,ORD008595,90.22,15,16.17
PK212,Karthik Raj,ORD008596,83.19,16,65.42
PK124,Priya Sharma,ORD008597,83.83,4,87.64
PK035,Vignesh R,ORD008598,97.61,18,25.34
PK146,Anitha S,ORD008599,94.06,11,27.61
PK173,Rahul Singh,ORD008600,95.12,6,70.26
PK233,Arun Kumar,ORD008601,92.19,6,110.18
PK199,Sanjay Kumar,ORD008602,85.29,4,101.52
PK131,Karthik Raj,ORD008603,88.01,18,102.73
PK076,Sanjay Kumar,ORD008604,95.79,3,109.64
PK091,Harish M,ORD008605,96.08,18,82.24
PK042,Anitha S,ORD008606,87.54,11,68.98
PK166,Naveen Kumar,ORD008607,90.8,14,93.19
PK012,Swetha R,ORD008608,98.29,15,99.23
PK195,Rahul Singh,ORD008609,96.09,16,24.05
PK229,Anitha S,ORD008610,89.17,15,15.89
PK159,Anitha S,ORD008611,83.04,9,67.78
PK211,Priya Sharma,ORD008612,83.84,5,60.11
PK087,Vignesh R,ORD008613,99.04,15,25.78
PK117,Sanjay Kumar,ORD008614,89.24,12,79.32
PK194,Sanjay Kumar,ORD008615,91.68,17,106.35
PK004,Karthik Raj,ORD008616,82.41,3,52.27
PK091,Rahul Singh,ORD008617,90.78,4,65.63
PK239,Vignesh R,ORD008618,86.02,12,23.92
PK246,Divya Nair,ORD008619,85.58,7,52.99
PK020,Rahul Singh,ORD008620,89.91,19,91.39
PK098,Swetha R,ORD008621,95.52,18,21.85
PK046,Karthik Raj,ORD008622,93.73,18,72.84
PK226,Karthik Raj,ORD008623,82.07,9,77.8
PK095,Divya Nair,ORD008624,89.96,16,31.1
PK062,Harish M,ORD008625,83.87,7,35.65
PK091,Karthik Raj,ORD008626,97.98,11,86.57
PK023,Vignesh R,ORD008627,86.44,18,92.05
PK165,Harish M,ORD008628,97.65,4,39.81
PK083,Vignesh R,ORD008629,82.21,13,101.8
PK009,Arun Kumar,ORD008630,89.15,14,66.81
PK101,Rahul Singh,ORD008631,83.29,16,19.51
PK116,Anitha S,ORD008632,89.23,3,68.74
PK016,Naveen Kumar,ORD008633,92.17,20,63.43
PK183,Meena Devi,ORD008634,92.88,9,77.93
PK068,Harish M,ORD008635,93.9,3,28.59
PK109,Anitha S,ORD008636,83.8,4,83.44
PK012,Naveen Kumar,ORD008637,96.54,5,81.93
PK164,Arun Kumar,ORD008638,88.29,20,114.56
PK078,Vignesh R,ORD008639,83.21,3,39.7
PK171,Naveen Kumar,ORD008640,91.28,12,113.62
PK036,Priya Sharma,ORD008641,98.88,11,18.68
PK059,Anitha S,ORD008642,84.28,19,17.32
PK230,Arun Kumar,ORD008643,88.12,8,24.47
PK102,Priya Sharma,ORD008644,83.99,14,15.65
PK110,Arun Kumar,ORD008645,95.64,18,31.5
PK162,Harish M,ORD008646,94.01,7,40.18
PK140,Vignesh R,ORD008647,82.51,16,17.46
PK174,Rahul Singh,ORD008648,91.96,3,77.67
PK082,Karthik Raj,ORD008649,86.51,8,92.1
PK219,Swetha R,ORD008650,83.23,7,112.63
PK092,Sanjay Kumar,ORD008651,85.48,12,22.81
PK008,Meena Devi,ORD008652,95.23,15,49.02
PK088,Meena Devi,ORD008653,85.77,3,117.76
PK144,Priya Sharma,ORD008654,91.75,18,83.23
PK162,Naveen Kumar,ORD008655,97.45,3,91.2
PK181,Meena Devi,ORD008656,91.78,8,96.1
PK051,Rahul Singh,ORD008657,95.55,6,112.72
PK242,Sanjay Kumar,ORD008658,84.04,14,112.0
PK037,Sanjay Kumar,ORD008659,88.12,18,69.09
PK069,Rahul Singh,ORD008660,90.24,4,54.44
PK100,Karthik Raj,ORD008661,85.11,18,51.74
PK025,Divya Nair,ORD008662,88.21,5,91.07
PK025,Rahul Singh,ORD008663,88.16,12,105.19
PK087,Naveen Kumar,ORD008664,85.98,20,30.55
PK230,Arun Kumar,ORD008665,83.44,20,94.04
PK202,Arun Kumar,ORD008666,88.83,20,16.98
PK114,Meena Devi,ORD008667,83.18,15,117.83
PK047,Divya Nair,ORD008668,98.51,11,95.57
PK081,Sanjay Kumar,ORD008669,93.46,3,114.13
PK092,Priya Sharma,ORD008670,91.71,11,111.61
PK172,Naveen Kumar,ORD008671,82.95,4,62.78
PK245,Priya Sharma,ORD008672,86.84,18,80.76
PK027,Naveen Kumar,ORD008673,89.71,19,89.26
PK036,Priya Sharma,ORD008674,87.71,14,26.68
PK067,Anitha S,ORD008675,85.5,6,67.96
PK121,Harish M,ORD008676,93.4,3,26.56
PK001,Anitha S,ORD008677,94.63,12,78.31
PK160,Priya Sharma,ORD008678,89.48,12,62.17
PK141,Divya Nair,ORD008679,89.32,8,110.5
PK047,Arun Kumar,ORD008680,85.64,7,54.52
PK188,Meena Devi,ORD008681,96.5,13,40.4
PK018,Vignesh R,ORD008682,84.12,5,50.24
PK125,Naveen Kumar,ORD008683,90.15,5,55.16
PK238,Harish M,ORD008684,97.41,7,31.94
PK137,Divya Nair,ORD008685,89.88,10,70.88
PK107,Harish M,ORD008686,93.46,16,73.47
PK231,Karthik Raj,ORD008687,97.98,18,85.32
PK167,Swetha R,ORD008688,86.5,8,51.35
PK027,Sanjay Kumar,ORD008689,89.81,8,81.57
PK043,Harish M,ORD008690,85.77,11,70.27
PK054,Naveen Kumar,ORD008691,97.37,14,68.91
PK130,Arun Kumar,ORD008692,88.41,15,117.9
PK075,Naveen Kumar,ORD008693,85.51,12,36.51
PK118,Anitha S,ORD008694,84.95,15,107.66
PK069,Swetha R,ORD008695,99.64,18,39.52
PK124,Priya Sharma,ORD008696,97.46,6,31.81
PK056,Karthik Raj,ORD008697,85.67,3,20.55
PK038,Priya Sharma,ORD008698,99.43,4,19.43
PK129,Meena Devi,ORD008699,94.16,15,33.15
PK086,Sanjay Kumar,ORD008700,89.89,4,80.49
PK072,Arun Kumar,ORD008701,85.56,11,59.78
PK155,Vignesh R,ORD008702,92.02,5,60.81
PK065,Karthik Raj,ORD008703,85.87,4,52.85
PK057,Vignesh R,ORD008704,99.54,20,112.86
PK099,Anitha S,ORD008705,86.74,20,61.88
PK087,Naveen Kumar,ORD008706,98.01,3,99.87
PK216,Rahul Singh,ORD008707,89.56,12,88.88
PK117,Karthik Raj,ORD008708,97.15,18,39.59
PK082,Naveen Kumar,ORD008709,93.92,12,107.66
PK034,Sanjay Kumar,ORD008710,99.19,13,112.99
PK005,Naveen Kumar,ORD008711,84.21,3,95.25
PK058,Arun Kumar,ORD008712,91.14,15,88.9
PK043,Swetha R,ORD008713,95.41,6,83.87
PK179,Meena Devi,ORD008714,99.29,9,32.56
PK245,Vignesh R,ORD008715,82.34,5,17.66
PK134,Meena Devi,ORD008716,82.78,3,23.35
PK075,Arun Kumar,ORD008717,82.23,5,73.76
PK201,Sanjay Kumar,ORD008718,99.72,13,89.51
PK101,Swetha R,ORD008719,84.67,8,101.64
PK178,Meena Devi,ORD008720,95.79,17,31.65
PK087,Anitha S,ORD008721,84.54,4,77.11
PK134,Priya Sharma,ORD008722,89.38,10,94.04
PK088,Sanjay Kumar,ORD008723,92.94,11,29.81
PK066,Arun Kumar,ORD008724,93.9,5,92.69
PK048,Harish M,ORD008725,97.73,10,53.9
PK121,Sanjay Kumar,ORD008726,95.91,11,94.37
PK071,Priya Sharma,ORD008727,99.26,14,33.82
PK086,Divya Nair,ORD008728,90.97,15,56.82
PK155,Meena Devi,ORD008729,84.42,17,41.0
PK145,Rahul Singh,ORD008730,96.11,18,116.37
PK205,Sanjay Kumar,ORD008731,92.43,15,26.38
PK016,Naveen Kumar,ORD008732,98.51,10,44.5
PK115,Anitha S,ORD008733,98.93,16,29.87
PK218,Arun Kumar,ORD008734,82.29,7,35.21
PK072,Priya Sharma,ORD008735,84.37,19,26.63
PK018,Naveen Kumar,ORD008736,87.63,16,104.78
PK101,Anitha S,ORD008737,84.99,10,117.79
PK191,Rahul Singh,ORD008738,84.84,12,20.8
PK211,Sanjay Kumar,ORD008739,93.36,9,72.39
PK234,Rahul Singh,ORD008740,94.29,20,23.82
PK149,Rahul Singh,ORD008741,89.52,11,35.19
PK199,Meena Devi,ORD008742,88.77,19,86.54
PK135,Vignesh R,ORD008743,99.28,19,30.25
PK023,Vignesh R,ORD008744,99.08,4,104.05
PK065,Anitha S,ORD008745,94.44,19,112.97
PK070,Vignesh R,ORD008746,89.89,10,91.22
PK113,Karthik Raj,ORD008747,97.9,12,96.92
PK190,Harish M,ORD008748,92.02,18,107.04
PK213,Priya Sharma,ORD008749,88.63,5,97.72
PK123,Harish M,ORD008750,84.33,18,72.93
PK110,Divya Nair,ORD008751,94.87,17,114.78
PK206,Meena Devi,ORD008752,83.36,17,80.7
PK168,Divya Nair,ORD008753,90.42,18,40.11
PK093,Arun Kumar,ORD008754,86.88,11,96.54
PK047,Arun Kumar,ORD008755,91.29,17,36.73
PK185,Priya Sharma,ORD008756,84.27,18,40.26
PK017,Arun Kumar,ORD008757,89.82,17,95.77
PK110,Meena Devi,ORD008758,89.62,6,52.13
PK031,Sanjay Kumar,ORD008759,84.97,9,100.83
PK074,Divya Nair,ORD008760,93.05,15,60.12
PK086,Sanjay Kumar,ORD008761,82.87,16,58.21
PK222,Vignesh R,ORD008762,93.7,7,49.96
PK208,Priya Sharma,ORD008763,91.42,10,30.79
PK180,Sanjay Kumar,ORD008764,96.53,14,80.15
PK115,Vignesh R,ORD008765,93.79,12,114.39
PK097,Arun Kumar,ORD008766,97.47,7,96.59
PK216,Rahul Singh,ORD008767,84.53,18,54.21
PK002,Rahul Singh,ORD008768,97.65,20,63.23
PK086,Karthik Raj,ORD008769,98.55,4,36.58
PK007,Karthik Raj,ORD008770,90.08,9,102.51
PK076,Arun Kumar,ORD008771,98.19,9,109.24
PK030,Naveen Kumar,ORD008772,99.72,7,88.94
PK058,Naveen Kumar,ORD008773,89.66,19,64.96
PK156,Rahul Singh,ORD008774,83.95,4,105.61
PK044,Sanjay Kumar,ORD008775,92.48,20,17.11
PK030,Meena Devi,ORD008776,88.06,11,103.3
PK123,Harish M,ORD008777,91.32,9,63.33
PK235,Arun Kumar,ORD008778,90.79,4,76.09
PK189,Meena Devi,ORD008779,86.68,14,103.31
PK224,Anitha S,ORD008780,89.91,19,111.8
PK180,Karthik Raj,ORD008781,83.48,12,69.02
PK234,Swetha R,ORD008782,96.54,14,65.31
PK104,Harish M,ORD008783,96.65,6,65.6
PK157,Sanjay Kumar,ORD008784,90.27,10,71.25
PK231,Meena Devi,ORD008785,83.8,7,107.97
PK208,Rahul Singh,ORD008786,84.93,13,107.22
PK023,Harish M,ORD008787,97.71,7,83.3
PK214,Swetha R,ORD008788,84.33,16,52.9
PK197,Vignesh R,ORD008789,89.18,7,42.05
PK091,Naveen Kumar,ORD008790,89.63,4,94.7
PK250,Vignesh R,ORD008791,95.27,3,38.27
PK154,Arun Kumar,ORD008792,95.16,14,48.68
PK185,Sanjay Kumar,ORD008793,98.2,18,79.49
PK045,Vignesh R,ORD008794,95.49,12,114.57
PK154,Swetha R,ORD008795,91.59,6,118.23
PK186,Divya Nair,ORD008796,82.37,9,59.03
PK125,Anitha S,ORD008797,82.95,19,103.13
PK061,Rahul Singh,ORD008798,89.24,14,110.08
PK242,Naveen Kumar,ORD008799,94.67,20,45.38
PK039,Karthik Raj,ORD008800,98.21,3,110.27
PK019,Anitha S,ORD008801,91.45,3,84.51
PK244,Rahul Singh,ORD008802,87.86,9,18.48
PK063,Arun Kumar,ORD008803,93.86,16,23.4
PK018,Karthik Raj,ORD008804,99.44,8,60.22
PK215,Priya Sharma,ORD008805,92.03,11,63.61
PK130,Vignesh R,ORD008806,86.65,17,35.34
PK230,Divya Nair,ORD008807,98.78,10,33.51
PK038,Divya Nair,ORD008808,99.98,4,82.5
PK190,Swetha R,ORD008809,91.3,15,35.33
PK141,Swetha R,ORD008810,83.72,17,42.65
PK108,Naveen Kumar,ORD008811,82.56,16,100.01
PK236,Priya Sharma,ORD008812,97.59,19,27.7
PK059,Harish M,ORD008813,98.09,13,56.05
PK222,Harish M,ORD008814,98.7,14,99.85
PK086,Priya Sharma,ORD008815,90.41,7,44.26
PK144,Anitha S,ORD008816,97.01,15,49.29
PK106,Rahul Singh,ORD008817,85.95,19,79.2
PK064,Anitha S,ORD008818,94.15,9,78.92
PK241,Priya Sharma,ORD008819,82.53,4,103.41
PK112,Divya Nair,ORD008820,83.99,8,93.53
PK042,Meena Devi,ORD008821,83.18,18,102.59
PK216,Anitha S,ORD008822,87.77,6,28.79
PK153,Sanjay Kumar,ORD008823,82.73,18,68.15
PK044,Divya Nair,ORD008824,97.59,18,69.99
PK142,Karthik Raj,ORD008825,95.42,6,66.77
PK217,Arun Kumar,ORD008826,98.79,8,103.18
PK150,Arun Kumar,ORD008827,90.8,4,35.25
PK243,Rahul Singh,ORD008828,91.53,20,51.81
PK015,Meena Devi,ORD008829,85.92,9,55.79
PK218,Meena Devi,ORD008830,95.27,4,96.37
PK210,Naveen Kumar,ORD008831,99.83,10,82.05
PK168,Naveen Kumar,ORD008832,94.3,20,55.92
PK225,Naveen Kumar,ORD008833,82.17,4,93.54
PK102,Sanjay Kumar,ORD008834,93.39,3,78.82
PK048,Anitha S,ORD008835,91.75,5,52.62
PK108,Divya Nair,ORD008836,82.02,9,93.99
PK250,Swetha R,ORD008837,83.74,7,23.6
PK152,Sanjay Kumar,ORD008838,93.39,19,54.04
PK068,Anitha S,ORD008839,86.83,20,99.9
PK030,Priya Sharma,ORD008840,89.15,20,100.32
PK225,Naveen Kumar,ORD008841,97.29,16,56.95
PK237,Karthik Raj,ORD008842,88.94,13,25.89
PK044,Rahul Singh,ORD008843,82.56,8,92.02
PK074,Karthik Raj,ORD008844,84.67,9,92.25
PK039,Arun Kumar,ORD008845,87.0,3,34.21
PK018,Swetha R,ORD008846,88.11,15,105.41
PK180,Divya Nair,ORD008847,96.05,15,83.57
PK020,Anitha S,ORD008848,93.85,6,28.1
PK144,Swetha R,ORD008849,90.78,12,37.9
PK152,Sanjay Kumar,ORD008850,83.71,10,50.6
PK196,Swetha R,ORD008851,91.07,3,80.39
PK061,Vignesh R,ORD008852,85.63,11,66.76
PK048,Priya Sharma,ORD008853,89.18,17,54.8
PK240,Sanjay Kumar,ORD008854,86.67,6,53.76
PK184,Swetha R,ORD008855,97.81,19,84.88
PK065,Priya Sharma,ORD008856,99.83,6,21.01
PK082,Karthik Raj,ORD008857,87.85,17,75.89
PK079,Anitha S,ORD008858,92.66,16,74.63
PK117,Sanjay Kumar,ORD008859,83.99,8,96.62
PK083,Karthik Raj,ORD008860,98.03,7,88.52
PK047,Karthik Raj,ORD008861,89.77,5,103.92
PK190,Divya Nair,ORD008862,96.59,5,57.6
PK119,Divya Nair,ORD008863,95.88,6,110.55
PK179,Naveen Kumar,ORD008864,88.3,13,69.22
PK135,Priya Sharma,ORD008865,99.18,8,105.36
PK117,Swetha R,ORD008866,83.16,8,46.2
PK034,Harish M,ORD008867,94.65,16,57.27
PK227,Arun Kumar,ORD008868,93.61,15,65.47
PK100,Naveen Kumar,ORD008869,89.64,12,50.88
PK176,Priya Sharma,ORD008870,86.49,11,69.63
PK145,Rahul Singh,ORD008871,99.25,8,53.87
PK040,Karthik Raj,ORD008872,84.55,17,85.25
PK098,Rahul Singh,ORD008873,93.84,12,19.03
PK044,Divya Nair,ORD008874,96.55,10,75.38
PK155,Naveen Kumar,ORD008875,94.54,12,57.05
PK170,Harish M,ORD008876,84.13,8,89.19
PK144,Karthik Raj,ORD008877,89.27,17,100.73
PK024,Vignesh R,ORD008878,87.06,17,84.78
PK101,Divya Nair,ORD008879,94.23,14,45.83
PK183,Karthik Raj,ORD008880,84.21,17,29.09
PK105,Anitha S,ORD008881,89.43,19,85.68
PK158,Karthik Raj,ORD008882,82.4,7,40.16
PK136,Anitha S,ORD008883,85.05,8,78.86
PK239,Harish M,ORD008884,83.61,8,96.54
PK201,Meena Devi,ORD008885,96.98,20,82.7
PK193,Sanjay Kumar,ORD008886,90.16,8,98.15
PK063,Karthik Raj,ORD008887,95.08,18,44.3
PK141,Karthik Raj,ORD008888,82.27,20,54.28
PK001,Vignesh R,ORD008889,91.91,17,51.42
PK004,Rahul Singh,ORD008890,90.95,16,39.22
PK051,Arun Kumar,ORD008891,83.42,11,54.84
PK037,Arun Kumar,ORD008892,91.19,11,63.32
PK198,Sanjay Kumar,ORD008893,86.18,10,102.66
PK058,Anitha S,ORD008894,83.14,9,16.18
PK231,Divya Nair,ORD008895,96.31,3,37.25
PK038,Divya Nair,ORD008896,98.21,9,59.24
PK109,Vignesh R,ORD008897,96.29,8,80.01
PK036,Arun Kumar,ORD008898,85.25,11,88.9
PK195,Arun Kumar,ORD008899,82.3,20,74.14
PK019,Sanjay Kumar,ORD008900,99.12,3,43.58
PK139,Naveen Kumar,ORD008901,88.36,6,48.86
PK148,Naveen Kumar,ORD008902,93.98,18,74.48
PK123,Sanjay Kumar,ORD008903,95.13,8,31.7
PK116,Meena Devi,ORD008904,89.1,19,98.64
PK002,Swetha R,ORD008905,86.96,6,101.89
PK029,Swetha R,ORD008906,99.4,7,83.92
PK160,Priya Sharma,ORD008907,85.36,12,70.24
PK202,Divya Nair,ORD008908,98.27,12,45.47
PK098,Harish M,ORD008909,99.67,18,65.97
PK176,Vignesh R,ORD008910,86.67,6,86.46
PK071,Priya Sharma,ORD008911,86.02,17,76.89
PK115,Priya Sharma,ORD008912,89.95,5,27.39
PK149,Rahul Singh,ORD008913,86.1,8,30.57
PK032,Sanjay Kumar,ORD008914,82.08,8,98.71
PK127,Swetha R,ORD008915,98.02,13,43.9
PK122,Swetha R,ORD008916,87.25,14,107.59
PK026,Divya Nair,ORD008917,95.69,11,54.55
PK138,Harish M,ORD008918,84.26,4,33.52
PK159,Arun Kumar,ORD008919,87.41,17,83.9
PK220,Sanjay Kumar,ORD008920,83.7,5,103.13
PK050,Naveen Kumar,ORD008921,84.83,14,42.93
PK134,Priya Sharma,ORD008922,96.49,11,83.43
PK054,Priya Sharma,ORD008923,87.05,9,25.03
PK049,Sanjay Kumar,ORD008924,86.83,18,40.94
PK149,Swetha R,ORD008925,84.09,5,64.56
PK103,Harish M,ORD008926,92.5,13,93.82
PK144,Harish M,ORD008927,99.1,16,113.15
PK154,Vignesh R,ORD008928,82.46,3,110.75
PK059,Karthik Raj,ORD008929,85.54,10,97.23
PK119,Vignesh R,ORD008930,99.37,12,34.45
PK013,Anitha S,ORD008931,89.8,11,43.67
PK086,Vignesh R,ORD008932,85.16,15,41.95
PK165,Priya Sharma,ORD008933,93.8,6,58.78
PK049,Priya Sharma,ORD008934,94.82,14,61.0
PK225,Harish M,ORD008935,99.72,5,114.17
PK220,Meena Devi,ORD008936,89.53,7,84.65
PK217,Swetha R,ORD008937,94.97,15,81.76
PK140,Karthik Raj,ORD008938,98.9,13,114.74
PK192,Anitha S,ORD008939,85.52,8,17.24
PK133,Priya Sharma,ORD008940,92.48,3,65.11
PK174,Harish M,ORD008941,90.68,12,107.55
PK238,Arun Kumar,ORD008942,87.6,17,48.56
PK028,Swetha R,ORD008943,87.29,18,18.76
PK112,Meena Devi,ORD008944,92.66,9,21.57
PK209,Priya Sharma,ORD008945,82.34,4,59.02
PK225,Divya Nair,ORD008946,82.8,5,65.82
PK226,Karthik Raj,ORD008947,94.2,11,51.09
PK121,Harish M,ORD008948,89.94,17,95.78
PK003,Divya Nair,ORD008949,94.57,20,50.4
PK162,Divya Nair,ORD008950,94.35,16,95.22
PK122,Divya Nair,ORD008951,89.33,16,93.51
PK200,Naveen Kumar,ORD008952,91.88,14,87.34
PK128,Vignesh R,ORD008953,93.9,14,64.01
PK026,Vignesh R,ORD008954,98.54,5,72.56
PK013,Divya Nair,ORD008955,98.64,6,20.55
PK046,Sanjay Kumar,ORD008956,90.69,7,86.46
PK175,Karthik Raj,ORD008957,98.04,13,108.66
PK219,Naveen Kumar,ORD008958,83.69,10,61.97
PK229,Rahul Singh,ORD008959,95.63,6,67.41
PK058,Arun Kumar,ORD008960,88.42,6,41.64
PK225,Karthik Raj,ORD008961,86.49,8,117.21
PK242,Arun Kumar,ORD008962,87.15,16,70.36
PK003,Priya Sharma,ORD008963,85.89,4,54.33
PK182,Karthik Raj,ORD008964,84.72,20,117.6
PK054,Karthik Raj,ORD008965,98.11,14,87.36
PK010,Sanjay Kumar,ORD008966,90.39,8,90.59
PK152,Rahul Singh,ORD008967,87.03,12,119.79
PK133,Harish M,ORD008968,99.21,18,94.67
PK022,Anitha S,ORD008969,82.56,18,57.45
PK035,Anitha S,ORD008970,89.94,10,83.11
PK042,Sanjay Kumar,ORD008971,82.44,9,54.7
PK196,Anitha S,ORD008972,87.77,10,48.65
PK208,Karthik Raj,ORD008973,84.43,16,80.87
PK230,Vignesh R,ORD008974,90.17,8,114.27
PK043,Sanjay Kumar,ORD008975,98.24,10,59.03
PK059,Arun Kumar,ORD008976,92.18,19,113.48
PK008,Arun Kumar,ORD008977,91.36,8,86.78
PK166,Vignesh R,ORD008978,97.54,4,71.43
PK202,Rahul Singh,ORD008979,93.47,11,95.03
PK232,Meena Devi,ORD008980,89.59,13,45.83
PK235,Rahul Singh,ORD008981,92.52,19,56.48
PK162,Priya Sharma,ORD008982,95.96,13,114.41
PK105,Swetha R,ORD008983,88.84,8,107.23
PK200,Naveen Kumar,ORD008984,89.99,3,57.23
PK213,Arun Kumar,ORD008985,93.19,9,59.93
PK009,Arun Kumar,ORD008986,93.13,15,65.75
PK016,Divya Nair,ORD008987,82.06,13,112.65
PK087,Naveen Kumar,ORD008988,87.57,9,77.21
PK126,Vignesh R,ORD008989,91.12,20,45.1
PK041,Naveen Kumar,ORD008990,94.87,14,35.8
PK063,Vignesh R,ORD008991,97.43,6,56.53
PK091,Divya Nair,ORD008992,96.59,5,36.44
PK049,Rahul Singh,ORD008993,85.2,13,18.63
PK025,Sanjay Kumar,ORD008994,89.88,12,73.15
PK084,Priya Sharma,ORD008995,95.42,18,34.54
PK063,Naveen Kumar,ORD008996,93.29,10,104.46
PK148,Arun Kumar,ORD008997,84.7,15,16.99
PK065,Sanjay Kumar,ORD008998,99.78,5,73.37
PK240,Harish M,ORD008999,94.93,12,76.52
PK161,Meena Devi,ORD009000,86.77,14,31.2
PK032,Naveen Kumar,ORD009001,95.81,9,109.62
PK049,Priya Sharma,ORD009002,88.4,5,27.17
PK057,Priya Sharma,ORD009003,89.63,8,20.22
PK073,Rahul Singh,ORD009004,83.85,7,58.05
PK039,Naveen Kumar,ORD009005,82.42,16,108.56
PK002,Naveen Kumar,ORD009006,85.51,9,102.27
PK045,Meena Devi,ORD009007,86.83,12,54.76
PK126,Divya Nair,ORD009008,90.86,11,69.51
PK208,Harish M,ORD009009,96.63,9,112.08
PK216,Swetha R,ORD009010,86.22,11,51.1
PK164,Anitha S,ORD009011,85.45,11,74.15
PK013,Anitha S,ORD009012,95.7,4,96.1
PK143,Rahul Singh,ORD009013,90.77,11,55.93
PK132,Arun Kumar,ORD009014,88.4,20,24.2
PK153,Karthik Raj,ORD009015,86.37,11,46.99
PK110,Meena Devi,ORD009016,84.29,16,109.94
PK192,Harish M,ORD009017,96.47,16,40.03
PK010,Priya Sharma,ORD009018,89.11,6,40.68
PK044,Divya Nair,ORD009019,88.36,6,15.14
PK011,Meena Devi,ORD009020,95.94,20,16.98
PK078,Sanjay Kumar,ORD009021,94.58,8,85.78
PK222,Meena Devi,ORD009022,94.61,20,30.71
PK186,Swetha R,ORD009023,82.87,15,63.89
PK208,Divya Nair,ORD009024,96.65,15,113.86
PK176,Priya Sharma,ORD009025,90.13,10,92.66
PK116,Naveen Kumar,ORD009026,93.11,10,17.83
PK103,Naveen Kumar,ORD009027,89.75,13,71.99
PK221,Harish M,ORD009028,89.49,18,81.95
PK184,Swetha R,ORD009029,97.33,15,62.21
PK149,Sanjay Kumar,ORD009030,83.68,9,111.86
PK142,Naveen Kumar,ORD009031,84.96,3,73.04
PK181,Karthik Raj,ORD009032,87.97,9,116.27
PK078,Swetha R,ORD009033,90.33,18,70.1
PK068,Harish M,ORD009034,87.9,7,72.63
PK127,Swetha R,ORD009035,88.22,19,17.89
PK156,Swetha R,ORD009036,95.38,18,117.91
PK068,Sanjay Kumar,ORD009037,84.24,12,75.58
PK052,Swetha R,ORD009038,93.61,12,29.11
PK147,Naveen Kumar,ORD009039,95.14,20,34.22
PK129,Priya Sharma,ORD009040,83.17,6,99.86
PK231,Karthik Raj,ORD009041,91.43,10,96.56
PK001,Vignesh R,ORD009042,85.81,8,101.03
PK028,Meena Devi,ORD009043,87.92,12,113.96
PK213,Meena Devi,ORD009044,99.48,16,112.21
PK162,Priya Sharma,ORD009045,92.04,17,116.66
PK025,Meena Devi,ORD009046,96.67,7,104.29
PK069,Anitha S,ORD009047,95.23,13,76.36
PK041,Meena Devi,ORD009048,91.19,13,59.03
PK097,Priya Sharma,ORD009049,87.23,5,56.14
PK172,Vignesh R,ORD009050,92.03,4,37.14
PK238, Anitha S ,ORD009051,98.62,14,108.6
PK096,Vignesh R,ORD009052,82.57,12,76.11
PK151,Arun Kumar,ORD009053,84.62,14,67.23
PK068,Divya Nair,ORD009054,84.44,7,87.24
PK238,Divya Nair,ORD009055,90.87,10,36.02
PK110,Harish M,ORD009056,94.03,17,27.71
PK038,Priya Sharma,ORD009057,89.51,18,63.3
PK245,Vignesh R,ORD009058,89.64,20,57.49
PK185,Sanjay Kumar,ORD009059,84.34,12,82.36
PK046,Rahul Singh,ORD009060,98.22,4,15.48
PK006,Rahul Singh,ORD009061,83.32,15,90.54
PK079,Divya Nair,ORD009062,83.04,11,45.75
PK020,Vignesh R,ORD009063,86.75,9,74.81
PK101,Divya Nair,ORD009064,83.9,13,106.16
PK193,Anitha S,ORD009065,87.11,15,93.07
PK081,Vignesh R,ORD009066,86.56,4,36.4
PK039,Karthik Raj,ORD009067,98.46,12,30.32
PK153,Harish M,ORD009068,94.51,10,68.2
PK061,Sanjay Kumar,ORD009069,82.89,10,82.38
PK142,Meena Devi,ORD009070,92.23,9,50.63
PK137,Anitha S,ORD009071,89.36,5,53.85
PK169,Divya Nair,ORD009072,96.43,4,45.16
PK147,Meena Devi,ORD009073,97.64,15,61.55
PK189,Arun Kumar,ORD009074,98.65,3,96.09
PK171,Priya Sharma,ORD009075,89.19,15,68.96
PK185,Swetha R,ORD009076,89.63,7,113.42
PK190,Harish M,ORD009077,98.31,14,94.52
PK011,Priya Sharma,ORD009078,99.13,17,93.03
PK195,Swetha R,ORD009079,84.34,15,43.08
PK089,Rahul Singh,ORD009080,89.98,19,103.01
PK138,Harish M,ORD009081,91.34,18,84.97
PK206,Priya Sharma,ORD009082,96.83,15,119.56
PK102,Rahul Singh,ORD009083,99.32,8,29.0
PK196,Divya Nair,ORD009084,90.18,18,77.98
PK156,Divya Nair,ORD009085,84.45,7,57.11
PK015,Arun Kumar,ORD009086,95.3,20,41.8
PK142,Karthik Raj,ORD009087,91.87,16,77.23
PK103,Swetha R,ORD009088,97.83,11,40.21
PK076,Sanjay Kumar,ORD009089,98.96,18,72.74
PK126,Meena Devi,ORD009090,83.9,15,16.17
PK176,Karthik Raj,ORD009091,87.99,10,95.96
PK134,Anitha S,ORD009092,91.51,12,89.47
PK135,Anitha S,ORD009093,92.59,3,17.45
PK125,Arun Kumar,ORD009094,97.16,17,62.95
PK114,Anitha S,ORD009095,86.94,19,98.07
PK095,Swetha R,ORD009096,84.86,9,92.96
PK092,Swetha R,ORD009097,99.39,12,96.33
PK177,Arun Kumar,ORD009098,86.71,13,21.12
PK145,Anitha S,ORD009099,88.18,19,36.03
PK135,Meena Devi,ORD009100,83.19,3,56.56
PK154,Naveen Kumar,ORD009101,88.38,17,88.93
PK050,Vignesh R,ORD009102,87.44,7,43.24
PK193,Anitha S,ORD009103,96.98,13,83.92
PK162,Anitha S,ORD009104,96.48,5,21.64
PK197,Meena Devi,ORD009105,89.18,19,26.03
PK137,Karthik Raj,ORD009106,97.7,4,67.56
PK079,Sanjay Kumar,ORD009107,97.63,5,97.21
PK036,Meena Devi,ORD009108,95.03,4,23.62
PK137,Vignesh R,ORD009109,93.8,16,99.28
PK196,Priya Sharma,ORD009110,99.02,11,32.33
PK016,Arun Kumar,ORD009111,97.96,14,19.28
PK076,Swetha R,ORD009112,98.23,12,94.23
PK189,Priya Sharma,ORD009113,99.61,18,45.27
PK249,Naveen Kumar,ORD009114,90.71,10,17.78
PK111,Karthik Raj,ORD009115,99.27,9,104.76
PK225,Meena Devi,ORD009116,84.97,10,50.86
PK203,Rahul Singh,ORD009117,92.97,13,49.43
PK128,Naveen Kumar,ORD009118,89.87,5,90.27
PK142,Harish M,ORD009119,85.99,5,63.87
PK028,Naveen Kumar,ORD009120,86.33,13,70.58
PK169,Anitha S,ORD009121,91.2,6,90.41
PK112,Arun Kumar,ORD009122,94.49,18,53.3
PK029,Rahul Singh,ORD009123,85.41,4,64.85
PK151,Arun Kumar,ORD009124,91.57,19,94.89
PK183,Karthik Raj,ORD009125,97.81,6,79.86
PK041,Rahul Singh,ORD009126,95.79,19,109.91
PK165,Divya Nair,ORD009127,96.08,9,55.07
PK128,Harish M,ORD009128,89.25,6,40.38
PK136,Priya Sharma,ORD009129,86.41,14,76.13
PK148,Swetha R,ORD009130,87.34,4,50.06
PK173,Naveen Kumar,ORD009131,92.46,5,54.6
PK166,Meena Devi,ORD009132,92.43,19,53.81
PK133,Naveen Kumar,ORD009133,89.42,16,89.62
PK133,Sanjay Kumar,ORD009134,83.94,3,50.54
PK195,Sanjay Kumar,ORD009135,88.12,5,97.76
PK020,Divya Nair,ORD009136,82.07,10,16.22
PK099,Meena Devi,ORD009137,95.39,10,54.91
PK110,Swetha R,ORD009138,93.16,7,94.32
PK111,Naveen Kumar,ORD009139,83.48,12,110.97
PK186,Karthik Raj,ORD009140,93.58,4,49.55
PK150,Harish M,ORD009141,96.87,9,116.88
PK170,Sanjay Kumar,ORD009142,89.95,18,29.46
PK008,Karthik Raj,ORD009143,85.24,10,83.3
PK182,Swetha R,ORD009144,94.37,5,44.58
PK117,Divya Nair,ORD009145,93.9,10,33.48
PK080,Anitha S,ORD009146,92.04,18,98.76
PK032,Swetha R,ORD009147,92.38,3,50.26
PK082,Priya Sharma,ORD009148,96.65,10,74.12
PK237,Meena Devi,ORD009149,91.77,12,50.53
PK196,Swetha R,ORD009150,90.3,17,91.74
PK174,Anitha S,ORD009151,85.85,11,39.76
PK187,Arun Kumar,ORD009152,98.12,9,51.0
PK080,Anitha S,ORD009153,86.79,14,104.06
PK034,Divya Nair,ORD009154,82.83,13,40.66
PK212,Harish M,ORD009155,99.01,15,96.53
PK214,Meena Devi,ORD009156,87.18,7,107.59
PK248,Harish M,ORD009157,99.96,19,97.16
PK006,Karthik Raj,ORD009158,87.13,15,76.16
PK244,Vignesh R,ORD009159,89.78,15,73.93
PK100,Rahul Singh,ORD009160,83.98,16,67.57
PK087,Rahul Singh,ORD009161,92.94,17,31.65
PK071,Arun Kumar,ORD009162,95.09,9,79.79
PK198,Rahul Singh,ORD009163,87.03,18,72.66
PK041,Harish M,ORD009164,87.3,6,17.99
PK086,Priya Sharma,ORD009165,82.45,8,85.12
PK196,Priya Sharma,ORD009166,93.81,6,95.36
PK240,Sanjay Kumar,ORD009167,94.99,7,115.73
PK024,Arun Kumar,ORD009168,96.9,10,95.67
PK050,Anitha S,ORD009169,83.98,17,106.46
PK226,Priya Sharma,ORD009170,89.76,14,85.77
PK149,Rahul Singh,ORD009171,83.05,3,60.65
PK022,Priya Sharma,ORD009172,99.84,3,87.62
PK212,Rahul Singh,ORD009173,85.11,8,93.39
PK225,Anitha S,ORD009174,86.87,9,67.23
PK185,Vignesh R,ORD009175,98.75,14,73.14
PK039,Divya Nair,ORD009176,98.06,9,97.48
PK065,Meena Devi,ORD009177,83.99,6,48.22
PK234,Swetha R,ORD009178,86.93,19,96.92
PK205,Vignesh R,ORD009179,88.83,16,78.98
PK220,Rahul Singh,ORD009180,91.86,6,77.34
PK009,Priya Sharma,ORD009181,92.94,7,39.09
PK024,Swetha R,ORD009182,87.88,20,105.07
PK130,Anitha S,ORD009183,96.21,8,19.79
PK196,Karthik Raj,ORD009184,87.57,14,74.49
PK238,Karthik Raj,ORD009185,91.53,12,99.06
PK067,Sanjay Kumar,ORD009186,94.54,18,115.73
PK243,Naveen Kumar,ORD009187,89.06,15,78.54
PK105,Rahul Singh,ORD009188,97.9,17,102.85
PK165,Divya Nair,ORD009189,91.33,7,60.65
PK173,Rahul Singh,ORD009190,99.59,17,84.91
PK025,Harish M,ORD009191,89.49,9,24.29
PK119,Meena Devi,ORD009192,93.88,16,67.66
PK118,Divya Nair,ORD009193,83.83,8,70.85
PK198,Swetha R,ORD009194,90.23,14,105.9
PK229,Karthik Raj,ORD009195,93.1,10,98.49
PK103,Harish M,ORD009196,95.05,13,81.23
PK034,Vignesh R,ORD009197,82.81,18,58.1
PK249,Meena Devi,ORD009198,85.23,12,70.61
PK161,Divya Nair,ORD009199,91.32,18,27.24
PK044,Swetha R,ORD009200,99.04,11,52.85
PK248,Anitha S,ORD009201,99.5,5,104.23
PK230,Karthik Raj,ORD009202,84.98,9,102.69
PK068,Arun Kumar,ORD009203,84.2,6,22.5
PK081,Priya Sharma,ORD009204,94.38,14,18.17
PK044,Swetha R,ORD009205,86.35,15,52.42
PK025,Anitha S,ORD009206,82.9,14,89.17
PK094,Priya Sharma,ORD009207,88.15,14,113.64
PK214,Sanjay Kumar,ORD009208,98.22,6,68.08
PK133,Sanjay Kumar,ORD009209,97.09,14,45.24
PK234,Vignesh R,ORD009210,94.35,17,16.44
PK131,Divya Nair,ORD009211,84.89,8,89.06
PK077,Harish M,ORD009212,96.65,5,100.25
PK055,Divya Nair,ORD009213,89.37,3,91.04
PK128,Harish M,ORD009214,90.26,11,25.52
PK171,Karthik Raj,ORD009215,85.21,6,40.15
PK140,Anitha S,ORD009216,98.94,15,114.3
PK105,Naveen Kumar,ORD009217,93.54,10,88.46
PK248,Arun Kumar,ORD009218,93.32,9,68.18
PK050,Sanjay Kumar,ORD009219,85.96,9,82.05
PK107,Divya Nair,ORD009220,83.45,19,66.35
PK021,Anitha S,ORD009221,91.49,6,117.75
PK123,Divya Nair,ORD009222,91.82,10,80.66
PK008,Karthik Raj,ORD009223,86.68,20,88.93
PK238,Harish M,ORD009224,97.86,7,85.01
PK214,Naveen Kumar,ORD009225,88.01,11,60.43
PK005,Karthik Raj,ORD009226,96.79,12,118.72
PK066,Rahul Singh,ORD009227,86.71,8,31.48
PK180,Meena Devi,ORD009228,97.73,17,104.18
PK077,Arun Kumar,ORD009229,90.95,14,18.02
PK248,Naveen Kumar,ORD009230,91.43,20,108.5
PK158,Karthik Raj,ORD009231,90.8,9,60.37
PK209,Swetha R,ORD009232,86.03,19,42.07
PK003,Anitha S,ORD009233,99.73,8,119.37
PK022,Meena Devi,ORD009234,85.33,10,99.85
PK090,Karthik Raj,ORD009235,92.35,5,63.7
PK038,Priya Sharma,ORD009236,92.8,16,94.45
PK215, Swetha R ,ORD009237,90.78,17,47.01
PK223,Vignesh R,ORD009238,92.75,17,31.34
PK141,Priya Sharma,ORD009239,88.27,12,88.61
PK227,Arun Kumar,ORD009240,86.92,15,76.86
PK164,Naveen Kumar,ORD009241,91.1,4,93.26
PK240,Anitha S,ORD009242,88.96,20,83.82
PK196,Rahul Singh,ORD009243,97.42,8,29.07
PK130,Divya Nair,ORD009244,96.35,9,41.55
PK211,Priya Sharma,ORD009245,99.64,6,106.71
PK032,Vignesh R,ORD009246,98.58,8,61.5
PK072,Naveen Kumar,ORD009247,88.08,-2,40.94
PK018,Naveen Kumar,ORD009248,87.14,20,76.79
PK185,Priya Sharma,ORD009249,83.65,20,106.61
PK173,Divya Nair,ORD009250,93.78,9,22.65
PK036,Meena Devi,ORD009251,95.11,6,28.93
PK169,Harish M,ORD009252,91.1,10,72.72
PK033,Karthik Raj,ORD009253,98.41,7,52.5
PK245,Meena Devi,ORD009254,89.7,4,50.07
PK219,Harish M,ORD009255,84.08,16,25.72
PK158,Rahul Singh,ORD009256,98.35,19,16.76
PK117,Anitha S,ORD009257,92.69,14,52.84
PK119,Rahul Singh,ORD009258,88.84,20,63.59
PK112,Rahul Singh,ORD009259,96.96,6,85.15
PK155,Vignesh R,ORD009260,93.59,20,16.76
PK165,Sanjay Kumar,ORD009261,92.14,6,68.23
PK024,Sanjay Kumar,ORD009262,93.39,12,33.21
PK129,Sanjay Kumar,ORD009263,97.87,8,65.78
PK145,Meena Devi,ORD009264,87.72,6,105.66
PK178,Divya Nair,ORD009265,83.72,15,28.82
PK146,Harish M,ORD009266,84.3,12,85.16
PK101,Meena Devi,ORD009267,87.22,17,99.92
PK020,Arun Kumar,ORD009268,84.29,8,16.92
PK066,Harish M,ORD009269,90.72,8,56.07
PK113,Swetha R,ORD009270,98.07,12,105.33
PK009,Divya Nair,ORD009271,92.38,18,82.94
PK116,Priya Sharma,ORD009272,97.19,16,119.41
PK234,Meena Devi,ORD009273,82.66,5,116.05
PK069,Divya Nair,ORD009274,90.68,9,34.78
PK022,Arun Kumar,ORD009275,84.97,18,27.08
PK189,Harish M,ORD009276,94.9,16,65.37
PK210,Swetha R,ORD009277,88.5,14,46.97
PK192,Priya Sharma,ORD009278,95.97,5,15.11
PK085,Swetha R,ORD009279,98.46,20,26.42
PK162,Divya Nair,ORD009280,88.86,7,57.6
PK064,Sanjay Kumar,ORD009281,85.27,7,96.81
PK139,Vignesh R,ORD009282,95.6,17,107.22
PK094,Swetha R,ORD009283,90.9,13,89.99
PK220,Priya Sharma,ORD009284,91.66,20,52.25
PK085,Karthik Raj,ORD009285,96.93,7,81.5
PK229,Anitha S,ORD009286,83.07,20,35.45
PK002,Vignesh R,ORD009287,97.96,9,58.04
PK249,Arun Kumar,ORD009288,90.66,17,79.1
PK219,Arun Kumar,ORD009289,92.74,13,112.56
PK164,Sanjay Kumar,ORD009290,87.22,6,27.44
PK128,Vignesh R,ORD009291,88.99,6,80.55
PK175,Divya Nair,ORD009292,87.71,13,70.06
PK108,Anitha S,ORD009293,91.17,11,108.86
PK189,Rahul Singh,ORD009294,86.63,12,97.12
PK160,Meena Devi,ORD009295,98.24,13,44.61
PK245,Meena Devi,ORD009296,85.3,12,44.35
PK035,Karthik Raj,ORD009297,85.79,3,87.77
PK002,Priya Sharma,ORD009298,83.17,4,67.83
PK038,Vignesh R,ORD009299,98.43,8,18.34
PK132,Karthik Raj,ORD009300,82.73,17,119.48
PK089,Sanjay Kumar,ORD009301,94.17,20,77.43
PK139,Sanjay Kumar,ORD009302,90.83,10,110.68
PK230,Rahul Singh,ORD009303,84.88,20,109.78
PK156,Divya Nair,ORD009304,99.18,14,68.18
PK028,Meena Devi,ORD009305,96.7,5,20.33
PK242,Meena Devi,ORD009306,88.24,12,34.51
PK032,Swetha R,ORD009307,94.58,7,25.74
PK177,Priya Sharma,ORD009308,97.39,3,95.87
PK005,Arun Kumar,ORD009309,97.41,4,73.26
PK169,Naveen Kumar,ORD009310,92.82,6,46.55
PK156,Anitha S,ORD009311,89.96,20,104.26
PK103,Rahul Singh,ORD009312,92.24,6,81.17
PK057,Naveen Kumar,ORD009313,82.8,8,74.78
PK063,Anitha S,ORD009314,99.56,17,33.62
PK109,Arun Kumar,ORD009315,82.3,15,64.01
PK115,Arun Kumar,ORD009316,84.55,4,24.15
PK019,Arun Kumar,ORD009317,89.3,14,82.95
PK220,Meena Devi,ORD009318,88.34,3,77.61
PK218,Naveen Kumar,ORD009319,83.91,16,37.48
PK240,Harish M,ORD009320,89.72,18,102.49
PK160,Naveen Kumar,ORD009321,86.64,9,24.44
PK146,Divya Nair,ORD009322,86.77,8,32.43
PK069,Arun Kumar,ORD009323,88.99,7,15.58
PK180,Naveen Kumar,ORD009324,93.39,11,18.44
PK223,Rahul Singh,ORD009325,93.87,13,101.4
PK249,Priya Sharma,ORD009326,82.92,18,109.77
PK107,Swetha R,ORD009327,82.42,17,74.65
PK143,Anitha S,ORD009328,87.65,4,97.23
PK007,Swetha R,ORD009329,97.78,17,42.82
PK090,Karthik Raj,ORD009330,90.76,3,76.54
PK203,Anitha S,ORD009331,97.47,15,112.25
PK165,Priya Sharma,ORD009332,96.23,15,115.15
PK027,Meena Devi,ORD009333,98.04,11,28.37
PK093,Anitha S,ORD009334,98.18,13,89.14
PK248,Priya Sharma,ORD009335,86.62,13,55.71
PK104,Divya Nair,ORD009336,97.87,6,57.38
PK143,Priya Sharma,ORD009337,86.46,20,84.34
PK002,Harish M,ORD009338,85.9,8,34.19
PK214,Karthik Raj,ORD009339,85.76,12,80.69
PK178,Sanjay Kumar,ORD009340,82.65,5,115.23
PK151,Divya Nair,ORD009341,99.53,20,27.73
PK023,Sanjay Kumar,ORD009342,93.78,7,119.64
PK236,Sanjay Kumar,ORD009343,93.44,17,67.72
PK203,Meena Devi,ORD009344,82.96,11,39.42
PK025,Karthik Raj,ORD009345,87.84,9,117.0
PK056,Priya Sharma,ORD009346,98.04,11,86.53
PK078,Divya Nair,ORD009347,90.99,3,90.69
PK186,Naveen Kumar,ORD009348,91.42,20,60.03
PK073,Arun Kumar,ORD009349,86.6,19,118.18
PK195,Meena Devi,ORD009350,97.03,18,101.96
PK084,Meena Devi,ORD009351,86.99,12,65.11
PK094,Sanjay Kumar,ORD009352,88.78,3,65.27
PK216,Naveen Kumar,ORD009353,82.36,19,48.79
PK011,Sanjay Kumar,ORD009354,82.93,17,34.2
PK121,Meena Devi,ORD009355,92.28,6,107.11
PK054,Sanjay Kumar,ORD009356,98.59,15,115.43
PK072,Vignesh R,ORD009357,83.23,12,72.66
PK226,Anitha S,ORD009358,87.93,13,96.95
PK046,Swetha R,ORD009359,99.16,16,25.35
PK204,Harish M,ORD009360,84.81,10,103.62
PK146,Swetha R,ORD009361,99.2,19,39.44
PK116,Harish M,ORD009362,88.65,19,50.06
PK218,Arun Kumar,ORD009363,96.63,17,109.06
PK246,Priya Sharma,ORD009364,90.52,9,112.49
PK076,Naveen Kumar,ORD009365,96.44,6,16.57
PK121,Meena Devi,ORD009366,98.64,13,101.53
PK031,Sanjay Kumar,ORD009367,91.99,20,109.44
PK119,Swetha R,ORD009368,88.15,7,81.87
PK046,Swetha R,ORD009369,90.56,8,16.29
PK155,Karthik Raj,ORD009370,98.36,10,27.54
PK085,Arun Kumar,ORD009371,88.06,19,16.89
PK213,Karthik Raj,ORD009372,90.97,13,90.67
PK186,Karthik Raj,ORD009373,85.48,4,100.62
PK239,Karthik Raj,ORD009374,92.47,10,80.88
PK148,Vignesh R,ORD009375,85.52,7,69.08
PK044,Swetha R,ORD009376,89.72,11,30.05
PK050,Meena Devi,ORD009377,98.73,17,33.3
PK008,Karthik Raj,ORD009378,93.44,10,75.07
PK028,Harish M,ORD009379,95.45,18,91.01
PK235,Naveen Kumar,ORD009380,83.19,12,51.66
PK150,Rahul Singh,ORD009381,96.93,10,108.21
PK148,Rahul Singh,ORD009382,87.5,19,98.71
PK158,Sanjay Kumar,ORD009383,90.31,12,106.19
PK116,Anitha S,ORD009384,89.1,16,86.75
PK036,Sanjay Kumar,ORD009385,98.95,16,75.27
PK119,Rahul Singh,ORD009386,92.71,3,35.53
PK249,Naveen Kumar,ORD009387,87.79,8,104.8
PK151,Arun Kumar,ORD009388,90.1,9,114.09
PK019,Sanjay Kumar,ORD009389,83.74,15,25.9
PK121,Anitha S,ORD009390,98.09,20,65.33
PK185,Naveen Kumar,ORD009391,83.8,12,25.57
PK170,Harish M,ORD009392,82.77,4,95.69
PK156,Meena Devi,ORD009393,98.06,12,100.42
PK095,Swetha R,ORD009394,86.36,4,45.55
PK107,Naveen Kumar,ORD009395,89.18,8,73.04
PK175,Rahul Singh,ORD009396,90.28,5,25.22
PK030,Karthik Raj,ORD009397,94.34,14,63.19
PK031,Meena Devi,ORD009398,96.87,13,99.81
PK043,Divya Nair,ORD009399,99.17,6,15.06
PK084,Priya Sharma,ORD009400,86.73,18,21.77
PK227,Priya Sharma,ORD009401,96.91,16,70.29
PK184,Swetha R,ORD009402,87.54,11,92.65
PK040,Arun Kumar,ORD009403,88.53,11,78.59
PK234,Swetha R,ORD009404,99.64,9,51.58
PK029,Karthik Raj,ORD009405,94.07,13,77.31
PK152,Swetha R,ORD009406,90.79,10,44.11
PK117,Karthik Raj,ORD009407,85.7,15,88.35
PK001,Rahul Singh,ORD009408,93.1,10,21.06
PK249,Rahul Singh,ORD009409,87.01,19,59.58
PK067,Naveen Kumar,ORD009410,94.77,11,26.84
PK109,Harish M,ORD009411,83.42,17,57.06
PK229,Harish M,ORD009412,84.49,17,102.69
PK076,Sanjay Kumar,ORD009413,89.17,10,35.54
PK119,Priya Sharma,ORD009414,93.6,7,19.14
PK232,Vignesh R,ORD009415,86.6,20,29.64
PK165,Rahul Singh,ORD009416,94.14,7,83.48
PK105,Sanjay Kumar,ORD009417,87.11,18,100.81
PK102,Rahul Singh,ORD009418,91.68,19,58.09
PK008,Sanjay Kumar,ORD009419,99.81,17,62.52
PK040,Swetha R,ORD009420,86.21,4,47.72
PK024,Vignesh R,ORD009421,85.8,8,86.39
PK128,Meena Devi,ORD009422,93.75,17,104.75
PK041,Harish M,ORD009423,92.61,20,93.49
PK163,Harish M,ORD009424,97.41,12,105.62
PK181,Karthik Raj,ORD009425,87.53,20,108.18
PK182,Swetha R,ORD009426,96.95,11,102.37
PK033,Arun Kumar,ORD009427,93.78,15,29.52
PK061,Naveen Kumar,ORD009428,93.81,5,36.66
PK148,Karthik Raj,ORD009429,90.13,11,25.67
PK120,Divya Nair,ORD009430,91.55,8,68.71
PK184,Divya Nair,ORD009431,86.69,6,112.75
PK114,Priya Sharma,ORD009432,91.75,5,91.14
PK030,Naveen Kumar,ORD009433,85.09,5,116.49
PK224,Sanjay Kumar,ORD009434,96.96,4,93.61
PK175,Vignesh R,ORD009435,92.79,3,33.14
PK233,Anitha S,ORD009436,92.25,19,92.08
PK192,Priya Sharma,ORD009437,99.08,17,70.42
PK211,Swetha R,ORD009438,95.17,4,42.93
PK153,Rahul Singh,ORD009439,89.25,13,31.95
PK108,Divya Nair,ORD009440,87.34,20,34.59
PK057,Meena Devi,ORD009441,82.6,3,101.22
PK166,Swetha R,ORD009442,93.3,12,68.69
PK172,Vignesh R,ORD009443,90.76,-2,35.97
PK180,Rahul Singh,ORD009444,90.2,3,92.93
PK121,Karthik Raj,ORD009445,84.54,3,43.24
PK114,Karthik Raj,ORD009446,95.52,16,42.41
PK055,Vignesh R,ORD009447,90.28,9,68.15
PK223,Naveen Kumar,ORD009448,99.14,19,58.01
PK060,Meena Devi,ORD009449,99.49,8,82.16
PK148,Divya Nair,ORD009450,90.5,18,66.39
PK206,Swetha R,ORD009451,86.7,5,65.34
PK164,Anitha S,ORD009452,88.84,14,20.01
PK233,Karthik Raj,ORD009453,85.38,16,65.11
PK043,Vignesh R,ORD009454,87.36,19,75.31
PK172,Anitha S,ORD009455,96.99,17,58.33
PK226,Anitha S,ORD009456,91.54,8,68.02
PK034,Divya Nair,ORD009457,97.77,19,96.56
PK172,Harish M,ORD009458,97.96,12,52.57
PK157,Karthik Raj,ORD009459,96.57,12,73.26
PK109,Divya Nair,ORD009460,97.41,20,116.06
PK093,Karthik Raj,ORD009461,91.93,13,46.88
PK053,Harish M,ORD009462,95.67,20,43.4
PK054,Anitha S,ORD009463,82.55,12,99.14
PK249,Naveen Kumar,ORD009464,94.44,19,75.61
PK159,Rahul Singh,ORD009465,88.42,14,117.14
PK111,Sanjay Kumar,ORD009466,95.55,11,49.88
PK194,Priya Sharma,ORD009467,82.19,20,50.89
PK217,Swetha R,ORD009468,84.43,4,22.64
PK005,Harish M,ORD009469,90.47,18,71.37
PK239,Meena Devi,ORD009470,83.37,8,54.46
PK200,Arun Kumar,ORD009471,92.1,10,19.93
PK095,Rahul Singh,ORD009472,97.41,9,72.68
PK143,Meena Devi,ORD009473,91.48,10,15.46
PK183,Swetha R,ORD009474,95.03,14,18.87
PK198,Naveen Kumar,ORD009475,91.78,18,63.59
PK145,Sanjay Kumar,ORD009476,94.01,16,25.23
PK011,Vignesh R,ORD009477,97.37,17,115.1
PK236,Naveen Kumar,ORD009478,93.61,12,23.54
PK210,Meena Devi,ORD009479,89.62,20,56.81
PK075,Anitha S,ORD009480,89.31,16,84.29
PK154,Arun Kumar,ORD009481,93.03,18,46.98
PK076,Rahul Singh,ORD009482,99.45,5,24.48
PK118,Meena Devi,ORD009483,88.97,4,25.2
PK191,Anitha S,ORD009484,92.15,15,17.6
PK055,Karthik Raj,ORD009485,86.86,13,107.03
PK200,Divya Nair,ORD009486,98.43,6,17.99
PK122,Vignesh R,ORD009487,90.13,4,83.24
PK152,Naveen Kumar,ORD009488,92.38,12,21.23
PK027,Arun Kumar,ORD009489,91.04,4,103.43
PK228,Arun Kumar,ORD009490,98.78,7,17.51
PK150,Karthik Raj,ORD009491,93.81,10,102.11
PK099,Meena Devi,ORD009492,86.15,9,49.16
PK069,Rahul Singh,ORD009493,87.9,18,108.02
PK007,Meena Devi,ORD009494,93.26,14,85.76
PK007,Priya Sharma,ORD009495,90.52,5,62.87
PK071,Sanjay Kumar,ORD009496,89.27,16,101.19
PK146,Rahul Singh,ORD009497,87.68,7,38.36
PK012,Arun Kumar,ORD009498,88.61,17,40.59
PK097,Swetha R,ORD009499,97.75,16,26.29
PK062,Meena Devi,ORD009500,87.02,8,15.6
PK002,Naveen Kumar,ORD009501,97.5,14,117.47
PK069,Naveen Kumar,ORD009502,91.15,19,103.99
PK190,Anitha S,ORD009503,96.1,10,53.08
PK139,Rahul Singh,ORD009504,96.98,20,65.1
PK240,Priya Sharma,ORD009505,93.73,17,66.94
PK003,Meena Devi,ORD009506,94.67,17,50.7
PK018,Anitha S,ORD009507,93.1,3,84.52
PK105,Meena Devi,ORD009508,98.33,14,46.56
PK246,Vignesh R,ORD009509,99.89,17,75.12
PK029,Vignesh R,ORD009510,83.4,19,32.59
PK157,Meena Devi,ORD009511,86.48,11,38.42
PK128,Naveen Kumar,ORD009512,92.62,10,62.38
PK070,Naveen Kumar,ORD009513,82.47,7,84.6
PK037,Sanjay Kumar,ORD009514,86.71,18,35.41
PK012,Harish M,ORD009515,83.29,6,100.04
PK187,Rahul Singh,ORD009516,88.6,19,117.74
PK222,Priya Sharma,ORD009517,98.77,9,60.78
PK019,Naveen Kumar,ORD009518,86.57,14,39.71
PK130,Karthik Raj,ORD009519,97.43,17,119.43
PK248,Swetha R,ORD009520,99.2,4,88.0
PK066,Priya Sharma,ORD009521,84.19,7,49.85
PK043,Naveen Kumar,ORD009522,88.99,11,34.26
PK069,Meena Devi,ORD009523,82.56,20,67.79
PK092,Vignesh R,ORD009524,90.06,7,50.48
PK235,Rahul Singh,ORD009525,95.38,11,88.85
PK150,Priya Sharma,ORD009526,89.36,11,108.06
PK236,Divya Nair,ORD009527,83.59,11,85.75
PK062,Vignesh R,ORD009528,90.39,4,46.72
PK145,Naveen Kumar,ORD009529,83.92,11,16.44
PK064,Karthik Raj,ORD009530,86.73,15,63.7
PK138,Rahul Singh,ORD009531,96.27,8,99.27
PK110,Harish M,ORD009532,82.98,16,24.0
PK051,Sanjay Kumar,ORD009533,83.31,8,85.25
PK040,Rahul Singh,ORD009534,96.76,4,79.34
PK199,Sanjay Kumar,ORD009535,83.98,5,17.52
PK129,Anitha S,ORD009536,97.89,15,49.26
PK221,Harish M,ORD009537,85.82,12,119.61
PK136,Vignesh R,ORD009538,86.09,7,87.43
PK105,Sanjay Kumar,ORD009539,99.4,14,83.05
PK155,Harish M,ORD009540,90.51,15,26.89
PK208,Swetha R,ORD009541,93.47,11,112.46
PK113,Swetha R,ORD009542,90.28,8,79.58
PK192,Swetha R,ORD009543,96.14,3,63.81
PK018,Arun Kumar,ORD009544,89.15,16,115.91
PK156,Divya Nair,ORD009545,85.26,19,114.82
PK202,Priya Sharma,ORD009546,87.95,13,34.41
PK033,Meena Devi,ORD009547,99.1,9,31.31
PK157,Arun Kumar,ORD009548,86.35,5,100.81
PK021,Meena Devi,ORD009549,84.4,19,56.09
PK239,Karthik Raj,ORD009550,86.24,12,32.3
PK185,Rahul Singh,ORD009551,96.29,18,98.91
PK236,Arun Kumar,ORD009552,87.99,16,30.13
PK076,Vignesh R,ORD009553,90.5,3,115.12
PK138,Arun Kumar,ORD009554,91.55,6,30.66
PK009,Arun Kumar,ORD009555,97.2,10,30.96
PK107,Meena Devi,ORD009556,90.54,4,89.0
PK175,Karthik Raj,ORD009557,87.7,16,107.16
PK031,Arun Kumar,ORD009558,91.67,11,92.79
PK010,Anitha S,ORD009559,86.27,6,90.52
PK044,Swetha R,ORD009560,83.12,15,110.82
PK020,Harish M,ORD009561,97.49,8,79.84
PK199,Sanjay Kumar,ORD009562,87.68,20,106.39
PK109,Swetha R,ORD009563,97.52,12,43.73
PK165,Karthik Raj,ORD009564,99.55,9,100.07
PK008,Karthik Raj,ORD009565,87.06,10,88.04
PK219,Swetha R,ORD009566,99.81,7,30.14
PK119,Meena Devi,ORD009567,86.25,4,29.59
PK162,Divya Nair,ORD009568,87.61,4,84.36
PK051,Priya Sharma,ORD009569,84.86,8,74.3
PK079,Divya Nair,ORD009570,96.16,19,109.54
PK012,Sanjay Kumar,ORD009571,94.43,15,85.76
PK064,Harish M,ORD009572,95.55,14,118.39
PK179,Meena Devi,ORD009573,85.83,12,90.15
PK226,Harish M,ORD009574,98.88,18,51.38
PK029,Priya Sharma,ORD009575,84.96,12,40.17
PK091,Anitha S,ORD009576,91.48,17,38.41
PK196,Divya Nair,ORD009577,94.06,17,47.08
PK032,Rahul Singh,ORD009578,89.4,9,27.12
PK164,Karthik Raj,ORD009579,94.34,5,54.58
PK071,Karthik Raj,ORD009580,93.68,12,24.24
PK157,Swetha R,ORD009581,82.34,10,54.64
PK052,Anitha S,ORD009582,91.24,3,44.15
PK182,Sanjay Kumar,ORD009583,89.93,4,81.85
PK004,Rahul Singh,ORD009584,96.33,20,116.66
PK024,Meena Devi,ORD009585,82.75,14,82.53
PK052,Divya Nair,ORD009586,95.29,4,116.52
PK128,Swetha R,ORD009587,95.4,20,66.52
PK197,Rahul Singh,ORD009588,96.38,16,37.85
PK250,Divya Nair,ORD009589,99.65,6,77.15
PK203,Meena Devi,ORD009590,87.48,6,65.02
PK014,Sanjay Kumar,ORD009591,92.58,17,55.17
PK084,Rahul Singh,ORD009592,87.96,8,21.99
PK161,Sanjay Kumar,ORD009593,83.18,16,50.69
PK145,Anitha S,ORD009594,92.79,3,91.64
PK014,Meena Devi,ORD009595,94.06,18,22.14
PK093,Meena Devi,ORD009596,97.65,18,115.98
PK181,Vignesh R,ORD009597,90.13,6,44.95
PK229,Vignesh R,ORD009598,95.24,12,25.08
PK250,Anitha S,ORD009599,88.17,3,116.58
PK136,Arun Kumar,ORD009600,89.07,18,43.34
PK213,Anitha S,ORD009601,96.16,18,26.11
PK106,Karthik Raj,ORD009602,97.0,10,113.68
PK158,Swetha R,ORD009603,91.1,16,65.74
PK139,Naveen Kumar,ORD009604,82.77,17,88.93
PK149,Divya Nair,ORD009605,93.86,19,71.63
PK234,Vignesh R,ORD009606,86.79,20,75.09
PK079,Rahul Singh,ORD009607,88.45,20,89.04
PK170,Naveen Kumar,ORD009608,82.8,7,99.23
PK071,Sanjay Kumar,ORD009609,89.4,9,93.14
PK047,Vignesh R,ORD009610,93.02,18,85.97
PK039,Swetha R,ORD009611,85.92,3,52.4
PK149,Naveen Kumar,ORD009612,83.0,7,69.01
PK194,Swetha R,ORD009613,91.4,8,53.37
PK179,Karthik Raj,ORD009614,84.03,4,108.91
PK063,Meena Devi,ORD009615,82.64,15,52.83
PK109,Divya Nair,ORD009616,83.52,13,46.78
PK105,Priya Sharma,ORD009617,96.57,10,64.65
PK064,,ORD009618,88.41,17,27.65
PK006,Karthik Raj,ORD009619,92.36,4,52.54
PK140,Arun Kumar,ORD009620,83.33,15,97.64
PK029,Divya Nair,ORD009621,86.81,6,54.95
PK109,Swetha R,ORD009622,92.69,15,99.2
PK247,Divya Nair,ORD009623,98.89,19,89.05
PK026,Rahul Singh,ORD009624,98.29,17,79.28
PK048,Vignesh R,ORD009625,99.79,15,102.19
PK197,Vignesh R,ORD009626,92.21,15,101.7
PK191,Rahul Singh,ORD009627,86.5,4,56.48
PK127,Vignesh R,ORD009628,95.31,15,94.29
PK069,Priya Sharma,ORD009629,99.77,7,94.26
PK227,Karthik Raj,ORD009630,95.73,4,72.51
PK222,Rahul Singh,ORD009631,93.58,17,68.93
PK154,Arun Kumar,ORD009632,88.07,15,75.44
PK201,Sanjay Kumar,ORD009633,92.46,18,71.55
PK211,Naveen Kumar,ORD009634,82.57,20,64.44
PK149,Naveen Kumar,ORD009635,93.9,8,27.67
PK125,Rahul Singh,ORD009636,98.57,8,105.31
PK229,Priya Sharma,ORD009637,99.7,9,51.4
PK052,Naveen Kumar,ORD009638,83.59,5,36.85
PK010,Rahul Singh,ORD009639,87.67,10,72.89
PK077,Anitha S,ORD009640,93.96,9,78.19
PK141,Anitha S,ORD009641,94.72,12,98.69
PK187,Karthik Raj,ORD009642,95.52,6,108.14
PK094,Meena Devi,ORD009643,89.09,5,58.63
PK017,Naveen Kumar,ORD009644,83.21,20,76.99
PK072,Harish M,ORD009645,92.52,7,43.94
PK233,Rahul Singh,ORD009646,83.91,16,103.94
PK096,Meena Devi,ORD009647,93.43,14,46.22
PK158,Sanjay Kumar,ORD009648,88.84,6,49.63
PK179,Arun Kumar,ORD009649,85.41,6,98.81
PK086,Harish M,ORD009650,91.57,5,96.08
PK070,Swetha R,ORD009651,87.66,13,46.06
PK163,Arun Kumar,ORD009652,90.03,14,16.51
PK200,Swetha R,ORD009653,97.29,4,105.36
PK163,Sanjay Kumar,ORD009654,87.42,6,18.15
PK173,Karthik Raj,ORD009655,84.89,3,71.92
PK083,Arun Kumar,ORD009656,97.81,19,71.04
PK168,Meena Devi,ORD009657,98.65,18,45.63
PK169,Arun Kumar,ORD009658,83.55,13,119.1
PK046,Priya Sharma,ORD009659,96.44,19,85.12
PK208,Swetha R,ORD009660,96.28,18,40.7
PK221,Vignesh R,ORD009661,86.32,7,68.95
PK186,Harish M,ORD009662,95.79,6,21.15
PK068,Vignesh R,ORD009663,87.89,10,103.72
PK172,Divya Nair,ORD009664,85.15,6,94.83
PK101,Divya Nair,ORD009665,85.3,4,47.42
PK078,Priya Sharma,ORD009666,95.67,12,116.78
PK218,Rahul Singh,ORD009667,96.25,13,117.73
PK233,Sanjay Kumar,ORD009668,97.33,19,71.85
PK203,Swetha R,ORD009669,98.67,16,41.52
PK051,Naveen Kumar,ORD009670,90.4,17,34.11
PK154,Naveen Kumar,ORD009671,91.68,14,66.26
PK108,Meena Devi,ORD009672,97.81,18,112.75
PK146,Karthik Raj,ORD009673,85.3,16,45.2
PK116,Harish M,ORD009674,90.44,19,107.35
PK060,Rahul Singh,ORD009675,86.97,13,56.39
PK102,Sanjay Kumar,ORD009676,92.05,6,57.62
PK215,Priya Sharma,ORD009677,99.36,15,40.11
PK218,Sanjay Kumar,ORD009678,91.1,11,114.03
PK211,Harish M,ORD009679,86.52,11,101.61
PK156,Meena Devi,ORD009680,85.37,12,118.3
PK198,Harish M,ORD009681,91.71,7,79.87
PK249,Karthik Raj,ORD009682,98.11,20,32.58
PK184,Swetha R,ORD009683,88.32,6,88.9
PK142,Sanjay Kumar,ORD009684,94.71,5,24.38
PK114,Meena Devi,ORD009685,82.52,19,67.44
PK146,Karthik Raj,ORD009686,95.22,11,109.37
PK157,Divya Nair,ORD009687,89.81,3,91.89
PK051,Sanjay Kumar,ORD009688,93.79,6,83.38
PK032,Karthik Raj,ORD009689,94.82,20,77.65
PK113,Vignesh R,ORD009690,90.42,14,104.71
PK036,Sanjay Kumar,ORD009691,83.6,20,17.02
PK065,Swetha R,ORD009692,90.58,17,71.9
PK229,Arun Kumar,ORD009693,91.92,3,73.17
PK245,Karthik Raj,ORD009694,99.41,16,100.32
PK146,Arun Kumar,ORD009695,82.64,11,114.11
PK114,Divya Nair,ORD009696,93.99,8,90.1
PK176,Naveen Kumar,ORD009697,92.52,8,96.5
PK076,Sanjay Kumar,ORD009698,97.02,14,71.93
PK146,Priya Sharma,ORD009699,96.68,11,36.02
PK110,Rahul Singh,ORD009700,91.18,15,102.1
PK213,Meena Devi,ORD009701,97.04,11,108.56
PK223,Swetha R,ORD009702,83.86,17,87.58
PK110,Meena Devi,ORD009703,85.76,8,119.25
PK130,Priya Sharma,ORD009704,93.27,5,81.79
PK157,Karthik Raj,ORD009705,96.14,8,60.79
PK126,Divya Nair,ORD009706,95.1,19,31.42
PK086,Karthik Raj,ORD009707,82.96,14,90.94
PK078,Karthik Raj,ORD009708,97.54,6,56.21
PK049,Meena Devi,ORD009709,98.89,13,17.71
PK106,Sanjay Kumar,ORD009710,84.37,10,68.36
PK188,Karthik Raj,ORD009711,97.4,19,39.29
PK147,Harish M,ORD009712,97.73,7,92.62
PK178,Meena Devi,ORD009713,88.26,4,61.63
PK110,Anitha S,ORD009714,83.73,17,62.29
PK004,Harish M,ORD009715,83.66,9,93.46
PK118,Priya Sharma,ORD009716,95.31,9,81.07
PK179,Arun Kumar,ORD009717,85.99,4,82.12
PK158,Karthik Raj,ORD009718,88.13,6,97.85
PK064,Harish M,ORD009719,88.37,12,102.35
PK246,Arun Kumar,ORD009720,88.68,14,52.87
PK152,Swetha R,ORD009721,83.83,12,84.74
PK029,Divya Nair,ORD009722,98.56,10,38.26
PK074,Anitha S,ORD009723,87.29,19,82.3
PK134,Naveen Kumar,ORD009724,84.1,16,80.72
PK033,Anitha S,ORD009725,94.86,14,50.99
PK151,Naveen Kumar,ORD009726,88.01,7,78.47
PK185,Harish M,ORD009727,93.23,15,66.33
PK170,Arun Kumar,ORD009728,98.93,12,42.13
PK052,Vignesh R,ORD009729,82.71,14,74.84
PK196,Harish M,ORD009730,84.04,3,24.03
PK160,Swetha R,ORD009731,92.72,15,78.74
PK130,Swetha R,ORD009732,85.19,20,45.48
PK022,Priya Sharma,ORD009733,99.22,3,97.6
PK227,Karthik Raj,ORD009734,88.18,14,99.24
PK138,Naveen Kumar,ORD009735,93.38,14,95.46
PK055,Swetha R,ORD009736,97.16,12,38.74
PK248,Meena Devi,ORD009737,88.97,15,93.41
PK175,Priya Sharma,ORD009738,88.6,17,35.92
PK045,Priya Sharma,ORD009739,82.46,14,54.15
PK244,Rahul Singh,ORD009740,85.41,3,39.24
PK047,Meena Devi,ORD009741,86.58,5,55.96
PK105,Vignesh R,ORD009742,99.35,3,103.81
PK250,Meena Devi,ORD009743,95.92,20,73.64
PK074,Priya Sharma,ORD009744,97.49,12,93.4
PK143,Meena Devi,ORD009745,97.8,14,112.05
PK175,Vignesh R,ORD009746,95.77,7,100.35
PK042,Sanjay Kumar,ORD009747,83.32,4,76.15
PK238,Vignesh R,ORD009748,98.17,12,119.49
PK173,Karthik Raj,ORD009749,94.83,16,53.01
PK088,Priya Sharma,ORD009750,82.86,17,111.07
PK165,Rahul Singh,ORD009751,89.55,16,110.04
PK009,Anitha S,ORD009752,82.27,8,92.4
PK207,Karthik Raj,ORD009753,96.67,14,110.96
PK195,Arun Kumar,ORD009754,88.4,7,26.86
PK047,Sanjay Kumar,ORD009755,88.97,6,32.02
PK090,Swetha R,ORD009756,99.29,20,116.5
PK003,Divya Nair,ORD009757,82.75,5,42.0
PK187,Divya Nair,ORD009758,97.83,17,83.96
PK119,Meena Devi,ORD009759,93.72,7,107.48
PK039,Rahul Singh,ORD009760,86.14,14,55.11
PK116,Priya Sharma,ORD009761,92.11,6,88.64
PK085,Vignesh R,ORD009762,93.48,10,72.02
PK048,Vignesh R,ORD009763,86.47,14,110.51
PK127,Sanjay Kumar,ORD009764,88.99,12,80.99
PK220,Divya Nair,ORD009765,90.16,9,56.7
PK198,Harish M,ORD009766,83.47,9,31.34
PK089,Harish M,ORD009767,98.7,12,94.79
PK066,Divya Nair,ORD009768,86.26,18,117.81
PK162,Rahul Singh,ORD009769,92.48,8,18.64
PK144,Anitha S,ORD009770,86.61,8,78.09
PK243,Swetha R,ORD009771,88.22,19,48.14
PK056,Harish M,ORD009772,86.9,17,25.46
PK043,Harish M,ORD009773,85.71,4,63.07
PK046,Rahul Singh,ORD009774,86.89,16,114.19
PK076,Harish M,ORD009775,94.7,7,70.21
PK151,Harish M,ORD009776,95.59,19,18.95
PK208,Naveen Kumar,ORD009777,84.28,12,33.04
PK127,Priya Sharma,ORD009778,93.44,15,55.67
PK008,Priya Sharma,ORD009779,95.94,14,92.24
PK043,Meena Devi,ORD009780,90.36,6,86.38
PK049,Priya Sharma,ORD009781,84.88,5,41.57
PK042,Arun Kumar,ORD009782,88.65,3,38.82
PK147,Anitha S,ORD009783,85.43,16,94.59
PK227,Divya Nair,ORD009784,85.53,4,55.04
PK033,Rahul Singh,ORD009785,96.87,9,118.62
PK104,Naveen Kumar,ORD009786,87.99,4,118.84
PK230,Divya Nair,ORD009787,99.42,19,50.76
PK091,Priya Sharma,ORD009788,84.22,9,73.81
PK094,Anitha S,ORD009789,86.68,11,36.26
PK030,Harish M,ORD009790,82.57,18,35.03
PK039,Priya Sharma,ORD009791,84.56,17,59.83
PK173,Anitha S,ORD009792,88.55,18,86.79
PK061,Arun Kumar,ORD009793,92.73,13,23.25
PK088,Karthik Raj,ORD009794,86.41,10,50.3
PK195,Karthik Raj,ORD009795,87.31,12,63.48
PK189,Meena Devi,ORD009796,95.5,8,103.34
PK243,Divya Nair,ORD009797,85.56,9,115.37
PK008,Arun Kumar,ORD009798,97.72,11,20.76
PK146,Vignesh R,ORD009799,86.4,5,83.66
PK212,Priya Sharma,ORD009800,98.75,20,77.96
PK227,Meena Devi,ORD009801,83.47,17,119.07
PK132,Divya Nair,ORD009802,83.57,18,98.55
PK025,Priya Sharma,ORD009803,87.73,8,20.73
PK139,Arun Kumar,ORD009804,98.17,11,50.72
PK078,Rahul Singh,ORD009805,82.72,4,103.22
PK221,Vignesh R,ORD009806,93.89,15,41.3
PK177,Sanjay Kumar,ORD009807,99.89,4,85.95
PK206,Divya Nair,ORD009808,96.47,10,38.38
PK073,Divya Nair,ORD009809,85.17,19,50.1
PK235,Sanjay Kumar,ORD009810,98.5,12,31.08
PK120,Anitha S,ORD009811,98.84,9,24.12
PK097,Vignesh R,ORD009812,88.68,3,89.79
PK223,Vignesh R,ORD009813,85.36,11,18.16
PK118,Karthik Raj,ORD009814,97.53,8,37.11
PK019,Naveen Kumar,ORD009815,92.41,9,79.77
PK142,Karthik Raj,ORD009816,92.43,9,39.29
PK168,Swetha R,ORD009817,96.23,19,16.2
PK083,Meena Devi,ORD009818,85.36,3,-25.0
PK031,Sanjay Kumar,ORD009819,91.36,17,63.39
PK090,Arun Kumar,ORD009820,98.27,3,103.48
PK020,Anitha S,ORD009821,88.69,13,94.08
PK116,Swetha R,ORD009822,90.56,11,96.69
PK033,Divya Nair,ORD009823,88.83,8,22.15
PK095,Swetha R,ORD009824,92.97,7,110.16
PK007,Sanjay Kumar,ORD009825,92.12,17,81.4
PK151,Karthik Raj,ORD009826,86.93,15,46.41
PK203,Divya Nair,ORD009827,97.16,5,39.83
PK191,Meena Devi,ORD009828,92.92,11,58.35
PK242,Arun Kumar,ORD009829,86.84,13,17.98
PK100,Karthik Raj,ORD009830,96.17,19,115.38
PK217,Meena Devi,ORD009831,82.25,14,23.09
PK033,Karthik Raj,ORD009832,95.63,6,74.05
PK105,Arun Kumar,ORD009833,93.84,5,35.22
PK184,Rahul Singh,ORD009834,89.52,3,96.88
PK177,Arun Kumar,ORD009835,84.65,17,57.85
PK114,Sanjay Kumar,ORD009836,95.33,10,27.13
PK180,Sanjay Kumar,ORD009837,97.01,4,53.37
PK052,Sanjay Kumar,ORD009838,89.18,11,76.23
PK094,Arun Kumar,ORD009839,97.4,17,62.86
PK019,Priya Sharma,ORD009840,98.76,10,35.31
PK065,Vignesh R,ORD009841,95.41,13,92.78
PK104,Swetha R,ORD009842,85.57,12,61.63
PK012,Karthik Raj,ORD009843,96.17,14,97.14
PK127,Naveen Kumar,ORD009844,94.96,8,118.68
PK036,Arun Kumar,ORD009845,92.23,10,83.01
PK006,Arun Kumar,ORD009846,83.44,8,97.37
PK208,Vignesh R,ORD009847,91.83,4,18.46
PK187,Vignesh R,ORD009848,92.59,3,71.83
PK206,Naveen Kumar,ORD009849,99.29,17,113.32
PK037,Harish M,ORD009850,83.76,16,74.36
PK058,Sanjay Kumar,ORD009851,90.76,17,88.8
PK098,Harish M,ORD009852,95.94,16,110.75
PK055,Sanjay Kumar,ORD009853,97.59,8,19.07
PK027,Divya Nair,ORD009854,83.7,6,115.68
PK005,Divya Nair,ORD009855,90.88,11,75.83
PK033,Harish M,ORD009856,96.83,7,82.55
PK182,Anitha S,ORD009857,84.17,6,46.37
PK042,Priya Sharma,ORD009858,85.11,12,60.99
PK063,Karthik Raj,ORD009859,94.65,13,15.76
PK040,Meena Devi,ORD009860,93.21,15,44.76
PK145,Divya Nair,ORD009861,88.73,3,103.24
PK190,Anitha S,ORD009862,97.93,6,74.94
PK070,Naveen Kumar,ORD009863,95.2,8,53.7
PK110,Meena Devi,ORD009864,95.45,16,66.33
PK072,Vignesh R,ORD009865,98.18,3,110.15
PK142,Naveen Kumar,ORD009866,85.95,7,110.3
PK006,Harish M,ORD009867,93.48,4,62.79
PK007,Arun Kumar,ORD009868,90.47,16,18.07
PK248,Meena Devi,ORD009869,99.33,16,74.07
PK011,Karthik Raj,ORD009870,87.36,5,93.62
PK207,Naveen Kumar,ORD009871,94.75,16,79.48
PK179,Sanjay Kumar,ORD009872,94.12,19,80.15
PK194,Vignesh R,ORD009873,86.56,11,105.98
PK116,Harish M,ORD009874,85.47,20,111.92
PK111,Meena Devi,ORD009875,98.24,13,96.8
PK140,Harish M,ORD009876,98.9,4,117.16
PK122,Naveen Kumar,ORD009877,89.04,8,106.0
PK246,Anitha S,ORD009878,92.69,18,33.4
PK250,Divya Nair,ORD009879,91.01,14,52.87
PK029,Meena Devi,ORD009880,88.41,7,27.11
PK216,Rahul Singh,ORD009881,95.15,6,89.44
PK202,Anitha S,ORD009882,85.5,16,59.9
PK233,Arun Kumar,ORD009883,98.06,10,60.28
PK006,Naveen Kumar,ORD009884,88.78,20,20.04
PK096,Priya Sharma,ORD009885,98.47,14,59.4
PK187,Swetha R,ORD009886,91.41,15,62.56
PK092,Karthik Raj,ORD009887,90.96,14,85.5
PK247,Vignesh R,ORD009888,96.22,16,37.9
PK006,Priya Sharma,ORD009889,92.28,4,101.31
PK042,Rahul Singh,ORD009890,96.22,5,26.97
PK047,Rahul Singh,ORD009891,94.97,13,15.02
PK247,Naveen Kumar,ORD009892,94.22,5,35.16
PK228,Swetha R,ORD009893,96.04,9,99.97
PK170,Naveen Kumar,ORD009894,97.2,17,36.84
PK045,Rahul Singh,ORD009895,93.48,15,96.91
PK028,Harish M,ORD009896,91.89,8,54.27
PK136,Meena Devi,ORD009897,97.04,13,24.23
PK232,Divya Nair,ORD009898,87.22,11,15.41
PK040,Divya Nair,ORD009899,89.72,12,24.02
PK032,Swetha R,ORD009900,95.86,14,117.11
PK066,Arun Kumar,ORD009901,84.86,12,68.89
PK154,Swetha R,ORD009902,83.03,19,115.66
PK017,Rahul Singh,ORD009903,95.76,4,67.96
PK057,Priya Sharma,ORD009904,85.52,17,55.31
PK055,Vignesh R,ORD009905,83.76,9,63.62
PK170,Priya Sharma,ORD009906,94.8,15,106.0
PK232,Divya Nair,ORD009907,91.48,11,117.98
PK066,Rahul Singh,ORD009908,84.67,18,100.24
PK186,Sanjay Kumar,ORD009909,82.71,6,95.89
PK009,Anitha S,ORD009910,87.21,12,49.08
PK179,Harish M,ORD009911,84.85,5,105.93
PK097,Meena Devi,ORD009912,84.71,18,89.49
PK240,Divya Nair,ORD009913,83.78,11,103.33
PK227,Arun Kumar,ORD009914,87.85,6,30.56
PK241,Arun Kumar,ORD009915,92.69,8,112.88
PK102,Sanjay Kumar,ORD009916,99.33,20,118.84
PK121,Anitha S,ORD009917,91.69,15,103.09
PK115,Meena Devi,ORD009918,85.87,4,59.7
PK110,Swetha R,ORD009919,97.79,11,104.92
PK146,Sanjay Kumar,ORD009920,86.87,16,109.52
PK229,Priya Sharma,ORD009921,86.47,17,85.42
PK084,Arun Kumar,ORD009922,89.23,4,40.78
PK043,Harish M,ORD009923,96.99,13,69.78
PK007,Divya Nair,ORD009924,86.79,10,116.24
PK234,Priya Sharma,ORD009925,93.43,15,28.81
PK116,Sanjay Kumar,ORD009926,92.33,13,97.02
PK082,Swetha R,ORD009927,85.64,4,70.66
PK026,Karthik Raj,ORD009928,90.88,8,74.57
PK176,Vignesh R,ORD009929,83.15,4,112.45
PK003,Divya Nair,ORD009930,92.48,17,72.12
PK120,Vignesh R,ORD009931,90.67,10,26.9
PK152,Rahul Singh,ORD009932,99.47,12,106.48
PK117,Naveen Kumar,ORD009933,97.09,15,110.98
PK008,Karthik Raj,ORD009934,87.07,8,26.76
PK059,Karthik Raj,ORD009935,97.87,12,36.38
PK180,Sanjay Kumar,ORD009936,98.29,8,34.29
PK112,Naveen Kumar,ORD009937,93.57,6,108.01
PK045,Anitha S,ORD009938,84.02,13,68.98
PK164,Divya Nair,ORD009939,88.49,16,115.91
PK229,Vignesh R,ORD009940,96.01,20,38.14
PK038,Swetha R,ORD009941,83.95,10,105.99
PK012,Swetha R,ORD009942,95.8,17,41.93
PK175,Karthik Raj,ORD009943,91.76,18,42.35
PK110,Anitha S,ORD009944,84.81,13,49.88
PK208,Priya Sharma,ORD009945,95.43,13,89.02
PK013,Divya Nair,ORD009946,86.86,6,118.33
PK085,Harish M,ORD009947,97.44,5,75.36
PK247,Meena Devi,ORD009948,84.18,10,69.68
PK168,Swetha R,ORD009949,95.93,10,46.91
PK102,Vignesh R,ORD009950,93.17,13,113.24
PK240,Naveen Kumar,ORD009951,84.33,15,95.27
PK133,Anitha S,ORD009952,83.6,14,53.48
PK162,Swetha R,ORD009953,99.41,6,106.86
PK052,Swetha R,ORD009954,88.06,12,69.92
PK249,Karthik Raj,ORD009955,94.02,10,69.89
PK067,Swetha R,ORD009956,83.3,15,77.32
PK127,Karthik Raj,ORD009957,97.17,6,102.87
PK244,Vignesh R,ORD009958,99.93,17,34.41
PK019,Meena Devi,ORD009959,98.09,16,26.0
PK156,Arun Kumar,ORD009960,91.42,20,104.87
PK006,Divya Nair,ORD009961,93.33,12,105.64
PK210,Divya Nair,ORD009962,82.68,19,64.63
PK231,Rahul Singh,ORD009963,88.42,14,68.29
PK128,Swetha R,ORD009964,83.52,16,66.34
PK148,Vignesh R,ORD009965,93.59,19,99.19
PK132,Priya Sharma,ORD009966,93.22,9,41.19
PK109,Naveen Kumar,ORD009967,84.81,13,15.66
PK016,Swetha R,ORD009968,87.21,5,62.27
PK201,Karthik Raj,ORD009969,91.45,15,17.21
PK004,Meena Devi,ORD009970,96.51,5,110.18
PK194,Rahul Singh,ORD009971,89.36,10,66.56
PK247,Arun Kumar,ORD009972,87.49,9,55.09
PK200,Harish M,ORD009973,93.13,7,41.69
PK133,Vignesh R,ORD009974,93.83,12,90.55
PK167,Anitha S,ORD009975,92.87,18,35.41
PK184,Anitha S,ORD009976,88.39,14,18.5
PK128,Rahul Singh,ORD009977,85.93,15,98.31
PK214,Divya Nair,ORD009978,93.43,4,57.16
PK183,Anitha S,ORD009979,92.0,20,110.63
PK134,Harish M,ORD009980,96.52,11,56.03
PK241,Priya Sharma,ORD009981,84.03,15,48.26
PK064,Harish M,ORD009982,96.91,19,91.62
PK039,Naveen Kumar,ORD009983,88.28,6,82.76
PK045,Anitha S,ORD009984,98.85,9,20.23
PK214,Arun Kumar,ORD009985,87.44,9,83.81
PK120,Swetha R,ORD009986,95.94,13,77.8
PK197,Arun Kumar,ORD009987,89.4,20,92.95
PK081,Divya Nair,ORD009988,84.58,12,115.51
PK193,Karthik Raj,ORD009989,86.95,7,48.16
PK197,Sanjay Kumar,ORD009990,84.31,19,79.25
PK009,Arun Kumar,ORD009991,89.09,7,54.18
PK194,Naveen Kumar,ORD009992,84.68,9,89.44
PK041,Meena Devi,ORD009993,105.0,5,61.6
PK242,Priya Sharma,ORD009994,99.29,15,98.03
PK047,Rahul Singh,ORD009995,86.22,20,87.2
PK084,Divya Nair,ORD009996,94.98,8,58.0
PK042,Swetha R,ORD009997,87.32,19,99.82
PK048,Arun Kumar,ORD009998,82.55,17,119.49
PK102,Divya Nair,ORD009999,84.06,14,98.63
PK158,Divya Nair,ORD010000,90.47,7,108.58
