Order_ID,Order_Item_ID,Order_Amount,Order_Category,Order_Status
ORD000001,OI000001,626.43,Bakery,Completed
ORD000002,OI000002,1091.23,Beverages,Rejected
ORD000003,OI000003,2443.93,Dairy,Completed
ORD000004,OI000004,313.36,Frozen Foods,Completed
ORD000005,OI000005,1250.3,Baby Care,Cancelled
ORD000006,OI000006,2470.12,Snacks,Cancelled
ORD000007,OI000007,575.54,Dairy,Completed
ORD000008,OI000008,2288.12,Baby Care,Rejected
ORD000009,OI000009,1439.8,Groceries,Completed
ORD000010,OI000010,1979.75,Snacks,Completed
ORD000011,OI000011,825.94,Fruits & Vegetables,Completed
ORD000012,OI000012,1053.52,Bakery,Completed
ORD000013,OI000013,810.32,Frozen Foods,Completed
ORD000014,OI000014,2245.81,Frozen Foods,Completed
ORD000015,OI000015,215.62,Frozen Foods,Completed
ORD000016,OI000016,1168.16,Dairy,Completed
ORD000017,OI000017,1448.55,Frozen Foods,Completed
ORD000018,OI000018,972.92,Baby Care,Completed
ORD000019,OI000019,1766.78,Beverages,Cancelled
ORD000020,OI000020,2316.08,Fruits & Vegetables,Cancelled
ORD000021,OI000021,173.42,Baby Care,Rejected
ORD000022,OI000022,391.37,Fruits & Vegetables,Completed
ORD000023,OI000023,656.58,Snacks,Cancelled
ORD000024,OI000024,1642.95,Beverages,Completed
ORD000025,OI000025,666.24,Household,Rejected
ORD000026,OI000026,2420.48,Frozen Foods,Completed
ORD000027,OI000027,458.0,Fruits & Vegetables,Cancelled
ORD000028,OI000028,212.55,Bakery,Completed
ORD000029,OI000029,1229.08,Bakery,Rejected
ORD000030,OI000030,1738.19,Bakery,Completed
ORD000031,OI000031,2210.52,Beverages,Rejected
ORD000032,OI000032,1739.01,Fruits & Vegetables,Cancelled
ORD000033,OI000033,1348.69,Frozen Foods,Completed
ORD000034,OI000034,1220.81,Groceries,Completed
ORD000035,OI000035,717.76,Baby Care,Completed
ORD000036,OI000036,1319.27,Frozen Foods,Cancelled
ORD000037,OI000037,1478.73,Beverages,Completed
ORD000038,OI000038,1276.34,Baby Care,Completed
ORD000039,OI000039,597.23,Dairy,Cancelled
ORD000040,OI000040,1182.12,Baby Care,Rejected
ORD000041,OI000041,2355.83,Frozen Foods,Rejected
ORD000042,OI000042,848.21,Personal Care,Rejected
ORD000043,OI000043,155.21,Fruits & Vegetables,Completed
ORD000044,OI000044,697.83,Personal Care,Completed
ORD000045,OI000045,606.36,Fruits & Vegetables,Completed
ORD000046,OI000046,586.3,Personal Care,Completed
ORD000047,OI000047,1710.39,Beverages,Completed
ORD000048,OI000048,1881.39,Baby Care,Completed
ORD000049,OI000049,2150.93,Personal Care,Rejected
ORD000050,OI000050,302.44,Personal Care,Rejected
ORD000051,OI000051,507.9,Dairy,Rejected
ORD000052,OI000052,2442.19,Bakery,Completed
ORD000053,OI000053,105.75,Frozen Foods,Cancelled
ORD000054,OI000054,1198.4,Beverages,Completed
ORD000055,OI000055,221.02,Snacks,Completed
ORD000056,OI000056,1664.37,Dairy,Completed
ORD000057,OI000057,2491.12,Household,Completed
ORD000058,OI000058,1211.64,Household,Completed
ORD000059,OI000059,993.13,Snacks,Completed
ORD000060,OI000060,1688.49,Personal Care,Completed
ORD000061,OI000061,1716.71,Groceries,Completed
ORD000062,OI000062,1534.17,Baby Care,Completed
ORD000063,OI000063,1510.02,Dairy,Completed
ORD000064,OI000064,332.38,Dairy,Completed
ORD000065,OI000065,2493.76,Frozen Foods,Completed
ORD000066,OI000066,1629.35,Bakery,Cancelled
ORD000067,OI000067,664.57,Bakery,Cancelled
ORD000068,OI000068,2286.44,Baby Care,Rejected
ORD000069,OI000069,503.7,Snacks,Completed
ORD000070,OI000070,919.05,Dairy,Completed
ORD000071,OI000071,1381.69,Fruits & Vegetables,Cancelled
ORD000072,OI000072,985.25,Fruits & Vegetables,Completed
ORD000073,OI000073,1311.9,Fruits & Vegetables,Rejected
ORD000074,OI000074,1223.62,Snacks,Completed
ORD000075,OI000075,741.91,Beverages,Cancelled
ORD000076,OI000076,1794.31,Groceries,Completed
ORD000077,OI000077,357.03,Personal Care,Cancelled
ORD000078,OI000078,498.97,Household,Completed
ORD000079,OI000079,2066.61,Beverages,Completed
ORD000080,OI000080,1903.41,Household,Completed
ORD000081,OI000081,770.18,Baby Care,Cancelled
ORD000082,OI000082,2153.65,Beverages,Completed
ORD000083,OI000083,1876.44,Snacks,Rejected
ORD000084,OI000084,2297.27,Dairy,Completed
ORD000085,OI000085,780.49,Groceries,Completed
ORD000086,OI000086,503.22,Fruits & Vegetables,Completed
ORD000087,OI000087,657.88,Groceries,Completed
ORD000088,OI000088,2071.79,Dairy,Completed
ORD000089,OI000089,2146.36,Snacks,Completed
ORD000090,OI000090,324.38,Frozen Foods,Completed
ORD000091,OI000091,1534.07,Groceries,Completed
ORD000092,OI000092,2413.71,Personal Care,Completed
ORD000093,OI000093,1818.44,Groceries,Completed
ORD000094,OI000094,240.24,Beverages,Completed
ORD000095,OI000095,1541.51,Frozen Foods,Completed
ORD000096,OI000096,2438.73,Dairy,Completed
ORD000097,OI000097,2320.49,Groceries,Cancelled
ORD000098,OI000098,1570.16,Baby Care,Completed
ORD000099,OI000099,2237.44,Snacks,Cancelled
ORD000100,OI000100,586.24,Fruits & Vegetables,Completed
ORD000101,OI000101,2337.11,Personal Care,Completed
ORD000102,OI000102,828.94,Groceries,Completed
ORD000103,OI000103,2337.46,Baby Care,Completed
ORD000104,OI000104,1139.53,Household,Rejected
ORD000105,OI000105,877.16,Fruits & Vegetables,Completed
ORD000106,OI000106,1640.89,Dairy,Rejected
ORD000107,OI000107,1631.65,Groceries,Completed
ORD000108,OI000108,1691.09,Fruits & Vegetables,Completed
ORD000109,OI000109,1532.36,,Cancelled
ORD000110,OI000110,1225.44,Frozen Foods,Cancelled
ORD000111,OI000111,2303.73,Baby Care,Rejected
ORD000112,OI000112,1755.11,Bakery,Completed
ORD000113,OI000113,1120.7,Bakery,Cancelled
ORD000114,OI000114,1792.69,Bakery,Completed
ORD000115,OI000115,2372.37,Baby Care,Completed
ORD000116,OI000116,234.57,Snacks,Cancelled
ORD000117,OI000117,1057.91,Dairy,Completed
ORD000118,OI000118,471.71,Beverages,Cancelled
ORD000119,OI000119,2342.89,Household,Completed
ORD000120,OI000120,1770.25,Personal Care,Rejected
ORD000121,OI000121,1772.54,Bakery,Completed
ORD000122,OI000122,1496.75,Personal Care,Completed
ORD000123,OI000123,265.42,Dairy,Completed
ORD000124,OI000124,2372.3,Frozen Foods,Completed
ORD000125,OI000125,2228.83,Bakery,Completed
ORD000126,OI000126,2141.66,Beverages,Completed
ORD000127,OI000127,695.23,Groceries,Rejected
ORD000128,OI000128,913.91,Personal Care,Cancelled
ORD000129,OI000129,1219.26,Snacks,Completed
ORD000130,OI000130,2466.71,Beverages,Completed
ORD000131,OI000131,547.37,Beverages,Completed
ORD000132,OI000132,1261.79,Groceries,Completed
ORD000133,OI000133,1970.56,Dairy,Completed
ORD000134,OI000134,1988.56,Frozen Foods,Cancelled
ORD000135,OI000135,1484.09,Baby Care,Completed
ORD000136,OI000136,1280.86,Personal Care,Completed
ORD000137,OI000137,1725.38,Household,Completed
ORD000138,OI000138,808.01,Fruits & Vegetables,Rejected
ORD000139,OI000139,537.0,Baby Care,Completed
ORD000140,OI000140,785.55,Personal Care,Rejected
ORD000141,OI000141,1732.32,Dairy,Cancelled
ORD000142,OI000142,810.94,Household,Completed
ORD000143,OI000143,656.62,Bakery,Completed
ORD000144,OI000144,492.0,Beverages,Completed
ORD000145,OI000145,2104.24,Baby Care,Completed
ORD000146,OI000146,549.16,Fruits & Vegetables,Completed
ORD000147,OI000147,1538.77,Personal Care,Completed
ORD000148,OI000148,2084.63,Fruits & Vegetables,Completed
ORD000149,OI000149,1658.1,Fruits & Vegetables,Completed
ORD000150,OI000150,1631.93,Personal Care,Completed
ORD000151,OI000151,2078.24,Beverages,Completed
ORD000152,OI000152,499.39,Beverages,Completed
ORD000153,OI000153,2457.01,Fruits & Vegetables,Completed
ORD000154,OI000154,385.12,Groceries,Completed
ORD000155,OI000155,1829.56,Baby Care,Completed
ORD000156,OI000156,1922.24,Groceries,Completed
ORD000157,OI000157,1903.64,Baby Care,Rejected
ORD000158,OI000158,1366.95,Household,Completed
ORD000159,OI000159,2337.29,Dairy,Cancelled
ORD000160,OI000160,371.03,Groceries,Completed
ORD000161,OI000161,528.59,Beverages,Completed
ORD000162,OI000162,397.8,Household,Completed
ORD000163,OI000163,1102.41,Fruits & Vegetables,Completed
ORD000164,OI000164,2423.13,Personal Care,Rejected
ORD000165,OI000165,1844.41,Groceries,Completed
ORD000166,OI000166,880.2,Personal Care,Rejected
ORD000167,OI000167,2164.3,Dairy,Completed
ORD000168,OI000168,449.32,Household,Completed
ORD000169,OI000169,2189.5,Personal Care,Cancelled
ORD000170,OI000170,1408.11,Personal Care,Completed
ORD000171,OI000171,922.75,Bakery,Completed
ORD000172,OI000172,1744.02,Dairy,Cancelled
ORD000173,OI000173,2444.48,Household,Completed
ORD000174,OI000174,481.19,Dairy,Completed
ORD000175,OI000175,811.67,Frozen Foods,Completed
ORD000176,OI000176,2214.64,Groceries,Completed
ORD000177,OI000177,2194.13,Dairy,Cancelled
ORD000178,OI000178,1759.39,Household,Rejected
ORD000179,OI000179,2427.27,Personal Care,Rejected
ORD000180,OI000180,461.98,Snacks,Cancelled
ORD000181,OI000181,542.19,Snacks,Completed
ORD000182,OI000182,773.32,Household,Completed
ORD000183,OI000183,351.64,Beverages,Completed
ORD000184,OI000184,2010.34,Fruits & Vegetables,Cancelled
ORD000185,OI000185,2480.03,Personal Care,Cancelled
ORD000186,OI000186,341.07,Groceries,Cancelled
ORD000187,OI000187,108.01,Frozen Foods,Completed
ORD000188,OI000188,693.6,Frozen Foods,Rejected
ORD000189,OI000189,2480.22,Frozen Foods,Completed
ORD000190,OI000190,1665.34,Fruits & Vegetables,Completed
ORD000191,OI000191,2147.08,Frozen Foods,Cancelled
ORD000192,OI000192,602.62,Bakery,Rejected
ORD000193,OI000193,365.59,Baby Care,Completed
ORD000194,OI000194,159.25,Household,Completed
ORD000195,OI000195,2392.39,Snacks,Completed
ORD000196,OI000196,1259.5,Personal Care,Completed
ORD000197,OI000197,258.77,Snacks,Completed
ORD000198,OI000198,579.09,Personal Care,Completed
ORD000199,OI000199,614.5,Groceries,Cancelled
ORD000200,OI000200,163.13,Frozen Foods,Rejected
ORD000201,OI000201,738.76,Baby Care,Completed
ORD000202,OI000202,2078.43,Bakery,Completed
ORD000203,OI000203,168.94,Beverages,Cancelled
ORD000204,OI000204,550.5,Beverages,Completed
ORD000205,OI000205,192.82,Groceries,Rejected
ORD000206,OI000206,2260.77,Snacks,Cancelled
ORD000207,OI000207,2114.83,Personal Care,Cancelled
ORD000208,OI000208,558.28,Frozen Foods,Rejected
ORD000209,OI000209,2014.94,Frozen Foods,Cancelled
ORD000210,OI000210,2184.1,Bakery,Completed
ORD000211,OI000211,1542.19,Frozen Foods,Completed
ORD000212,OI000212,1532.65,Personal Care,Completed
ORD000213,OI000213,1372.4,Fruits & Vegetables,Completed
ORD000214,OI000214,631.1,Fruits & Vegetables,Completed
ORD000215,OI000215,312.56,Fruits & Vegetables,Completed
ORD000216,OI000216,1174.68,Baby Care,Cancelled
ORD000217,OI000217,1107.45,Dairy,Completed
ORD000218,OI000218,1163.36,Dairy,Completed
ORD000219,OI000219,280.31,Household,Completed
ORD000220,OI000220,772.38,Snacks,Rejected
ORD000221,OI000221,590.2,Beverages,Rejected
ORD000222,OI000222,2217.38,Bakery,Completed
ORD000223,OI000223,1894.96,Household,Completed
ORD000224,OI000224,1712.18,Personal Care,Cancelled
ORD000225,OI000225,674.22,Household,Completed
ORD000226,OI000226,496.75,Frozen Foods,Rejected
ORD000227,OI000227,968.25,Snacks,Completed
ORD000228,OI000228,1857.63,Dairy,Cancelled
ORD000229,OI000229,1446.29,Beverages,Cancelled
ORD000230,OI000230,1421.47,Bakery,Completed
ORD000231,OI000231,1828.2,Frozen Foods,Completed
ORD000232,OI000232,258.61,Dairy,Completed
ORD000233,OI000233,550.28,Baby Care,Cancelled
ORD000234,OI000234,1578.41,Snacks,Completed
ORD000235,OI000235,1202.25,Fruits & Vegetables,Completed
ORD000236,OI000236,1398.13,Personal Care,Rejected
ORD000237,OI000237,130.46,Household,Completed
ORD000238,OI000238,1268.39,Dairy,Completed
ORD000239,OI000239,1326.14,Frozen Foods,Cancelled
ORD000240,OI000240,1725.32,Snacks,Cancelled
ORD000241,OI000241,1552.86,Baby Care,Completed
ORD000242,OI000242,669.21,Fruits & Vegetables,Completed
ORD000243,OI000243,2027.02,Groceries,Completed
ORD000244,OI000244,1489.08,Frozen Foods,Completed
ORD000245,OI000245,1530.07,Household,Completed
ORD000246,OI000246,916.13,Household,Completed
ORD000247,OI000247,907.0,Household,Rejected
ORD000248,OI000248,1997.81,Fruits & Vegetables,Completed
ORD000249,OI000249,271.49,Snacks,Completed
ORD000250,OI000250,2425.31,Baby Care,Completed
ORD000251,OI000251,791.93,Snacks,Cancelled
ORD000252,OI000252,567.2,Household,Completed
ORD000253,OI000253,1751.16,Baby Care,Completed
ORD000254,OI000254,1895.03,Baby Care,Completed
ORD000255,OI000255,2129.67,Groceries,Rejected
ORD000256,OI000256,882.44,Groceries,Completed
ORD000257,OI000257,1134.6,Bakery,Cancelled
ORD000258,OI000258,2049.13,Fruits & Vegetables,Completed
ORD000259,OI000259,1051.34,Snacks,Completed
ORD000260,OI000260,2067.06,Household,Completed
ORD000261,OI000261,1535.74,Frozen Foods,Completed
ORD000262,OI000262,2499.6,Dairy,Completed
ORD000263,OI000263,489.77,Dairy,Completed
ORD000264,OI000264,2191.39,Baby Care,Completed
ORD000265,OI000265,913.42,Bakery,Completed
ORD000266,OI000266,205.23,Frozen Foods,Completed
ORD000267,OI000267,895.33,Fruits & Vegetables,Completed
ORD000268,OI000268,1360.48,Snacks,Completed
ORD000269,OI000269,1088.47,Snacks,Completed
ORD000270,OI000270,1204.95,Bakery,Completed
ORD000271,OI000271,1948.61,Dairy,Completed
ORD000272,OI000272,1626.56,Personal Care,Completed
ORD000273,OI000273,1084.17,Bakery,Completed
ORD000274,OI000274,1460.59,Household,Cancelled
ORD000275,OI000275,456.39,Baby Care,Completed
ORD000276,OI000276,1337.63,Beverages,Completed
ORD000277,OI000277,617.76,Bakery,Completed
ORD000278,OI000278,2315.39,Dairy,Completed
ORD000279,OI000279,155.72,Groceries,Completed
ORD000280,OI000280,2292.91,Bakery,Completed
ORD000281,OI000281,1026.68,Frozen Foods,Completed
ORD000282,OI000282,655.77,Dairy,Cancelled
ORD000283,OI000283,1533.09,Beverages,Cancelled
ORD000284,OI000284,1151.69,Bakery,Completed
ORD000285,OI000285,2400.63,Dairy,Completed
ORD000286,OI000286,330.27,Dairy,Completed
ORD000287,OI000287,998.8,Frozen Foods,Completed
ORD000288,OI000288,851.18,Groceries,Rejected
ORD000289,OI000289,1589.85,Frozen Foods,Cancelled
ORD000290,OI000290,146.28,Snacks,Cancelled
ORD000291,OI000291,463.62,Personal Care,Cancelled
ORD000292,OI000292,1311.95,Personal Care,Completed
ORD000293,OI000293,2174.1,Groceries,Completed
ORD000294,OI000294,2068.48,Household,Completed
ORD000295,OI000295,1024.38,Groceries,Cancelled
ORD000296,OI000296,2317.1,Dairy,Completed
ORD000297,OI000297,822.86,Dairy,Completed
ORD000298,OI000298,1609.99,Baby Care,Completed
ORD000299,OI000299,1884.7,Personal Care,Rejected
ORD000300,OI000300,105.92,Fruits & Vegetables,Cancelled
ORD000301,OI000301,1659.15,Fruits & Vegetables,Completed
ORD000302,OI000302,1853.65,Fruits & Vegetables,Completed
ORD000303,OI000303,2214.63,Dairy,Completed
ORD000304,OI000304,1931.22,Snacks,Completed
ORD000305,OI000305,186.07,Dairy,Completed
ORD000306,OI000306,2179.89,Beverages,Completed
ORD000307,OI000307,1823.19,Beverages,Rejected
ORD000308,OI000308,1899.94,Frozen Foods,Completed
ORD000309,OI000309,1785.29,Dairy,Completed
ORD000310,OI000310,835.32,Baby Care,Completed
ORD000311,OI000311,2135.08,Snacks,Rejected
ORD000312,OI000312,1453.75,Frozen Foods,Completed
ORD000313,OI000313,460.92,Frozen Foods,Completed
ORD000314,OI000314,1633.9,Snacks,Completed
ORD000315,OI000315,321.02,Frozen Foods,Completed
ORD000316,OI000316,503.5,Snacks,Completed
ORD000317,OI000317,1605.05,Snacks,Cancelled
ORD000318,OI000318,508.77,Frozen Foods,Cancelled
ORD000319,OI000319,886.14,Personal Care,Completed
ORD000320,OI000320,1599.67,Snacks,Completed
ORD000321,OI000321,2137.6,Snacks,Completed
ORD000322,OI000322,1021.92,Dairy,Cancelled
ORD000323,OI000323,376.9,Fruits & Vegetables,Completed
ORD000324,OI000324,228.89,Personal Care,Completed
ORD000325,OI000325,1814.89,Baby Care,Completed
ORD000326,OI000326,1192.92,Household,Completed
ORD000327,OI000327,1951.57,Fruits & Vegetables,Rejected
ORD000328,OI000328,1657.64,Frozen Foods,Completed
ORD000329,OI000329,1735.07,Groceries,Completed
ORD000330,OI000330,1136.34,Fruits & Vegetables,Completed
ORD000331,OI000331,1758.09,Personal Care,Completed
ORD000332,OI000332,2184.28,Beverages,Rejected
ORD000333,OI000333,1671.87,Snacks,Completed
ORD000334,OI000334,2225.44,Personal Care,Completed
ORD000335,OI000335,1274.61,Dairy,Completed
ORD000336,OI000336,2024.44,Beverages,Completed
ORD000337,OI000337,166.9,Dairy,Completed
ORD000338,OI000338,2406.83,Snacks,Completed
ORD000339,OI000339,669.32,Frozen Foods,Rejected
ORD000340,OI000340,299.61,Groceries,Completed
ORD000341,OI000341,107.3,Groceries,Cancelled
ORD000342,OI000342,1685.83,Fruits & Vegetables,Completed
ORD000343,OI000343,1780.89,Bakery,Cancelled
ORD000344,OI000344,2368.26,Fruits & Vegetables,Completed
ORD000345,OI000345,1507.84,Baby Care,Cancelled
ORD000346,OI000346,978.45,Fruits & Vegetables,Completed
ORD000347,OI000347,889.13,Snacks,Rejected
ORD000348,OI000348,456.09,Household,Completed
ORD000349,OI000349,2228.87,Frozen Foods,Cancelled
ORD000350,OI000350,953.88,Beverages,Rejected
ORD000351,OI000351,229.91,Household,Completed
ORD000352,OI000352,508.15,Frozen Foods,Completed
ORD000353,OI000353,1156.29,Bakery,Cancelled
ORD000354,OI000354,1079.87,Household,Cancelled
ORD000355,OI000355,1381.7,Groceries,Completed
ORD000356,OI000356,1446.44,Household,Completed
ORD000357,OI000357,1231.66,Beverages,Completed
ORD000358,OI000358,1834.59,Dairy,Cancelled
ORD000359,OI000359,1197.85,Fruits & Vegetables,Completed
ORD000360,OI000360,2085.32,Snacks,Rejected
ORD000361,OI000361,792.69,Beverages,Completed
ORD000362,OI000362,1185.52,Dairy,Completed
ORD000363,OI000363,138.75,Bakery,Completed
ORD000364,OI000364,1073.59,Bakery,Completed
ORD000365,OI000365,1186.26,Fruits & Vegetables,Completed
ORD000366,OI000366,1031.77,Bakery,Completed
ORD000367,OI000367,460.75,Beverages,Completed
ORD000368,OI000368,1104.14,Dairy,Rejected
ORD000369,OI000369,947.42,Baby Care,Completed
ORD000370,OI000370,2243.39,Bakery,Completed
ORD000371,OI000371,2073.92,Beverages,Completed
ORD000372,OI000372,1515.5,Snacks,Completed
ORD000373,OI000373,594.91,Baby Care,Completed
ORD000374,OI000374,1513.1,Personal Care,Rejected
ORD000375,OI000375,220.16,Fruits & Vegetables,Completed
ORD000376,OI000376,2288.41,Personal Care,Completed
ORD000377,OI000377,709.1,Baby Care,Completed
ORD000378,OI000378,2077.92,Groceries,Completed
ORD000379,OI000379,1232.56,Dairy,Completed
ORD000380,OI000380,688.49,Groceries,Completed
ORD000381,OI000381,1114.98,Frozen Foods,Completed
ORD000382,OI000382,2495.55,Personal Care,Completed
ORD000383,OI000383,2011.87,Personal Care,Completed
ORD000384,OI000384,2107.46,Personal Care,Completed
ORD000385,OI000385,1321.12,Household,Cancelled
ORD000386,OI000386,667.08,Beverages,Completed
ORD000387,OI000387,866.71,Frozen Foods,Cancelled
ORD000388,OI000388,2003.92,Groceries,Completed
ORD000389,OI000389,2395.72,Groceries,Completed
ORD000390,OI000390,1779.58,Dairy,Rejected
ORD000391,OI000391,2133.88,Dairy,Completed
ORD000392,OI000392,1452.44,Dairy,Completed
ORD000393,OI000393,505.36,Fruits & Vegetables,Rejected
ORD000394,OI000394,1413.43,Household,Rejected
ORD000395,OI000395,1535.04,Beverages,Completed
ORD000396,OI000396,421.78,Household,Completed
ORD000397,OI000397,1309.5,Personal Care,Cancelled
ORD000398,OI000398,844.98,Groceries,Completed
ORD000399,OI000399,2257.62,Snacks,Completed
ORD000400,OI000400,2328.41,Personal Care,Cancelled
ORD000401,OI000401,2382.05,Personal Care,Completed
ORD000402,OI000402,1556.55,Dairy,Completed
ORD000403,OI000403,1992.48,Dairy,Completed
ORD000404,OI000404,2338.43,Personal Care,Completed
ORD000405,OI000405,1630.07,Frozen Foods,Completed
ORD000406,OI000406,191.99,Dairy,Completed
ORD000407,OI000407,628.63,Groceries,Cancelled
ORD000408,OI000408,669.5,Snacks,Completed
ORD000409,OI000409,884.49,Snacks,Completed
ORD000410,OI000410,2066.96,Snacks,Completed
ORD000411,OI000411,2084.4,Snacks,Rejected
ORD000412,OI000412,1555.11,Frozen Foods,Completed
ORD000413,OI000413,133.71,Baby Care,Completed
ORD000414,OI000414,2016.57,Personal Care,Completed
ORD000415,OI000415,1522.19,Beverages,Completed
ORD000416,OI000416,1550.08,Frozen Foods,Completed
ORD000417,OI000417,213.58,Personal Care,Completed
ORD000418,OI000418,2318.0,Personal Care,Completed
ORD000419,OI000419,2435.52,Frozen Foods,Completed
ORD000420,OI000420,275.92,Baby Care,Cancelled
ORD000421,OI000421,714.87,Fruits & Vegetables,Completed
ORD000422,OI000422,1070.95,Baby Care,Completed
ORD000423,OI000423,2044.74,Snacks,Completed
ORD000424,OI000424,2385.32,Beverages,Completed
ORD000425,OI000425,341.54,Groceries,Completed
ORD000426,OI000426,717.23,Personal Care,Rejected
ORD000427,OI000427,135.27,Snacks,Completed
ORD000428,OI000428,1097.2,Dairy,Completed
ORD000429,OI000429,779.8,Frozen Foods,Completed
ORD000430,OI000430,1269.88,Fruits & Vegetables,Completed
ORD000431,OI000431,1752.47,Groceries,Completed
ORD000432,OI000432,1384.04,Groceries,Completed
ORD000433,OI000433,105.39,Frozen Foods,Completed
ORD000434,OI000434,178.6,Household,Completed
ORD000435,OI000435,1454.86,Bakery,Completed
ORD000436,OI000436,1744.44,Dairy,Completed
ORD000437,OI000437,658.54,Bakery,Completed
ORD000438,OI000438,1938.09,Dairy,Completed
ORD000439,OI000439,1606.92,Beverages,Cancelled
ORD000440,OI000440,1241.27,Baby Care,Completed
ORD000441,OI000441,2017.66,Frozen Foods,Completed
ORD000442,OI000442,1493.89,Snacks,Rejected
ORD000443,OI000443,2362.41,Personal Care,Rejected
ORD000444,OI000444,1534.67,Frozen Foods,Completed
ORD000445,OI000445,672.39,Fruits & Vegetables,Completed
ORD000446,OI000446,261.56,Beverages,Completed
ORD000447,OI000447,314.46,Fruits & Vegetables,Completed
ORD000448,OI000448,2494.08,Fruits & Vegetables,Completed
ORD000449,OI000449,2178.11,Beverages,Completed
ORD000450,OI000450,2440.21,Beverages,Rejected
ORD000451,OI000451,162.17,Frozen Foods,Completed
ORD000452,OI000452,1690.8,Bakery,Completed
ORD000453,OI000453,1874.86,Snacks,Completed
ORD000454,OI000454,1980.62,Beverages,Completed
ORD000455,OI000455,1125.77,Groceries,Completed
ORD000456,OI000456,405.31,Bakery,Cancelled
ORD000457,OI000457,1302.23,Snacks,Completed
ORD000458,OI000458,1648.41,Groceries,Completed
ORD000459,OI000459,2386.88,Groceries,Rejected
ORD000460,OI000460,1942.63,Personal Care,Completed
ORD000461,OI000461,1249.93,Bakery,Completed
ORD000462,OI000462,2098.3,Household,Rejected
ORD000463,OI000463,1650.96,Snacks,Completed
ORD000464,OI000464,139.08,Groceries,Cancelled
ORD000465,OI000465,900.35,Bakery,Cancelled
ORD000466,OI000466,701.58,Dairy,Completed
ORD000467,OI000467,1067.16,Household,Rejected
ORD000468,OI000468,1108.69,Dairy,Completed
ORD000469,OI000469,352.38,Beverages,Completed
ORD000470,OI000470,905.69,Household,Completed
ORD000471,OI000471,986.12,Dairy,Completed
ORD000472,OI000472,743.61,Fruits & Vegetables,Rejected
ORD000473,OI000473,1989.4,Household,Completed
ORD000474,OI000474,532.21,Beverages,Completed
ORD000475,OI000475,1587.12,Household,Completed
ORD000476,OI000476,2370.61,Bakery,Completed
ORD000477,OI000477,1377.17,Dairy,Completed
ORD000478,OI000478,2211.97,Snacks,Completed
ORD000479,OI000479,2296.22,Groceries,Completed
ORD000480,OI000480,306.17,Fruits & Vegetables,Completed
ORD000481,OI000481,412.57,Baby Care,Cancelled
ORD000482,OI000482,1536.89,Beverages,Rejected
ORD000483,OI000483,1220.35,Bakery,Completed
ORD000484,OI000484,236.61,Personal Care,Cancelled
ORD000485,OI000485,249.66,Dairy,Completed
ORD000486,OI000486,603.12,Groceries,Completed
ORD000487,OI000487,1804.66,Groceries,Rejected
ORD000488,OI000488,1192.82,Fruits & Vegetables,Cancelled
ORD000489,OI000489,2034.72,Frozen Foods,Completed
ORD000490,OI000490,1928.44,Bakery,Cancelled
ORD000491,OI000491,2386.74,Personal Care,Completed
ORD000492,OI000492,944.68,Frozen Foods,Completed
ORD000493,OI000493,1071.46,Dairy,Completed
ORD000494,OI000494,1839.73,Fruits & Vegetables,Rejected
ORD000495,OI000495,942.32,Personal Care,Completed
ORD000496,OI000496,1607.71,Dairy,Completed
ORD000497,OI000497,2380.82,Bakery,Rejected
ORD000498,OI000498,236.07,Household,Completed
ORD000499,OI000499,916.19,Fruits & Vegetables,Completed
ORD000500,OI000500,2461.63,Baby Care,Completed
ORD000501,OI000501,2026.84,Beverages,Cancelled
ORD000502,OI000502,1717.91,Groceries,Completed
ORD000503,OI000503,1803.84,Beverages,Completed
ORD000504,OI000504,1829.84,Baby Care,Completed
ORD000505,OI000505,2293.68,Fruits & Vegetables,Completed
ORD000506,OI000506,138.49,Groceries,Completed
ORD000507,OI000507,1147.09,Fruits & Vegetables,Completed
ORD000508,OI000508,615.4,Fruits & Vegetables,Rejected
ORD000509,OI000509,1548.97,Fruits & Vegetables,Rejected
ORD000510,OI000510,1675.77,Beverages,Completed
ORD000511,OI000511,2234.65,Fruits & Vegetables,Completed
ORD000512,OI000512,2060.64,Fruits & Vegetables,Cancelled
ORD000513,OI000513,556.29,Household,Completed
ORD000514,OI000514,681.06,Household,Rejected
ORD000515,OI000515,1092.25,Beverages,Completed
ORD000516,OI000516,2408.18,Household,Completed
ORD000517,OI000517,275.66,Household,Completed
ORD000518,OI000518,1059.4,Household,Completed
ORD000519,OI000519,2216.57,Groceries,Rejected
ORD000520,OI000520,1627.35,Groceries,Completed
ORD000521,OI000521,2350.49,Baby Care,Cancelled
ORD000522,OI000522,1338.57,Personal Care,Completed
ORD000523,OI000523,2336.16,Frozen Foods,Completed
ORD000524,OI000524,586.65,Groceries,Cancelled
ORD000525,OI000525,183.93,Baby Care,Cancelled
ORD000526,OI000526,1929.44,Dairy,Completed
ORD000527,OI000527,1494.11,Frozen Foods,Rejected
ORD000528,OI000528,1302.16,Frozen Foods,Completed
ORD000529,OI000529,1881.12,Snacks,Rejected
ORD000530,OI000530,1583.48,Frozen Foods,Rejected
ORD000531,OI000531,1096.83,Beverages,Completed
ORD000532,OI000532,777.6,Household,Cancelled
ORD000533,OI000533,301.94,Dairy,Rejected
ORD000534,OI000534,1109.11,Frozen Foods,Completed
ORD000535,OI000535,1240.27,Frozen Foods,Rejected
ORD000536,OI000536,933.94,Snacks,Rejected
ORD000537,OI000537,1462.19,Dairy,Cancelled
ORD000538,OI000538,1865.09,Frozen Foods,Completed
ORD000539,OI000539,2054.0,Frozen Foods,Completed
ORD000540,OI000540,1701.02,Dairy,Cancelled
ORD000541,OI000541,2130.62,Bakery,Completed
ORD000542,OI000542,1164.76,Snacks,Cancelled
ORD000543,OI000543,2345.24,Dairy,Completed
ORD000544,OI000544,1473.71,Personal Care,Rejected
ORD000545,OI000545,630.72,Bakery,Completed
ORD000546,OI000546,2496.43,Baby Care,Completed
ORD000547,OI000547,1379.07,Beverages,Completed
ORD000548,OI000548,360.72,Snacks,Completed
ORD000549,OI000549,427.24,Fruits & Vegetables,Completed
ORD000550,OI000550,1802.44,Baby Care,Rejected
ORD000551,OI000551,903.08,Household,Rejected
ORD000552,OI000552,1038.55,Personal Care,Completed
ORD000553,OI000553,1852.33,Groceries,Cancelled
ORD000554,OI000554,2286.27,Groceries,Completed
ORD000555,OI000555,1778.15,Dairy,Rejected
ORD000556,OI000556,2058.99,Household,Completed
ORD000557,OI000557,2440.42,Baby Care,Completed
ORD000558,OI000558,650.39,Snacks,Completed
ORD000559,OI000559,1373.57,Beverages,Completed
ORD000560,OI000560,1740.76,Beverages,Cancelled
ORD000561,OI000561,218.66,Bakery,Rejected
ORD000562,OI000562,2410.73,Beverages,Completed
ORD000563,OI000563,1673.69,Beverages,Completed
ORD000564,OI000564,2183.46,Baby Care,Cancelled
ORD000565,OI000565,226.77,Dairy,Completed
ORD000566,OI000566,1668.65,Fruits & Vegetables,Rejected
ORD000567,OI000567,1439.95,Beverages,Completed
ORD000568,OI000568,2370.31,Beverages,Rejected
ORD000569,OI000569,1462.24,Bakery,Rejected
ORD000570,OI000570,396.53,Frozen Foods,Completed
ORD000571,OI000571,1467.59,Snacks,Completed
ORD000572,OI000572,419.5,Frozen Foods,Completed
ORD000573,OI000573,1726.54,Personal Care,Cancelled
ORD000574,OI000574,1942.59,Snacks,Completed
ORD000575,OI000575,966.67,Fruits & Vegetables,Rejected
ORD000576,OI000576,996.59,Beverages,Rejected
ORD000577,OI000577,1260.13,Beverages,Cancelled
ORD000578,OI000578,1033.32,Dairy,Cancelled
ORD000579,OI000579,781.63,Frozen Foods,Rejected
ORD000580,OI000580,1292.54,Frozen Foods,Completed
ORD000581,OI000581,836.05,Bakery,Completed
ORD000582,OI000582,1131.73,Groceries,Completed
ORD000583,OI000583,1973.49,Frozen Foods,Rejected
ORD000584,OI000584,918.74,Beverages,Completed
ORD000585,OI000585,1926.8,Baby Care,Cancelled
ORD000586,OI000586,1353.49,Dairy,Completed
ORD000587,OI000587,735.83,Frozen Foods,Completed
ORD000588,OI000588,2141.08,Personal Care,Cancelled
ORD000589,OI000589,1561.53,Personal Care,Completed
ORD000590,OI000590,1764.57,Household,Rejected
ORD000591,OI000591,1189.53,Snacks,Completed
ORD000592,OI000592,759.47,Snacks,Completed
ORD000593,OI000593,1007.29,Bakery,Completed
ORD000594,OI000594,310.71,Fruits & Vegetables,Completed
ORD000595,OI000595,2122.57,Baby Care,Completed
ORD000596,OI000596,1529.55,Fruits & Vegetables,Rejected
ORD000597,OI000597,441.01,Fruits & Vegetables,Completed
ORD000598,OI000598,2070.32,Frozen Foods,Completed
ORD000599,OI000599,1000.49,Baby Care,Cancelled
ORD000600,OI000600,2213.51,Frozen Foods,Cancelled
ORD000601,OI000601,966.26,Frozen Foods,Rejected
ORD000602,OI000602,2320.95,Frozen Foods,Completed
ORD000603,OI000603,666.27,Personal Care,Cancelled
ORD000604,OI000604,101.38,Frozen Foods,Completed
ORD000605,OI000605,1354.23,Dairy,Completed
ORD000606,OI000606,2101.46,Dairy,Completed
ORD000607,OI000607,616.25,Frozen Foods,Completed
ORD000608,OI000608,1001.22,Groceries,Completed
ORD000609,OI000609,394.66,Personal Care,Completed
ORD000610,OI000610,363.37,Bakery,Completed
ORD000611,OI000611,638.63,Personal Care,Rejected
ORD000612,OI000612,119.16,Personal Care,Cancelled
ORD000613,OI000613,210.52,Fruits & Vegetables,Completed
ORD000614,OI000614,1580.97,Snacks,Rejected
ORD000615,OI000615,1588.82,Fruits & Vegetables,Cancelled
ORD000616,OI000616,1921.41,Bakery,Cancelled
ORD000617,OI000617,421.12,Snacks,Rejected
ORD000618,OI000618,2043.77,Personal Care,Completed
ORD000619,OI000619,570.08,Fruits & Vegetables,Completed
ORD000620,OI000620,1754.71,Bakery,Completed
ORD000621,OI000621,2434.39,Snacks,Completed
ORD000622,OI000622,1981.72,Household,Rejected
ORD000623,OI000623,1143.69,Bakery,Completed
ORD000624,OI000624,1049.81,Personal Care,Cancelled
ORD000625,OI000625,1688.17,Personal Care,Completed
ORD000626,OI000626,1314.95,Beverages,Completed
ORD000627,OI000627,2122.92,Dairy,Cancelled
ORD000628,OI000628,2239.27,Dairy,Cancelled
ORD000629,OI000629,1426.86,Dairy,Completed
ORD000630,OI000630,2180.54,Dairy,Completed
ORD000631,OI000631,496.06,Groceries,Completed
ORD000632,OI000632,476.72,Dairy,Completed
ORD000633,OI000633,137.31,Baby Care,Cancelled
ORD000634,OI000634,1061.6,Personal Care,Completed
ORD000635,OI000635,1017.05,Personal Care,Completed
ORD000636,OI000636,1536.59,Snacks,Completed
ORD000637,OI000637,1017.04,Frozen Foods,Rejected
ORD000638,OI000638,2096.95,Frozen Foods,Completed
ORD000639,OI000639,483.41,Groceries,Completed
ORD000640,OI000640,2377.81,Dairy,Completed
ORD000641,OI000641,946.54,Baby Care,Completed
ORD000642,OI000642,631.64,Bakery,Completed
ORD000643,OI000643,2061.05,Beverages,Completed
ORD000644,OI000644,1222.69,Fruits & Vegetables,Completed
ORD000645,OI000645,1846.78,Baby Care,Cancelled
ORD000646,OI000646,1044.16,Snacks,Completed
ORD000647,OI000647,1900.59,Groceries,Cancelled
ORD000648,OI000648,1049.76,Fruits & Vegetables,Completed
ORD000649,OI000649,1616.43,Fruits & Vegetables,Completed
ORD000650,OI000650,1259.16,Snacks,Completed
ORD000651,OI000651,1020.14,Snacks,Completed
ORD000652,OI000652,2258.87,Frozen Foods,Completed
ORD000653,OI000653,2227.17,Snacks,Completed
ORD000654,OI000654,2316.26,Groceries,Rejected
ORD000655,OI000655,1353.47,Personal Care,Completed
ORD000656,OI000656,1850.96,Frozen Foods,Cancelled
ORD000657,OI000657,1087.31,Beverages,Rejected
ORD000658,OI000658,480.76,Baby Care,Completed
ORD000659,OI000659,955.31,Personal Care,Completed
ORD000660,OI000660,922.32,Beverages,Completed
ORD000661,OI000661,1540.09,Frozen Foods,Completed
ORD000662,OI000662,2201.88,Baby Care,Completed
ORD000663,OI000663,2447.95,Fruits & Vegetables,Completed
ORD000664,OI000664,611.83,Dairy,Rejected
ORD000665,OI000665,1802.91,Bakery,Rejected
ORD000666,OI000666,474.95,Baby Care,Completed
ORD000667,OI000667,566.04,Frozen Foods,Completed
ORD000668,OI000668,2405.23,Household,Rejected
ORD000669,OI000669,236.09,Baby Care,Rejected
ORD000670,OI000670,452.77,Frozen Foods,Completed
ORD000671,OI000671,1644.98,Personal Care,Completed
ORD000672,OI000672,345.49,Personal Care,Completed
ORD000673,OI000673,2211.16,Frozen Foods,Rejected
ORD000674,OI000674,1575.89,Baby Care,Cancelled
ORD000675,OI000675,1339.73,Dairy,Rejected
ORD000676,OI000676,1092.89,Bakery,Completed
ORD000677,OI000677,1612.64,Dairy,Rejected
ORD000678,OI000678,1629.46,Personal Care,Completed
ORD000679,OI000679,1320.29,Household,Completed
ORD000680,OI000680,2297.38,Household,Rejected
ORD000681,OI000681,847.93,Snacks,Completed
ORD000682,OI000682,1277.88,Dairy,Completed
ORD000683,OI000683,910.11,Groceries,Cancelled
ORD000684,OI000684,382.13,Fruits & Vegetables,Rejected
ORD000685,OI000685,1048.58,Household,Rejected
ORD000686,OI000686,1100.73,Dairy,Cancelled
ORD000687,OI000687,807.52,Groceries,Completed
ORD000688,OI000688,1079.25,Personal Care,Completed
ORD000689,OI000689,675.51,Beverages,Completed
ORD000690,OI000690,1241.98,Beverages,Completed
ORD000691,OI000691,324.74,Dairy,Completed
ORD000692,OI000692,1657.7,Groceries,Completed
ORD000693,OI000693,1027.44, Snacks ,Completed
ORD000694,OI000694,378.44,Groceries,Completed
ORD000695,OI000695,1716.9,Household,Completed
ORD000696,OI000696,264.8,Personal Care,Cancelled
ORD000697,OI000697,540.24,Groceries,Cancelled
ORD000698,OI000698,406.46,Groceries,Completed
ORD000699,OI000699,531.43,Fruits & Vegetables,Completed
ORD000700,OI000700,730.3,Bakery,Rejected
ORD000701,OI000701,404.35,Personal Care,Cancelled
ORD000702,OI000702,1957.0,Baby Care,Completed
ORD000703,OI000703,324.88,Fruits & Vegetables,Completed
ORD000704,OI000704,2429.17,Baby Care,Completed
ORD000705,OI000705,1257.57,Snacks,Completed
ORD000706,OI000706,990.09,Fruits & Vegetables,Completed
ORD000707,OI000707,2190.48,Household,Completed
ORD000708,OI000708,903.42,Dairy,Rejected
ORD000709,OI000709,1423.98,Personal Care,Completed
ORD000710,OI000710,1375.2,Frozen Foods,Completed
ORD000711,OI000711,2057.17,Snacks,Rejected
ORD000712,OI000712,716.84,Snacks,Completed
ORD000713,OI000713,2294.73,Bakery,Completed
ORD000714,OI000714,431.1,Beverages,Completed
ORD000715,OI000715,873.79,Bakery,Completed
ORD000716,OI000716,1473.23,Baby Care,Rejected
ORD000717,OI000717,1194.59,Baby Care,Completed
ORD000718,OI000718,1199.36,Dairy,Completed
ORD000719,OI000719,235.97,Beverages,Completed
ORD000720,OI000720,1398.31,Groceries,Rejected
ORD000721,OI000721,1061.0,Bakery,Completed
ORD000722,OI000722,2022.39,Dairy,Completed
ORD000723,OI000723,1575.02,Personal Care,Completed
ORD000724,OI000724,1913.74,Baby Care,Completed
ORD000725,OI000725,1226.17,Snacks,Completed
ORD000726,OI000726,1368.89,Bakery,Cancelled
ORD000727,OI000727,951.87,Fruits & Vegetables,Cancelled
ORD000728,OI000728,2157.05,Beverages,Rejected
ORD000729,OI000729,2219.87,Fruits & Vegetables,Cancelled
ORD000730,OI000730,1826.08,Snacks,Rejected
ORD000731,OI000731,613.52,Groceries,Completed
ORD000732,OI000732,873.57,Frozen Foods,Completed
ORD000733,OI000733,1491.38,Snacks,Completed
ORD000734,OI000734,1909.24,Dairy,Completed
ORD000735,OI000735,1703.11,Groceries,Completed
ORD000736,OI000736,1603.97,Baby Care,Completed
ORD000737,OI000737,1324.42,Beverages,Completed
ORD000738,OI000738,1476.36,Baby Care,Cancelled
ORD000739,OI000739,1636.69,Bakery,Completed
ORD000740,OI000740,328.82,Household,Completed
ORD000741,OI000741,1025.46,Personal Care,Completed
ORD000742,OI000742,2043.42,Dairy,Completed
ORD000743,OI000743,2207.43,Dairy,Completed
ORD000744,OI000744,2373.98,Snacks,Completed
ORD000745,OI000745,946.39,Beverages,Completed
ORD000746,OI000746,1173.49,Groceries,Completed
ORD000747,OI000747,261.17,Beverages,Completed
ORD000748,OI000748,2251.07,Bakery,Completed
ORD000749,OI000749,2274.5,Groceries,Completed
ORD000750,OI000750,497.92,Snacks,Completed
ORD000751,OI000751,569.21,Beverages,Completed
ORD000752,OI000752,260.42,Frozen Foods,Completed
ORD000753,OI000753,992.27,Dairy,Completed
ORD000754,OI000754,2442.21,Fruits & Vegetables,Completed
ORD000755,OI000755,220.58,Personal Care,Completed
ORD000756,OI000756,2317.86,Personal Care,Completed
ORD000757,OI000757,2202.44,Snacks,Cancelled
ORD000758,OI000758,837.0,Personal Care,Rejected
ORD000759,OI000759,2389.06,Personal Care,Cancelled
ORD000760,OI000760,1469.64,Household,Cancelled
ORD000761,OI000761,1334.98,Beverages,Completed
ORD000762,OI000762,1387.48,Groceries,Completed
ORD000763,OI000763,1933.24,Beverages,Completed
ORD000764,OI000764,2302.48,Frozen Foods,Completed
ORD000765,OI000765,1728.01,Groceries,Cancelled
ORD000766,OI000766,247.66,Snacks,Cancelled
ORD000767,OI000767,1402.94,Dairy,Rejected
ORD000768,OI000768,354.89,Fruits & Vegetables,Rejected
ORD000769,OI000769,1523.91,Personal Care,Completed
ORD000770,OI000770,937.53,Household,Completed
ORD000771,OI000771,1149.95,Groceries,Completed
ORD000772,OI000772,1738.74,Baby Care,Completed
ORD000773,OI000773,818.51,Frozen Foods,Completed
ORD000774,OI000774,845.82,Fruits & Vegetables,Completed
ORD000775,OI000775,2017.91,Snacks,Completed
ORD000776,OI000776,1988.44,Bakery,Cancelled
ORD000777,OI000777,1018.19,Baby Care,Completed
ORD000778,OI000778,1431.37,Baby Care,Completed
ORD000779,OI000779,1192.79,Snacks,Completed
ORD000780,OI000780,2003.23,Frozen Foods,Completed
ORD000781,OI000781,1606.41,Baby Care,Completed
ORD000782,OI000782,1472.14,Snacks,Completed
ORD000783,OI000783,2193.41,Frozen Foods,Completed
ORD000784,OI000784,699.84,Personal Care,Cancelled
ORD000785,OI000785,2163.37,Dairy,Cancelled
ORD000786,OI000786,234.67,Frozen Foods,Cancelled
ORD000787,OI000787,626.78,Baby Care,Completed
ORD000788,OI000788,387.73,Personal Care,Rejected
ORD000789,OI000789,377.12,Snacks,Rejected
ORD000790,OI000790,410.09,Dairy,Completed
ORD000791,OI000791,1211.71,Baby Care,Completed
ORD000792,OI000792,1927.92,Personal Care,Completed
ORD000793,OI000793,1809.24,Baby Care,Completed
ORD000794,OI000794,1988.07,Personal Care,Rejected
ORD000795,OI000795,1498.73,Personal Care,Rejected
ORD000796,OI000796,1432.77,Dairy,Completed
ORD000797,OI000797,1964.72,Groceries,Rejected
ORD000798,OI000798,1741.51,Frozen Foods,Completed
ORD000799,OI000799,1454.84,Household,Completed
ORD000800,OI000800,1767.8,Household,Completed
ORD000801,OI000801,1699.64,Frozen Foods,Completed
ORD000802,OI000802,1050.31,Frozen Foods,Completed
ORD000803,OI000803,1885.93,Snacks,Completed
ORD000804,OI000804,1397.48,Household,Cancelled
ORD000805,OI000805,1341.19,Snacks,Completed
ORD000806,OI000806,1225.87,Baby Care,Completed
ORD000807,OI000807,1421.84,Dairy,Completed
ORD000808,OI000808,2356.08,Beverages,Rejected
ORD000809,OI000809,1772.12,Dairy,Rejected
ORD000810,OI000810,1688.36,Household,Rejected
ORD000811,OI000811,1875.19,Bakery,Completed
ORD000812,OI000812,1850.35,Household,Completed
ORD000813,OI000813,722.6,Bakery,Rejected
ORD000814,OI000814,875.74,Beverages,Rejected
ORD000815,OI000815,1896.5,Dairy,Rejected
ORD000816,OI000816,218.37,Fruits & Vegetables,Completed
ORD000817,OI000817,670.63,Frozen Foods,Completed
ORD000818,OI000818,2338.28,Baby Care,Completed
ORD000819,OI000819,1528.21,Frozen Foods,Rejected
ORD000820,OI000820,1021.26,Snacks,Completed
ORD000821,OI000821,353.82,Bakery,Completed
ORD000822,OI000822,721.4,Personal Care,Rejected
ORD000823,OI000823,824.98,Groceries,Rejected
ORD000824,OI000824,2440.25,Dairy,Completed
ORD000825,OI000825,2303.97,Personal Care,Completed
ORD000826,OI000826,1421.79,Fruits & Vegetables,Cancelled
ORD000827,OI000827,1362.46,Dairy,Completed
ORD000828,OI000828,433.46,Personal Care,Completed
ORD000829,OI000829,1074.14,Household,Cancelled
ORD000830,OI000830,1869.85,Beverages,Completed
ORD000831,OI000831,283.47,Household,Completed
ORD000832,OI000832,511.13,Household,Completed
ORD000833,OI000833,1397.54,Baby Care,Completed
ORD000834,OI000834,1532.41,Baby Care,Completed
ORD000835,OI000835,2183.37,Personal Care,Rejected
ORD000836,OI000836,728.95,Beverages,Cancelled
ORD000837,OI000837,2490.65,Household,Completed
ORD000838,OI000838,1407.43,Dairy,Completed
ORD000839,OI000839,971.9,Personal Care,Completed
ORD000840,OI000840,166.9,Groceries,Completed
ORD000841,OI000841,286.01,Snacks,Completed
ORD000842,OI000842,1612.65,Frozen Foods,Rejected
ORD000843,OI000843,2099.7,Baby Care,Completed
ORD000844,OI000844,1060.82,Frozen Foods,Completed
ORD000845,OI000845,1640.66,Baby Care,Completed
ORD000846,OI000846,1281.76,Snacks,Rejected
ORD000847,OI000847,953.3,Household,Cancelled
ORD000848,OI000848,2229.66,Personal Care,Completed
ORD000849,OI000849,231.38,Household,Completed
ORD000850,OI000850,1106.07,Frozen Foods,Completed
ORD000851,OI000851,1234.07,Frozen Foods,Completed
ORD000852,OI000852,2440.63,Bakery,Cancelled
ORD000853,OI000853,2240.52,Dairy,Completed
ORD000854,OI000854,1221.45,Groceries,Completed
ORD000855,OI000855,819.74,Beverages,Completed
ORD000856,OI000856,331.96,Snacks,Rejected
ORD000857,OI000857,621.05,Baby Care,Completed
ORD000858,OI000858,232.87,Baby Care,Completed
ORD000859,OI000859,1202.53,Bakery,Completed
ORD000860,OI000860,225.88,Bakery,Cancelled
ORD000861,OI000861,1854.11,Snacks,Rejected
ORD000862,OI000862,239.68,Fruits & Vegetables,Completed
ORD000863,OI000863,1860.26,Snacks,Rejected
ORD000864,OI000864,1725.46,Frozen Foods,Completed
ORD000865,OI000865,896.33,Bakery,Completed
ORD000866,OI000866,1746.63,Groceries,Completed
ORD000867,OI000867,1247.78,Frozen Foods,Completed
ORD000868,OI000868,2406.03,Baby Care,Completed
ORD000869,OI000869,483.8,Bakery,Rejected
ORD000870,OI000870,1291.78,Bakery,Completed
ORD000871,OI000871,1121.86,Beverages,Completed
ORD000872,OI000872,1560.77,Baby Care,Completed
ORD000873,OI000873,2249.38,Baby Care,Completed
ORD000874,OI000874,731.28,Bakery,Completed
ORD000875,OI000875,255.69,Personal Care,Cancelled
ORD000876,OI000876,1431.77,Beverages,Completed
ORD000877,OI000877,1764.16,Beverages,Completed
ORD000878,OI000878,1548.2,Household,Rejected
ORD000879,OI000879,1747.53,Beverages,Completed
ORD000880,OI000880,255.81,Personal Care,Completed
ORD000881,OI000881,1253.6,Household,Rejected
ORD000882,OI000882,720.32,Bakery,Completed
ORD000883,OI000883,1583.78,Personal Care,Completed
ORD000884,OI000884,2390.19,Beverages,Cancelled
ORD000885,OI000885,889.53,Dairy,Cancelled
ORD000886,OI000886,741.83,Personal Care,Completed
ORD000887,OI000887,262.39,Personal Care,Completed
ORD000888,OI000888,715.38,Beverages,Completed
ORD000889,OI000889,2128.97,Beverages,Cancelled
ORD000890,OI000890,2069.03,Personal Care,Cancelled
ORD000891,OI000891,403.39,Beverages,Cancelled
ORD000892,OI000892,1147.84,Frozen Foods,Rejected
ORD000893,OI000893,1871.3,Beverages,Completed
ORD000894,OI000894,1877.88,Frozen Foods,Rejected
ORD000895,OI000895,2419.85,Frozen Foods,Completed
ORD000896,OI000896,1546.86,Baby Care,Cancelled
ORD000897,OI000897,1447.55,Household,Cancelled
ORD000898,OI000898,1330.34,Household,Cancelled
ORD000899,OI000899,1331.15,Baby Care,Rejected
ORD000900,OI000900,2248.52,Groceries,Rejected
ORD000901,OI000901,939.0,Baby Care,Completed
ORD000902,OI000902,738.6,Bakery,Completed
ORD000903,OI000903,214.4,Frozen Foods,Completed
ORD000904,OI000904,863.44,Frozen Foods,Completed
ORD000905,OI000905,2060.21,Dairy,Completed
ORD000906,OI000906,427.01,Frozen Foods,Completed
ORD000907,OI000907,2180.77,Household,Completed
ORD000908,OI000908,1019.11,Snacks,Completed
ORD000909,OI000909,2388.38,Frozen Foods,Cancelled
ORD000910,OI000910,1884.6,Household,Completed
ORD000911,OI000911,1752.36,Fruits & Vegetables,Completed
ORD000912,OI000912,1131.97,Snacks,Completed
ORD000913,OI000913,1877.41,Snacks,Completed
ORD000914,OI000914,-204.31,Personal Care,Completed
ORD000915,OI000915,1992.49,Personal Care,Completed
ORD000916,OI000916,-2427.8,Baby Care,Rejected
ORD000917,OI000917,1270.95,Beverages,Completed
ORD000918,OI000918,1469.3,Fruits & Vegetables,Completed
ORD000919,OI000919,2030.18,Bakery,Completed
ORD000920,OI000920,780.53,Household,Completed
ORD000921,OI000921,1774.42,Household,Completed
ORD000922,OI000922,2073.42,Household,Cancelled
ORD000923,OI000923,756.02,Fruits & Vegetables,Completed
ORD000924,OI000924,1688.35,Dairy,Cancelled
ORD000925,OI000925,1956.45,Personal Care,Completed
ORD000926,OI000926,555.99,Baby Care,Cancelled
ORD000927,OI000927,2113.23,Bakery,Rejected
ORD000928,OI000928,2097.88,Dairy,Cancelled
ORD000929,OI000929,590.58,Beverages,Completed
ORD000930,OI000930,1255.01,Baby Care,Rejected
ORD000931,OI000931,1952.47,Baby Care,Completed
ORD000932,OI000932,1170.84,Bakery,Completed
ORD000933,OI000933,2083.4,Dairy,Cancelled
ORD000934,OI000934,902.75,Fruits & Vegetables,Completed
ORD000935,OI000935,2128.6,Groceries,Completed
ORD000936,OI000936,935.75,Baby Care,Completed
ORD000937,OI000937,1041.17,Snacks,Completed
ORD000938,OI000938,1794.92,Bakery,Completed
ORD000939,OI000939,874.57,Personal Care,Completed
ORD000940,OI000940,1443.31,Fruits & Vegetables,Completed
ORD000941,OI000941,365.7,Personal Care,Completed
ORD000942,OI000942,485.48,Baby Care,Completed
ORD000943,OI000943,1998.88,Groceries,Cancelled
ORD000944,OI000944,2426.98,Frozen Foods,Completed
ORD000945,OI000945,1274.52,Personal Care,Completed
ORD000946,OI000946,413.51,Personal Care,Completed
ORD000947,OI000947,1348.6,Beverages,Rejected
ORD000948,OI000948,2383.93,Beverages,Completed
ORD000949,OI000949,2280.4,Baby Care,Completed
ORD000950,OI000950,1736.91,Frozen Foods,Completed
ORD000951,OI000951,2366.71,Baby Care,Cancelled
ORD000952,OI000952,1492.69,Fruits & Vegetables,Completed
ORD000953,OI000953,102.87,Household,Rejected
ORD000954,OI000954,2281.06,Fruits & Vegetables,Rejected
ORD000955,OI000955,606.09,Personal Care,Completed
ORD000956,OI000956,132.0,Beverages,Completed
ORD000957,OI000957,1104.66,Bakery,Completed
ORD000958,OI000958,2164.11,Groceries,Completed
ORD000959,OI000959,915.73,Personal Care,Rejected
ORD000960,OI000960,862.97,Fruits & Vegetables,Cancelled
ORD000961,OI000961,877.03,Personal Care,Completed
ORD000962,OI000962,1174.18,Household,Completed
ORD000963,OI000963,1904.92,Household,Cancelled
ORD000964,OI000964,1582.97,Groceries,Completed
ORD000965,OI000965,610.6,Personal Care,Completed
ORD000966,OI000966,918.97,Groceries,Cancelled
ORD000967,OI000967,1277.4,Beverages,Completed
ORD000968,OI000968,1843.8,Dairy,Rejected
ORD000969,OI000969,2295.16,Groceries,Cancelled
ORD000970,OI000970,1548.0,Snacks,Completed
ORD000971,OI000971,964.05,Snacks,Completed
ORD000972,OI000972,2450.68,Frozen Foods,Rejected
ORD000973,OI000973,483.91,Beverages,Completed
ORD000974,OI000974,2205.39,Bakery,Completed
ORD000975,OI000975,1007.06,Dairy,completed
ORD000976,OI000976,2373.65,Dairy,Cancelled
ORD000977,OI000977,513.03,Snacks,Completed
ORD000978,OI000978,1020.35,Frozen Foods,Completed
ORD000979,OI000979,256.45,Snacks,Completed
ORD000980,OI000980,2260.29,Beverages,Completed
ORD000981,OI000981,412.63,Household,Completed
ORD000982,OI000982,1501.44,Snacks,Rejected
ORD000983,OI000983,633.06,Personal Care,Cancelled
ORD000984,OI000984,2386.45,Household,Completed
ORD000985,OI000985,1706.68,Frozen Foods,Rejected
ORD000986,OI000986,1195.09,Bakery,Cancelled
ORD000987,OI000987,172.01,Personal Care,Rejected
ORD000988,OI000988,371.67,Baby Care,Cancelled
ORD000989,OI000989,1632.69,Dairy,Completed
ORD000990,OI000990,1201.43,Household,Cancelled
ORD000991,OI000991,1877.47,Bakery,Completed
ORD000992,OI000992,1624.52,Baby Care,Completed
ORD000993,OI000993,205.17,Bakery,Completed
ORD000994,OI000994,177.93,Frozen Foods,Completed
ORD000995,OI000995,766.2,Bakery,Rejected
ORD000996,OI000996,1464.66,Frozen Foods,Completed
ORD000997,OI000997,542.74,Personal Care,Completed
ORD000998,OI000998,1234.01,Bakery,Cancelled
ORD000999,OI000999,1851.4,Baby Care,Cancelled
ORD001000,OI001000,1091.9,Household,Rejected
ORD001001,OI001001,345.11,Beverages,Cancelled
ORD001002,OI001002,1214.43,Groceries,Completed
ORD001003,OI001003,1693.75,Bakery,Completed
ORD001004,OI001004,2433.18,Baby Care,Completed
ORD001005,OI001005,2317.94,Personal Care,Cancelled
ORD001006,OI001006,1973.57,Personal Care,Cancelled
ORD001007,OI001007,1952.34,Snacks,Completed
ORD001008,OI001008,1662.22,Snacks,Cancelled
ORD001009,OI001009,848.7,Baby Care,Completed
ORD001010,OI001010,710.17,Snacks,Completed
ORD001011,OI001011,1575.16,Fruits & Vegetables,Rejected
ORD001012,OI001012,993.44,Dairy,Cancelled
ORD001013,OI001013,1255.72,Bakery,Completed
ORD001014,OI001014,1580.78,Bakery,Rejected
ORD001015,OI001015,295.83,Baby Care,Completed
ORD001016,OI001016,698.71,Beverages,Rejected
ORD001017,OI001017,386.4,Household,Rejected
ORD001018,OI001018,608.13,Groceries,Cancelled
ORD001019,OI001019,2294.82,Groceries,Completed
ORD001020,OI001020,1760.41,Dairy,Rejected
ORD001021,OI001021,1043.36,Fruits & Vegetables,Completed
ORD001022,OI001022,2204.79,Fruits & Vegetables,Cancelled
ORD001023,OI001023,598.16,Snacks,Completed
ORD001024,OI001024,1725.63,Fruits & Vegetables,Completed
ORD001025,OI001025,1969.19,Baby Care,Completed
ORD001026,OI001026,992.9,Personal Care,Cancelled
ORD001027,OI001027,905.74,Dairy,Cancelled
ORD001028,OI001028,953.73,Bakery,Completed
ORD001029,OI001029,1051.48,Beverages,Completed
ORD001030,OI001030,411.51,Beverages,Completed
ORD001031,OI001031,1207.72,Dairy,Completed
ORD001032,OI001032,2344.91,Frozen Foods,Rejected
ORD001033,OI001033,1580.04,Groceries,Cancelled
ORD001034,OI001034,1779.69,Fruits & Vegetables,Completed
ORD001035,OI001035,977.3,Fruits & Vegetables,Completed
ORD001036,OI001036,2498.87,Snacks,Completed
ORD001037,OI001037,1982.04,Personal Care,Completed
ORD001038,OI001038,1427.45,Bakery,Completed
ORD001039,OI001039,1056.67,Frozen Foods,Rejected
ORD001040,OI001040,1264.59,Baby Care,Rejected
ORD001041,OI001041,1264.26,Groceries,Cancelled
ORD001042,OI001042,2397.3,Groceries,Completed
ORD001043,OI001043,2431.34,Snacks,Completed
ORD001044,OI001044,2057.31,Dairy,Cancelled
ORD001045,OI001045,2239.48,Personal Care,Completed
ORD001046,OI001046,2348.38,Frozen Foods,Completed
ORD001047,OI001047,2241.64,Bakery,Completed
ORD001048,OI001048,170.39,Snacks,Completed
ORD001049,OI001049,1465.42,Baby Care,Cancelled
ORD001050,OI001050,1520.51,Household,Completed
ORD001051,OI001051,310.21,Bakery,Completed
ORD001052,OI001052,1666.97,Beverages,Rejected
ORD001053,OI001053,1370.08,Beverages,Rejected
ORD001054,OI001054,1777.73,Frozen Foods,Completed
ORD001055,OI001055,1264.91,Beverages,Completed
ORD001056,OI001056,1657.48,Snacks,Completed
ORD001057,OI001057,1904.15,Snacks,Cancelled
ORD001058,OI001058,879.27,Fruits & Vegetables,Completed
ORD001059,OI001059,1818.85,Frozen Foods,Cancelled
ORD001060,OI001060,222.86,Personal Care,Rejected
ORD001061,OI001061,1308.07,Bakery,Cancelled
ORD001062,OI001062,1846.41,Beverages,Completed
ORD001063,OI001063,1825.68,Groceries,Cancelled
ORD001064,OI001064,228.17,Frozen Foods,Completed
ORD001065,OI001065,894.91,Baby Care,Completed
ORD001066,OI001066,274.62,Baby Care,Completed
ORD001067,OI001067,2320.47,Household,Completed
ORD001068,OI001068,1883.32,Bakery,Rejected
ORD001069,OI001069,1859.25,Dairy,Completed
ORD001070,OI001070,2453.9,Snacks,Cancelled
ORD001071,OI001071,2300.65,Beverages,Cancelled
ORD001072,OI001072,2110.78,Groceries,Completed
ORD001073,OI001073,945.59,Household,Completed
ORD001074,OI001074,1283.6,Dairy,Rejected
ORD001075,OI001075,221.16,Personal Care,Rejected
ORD001076,OI001076,1922.59,Dairy,Cancelled
ORD001077,OI001077,1345.76,Personal Care,Rejected
ORD001078,OI001078,1302.2,Baby Care,Cancelled
ORD001079,OI001079,2496.33,Beverages,Cancelled
ORD001080,OI001080,1361.9,Snacks,Cancelled
ORD001081,OI001081,2426.89,Dairy,Cancelled
ORD001082,OI001082,345.99,Groceries,Completed
ORD001083,OI001083,2140.82,Fruits & Vegetables,Completed
ORD001084,OI001084,320.52,Fruits & Vegetables,Cancelled
ORD001085,OI001085,2181.42,Personal Care,Completed
ORD001086,OI001086,1493.4,Dairy,Cancelled
ORD001087,OI001087,320.91,Personal Care,Completed
ORD001088,OI001088,489.02,Groceries,Completed
ORD001089,OI001089,1281.71,Bakery,Cancelled
ORD001090,OI001090,1900.38,Baby Care,Rejected
ORD001091,OI001091,1152.58,Frozen Foods,Completed
ORD001092,OI001092,2178.96,Baby Care,Completed
ORD001093,OI001093,1938.61,Frozen Foods,Completed
ORD001094,OI001094,856.62,Bakery,Completed
ORD001095,OI001095,2448.49,Personal Care,Completed
ORD001096,OI001096,1441.33,Bakery,Cancelled
ORD001097,OI001097,1378.62,Household,Completed
ORD001098,OI001098,1676.02,Fruits & Vegetables,Completed
ORD001099,OI001099,1556.9,Baby Care,Completed
ORD001100,OI001100,921.91,Fruits & Vegetables,Completed
ORD001101,OI001101,930.67,Household,Completed
ORD001102,OI001102,678.49,Household,Completed
ORD001103,OI001103,880.29,Fruits & Vegetables,Cancelled
ORD001104,OI001104,2027.0,Fruits & Vegetables,Rejected
ORD001105,OI001105,183.89,Fruits & Vegetables,Completed
ORD001106,OI001106,1538.18,Personal Care,Completed
ORD001107,OI001107,1174.39,Fruits & Vegetables,Completed
ORD001108,OI001108,1940.81,Personal Care,Completed
ORD001109,OI001109,661.87,Dairy,Completed
ORD001110,OI001110,1801.69,Beverages,Completed
ORD001111,OI001111,2139.44,Frozen Foods,Completed
ORD001112,OI001112,2438.26,Dairy,Rejected
ORD001113,OI001113,1612.48,Frozen Foods,Cancelled
ORD001114,OI001114,1765.71,Bakery,Completed
ORD001115,OI001115,121.55,Fruits & Vegetables,Cancelled
ORD001116,OI001116,530.68,Bakery,Completed
ORD001117,OI001117,1327.89,Frozen Foods,Completed
ORD001118,OI001118,2341.18,Fruits & Vegetables,Cancelled
ORD001119,OI001119,2009.63,Dairy,Cancelled
ORD001120,OI001120,1396.35,Personal Care,Completed
ORD001121,OI001121,402.1,Personal Care,Rejected
ORD001122,OI001122,1466.11,Personal Care,Cancelled
ORD001123,OI001123,336.84,Dairy,Completed
ORD001124,OI001124,1399.4,Household,Completed
ORD001125,OI001125,544.86,Beverages,Completed
ORD001126,OI001126,2347.38,Frozen Foods,Rejected
ORD001127,OI001127,644.03,Dairy,Completed
ORD001128,OI001128,1428.19,Bakery,completed
ORD001129,OI001129,2197.77,Groceries,Completed
ORD001130,OI001130,1632.35,Frozen Foods,Completed
ORD001131,OI001131,1769.49,Groceries,Completed
ORD001132,OI001132,1912.37,Beverages,Cancelled
ORD001133,OI001133,2204.26,Personal Care,Completed
ORD001134,OI001134,1417.67,Snacks,Completed
ORD001135,OI001135,2072.41,Fruits & Vegetables,Completed
ORD001136,OI001136,1761.81,Beverages,Completed
ORD001137,OI001137,779.1,Frozen Foods,Completed
ORD001138,OI001138,544.19,Dairy,Rejected
ORD001139,OI001139,2255.86,Beverages,Completed
ORD001140,OI001140,2376.25,Baby Care,Completed
ORD001141,OI001141,331.5,Dairy,Completed
ORD001142,OI001142,403.26,Beverages,Completed
ORD001143,OI001143,208.93,Snacks,Completed
ORD001144,OI001144,1802.74,Dairy,Completed
ORD001145,OI001145,1562.46,Groceries,Completed
ORD001146,OI001146,663.66,Groceries,Cancelled
ORD001147,OI001147,1698.62,Beverages,Completed
ORD001148,OI001148,1568.67,Snacks,Completed
ORD001149,OI001149,271.08,Snacks,Rejected
ORD001150,OI001150,2179.28,Snacks,Completed
ORD001151,OI001151,1559.54,Bakery,Completed
ORD001152,OI001152,1119.58,Fruits & Vegetables,Completed
ORD001153,OI001153,2317.84,Frozen Foods,Completed
ORD001154,OI001154,2171.61,Groceries,Cancelled
ORD001155,OI001155,809.29,Frozen Foods,Completed
ORD001156,OI001156,1098.61,Dairy,Completed
ORD001157,OI001157,1553.34,Fruits & Vegetables,Completed
ORD001158,OI001158,2227.08,Dairy,Rejected
ORD001159,OI001159,1086.01,Dairy,Rejected
ORD001160,OI001160,1055.1,Personal Care,Completed
ORD001161,OI001161,760.75,Beverages,Cancelled
ORD001162,OI001162,1063.25,Personal Care,Completed
ORD001163,OI001163,773.03,Snacks,Completed
ORD001164,OI001164,108.73,Groceries,Cancelled
ORD001165,OI001165,1586.34,Household,Completed
ORD001166,OI001166,1289.01,Beverages,Completed
ORD001167,OI001167,1198.78,Dairy,Completed
ORD001168,OI001168,1468.28,Frozen Foods,Rejected
ORD001169,OI001169,962.83,Frozen Foods,Rejected
ORD001170,OI001170,2427.66,Personal Care,Rejected
ORD001171,OI001171,2465.84,Beverages,Cancelled
ORD001172,OI001172,2448.29,Beverages,Completed
ORD001173,OI001173,1117.19,Fruits & Vegetables,Rejected
ORD001174,OI001174,1040.36,Personal Care,Completed
ORD001175,OI001175,816.83,Fruits & Vegetables,Rejected
ORD001176,OI001176,960.16,Dairy,Cancelled
ORD001177,OI001177,764.31,Snacks,Rejected
ORD001178,OI001178,1682.39,Personal Care,Cancelled
ORD001179,OI001179,1951.8,Beverages,Completed
ORD001180,OI001180,1019.68,Personal Care,Completed
ORD001181,OI001181,1460.71,Dairy,Cancelled
ORD001182,OI001182,209.45,Personal Care,Rejected
ORD001183,OI001183,102.08,Dairy,Completed
ORD001184,OI001184,1295.62,Frozen Foods,Completed
ORD001185,OI001185,498.12,Frozen Foods,Completed
ORD001186,OI001186,1554.69,Groceries,Completed
ORD001187,OI001187,1129.79,Frozen Foods,Completed
ORD001188,OI001188,1505.17,Frozen Foods,Completed
ORD001189,OI001189,805.04,Baby Care,Completed
ORD001190,OI001190,2401.85,Household,Completed
ORD001191,OI001191,361.13,Groceries,Completed
ORD001192,OI001192,1910.22,Household,Cancelled
ORD001193,OI001193,242.07,Dairy,Completed
ORD001194,OI001194,266.66,Snacks,Completed
ORD001195,OI001195,1915.72,Dairy,Completed
ORD001196,OI001196,2110.25,Personal Care,Completed
ORD001197,OI001197,247.47,Baby Care,Rejected
ORD001198,OI001198,1879.08,Bakery,Completed
ORD001199,OI001199,697.55,Fruits & Vegetables,Completed
ORD001200,OI001200,1090.39,Baby Care,Cancelled
ORD001201,OI001201,794.38,Frozen Foods,Rejected
ORD001202,OI001202,1842.24,Household,Cancelled
ORD001203,OI001203,1032.63,Groceries,Completed
ORD001204,OI001204,867.21,Dairy,Cancelled
ORD001205,OI001205,414.9,Beverages,Completed
ORD001206,OI001206,1685.71,Beverages,Completed
ORD001207,OI001207,1286.74,Household,Completed
ORD001208,OI001208,1954.98,Groceries,Rejected
ORD001209,OI001209,1711.77,Personal Care,Completed
ORD001210,OI001210,342.4,Groceries,Cancelled
ORD001211,OI001211,2327.4,Beverages,Completed
ORD001212,OI001212,1828.65,Beverages,Completed
ORD001213,OI001213,135.9,Fruits & Vegetables,Rejected
ORD001214,OI001214,404.46,Bakery,Completed
ORD001215,OI001215,1114.45,Snacks,Completed
ORD001216,OI001216,1768.9,Snacks,Completed
ORD001217,OI001217,2482.96,Household,Completed
ORD001218,OI001218,1796.04,Groceries,Completed
ORD001219,OI001219,2444.25,Personal Care,Completed
ORD001220,OI001220,1961.52,Baby Care,Completed
ORD001221,OI001221,155.5,Bakery,Rejected
ORD001222,OI001222,700.59,Household,Rejected
ORD001223,OI001223,1597.11,Snacks,Cancelled
ORD001224,OI001224,2462.28,Snacks,Completed
ORD001225,OI001225,592.1,Snacks,Completed
ORD001226,OI001226,1759.36,Groceries,Rejected
ORD001227,OI001227,1194.3,Fruits & Vegetables,Completed
ORD001228,OI001228,1247.57,Personal Care,Completed
ORD001229,OI001229,1033.87,Fruits & Vegetables,Cancelled
ORD001230,OI001230,1464.73,Baby Care,Completed
ORD001231,OI001231,2312.82,Bakery,Completed
ORD001232,OI001232,2118.33,Dairy,Completed
ORD001233,OI001233,2153.33,Personal Care,Completed
ORD001234,OI001234,2051.45,Beverages,Completed
ORD001235,OI001235,236.65,Baby Care,Cancelled
ORD001236,OI001236,1415.92,Personal Care,Completed
ORD001237,OI001237,1240.5,Groceries,Completed
ORD001238,OI001238,1844.61,Beverages,Completed
ORD001239,OI001239,110.03,Snacks,Cancelled
ORD001240,OI001240,2497.38,Dairy,Completed
ORD001241,OI001241,1295.17,Beverages,Completed
ORD001242,OI001242,802.25,Baby Care,Completed
ORD001243,OI001243,620.3,Bakery,Completed
ORD001244,OI001244,2149.23,Frozen Foods,Cancelled
ORD001245,OI001245,1687.09,Fruits & Vegetables,Completed
ORD001246,OI001246,1889.46,Fruits & Vegetables,Completed
ORD001247,OI001247,2429.6,Baby Care,Completed
ORD001248,OI001248,1755.15,Household,Completed
ORD001249,OI001249,745.08,Baby Care,Completed
ORD001250,OI001250,1439.3,Snacks,Completed
ORD001251,OI001251,261.07,Baby Care,Cancelled
ORD001252,OI001252,2106.71,Dairy,Completed
ORD001253,OI001253,1637.7,Baby Care,Rejected
ORD001254,OI001254,1842.03,Beverages,Completed
ORD001255,OI001255,1532.48,Bakery,Completed
ORD001256,OI001256,2022.43,Baby Care,Rejected
ORD001257,OI001257,2425.97,Beverages,Completed
ORD001258,OI001258,853.37,Frozen Foods,Cancelled
ORD001259,OI001259,2294.7,Household,Cancelled
ORD001260,OI001260,1073.54,Dairy,Completed
ORD001261,OI001261,1580.89,Beverages,Completed
ORD001262,OI001262,2226.47,Baby Care,Completed
ORD001263,OI001263,343.28,Bakery,Rejected
ORD001264,OI001264,1385.92,Bakery,Completed
ORD001265,OI001265,1710.19,Groceries,Rejected
ORD001266,OI001266,756.71,Dairy,Completed
ORD001267,OI001267,501.36,Groceries,Completed
ORD001268,OI001268,1874.47,Fruits & Vegetables,Completed
ORD001269,OI001269,673.21,Dairy,Cancelled
ORD001270,OI001270,1180.26,Fruits & Vegetables,Completed
ORD001271,OI001271,266.18,Frozen Foods,Completed
ORD001272,OI001272,1155.24,Bakery,Completed
ORD001273,OI001273,1671.2,Beverages,Completed
ORD001274,OI001274,1605.2,Snacks,Completed
ORD001275,OI001275,2094.12,Bakery,Completed
ORD001276,OI001276,1175.62,Snacks,Completed
ORD001277,OI001277,1255.62,Groceries,Completed
ORD001278,OI001278,1199.42,Household,Cancelled
ORD001279,OI001279,769.05,Fruits & Vegetables,Cancelled
ORD001280,OI001280,288.79,Dairy,Cancelled
ORD001281,OI001281,1078.11,Personal Care,Rejected
ORD001282,OI001282,1854.6,Beverages,Rejected
ORD001283,OI001283,2334.74,Fruits & Vegetables,Completed
ORD001284,OI001284,1476.77,Frozen Foods,Completed
ORD001285,OI001285,1162.16,Baby Care,Completed
ORD001286,OI001286,1279.9,Snacks,Completed
ORD001287,OI001287,145.69,Baby Care,Completed
ORD001288,OI001288,2479.55,Bakery,Cancelled
ORD001289,OI001289,1053.98,,Completed
ORD001290,OI001290,1349.85,Baby Care,Rejected
ORD001291,OI001291,1540.17,Dairy,Completed
ORD001292,OI001292,1248.34,Beverages,Rejected
ORD001293,OI001293,2484.96,Beverages,Completed
ORD001294,OI001294,665.1,Bakery,Completed
ORD001295,OI001295,2326.24,Fruits & Vegetables,Cancelled
ORD001296,OI001296,187.67,Bakery,Rejected
ORD001297,OI001297,1830.86,Frozen Foods,Rejected
ORD001298,OI001298,588.04,Beverages,Completed
ORD001299,OI001299,669.34,Snacks,Completed
ORD001300,OI001300,708.98,Bakery,Completed
ORD001301,OI001301,2029.98,Beverages,Rejected
ORD001302,OI001302,1542.68,Household,Cancelled
ORD001303,OI001303,705.83,Personal Care,Completed
ORD001304,OI001304,266.5,Household,Rejected
ORD001305,OI001305,1295.02,Bakery,Rejected
ORD001306,OI001306,1242.03,Snacks,Rejected
ORD001307,OI001307,1498.78,Frozen Foods,Completed
ORD001308,OI001308,827.85,Baby Care,Rejected
ORD001309,OI001309,2010.43,Baby Care,Completed
ORD001310,OI001310,1218.25,Snacks,Completed
ORD001311,OI001311,2129.99,Bakery,Completed
ORD001312,OI001312,278.22,Bakery,Rejected
ORD001313,OI001313,1216.4,Personal Care,Completed
ORD001314,OI001314,973.41,Fruits & Vegetables,Completed
ORD001315,OI001315,1353.74,Dairy,Completed
ORD001316,OI001316,1598.36,Dairy,Completed
ORD001317,OI001317,763.64,Bakery,Completed
ORD001318,OI001318,750.31,Bakery,Rejected
ORD001319,OI001319,2395.22,Dairy,Cancelled
ORD001320,OI001320,436.71,Fruits & Vegetables,Completed
ORD001321,OI001321,1800.57,Groceries,Completed
ORD001322,OI001322,1391.19,Fruits & Vegetables,Rejected
ORD001323,OI001323,1894.97,Dairy,Cancelled
ORD001324,OI001324,606.37,Fruits & Vegetables,Rejected
ORD001325,OI001325,298.24,Beverages,Completed
ORD001326,OI001326,402.28,Groceries,Cancelled
ORD001327,OI001327,1181.51,Dairy,Rejected
ORD001328,OI001328,2425.34,Baby Care,Completed
ORD001329,OI001329,832.29,Frozen Foods,Completed
ORD001330,OI001330,1540.37,Bakery,Completed
ORD001331,OI001331,390.04,Personal Care,Rejected
ORD001332,OI001332,1212.46,Household,Completed
ORD001333,OI001333,1340.88,Household,Completed
ORD001334,OI001334,1315.11,Fruits & Vegetables,Completed
ORD001335,OI001335,1832.38,Beverages,Rejected
ORD001336,OI001336,734.43,,Completed
ORD001337,OI001337,605.99,Household,Completed
ORD001338,OI001338,1091.55,Frozen Foods,Cancelled
ORD001339,OI001339,2317.27,Personal Care,Cancelled
ORD001340,OI001340,1536.62,Baby Care,Rejected
ORD001341,OI001341,2187.15,Fruits & Vegetables,Completed
ORD001342,OI001342,733.0,Bakery,Cancelled
ORD001343,OI001343,1666.03,Baby Care,Rejected
ORD001344,OI001344,116.6,Baby Care,Cancelled
ORD001345,OI001345,2382.37,Snacks,Completed
ORD001346,OI001346,1090.96,Bakery,Completed
ORD001347,OI001347,2388.28,Snacks,Completed
ORD001348,OI001348,1785.73,Baby Care,Cancelled
ORD001349,OI001349,2312.89,Personal Care,Completed
ORD001350,OI001350,1311.59,Household,Completed
ORD001351,OI001351,1857.81,Snacks,Rejected
ORD001352,OI001352,104.17,Baby Care,Completed
ORD001353,OI001353,155.74,Baby Care,Completed
ORD001354,OI001354,757.96,Bakery,Completed
ORD001355,OI001355,144.48,Beverages,Completed
ORD001356,OI001356,2445.2,Personal Care,Completed
ORD001357,OI001357,1312.64,Fruits & Vegetables,Completed
ORD001358,OI001358,1348.25,Baby Care,Completed
ORD001359,OI001359,577.52,Snacks,Completed
ORD001360,OI001360,1848.65,Groceries,Cancelled
ORD001361,OI001361,1262.7,Personal Care,Completed
ORD001362,OI001362,1234.49,Beverages,Completed
ORD001363,OI001363,779.44,Household,Rejected
ORD001364,OI001364,2162.1,Dairy,Completed
ORD001365,OI001365,1096.43,Baby Care,Cancelled
ORD001366,OI001366,416.81,Frozen Foods,Cancelled
ORD001367,OI001367,512.75,Bakery,Cancelled
ORD001368,OI001368,635.39,Dairy,Completed
ORD001369,OI001369,367.13,Bakery,Completed
ORD001370,OI001370,741.45,Frozen Foods,Completed
ORD001371,OI001371,1090.28,Beverages,Completed
ORD001372,OI001372,888.51,Baby Care,Rejected
ORD001373,OI001373,145.68,Personal Care,Completed
ORD001374,OI001374,1854.9,Frozen Foods,Completed
ORD001375,OI001375,353.33,Frozen Foods,Rejected
ORD001376,OI001376,778.95,Bakery,Completed
ORD001377,OI001377,1291.35,Frozen Foods,Completed
ORD001378,OI001378,1375.13,Dairy,Completed
ORD001379,OI001379,2073.44,Frozen Foods,Completed
ORD001380,OI001380,1010.05,Fruits & Vegetables,Completed
ORD001381,OI001381,117.79,Dairy,Completed
ORD001382,OI001382,2126.06,Groceries,Completed
ORD001383,OI001383,1062.0,Dairy,Completed
ORD001384,OI001384,635.74,Frozen Foods,Completed
ORD001385,OI001385,1683.16,Fruits & Vegetables,Completed
ORD001386,OI001386,1612.52,Personal Care,Completed
ORD001387,OI001387,2228.89,Snacks,Cancelled
ORD001388,OI001388,1192.43,Groceries,Completed
ORD001389,OI001389,1420.97,Snacks,Completed
ORD001390,OI001390,506.42,Groceries,Completed
ORD001391,OI001391,149.69,Household,Completed
ORD001392,OI001392,1565.14,Bakery,Completed
ORD001393,OI001393,2052.58,Household,Completed
ORD001394,OI001394,2471.85,Household,Cancelled
ORD001395,OI001395,2041.38,Household,Completed
ORD001396,OI001396,1104.51,Snacks,Completed
ORD001397,OI001397,1824.85,Beverages,Completed
ORD001398,OI001398,1355.35,Beverages,Completed
ORD001399,OI001399,545.29,Groceries,Cancelled
ORD001400,OI001400,789.54,Bakery,Cancelled
ORD001401,OI001401,1856.1,Beverages,Completed
ORD001402,OI001402,388.62,Fruits & Vegetables,Completed
ORD001403,OI001403,1541.48,Household,Completed
ORD001404,OI001404,1309.75,Personal Care,Completed
ORD001405,OI001405,467.47,Groceries,Rejected
ORD001406,OI001406,368.23,Fruits & Vegetables,Rejected
ORD001407,OI001407,193.38,Snacks,Completed
ORD001408,OI001408,876.19,Baby Care,Completed
ORD001409,OI001409,2352.95,Dairy,Completed
ORD001410,OI001410,350.67,Baby Care,Completed
ORD001411,OI001411,1558.26,Groceries,Rejected
ORD001412,OI001412,256.13,Dairy,Completed
ORD001413,OI001413,1855.35,Frozen Foods,Cancelled
ORD001414,OI001414,1941.67,Dairy,Completed
ORD001415,OI001415,1821.51,Fruits & Vegetables,Rejected
ORD001416,OI001416,104.13,Baby Care,Completed
ORD001417,OI001417,1348.27,Dairy,Cancelled
ORD001418,OI001418,1151.55,Baby Care,Completed
ORD001419,OI001419,1065.14,Personal Care,Completed
ORD001420,OI001420,2110.91,Household,Completed
ORD001421,OI001421,317.73,Snacks,Rejected
ORD001422,OI001422,474.09,Bakery,Cancelled
ORD001423,OI001423,2434.81,Dairy,Completed
ORD001424,OI001424,2265.58,Dairy,Cancelled
ORD001425,OI001425,2328.47,Dairy,Completed
ORD001426,OI001426,2434.65,Frozen Foods,Completed
ORD001427,OI001427,797.28,Beverages,Rejected
ORD001428,OI001428,1119.04,Bakery,Completed
ORD001429,OI001429,554.24,Dairy,Rejected
ORD001430,OI001430,139.62,Baby Care,Completed
ORD001431,OI001431,1317.7,Snacks,Completed
ORD001432,OI001432,466.98,Household,Completed
ORD001433,OI001433,648.22,Household,Rejected
ORD001434,OI001434,612.86,Baby Care,Completed
ORD001435,OI001435,1284.54,Baby Care,Cancelled
ORD001436,OI001436,522.07,Groceries,Completed
ORD001437,OI001437,2497.28,Groceries,Rejected
ORD001438,OI001438,1138.75,Frozen Foods,Rejected
ORD001439,OI001439,1985.64,Groceries,Completed
ORD001440,OI001440,2455.16,Beverages,Rejected
ORD001441,OI001441,407.18,Dairy,Completed
ORD001442,OI001442,2158.94,Snacks,Cancelled
ORD001443,OI001443,2356.52,Household,Completed
ORD001444,OI001444,2116.43,Frozen Foods,Completed
ORD001445,OI001445,202.68,Personal Care,Completed
ORD001446,OI001446,1446.86,Snacks,Rejected
ORD001447,OI001447,2314.36,Groceries,Cancelled
ORD001448,OI001448,2216.01,Household,Completed
ORD001449,OI001449,1861.44,Bakery,Completed
ORD001450,OI001450,2077.26,Dairy,Cancelled
ORD001451,OI001451,703.09,Snacks,Completed
ORD001452,OI001452,1337.71,Household,Rejected
ORD001453,OI001453,156.38,Frozen Foods,Cancelled
ORD001454,OI001454,1217.61,Bakery,Cancelled
ORD001455,OI001455,160.95,Bakery,Rejected
ORD001456,OI001456,1625.32,Baby Care,Cancelled
ORD001457,OI001457,2326.59,Beverages,Cancelled
ORD001458,OI001458,1414.93,Personal Care,Completed
ORD001459,OI001459,1676.9,Personal Care,Completed
ORD001460,OI001460,293.52,Dairy,Completed
ORD001461,OI001461,1910.71,Bakery,Completed
ORD001462,OI001462,2302.81,Personal Care,Completed
ORD001463,OI001463,933.93,Groceries,Completed
ORD001464,OI001464,601.08,Snacks,Completed
ORD001465,OI001465,1867.51,Household,Rejected
ORD001466,OI001466,1727.13,Bakery,Completed
ORD001467,OI001467,1499.19,,Completed
ORD001468,OI001468,1536.05,Dairy,Rejected
ORD001469,OI001469,1220.76,Dairy,Completed
ORD001470,OI001470,2418.83,Groceries,Completed
ORD001471,OI001471,1733.62,Groceries,Completed
ORD001472,OI001472,2465.34,Groceries,Cancelled
ORD001473,OI001473,437.85,Personal Care,Cancelled
ORD001474,OI001474,244.19,Beverages,Rejected
ORD001475,OI001475,124.43,Groceries,Rejected
ORD001476,OI001476,430.46,Beverages,Rejected
ORD001477,OI001477,2123.38,Groceries,Completed
ORD001478,OI001478,1595.01,Baby Care,Completed
ORD001479,OI001479,858.26,Groceries,Rejected
ORD001480,OI001480,353.61,Fruits & Vegetables,Completed
ORD001481,OI001481,2417.37,Snacks,Completed
ORD001482,OI001482,2415.82,Frozen Foods,Rejected
ORD001483,OI001483,2085.97,Baby Care,Completed
ORD001484,OI001484,760.55,Bakery,Completed
ORD001485,OI001485,2438.43,Personal Care,Completed
ORD001486,OI001486,1551.33,Fruits & Vegetables,Completed
ORD001487,OI001487,2150.76,Baby Care,Completed
ORD001488,OI001488,2441.02,Beverages,Completed
ORD001489,OI001489,2350.43,Beverages,Completed
ORD001490,OI001490,2124.61,Dairy,Completed
ORD001491,OI001491,1236.51,Fruits & Vegetables,Rejected
ORD001492,OI001492,869.18,Bakery,Completed
ORD001493,OI001493,959.15,Household,Rejected
ORD001494,OI001494,1717.79,Baby Care,Rejected
ORD001495,OI001495,2146.57,Bakery,Completed
ORD001496,OI001496,607.66,Groceries,Cancelled
ORD001497,OI001497,1784.57,Bakery,Completed
ORD001498,OI001498,1941.63,Dairy,Completed
ORD001499,OI001499,1025.86,Fruits & Vegetables,Completed
ORD001500,OI001500,1199.65,Household,Completed
ORD001501,OI001501,1241.3,Beverages,Completed
ORD001502,OI001502,925.73,Frozen Foods,Completed
ORD001503,OI001503,2318.89,Groceries,Completed
ORD001504,OI001504,483.97,Frozen Foods,Completed
ORD001505,OI001505,1970.66,Fruits & Vegetables,Cancelled
ORD001506,OI001506,2317.27,Bakery,Completed
ORD001507,OI001507,175.26,Snacks,Completed
ORD001508,OI001508,321.9,Personal Care,Completed
ORD001509,OI001509,-1740.98,Bakery,Completed
ORD001510,OI001510,554.81,Beverages,Completed
ORD001511,OI001511,1748.09,Bakery,Completed
ORD001512,OI001512,1706.63,Dairy,Completed
ORD001513,OI001513,383.19,Snacks,Completed
ORD001514,OI001514,1609.7,Household,Completed
ORD001515,OI001515,127.73,Baby Care,Cancelled
ORD001516,OI001516,1912.87,Snacks,Completed
ORD001517,OI001517,2386.72,Dairy,Completed
ORD001518,OI001518,1289.75,Beverages,Cancelled
ORD001519,OI001519,2165.6,Fruits & Vegetables,Completed
ORD001520,OI001520,1082.55,Groceries,Completed
ORD001521,OI001521,1887.64,Beverages,Completed
ORD001522,OI001522,2442.19,Bakery,Cancelled
ORD001523,OI001523,2223.41,Groceries,Cancelled
ORD001524,OI001524,1439.42,Baby Care,Completed
ORD001525,OI001525,423.97,Snacks,Completed
ORD001526,OI001526,971.56,Groceries,Rejected
ORD001527,OI001527,242.97,Beverages,Completed
ORD001528,OI001528,1509.14,Dairy,Cancelled
ORD001529,OI001529,207.32,Household,Completed
ORD001530,OI001530,365.3,Bakery,Completed
ORD001531,OI001531,2471.04,Snacks,Completed
ORD001532,OI001532,2098.91,Groceries,Completed
ORD001533,OI001533,1673.37,Groceries,Cancelled
ORD001534,OI001534,346.74,Groceries,completed
ORD001535,OI001535,1151.18,Frozen Foods,Completed
ORD001536,OI001536,219.17,Personal Care,Cancelled
ORD001537,OI001537,1418.02,Fruits & Vegetables,Cancelled
ORD001538,OI001538,1162.6,Household,Completed
ORD001539,OI001539,1912.53,Snacks,Rejected
ORD001540,OI001540,116.77,Personal Care,Completed
ORD001541,OI001541,1051.03,Baby Care,Completed
ORD001542,OI001542,2400.04,Fruits & Vegetables,Rejected
ORD001543,OI001543,2390.13,Beverages,Completed
ORD001544,OI001544,1414.08,Groceries,Completed
ORD001545,OI001545,1279.22,Frozen Foods,Completed
ORD001546,OI001546,1596.55,Dairy,Completed
ORD001547,OI001547,1568.56,Bakery,Completed
ORD001548,OI001548,1832.68,Bakery,Cancelled
ORD001549,OI001549,1444.4,Personal Care,Completed
ORD001550,OI001550,547.39,Frozen Foods,Rejected
ORD001551,OI001551,2286.38,Dairy,Completed
ORD001552,OI001552,1534.77,Fruits & Vegetables,Completed
ORD001553,OI001553,853.82,Beverages,Cancelled
ORD001554,OI001554,189.19,Bakery,Completed
ORD001555,OI001555,800.31,Frozen Foods,Rejected
ORD001556,OI001556,1721.72,Beverages,Completed
ORD001557,OI001557,179.96,Dairy,Completed
ORD001558,OI001558,235.96,Dairy,Completed
ORD001559,OI001559,2309.76,Fruits & Vegetables,Completed
ORD001560,OI001560,1589.26,Snacks,Completed
ORD001561,OI001561,2269.21, Beverages ,Rejected
ORD001562,OI001562,1661.68,Household,Completed
ORD001563,OI001563,2450.53,Baby Care,Completed
ORD001564,OI001564,1280.37,Household,Completed
ORD001565,OI001565,655.07,Fruits & Vegetables,Cancelled
ORD001566,OI001566,694.31,Beverages,Completed
ORD001567,OI001567,997.95,Personal Care,Rejected
ORD001568,OI001568,547.59,Household,Completed
ORD001569,OI001569,1136.38,Beverages,Rejected
ORD001570,OI001570,2127.09,Snacks,Completed
ORD001571,OI001571,675.55,Household,Rejected
ORD001572,OI001572,1276.35,Snacks,Completed
ORD001573,OI001573,809.37,Frozen Foods,Completed
ORD001574,OI001574,1757.59,Fruits & Vegetables,Cancelled
ORD001575,OI001575,670.37,Fruits & Vegetables,Cancelled
ORD001576,OI001576,326.32,Household,Completed
ORD001577,OI001577,1766.51,Baby Care,Rejected
ORD001578,OI001578,205.57,Baby Care,Cancelled
ORD001579,OI001579,2107.24,Snacks,Completed
ORD001580,OI001580,2280.71,Bakery,Completed
ORD001581,OI001581,1321.64,Bakery,Completed
ORD001582,OI001582,1377.84,Fruits & Vegetables,Completed
ORD001583,OI001583,1001.12,Dairy,Rejected
ORD001584,OI001584,1361.68,Snacks,Completed
ORD001585,OI001585,1930.38,Personal Care,Completed
ORD001586,OI001586,1025.08,Frozen Foods,Completed
ORD001587,OI001587,356.99,Beverages,Rejected
ORD001588,OI001588,1142.76,Household,Completed
ORD001589,OI001589,2333.75,Fruits & Vegetables,Cancelled
ORD001590,OI001590,2090.6,Beverages,Completed
ORD001591,OI001591,313.01,Personal Care,Completed
ORD001592,OI001592,544.95,Dairy,Completed
ORD001593,OI001593,1722.88,Frozen Foods,Completed
ORD001594,OI001594,2431.35,Fruits & Vegetables,Completed
ORD001595,OI001595,634.66,Frozen Foods,Completed
ORD001596,OI001596,2043.04,Dairy,Completed
ORD001597,OI001597,1372.37,Dairy,Cancelled
ORD001598,OI001598,2128.48,Beverages,Completed
ORD001599,OI001599,1993.21,Bakery,Completed
ORD001600,OI001600,182.75,Baby Care,Completed
ORD001601,OI001601,2104.78,Snacks,Rejected
ORD001602,OI001602,373.55,Snacks,Completed
ORD001603,OI001603,2348.76,Baby Care,Completed
ORD001604,OI001604,343.05,Baby Care,Completed
ORD001605,OI001605,161.68,Baby Care,Completed
ORD001606,OI001606,487.13,Groceries,Completed
ORD001607,OI001607,1527.95,Dairy,Rejected
ORD001608,OI001608,1230.06,Personal Care,Completed
ORD001609,OI001609,491.75,Household,Completed
ORD001610,OI001610,2091.01,Bakery,Cancelled
ORD001611,OI001611,1310.49,Snacks,Completed
ORD001612,OI001612,573.41,Dairy,Cancelled
ORD001613,OI001613,266.73,Frozen Foods,Rejected
ORD001614,OI001614,1211.45,Beverages,Rejected
ORD001615,OI001615,1122.36,Groceries,Completed
ORD001616,OI001616,719.8,Groceries,Completed
ORD001617,OI001617,1955.54,Household,Completed
ORD001618,OI001618,1356.36,Beverages,Rejected
ORD001619,OI001619,2380.0,Baby Care,Completed
ORD001620,OI001620,1078.78,Personal Care,Completed
ORD001621,OI001621,1162.56,Groceries,Rejected
ORD001622,OI001622,1384.53,Snacks,Completed
ORD001623,OI001623,893.78,Beverages,Rejected
ORD001624,OI001624,822.08,Baby Care,Completed
ORD001625,OI001625,932.06,Fruits & Vegetables,Cancelled
ORD001626,OI001626,1662.84,Baby Care,Cancelled
ORD001627,OI001627,1449.54,Household,Completed
ORD001628,OI001628,982.71,Bakery,Completed
ORD001629,OI001629,680.29,Fruits & Vegetables,Completed
ORD001630,OI001630,477.59,Personal Care,Completed
ORD001631,OI001631,731.51,Baby Care,Completed
ORD001632,OI001632,857.79,Personal Care,Cancelled
ORD001633,OI001633,2404.23,Frozen Foods,Completed
ORD001634,OI001634,565.3,Fruits & Vegetables,Completed
ORD001635,OI001635,2195.29,Baby Care,Cancelled
ORD001636,OI001636,1572.47,Groceries,Rejected
ORD001637,OI001637,957.71,Dairy,Completed
ORD001638,OI001638,2474.66,Baby Care,Completed
ORD001639,OI001639,1808.01,Baby Care,Rejected
ORD001640,OI001640,207.59,Personal Care,Completed
ORD001641,OI001641,601.85,Personal Care,Completed
ORD001642,OI001642,192.64,Household,Cancelled
ORD001643,OI001643,155.25,Baby Care,Completed
ORD001644,OI001644,574.24,Frozen Foods,Rejected
ORD001645,OI001645,965.13,Baby Care,Completed
ORD001646,OI001646,1492.6,Groceries,Cancelled
ORD001647,OI001647,2085.28,Baby Care,Completed
ORD001648,OI001648,1498.75,Dairy,Completed
ORD001649,OI001649,1992.11,Dairy,Completed
ORD001650,OI001650,168.87,Personal Care,Completed
ORD001651,OI001651,1773.42,Beverages,Rejected
ORD001652,OI001652,289.49,Frozen Foods,Completed
ORD001653,OI001653,533.57,Bakery,Completed
ORD001654,OI001654,644.71,Household,Completed
ORD001655,OI001655,1437.35,Dairy,Completed
ORD001656,OI001656,1162.53,Baby Care,Completed
ORD001657,OI001657,2028.36,Bakery,Completed
ORD001658,OI001658,936.61,Fruits & Vegetables,Cancelled
ORD001659,OI001659,1396.28,Baby Care,Rejected
ORD001660,OI001660,856.22,Bakery,Completed
ORD001661,OI001661,682.82,Personal Care,Cancelled
ORD001662,OI001662,1155.69,Snacks,Completed
ORD001663,OI001663,664.63,Dairy,Completed
ORD001664,OI001664,1951.49,Baby Care,Completed
ORD001665,OI001665,2306.33,Personal Care,Cancelled
ORD001666,OI001666,2219.28,Bakery,Completed
ORD001667,OI001667,1013.07,Bakery,Rejected
ORD001668,OI001668,413.74,Household,Completed
ORD001669,OI001669,744.34,Frozen Foods,Rejected
ORD001670,OI001670,363.49,Snacks,Completed
ORD001671,OI001671,353.41,Beverages,Completed
ORD001672,OI001672,2163.61,Frozen Foods,Completed
ORD001673,OI001673,962.59,Household,Completed
ORD001674,OI001674,2335.81,Snacks,Rejected
ORD001675,OI001675,1663.64,Snacks,Completed
ORD001676,OI001676,998.87,Baby Care,Cancelled
ORD001677,OI001677,1071.12,Personal Care,Cancelled
ORD001678,OI001678,1728.62,Groceries,Completed
ORD001679,OI001679,1332.65,Bakery,Cancelled
ORD001680,OI001680,1079.68,Beverages,Rejected
ORD001681,OI001681,1432.87,Baby Care,Completed
ORD001682,OI001682,207.07,Frozen Foods,Completed
ORD001683,OI001683,1891.21,Dairy,Completed
ORD001684,OI001684,1017.28,Fruits & Vegetables,Rejected
ORD001685,OI001685,1850.78,Bakery,Cancelled
ORD001686,OI001686,523.18,Household,Rejected
ORD001687,OI001687,1881.9,Bakery,Completed
ORD001688,OI001688,1535.41,Beverages,Cancelled
ORD001689,OI001689,266.84,Baby Care,Completed
ORD001690,OI001690,1010.37,Frozen Foods,Completed
ORD001691,OI001691,2028.63,Dairy,Completed
ORD001692,OI001692,2324.18,Personal Care,Completed
ORD001693,OI001693,2053.74,Bakery,Completed
ORD001694,OI001694,1007.24,Bakery,Completed
ORD001695,OI001695,1558.02,Dairy,Completed
ORD001696,OI001696,1496.04,Bakery,Rejected
ORD001697,OI001697,1329.84,Beverages,Completed
ORD001698,OI001698,150.23,Dairy,Completed
ORD001699,OI001699,1569.89,Beverages,Completed
ORD001700,OI001700,2405.34,Personal Care,Completed
ORD001701,OI001701,350.96,Frozen Foods,Completed
ORD001702,OI001702,187.59,Dairy,Completed
ORD001703,OI001703,275.32,Frozen Foods,Cancelled
ORD001704,OI001704,1970.57,Snacks,Completed
ORD001705,OI001705,1592.5,Frozen Foods,Rejected
ORD001706,OI001706,1622.41,Snacks,Completed
ORD001707,OI001707,1136.41,Fruits & Vegetables,Rejected
ORD001708,OI001708,2243.76,Bakery,Completed
ORD001709,OI001709,804.09,Bakery,Completed
ORD001710,OI001710,237.24,Beverages,Rejected
ORD001711,OI001711,2272.68,Baby Care,Completed
ORD001712,OI001712,2244.58,Snacks,Completed
ORD001713,OI001713,1805.8,Personal Care,Completed
ORD001714,OI001714,1414.87,Bakery,Completed
ORD001715,OI001715,690.38,Dairy,Completed
ORD001716,OI001716,1810.1,Frozen Foods,Rejected
ORD001717,OI001717,910.63,Household,Cancelled
ORD001718,OI001718,353.17,Baby Care,Completed
ORD001719,OI001719,505.45,Beverages,Completed
ORD001720,OI001720,2496.68,Baby Care,Cancelled
ORD001721,OI001721,152.31,Bakery,Completed
ORD001722,OI001722,2390.88,Personal Care,Completed
ORD001723,OI001723,1620.21,Beverages,Completed
ORD001724,OI001724,1859.18,Household,Completed
ORD001725,OI001725,151.77,Bakery,Cancelled
ORD001726,OI001726,2297.1,Dairy,Completed
ORD001727,OI001727,952.63,Fruits & Vegetables,Completed
ORD001728,OI001728,2101.82,Bakery,Rejected
ORD001729,OI001729,1174.82,Baby Care,Cancelled
ORD001730,OI001730,572.72,Fruits & Vegetables,Rejected
ORD001731,OI001731,1955.2,Beverages,Rejected
ORD001732,OI001732,1597.93,Fruits & Vegetables,Completed
ORD001733,OI001733,2074.77,Household,Completed
ORD001734,OI001734,1791.0,Household,Completed
ORD001735,OI001735,615.57,Bakery,Completed
ORD001736,OI001736,409.53,Groceries,Completed
ORD001737,OI001737,191.97,Fruits & Vegetables,Rejected
ORD001738,OI001738,1589.95,Beverages,Rejected
ORD001739,OI001739,2045.77,Frozen Foods,Cancelled
ORD001740,OI001740,2151.38,Snacks,Completed
ORD001741,OI001741,260.32,Beverages,Completed
ORD001742,OI001742,590.96,Frozen Foods,Completed
ORD001743,OI001743,526.75,Groceries,Completed
ORD001744,OI001744,2479.03,Snacks,Completed
ORD001745,OI001745,1695.14,Bakery,Completed
ORD001746,OI001746,1009.75,Baby Care,Completed
ORD001747,OI001747,1854.45,Baby Care,Completed
ORD001748,OI001748,794.38,Snacks,Completed
ORD001749,OI001749,1808.34,Beverages,Completed
ORD001750,OI001750,107.29,Beverages,Completed
ORD001751,OI001751,1502.85,Bakery,Completed
ORD001752,OI001752,238.95,Personal Care,Completed
ORD001753,OI001753,824.73,Household,Completed
ORD001754,OI001754,1277.39,Personal Care,Cancelled
ORD001755,OI001755,2236.35,Personal Care,Completed
ORD001756,OI001756,466.58,Groceries,Completed
ORD001757,OI001757,514.11,Household,Completed
ORD001758,OI001758,1513.17,Fruits & Vegetables,Completed
ORD001759,OI001759,1357.97,Household,Completed
ORD001760,OI001760,1176.77,Snacks,Completed
ORD001761,OI001761,920.0,Groceries,Completed
ORD001762,OI001762,1158.88,Groceries,Rejected
ORD001763,OI001763,1346.65,Beverages,Completed
ORD001764,OI001764,1427.66,Groceries,Rejected
ORD001765,OI001765,409.49,Beverages,Completed
ORD001766,OI001766,884.93,Bakery,Completed
ORD001767,OI001767,1034.79,Fruits & Vegetables,Completed
ORD001768,OI001768,1357.26,Frozen Foods,Cancelled
ORD001769,OI001769,916.86,Groceries,Completed
ORD001770,OI001770,567.26,Baby Care,Completed
ORD001771,OI001771,2111.86,Beverages,Rejected
ORD001772,OI001772,1469.48,Dairy,Cancelled
ORD001773,OI001773,2135.77,Household,Rejected
ORD001774,OI001774,2067.32,Baby Care,Completed
ORD001775,OI001775,2490.79,Groceries,Completed
ORD001776,OI001776,1842.38,Frozen Foods,Completed
ORD001777,OI001777,902.81,Baby Care,Completed
ORD001778,OI001778,442.21,Bakery,Rejected
ORD001779,OI001779,1459.58,Frozen Foods,Completed
ORD001780,OI001780,1925.81,Dairy,Completed
ORD001781,OI001781,2090.25,Snacks,Completed
ORD001782,OI001782,551.16,Snacks,Completed
ORD001783,OI001783,1684.48,Baby Care,Completed
ORD001784,OI001784,287.15,Beverages,Completed
ORD001785,OI001785,1665.67,Household,Cancelled
ORD001786,OI001786,1184.35,Dairy,Completed
ORD001787,OI001787,1243.25,Bakery,Completed
ORD001788,OI001788,499.41,Fruits & Vegetables,Cancelled
ORD001789,OI001789,1981.62,Bakery,Completed
ORD001790,OI001790,1404.59,Snacks,Cancelled
ORD001791,OI001791,1005.35,Household,Completed
ORD001792,OI001792,644.84,Frozen Foods,Completed
ORD001793,OI001793,2188.91,Baby Care,Rejected
ORD001794,OI001794,1335.27,Frozen Foods,Completed
ORD001795,OI001795,1262.6,Beverages,Rejected
ORD005104,OI005104,1653.1,Snacks,Rejected
ORD001797,OI001797,1618.56,Household,Completed
ORD001798,OI001798,1268.9,Household,Completed
ORD001799,OI001799,395.09,Fruits & Vegetables,Completed
ORD001800,OI001800,1421.1,Personal Care,Completed
ORD001801,OI001801,1522.13,Personal Care,Completed
ORD001802,OI001802,2364.41,Frozen Foods,Cancelled
ORD001803,OI001803,1874.9,Frozen Foods,Cancelled
ORD001804,OI001804,674.96,Beverages,Completed
ORD001805,OI001805,740.73,Frozen Foods,Completed
ORD001806,OI001806,2154.84,Groceries,Rejected
ORD001807,OI001807,-966.14,Fruits & Vegetables,Completed
ORD001808,OI001808,1581.77,Beverages,Completed
ORD001809,OI001809,1856.96,Beverages,Rejected
ORD001810,OI001810,245.26,Household,Completed
ORD001811,OI001811,1056.2,Baby Care,Rejected
ORD001812,OI001812,1801.21,Baby Care,Completed
ORD001813,OI001813,2398.04,Snacks,Completed
ORD001814,OI001814,405.43,Dairy,Completed
ORD001815,OI001815,278.36,Household,Cancelled
ORD001816,OI001816,2473.43,Beverages,Cancelled
ORD001817,OI001817,2031.56,Snacks,Cancelled
ORD001818,OI001818,1978.67,Household,Cancelled
ORD001819,OI001819,113.13,Household,Completed
ORD001820,OI001820,2213.36,Snacks,Completed
ORD001821,OI001821,2410.22,Baby Care,Completed
ORD001822,OI001822,770.6,Snacks,Completed
ORD001823,OI001823,1807.84,Frozen Foods,Cancelled
ORD001824,OI001824,1972.15,Groceries,Completed
ORD001825,OI001825,697.68,Beverages,Cancelled
ORD001826,OI001826,2182.8,Bakery,Rejected
ORD001827,OI001827,2391.6,Groceries,Completed
ORD001828,OI001828,612.47,Fruits & Vegetables,Cancelled
ORD001829,OI001829,1960.34,Baby Care,Completed
ORD001830,OI001830,1865.21,Fruits & Vegetables,Completed
ORD001831,OI001831,2498.0,Beverages,Completed
ORD001832,OI001832,231.07,Baby Care,Completed
ORD001833,OI001833,973.31,Bakery,Rejected
ORD001834,OI001834,1716.58,Baby Care,Cancelled
ORD001835,OI001835,1766.86,Baby Care,Completed
ORD001836,OI001836,366.58,Bakery,Cancelled
ORD001837,OI001837,2114.48,Fruits & Vegetables,Cancelled
ORD001838,OI001838,2000.44,Baby Care,Completed
ORD001839,OI001839,705.99,Bakery,Completed
ORD001840,OI001840,715.22,Beverages,Cancelled
ORD001841,OI001841,2415.55,Groceries,Completed
ORD001842,OI001842,452.06,Personal Care,Completed
ORD001843,OI001843,1738.3,Groceries,Completed
ORD001844,OI001844,1299.58,Baby Care,Completed
ORD001845,OI001845,781.86,Baby Care,Completed
ORD001846,OI001846,1069.08,Frozen Foods,Completed
ORD001847,OI001847,2474.07,Frozen Foods,Completed
ORD001848,OI001848,1098.42,Household,Completed
ORD001849,OI001849,1086.72,Beverages,Completed
ORD001850,OI001850,1354.83,Baby Care,Rejected
ORD001851,OI001851,1403.02,Groceries,Completed
ORD001852,OI001852,1093.37,Beverages,Completed
ORD001853,OI001853,1728.93,Beverages,Rejected
ORD001854,OI001854,847.05,Groceries,Cancelled
ORD001855,OI001855,1551.11,Groceries,Completed
ORD001856,OI001856,145.14,Baby Care,Completed
ORD001857,OI001857,1353.4,Dairy,Completed
ORD001858,OI001858,359.35,Frozen Foods,Completed
ORD001859,OI001859,1254.51,Groceries,Completed
ORD001860,OI001860,968.81,Fruits & Vegetables,Cancelled
ORD001861,OI001861,2319.58,Frozen Foods,Rejected
ORD001862,OI001862,1744.78,Beverages,Completed
ORD001863,OI001863,2180.09,Household,Completed
ORD001864,OI001864,2391.68,Groceries,Completed
ORD001865,OI001865,2064.89,Household,Cancelled
ORD001866,OI001866,667.8,Snacks,Completed
ORD001867,OI001867,1390.22,Baby Care,Completed
ORD001868,OI001868,1771.74,Dairy,Completed
ORD001869,OI001869,1481.05,Dairy,Cancelled
ORD001870,OI001870,301.45,Groceries,Cancelled
ORD001871,OI001871,1792.75,Groceries,Rejected
ORD001872,OI001872,1089.37,Snacks,Completed
ORD001873,OI001873,212.33,Dairy,Completed
ORD001874,OI001874,1257.4,Snacks,Completed
ORD001875,OI001875,895.14,Household,Cancelled
ORD001876,OI001876,1084.84,Fruits & Vegetables,Cancelled
ORD001877,OI001877,677.3,Dairy,Completed
ORD001878,OI001878,1589.66,Household,Completed
ORD001879,OI001879,2091.64,Baby Care,Completed
ORD001880,OI001880,1639.35,Personal Care,Cancelled
ORD001881,OI001881,542.45,Bakery,Completed
ORD001882,OI001882,112.96,Frozen Foods,Completed
ORD001883,OI001883,274.94,Dairy,Cancelled
ORD001884,OI001884,1779.42,Baby Care,Cancelled
ORD001885,OI001885,1328.75,Dairy,Completed
ORD001886,OI001886,1974.77,Frozen Foods,Completed
ORD001887,OI001887,818.05,Frozen Foods,Rejected
ORD001888,OI001888,2308.43,Dairy,Cancelled
ORD001889,OI001889,1314.9,Frozen Foods,Completed
ORD001890,OI001890,1771.89,Beverages,Completed
ORD001891,OI001891,2019.14,Household,Completed
ORD001892,OI001892,1700.04,Groceries,Completed
ORD001893,OI001893,1315.83,Fruits & Vegetables,Completed
ORD001894,OI001894,514.56,Dairy,Completed
ORD001895,OI001895,1170.4,Personal Care,Completed
ORD001896,OI001896,1435.37,Groceries,Completed
ORD001897,OI001897,2137.19,Snacks,Rejected
ORD001898,OI001898,875.72,Dairy,Cancelled
ORD001899,OI001899,2154.41,Dairy,Completed
ORD001900,OI001900,1778.4,Beverages,Completed
ORD001901,OI001901,2320.11,Baby Care,Cancelled
ORD001902,OI001902,557.29,Frozen Foods,Cancelled
ORD001903,OI001903,1387.11,Baby Care,Completed
ORD001904,OI001904,206.18,Beverages,Completed
ORD001905,OI001905,2342.02,Beverages,Completed
ORD001906,OI001906,1695.67,Fruits & Vegetables,Completed
ORD001907,OI001907,1107.63,Dairy,Completed
ORD001908,OI001908,564.36,Baby Care,Completed
ORD001909,OI001909,735.65,Bakery,Completed
ORD001910,OI001910,1303.16,Groceries,Completed
ORD001911,OI001911,930.49,Dairy,Cancelled
ORD001912,OI001912,1494.31,Beverages,Completed
ORD001913,OI001913,2040.81,Dairy,Rejected
ORD001914,OI001914,1405.18,Frozen Foods,Rejected
ORD001915,OI001915,1269.66,Dairy,Completed
ORD001916,OI001916,2248.95,Snacks,Completed
ORD001917,OI001917,1630.91,Fruits & Vegetables,Completed
ORD001918,OI001918,433.92,Household,Completed
ORD001919,OI001919,470.48,Household,Rejected
ORD001920,OI001920,661.54,Baby Care,Cancelled
ORD001921,OI001921,444.03,Bakery,Completed
ORD001922,OI001922,554.81,Dairy,Completed
ORD001923,OI001923,554.02,Household,Cancelled
ORD001924,OI001924,935.14,Groceries,Cancelled
ORD001925,OI001925,938.4,Groceries,Completed
ORD001926,OI001926,2426.31,Beverages,Rejected
ORD001927,OI001927,1740.42,Personal Care,Completed
ORD001928,OI001928,1533.2,Bakery,Rejected
ORD001929,OI001929,1673.27,Bakery,Cancelled
ORD001930,OI001930,1660.53,Personal Care,Completed
ORD001931,OI001931,1782.96,Groceries,Completed
ORD001932,OI001932,2194.94,Snacks,Completed
ORD001933,OI001933,1265.24,Fruits & Vegetables,Completed
ORD001934,OI001934,138.23,Fruits & Vegetables,Completed
ORD001935,OI001935,993.57,Groceries,Cancelled
ORD001936,OI001936,679.11,Household,Completed
ORD001937,OI001937,1555.74,Snacks,Rejected
ORD001938,OI001938,1774.95,Beverages,Cancelled
ORD001939,OI001939,2154.21,Bakery,Completed
ORD001940,OI001940,2085.12,Groceries,Rejected
ORD001941,OI001941,166.32,Frozen Foods,Rejected
ORD001942,OI001942,184.58,Dairy,Rejected
ORD001943,OI001943,1938.15,Baby Care,Completed
ORD001944,OI001944,771.99,Frozen Foods,Completed
ORD001945,OI001945,1460.3,Snacks,Cancelled
ORD001946,OI001946,2356.85,Household,Rejected
ORD001947,OI001947,1265.7,Household,Completed
ORD001948,OI001948,406.63,Groceries,Completed
ORD001949,OI001949,1480.92,Beverages,Completed
ORD001950,OI001950,1870.91,Frozen Foods,Completed
ORD001951,OI001951,1965.7,Dairy,Completed
ORD001952,OI001952,2097.38,Snacks,Rejected
ORD001953,OI001953,891.49,Groceries,Completed
ORD001954,OI001954,2452.78,Frozen Foods,Completed
ORD001955,OI001955,1012.32,Household,Completed
ORD001956,OI001956,721.34,Groceries,Rejected
ORD001957,OI001957,2083.4,Personal Care,Completed
ORD001958,OI001958,2347.93,Snacks,Completed
ORD001959,OI001959,2282.12,Beverages,Rejected
ORD001960,OI001960,1668.95,Baby Care,Completed
ORD001961,OI001961,2266.86,Groceries,Cancelled
ORD001962,OI001962,1140.52,Beverages,Cancelled
ORD001963,OI001963,1910.87,Dairy,Completed
ORD001964,OI001964,2394.5,Fruits & Vegetables,Completed
ORD001965,OI001965,2102.48,Frozen Foods,Rejected
ORD001966,OI001966,243.8,Snacks,Cancelled
ORD001967,OI001967,903.96,Snacks,Completed
ORD001968,OI001968,2065.74,Personal Care,Rejected
ORD001969,OI001969,907.45,Snacks,Completed
ORD001970,OI001970,1382.77,Groceries,Completed
ORD001971,OI001971,1163.41,Dairy,Completed
ORD001972,OI001972,2466.65,Fruits & Vegetables,Completed
ORD001973,OI001973,431.93,Household,Rejected
ORD001974,OI001974,736.53,Dairy,Completed
ORD001975,OI001975,207.43,Bakery,Rejected
ORD001976,OI001976,1497.88,Beverages,Completed
ORD001977,OI001977,128.61,Groceries,Completed
ORD001978,OI001978,748.58,Bakery,Completed
ORD001979,OI001979,490.44,Groceries,Completed
ORD001980,OI001980,1104.86,Groceries,Completed
ORD001981,OI001981,2459.89,Snacks,Completed
ORD001982,OI001982,2358.99,Fruits & Vegetables,Completed
ORD001983,OI001983,664.55,Beverages,Cancelled
ORD001984,OI001984,1508.81,Frozen Foods,Completed
ORD001985,OI001985,1572.52,Beverages,Completed
ORD001986,OI001986,1101.49,Frozen Foods,Cancelled
ORD001987,OI001987,1917.2,Groceries,Completed
ORD001988,OI001988,1539.67,Dairy,Completed
ORD001989,OI001989,439.99,Groceries,Completed
ORD001990,OI001990,914.67,Bakery,Completed
ORD001991,OI001991,1683.74,Beverages,Completed
ORD001992,OI001992,1394.59,Household,Completed
ORD001993,OI001993,1145.48,Personal Care,Completed
ORD001994,OI001994,1054.42,Fruits & Vegetables,Rejected
ORD001995,OI001995,1132.84,Beverages,Rejected
ORD001996,OI001996,1041.47,Baby Care,Completed
ORD001997,OI001997,2216.99,Fruits & Vegetables,Cancelled
ORD001998,OI001998,1171.04,Fruits & Vegetables,Completed
ORD001999,OI001999,1195.53,Dairy,Rejected
ORD002000,OI002000,2347.11,Household,Rejected
ORD002001,OI002001,1495.46,Personal Care,Completed
ORD002002,OI002002,160.59,Snacks,Completed
ORD002003,OI002003,1320.9,Snacks,Completed
ORD002004,OI002004,900.94,Personal Care,Cancelled
ORD002005,OI002005,409.47,Personal Care,Completed
ORD002006,OI002006,2385.85,Groceries,Cancelled
ORD002007,OI002007,805.87,Frozen Foods,Completed
ORD002008,OI002008,652.34,Beverages,Completed
ORD002009,OI002009,2098.33,Groceries,Rejected
ORD002010,OI002010,1831.5,Bakery,Completed
ORD002011,OI002011,767.03,Baby Care,Completed
ORD002012,OI002012,2240.34,Snacks,Completed
ORD002013,OI002013,2196.64,Household,Completed
ORD002014,OI002014,638.75,Baby Care,Completed
ORD002015,OI002015,513.4,Household,Completed
ORD002016,OI002016,1151.42,Personal Care,Completed
ORD002017,OI002017,1001.35,Personal Care,Completed
ORD002018,OI002018,2049.33,Bakery,Completed
ORD002019,OI002019,2446.14,Beverages,Cancelled
ORD002020,OI002020,1944.25,Bakery,Completed
ORD002021,OI002021,1070.58,Baby Care,Rejected
ORD002022,OI002022,1069.41,Baby Care,Completed
ORD002023,OI002023,2115.63,Baby Care,Completed
ORD002024,OI002024,1121.74,Beverages,Cancelled
ORD002025,OI002025,1613.69,Snacks,Cancelled
ORD002026,OI002026,1951.74,Baby Care,Rejected
ORD002027,OI002027,1370.04,Snacks,Completed
ORD002028,OI002028,478.39,Household,Completed
ORD002029,OI002029,921.77,Personal Care,Completed
ORD002030,OI002030,1716.72,Frozen Foods,Completed
ORD002031,OI002031,362.31,Snacks,Completed
ORD002032,OI002032,734.2,Snacks,Completed
ORD002033,OI002033,2182.63,Groceries,Rejected
ORD002034,OI002034,348.74,Snacks,Completed
ORD002035,OI002035,1419.57,Bakery,Completed
ORD002036,OI002036,1512.29,Groceries,Completed
ORD002037,OI002037,1697.04,Fruits & Vegetables,Completed
ORD002038,OI002038,1441.3,Bakery,Completed
ORD002039,OI002039,1956.24,Baby Care,Cancelled
ORD002040,OI002040,2241.7,Beverages,Completed
ORD002041,OI002041,1265.96,Bakery,Completed
ORD002042,OI002042,1855.92,Personal Care,Completed
ORD002043,OI002043,1644.12,Household,Rejected
ORD002044,OI002044,914.18,Personal Care,Completed
ORD002045,OI002045,1919.04,Groceries,Completed
ORD002046,OI002046,1157.91,Fruits & Vegetables,Completed
ORD002047,OI002047,1410.74,Snacks,Cancelled
ORD002048,OI002048,1089.6,Baby Care,Cancelled
ORD002049,OI002049,517.42,Snacks,Completed
ORD002050,OI002050,2064.41,Dairy,Cancelled
ORD002051,OI002051,2279.55,Bakery,Completed
ORD002052,OI002052,866.61,Dairy,Completed
ORD002053,OI002053,2440.35,Baby Care,Rejected
ORD002054,OI002054,1050.76,Beverages,Cancelled
ORD002055,OI002055,2378.79,Groceries,Completed
ORD002056,OI002056,796.24,Bakery,Cancelled
ORD002057,OI002057,2433.83,Snacks,Completed
ORD002058,OI002058,2150.25,Household,Rejected
ORD002059,OI002059,2494.6,Frozen Foods,Cancelled
ORD002060,OI002060,2077.1,Dairy,Completed
ORD002061,OI002061,808.72,Personal Care,Completed
ORD002062,OI002062,1520.47,Frozen Foods,Rejected
ORD002063,OI002063,2320.36,Dairy,Completed
ORD002064,OI002064,757.31,Personal Care,Completed
ORD002065,OI002065,178.09,Snacks,Completed
ORD002066,OI002066,704.63,Baby Care,Completed
ORD002067,OI002067,1760.02,Frozen Foods,Completed
ORD002068,OI002068,1147.8,Bakery,Completed
ORD002069,OI002069,955.08,Dairy,Completed
ORD002070,OI002070,378.86,Frozen Foods,Completed
ORD002071,OI002071,1985.95,Beverages,Rejected
ORD002072,OI002072,739.46,Snacks,Completed
ORD002073,OI002073,1746.55,Bakery,Completed
ORD002074,OI002074,1382.65,Personal Care,Completed
ORD002075,OI002075,2128.14,Fruits & Vegetables,Cancelled
ORD002076,OI002076,415.52,Personal Care,Completed
ORD002077,OI002077,661.17,Baby Care,Completed
ORD002078,OI002078,833.55,Frozen Foods,Cancelled
ORD002079,OI002079,2448.55,Frozen Foods,Completed
ORD002080,OI002080,1031.84,Dairy,Cancelled
ORD002081,OI002081,1785.85,Personal Care,Completed
ORD002082,OI002082,1928.28,Beverages,Completed
ORD002083,OI002083,2353.17,Household,Completed
ORD002084,OI002084,1884.86,Beverages,Rejected
ORD002085,OI002085,971.79,Frozen Foods,Completed
ORD002086,OI002086,252.07,Household,Rejected
ORD002087,OI002087,1910.74,Bakery,Completed
ORD002088,OI002088,1113.36,Groceries,Completed
ORD002089,OI002089,1687.15,Beverages,Cancelled
ORD002090,OI002090,941.92,Fruits & Vegetables,Rejected
ORD002091,OI002091,1917.36,Personal Care,Rejected
ORD002092,OI002092,463.48,Beverages,Completed
ORD002093,OI002093,319.93,Beverages,Completed
ORD002094,OI002094,1989.62,Personal Care,Cancelled
ORD002095,OI002095,1172.39,Baby Care,Completed
ORD002096,OI002096,1016.04,Baby Care,Completed
ORD002097,OI002097,959.45,Bakery,Completed
ORD002098,OI002098,1421.82,Fruits & Vegetables,Completed
ORD002099,OI002099,1527.96,Personal Care,Completed
ORD002100,OI002100,1668.53,Fruits & Vegetables,Completed
ORD002101,OI002101,1904.74,Groceries,Rejected
ORD002102,OI002102,959.34,Baby Care,Rejected
ORD002103,OI002103,300.22,Snacks,Rejected
ORD002104,OI002104,927.49,Bakery,Completed
ORD002105,OI002105,1494.81,Groceries,Completed
ORD002106,OI002106,1579.34,Dairy,Cancelled
ORD002107,OI002107,2199.36,Baby Care,Completed
ORD002108,OI002108,2134.67,Beverages,Completed
ORD002109,OI002109,1295.08,Groceries,Completed
ORD002110,OI002110,215.63,Beverages,Rejected
ORD002111,OI002111,1370.22,Dairy,Completed
ORD002112,OI002112,2201.39,Groceries,Completed
ORD002113,OI002113,372.23,Frozen Foods,Cancelled
ORD002114,OI002114,1246.18,Household,Cancelled
ORD002115,OI002115,1994.48,Beverages,Rejected
ORD002116,OI002116,1320.59,Baby Care,Completed
ORD002117,OI002117,2357.22,Groceries,Cancelled
ORD002118,OI002118,2276.05,Dairy,Cancelled
ORD002119,OI002119,2421.85,Snacks,Cancelled
ORD002120,OI002120,1724.15,Dairy,Completed
ORD002121,OI002121,509.73,Fruits & Vegetables,Rejected
ORD002122,OI002122,248.05,Beverages,Completed
ORD002123,OI002123,100.92,Household,Completed
ORD002124,OI002124,1433.23,Dairy,Completed
ORD002125,OI002125,2207.96,Household,Completed
ORD002126,OI002126,2247.33,Dairy,Completed
ORD002127,OI002127,1248.72,Beverages,Completed
ORD002128,OI002128,2480.31,Baby Care,Cancelled
ORD002129,OI002129,1688.46,,Completed
ORD002130,OI002130,2204.45,Snacks,Completed
ORD002131,OI002131,714.55,Personal Care,Completed
ORD002132,OI002132,1220.52,Personal Care,Completed
ORD002133,OI002133,1198.91,Groceries,Completed
ORD002134,OI002134,1755.37,Snacks,Completed
ORD002135,OI002135,1708.14,Beverages,Completed
ORD000740,OI000740,328.82,Household,Completed
ORD002137,OI002137,112.26,Baby Care,Completed
ORD002138,OI002138,177.99,Baby Care,Completed
ORD002139,OI002139,1972.53,Bakery,Cancelled
ORD002140,OI002140,1294.01,Baby Care,Completed
ORD002141,OI002141,1400.07,Snacks,Completed
ORD002142,OI002142,781.34,Bakery,Completed
ORD002143,OI002143,389.18,Groceries,Completed
ORD002144,OI002144,246.66,Snacks,Cancelled
ORD002145,OI002145,690.41,Bakery,Completed
ORD002146,OI002146,349.79,Beverages,Completed
ORD002147,OI002147,1487.19,Personal Care,Completed
ORD002148,OI002148,485.03,Frozen Foods,Completed
ORD002149,OI002149,542.52,Bakery,Completed
ORD002150,OI002150,1725.13,Household,Cancelled
ORD002151,OI002151,2275.79,Fruits & Vegetables,Completed
ORD002152,OI002152,154.55,Bakery,Completed
ORD002153,OI002153,204.62,Fruits & Vegetables,Cancelled
ORD002154,OI002154,144.3,Frozen Foods,Completed
ORD002155,OI002155,1342.6,Beverages,Completed
ORD002156,OI002156,2320.13,Beverages,Rejected
ORD002157,OI002157,139.37,Fruits & Vegetables,Completed
ORD002158,OI002158,1402.21,Snacks,Cancelled
ORD002159,OI002159,1375.84,Bakery,Completed
ORD002160,OI002160,1271.13,Groceries,Cancelled
ORD002161,OI002161,1158.32,Bakery,Completed
ORD002162,OI002162,1685.45,Dairy,Completed
ORD002163,OI002163,2339.83,Snacks,Completed
ORD002164,OI002164,202.94,Dairy,Completed
ORD002165,OI002165,1410.45,Personal Care,Completed
ORD002166,OI002166,1139.64,Personal Care,Cancelled
ORD002167,OI002167,540.78,Snacks,Rejected
ORD002168,OI002168,1669.54,Household,Cancelled
ORD002169,OI002169,336.02,Baby Care,Completed
ORD002170,OI002170,711.15,Dairy,Completed
ORD002171,OI002171,1068.83,Beverages,Completed
ORD002172,OI002172,2499.35,Fruits & Vegetables,Completed
ORD002173,OI002173,2411.2,Baby Care,Cancelled
ORD002174,OI002174,697.92,Fruits & Vegetables,Completed
ORD002175,OI002175,2114.28,Dairy,Completed
ORD002176,OI002176,2286.69,Groceries,Completed
ORD002177,OI002177,1783.5,Dairy,Completed
ORD002178,OI002178,2308.76,Fruits & Vegetables,Completed
ORD002179,OI002179,1305.6,Fruits & Vegetables,Completed
ORD002180,OI002180,590.18,Bakery,Cancelled
ORD002181,OI002181,1511.52,Personal Care,Cancelled
ORD002182,OI002182,563.38,Groceries,Rejected
ORD002183,OI002183,186.49,Fruits & Vegetables,Rejected
ORD002184,OI002184,1137.42,Snacks,Rejected
ORD002185,OI002185,135.43,Household,Completed
ORD002186,OI002186,1301.76,Snacks,Completed
ORD002187,OI002187,2166.73,Baby Care,Completed
ORD002188,OI002188,641.93,Fruits & Vegetables,Cancelled
ORD002189,OI002189,753.44,Bakery,Rejected
ORD002190,OI002190,2494.14,Bakery,Completed
ORD002191,OI002191,2285.38,Personal Care,Rejected
ORD002192,OI002192,1645.74,Household,Completed
ORD002193,OI002193,1380.81,Baby Care,Completed
ORD002194,OI002194,1966.77,Beverages,Completed
ORD002195,OI002195,1688.33,Groceries,Completed
ORD002196,OI002196,614.86,Snacks,Rejected
ORD002197,OI002197,1481.37,Bakery,Completed
ORD002198,OI002198,1895.58,Fruits & Vegetables,Completed
ORD002199,OI002199,1388.84,Baby Care,Completed
ORD002200,OI002200,473.34,Bakery,Cancelled
ORD002201,OI002201,624.17,Groceries,Completed
ORD002202,OI002202,382.1,Bakery,Completed
ORD002203,OI002203,478.21,Household,Rejected
ORD002204,OI002204,2156.64,Baby Care,Completed
ORD002205,OI002205,439.9,Bakery,Rejected
ORD002206,OI002206,1222.92,Dairy,Cancelled
ORD002207,OI002207,900.08,Beverages,Completed
ORD002208,OI002208,1911.97,Bakery,Rejected
ORD002209,OI002209,107.11,Personal Care,Completed
ORD002210,OI002210,816.77,Baby Care,Completed
ORD002211,OI002211,560.12,Snacks,Cancelled
ORD002212,OI002212,242.09,Snacks,Rejected
ORD002213,OI002213,1438.19,Groceries,Rejected
ORD002214,OI002214,2228.87,Household,Completed
ORD002215,OI002215,2318.75,Frozen Foods,Rejected
ORD002216,OI002216,441.93,Dairy,Rejected
ORD002217,OI002217,706.53,Personal Care,Completed
ORD002218,OI002218,1723.86,Beverages,Completed
ORD002219,OI002219,1107.3,Dairy,Cancelled
ORD002220,OI002220,233.93,Household,Rejected
ORD002221,OI002221,893.47,Dairy,Completed
ORD002222,OI002222,290.65,Dairy,Cancelled
ORD002223,OI002223,2279.48,Baby Care,Completed
ORD002224,OI002224,2088.9,Personal Care,Completed
ORD002225,OI002225,1264.14,Bakery,Completed
ORD002226,OI002226,364.3,Household,Completed
ORD002227,OI002227,414.41,Baby Care,Completed
ORD002228,OI002228,522.37,Frozen Foods,Rejected
ORD002229,OI002229,1870.53,Groceries,Completed
ORD002230,OI002230,396.85,Frozen Foods,Completed
ORD002231,OI002231,480.86,Snacks,Completed
ORD002232,OI002232,1741.07,Groceries,Completed
ORD002233,OI002233,789.47,Fruits & Vegetables,Completed
ORD002234,OI002234,1990.75,Snacks,Completed
ORD002235,OI002235,1276.4,Personal Care,Completed
ORD002236,OI002236,352.62,Fruits & Vegetables,Rejected
ORD002237,OI002237,2004.55,Bakery,Completed
ORD002238,OI002238,1167.23,Baby Care,Completed
ORD002239,OI002239,929.26,Personal Care,Rejected
ORD002240,OI002240,830.22,Bakery,Completed
ORD002241,OI002241,645.72,Dairy,Completed
ORD002242,OI002242,352.16,Bakery,Completed
ORD002243,OI002243,2064.85,Groceries,Completed
ORD002244,OI002244,909.43,Household,Completed
ORD002245,OI002245,688.31,Personal Care,Completed
ORD002246,OI002246,613.91,Household,Completed
ORD002247,OI002247,199.94,Bakery,Rejected
ORD002248,OI002248,772.82,Bakery,Cancelled
ORD002249,OI002249,1795.2,Household,Cancelled
ORD002250,OI002250,136.59,Frozen Foods,Completed
ORD002251,OI002251,1661.07,Frozen Foods,Completed
ORD002252,OI002252,999.93,Fruits & Vegetables,Cancelled
ORD002253,OI002253,450.3,Frozen Foods,Cancelled
ORD002254,OI002254,395.54,Household,Completed
ORD002255,OI002255,453.91,Bakery,Completed
ORD002256,OI002256,1454.18,Household,Cancelled
ORD002257,OI002257,1744.7,Beverages,Cancelled
ORD002258,OI002258,1699.3,Groceries,Rejected
ORD002259,OI002259,2465.73,Frozen Foods,Completed
ORD002260,OI002260,411.41,Bakery,Cancelled
ORD002261,OI002261,244.94,Bakery,Completed
ORD002262,OI002262,1680.73,Groceries,Completed
ORD002263,OI002263,883.23,Bakery,Completed
ORD002264,OI002264,766.46,Household,Cancelled
ORD002265,OI002265,1997.07,Dairy,Completed
ORD002266,OI002266,222.22,Baby Care,Completed
ORD002267,OI002267,361.09,Personal Care,Rejected
ORD002268,OI002268,2308.63,Fruits & Vegetables,Rejected
ORD002269,OI002269,597.95,Dairy,Completed
ORD002270,OI002270,2453.63,Snacks,Completed
ORD002271,OI002271,1123.26,Baby Care,Rejected
ORD002272,OI002272,429.42,Fruits & Vegetables,Completed
ORD002273,OI002273,204.38,Baby Care,Completed
ORD002274,OI002274,929.46,Baby Care,Completed
ORD002275,OI002275,2127.56,Beverages,Completed
ORD002276,OI002276,1334.04,Groceries,Rejected
ORD002277,OI002277,1096.65,Beverages,Completed
ORD002278,OI002278,1336.67,Personal Care,Completed
ORD002279,OI002279,1917.09,Frozen Foods,Completed
ORD002280,OI002280,110.51,Fruits & Vegetables,Completed
ORD002281,OI002281,1908.78,Dairy,Rejected
ORD002282,OI002282,962.58,Beverages,Completed
ORD002283,OI002283,1924.11,Groceries,Cancelled
ORD002284,OI002284,835.97,Snacks,Completed
ORD002285,OI002285,2258.34,Baby Care,Completed
ORD002286,OI002286,1709.83,Groceries,Cancelled
ORD002287,OI002287,633.14,Household,Completed
ORD002288,OI002288,560.03,Groceries,Completed
ORD002289,OI002289,2232.5,Beverages,Completed
ORD002290,OI002290,318.62,Beverages,Completed
ORD002291,OI002291,1359.9,Personal Care,Completed
ORD002292,OI002292,1152.92,Fruits & Vegetables,Completed
ORD002293,OI002293,867.55,Household,Cancelled
ORD002294,OI002294,1777.56,Personal Care,Cancelled
ORD002295,OI002295,1823.78,Bakery,Completed
ORD002296,OI002296,637.33,Fruits & Vegetables,Cancelled
ORD002297,OI002297,1356.15,Household,Cancelled
ORD002298,OI002298,1347.04,Groceries,Completed
ORD002299,OI002299,290.9,Groceries,Completed
ORD002300,OI002300,2458.83,Baby Care,Completed
ORD002301,OI002301,1554.55,Bakery,Completed
ORD002302,OI002302,1079.53,Household,Cancelled
ORD002303,OI002303,2118.69,Dairy,Rejected
ORD002304,OI002304,591.29,Bakery,Rejected
ORD002305,OI002305,277.14,Bakery,Cancelled
ORD002306,OI002306,217.84,Groceries,Completed
ORD002307,OI002307,591.67,Dairy,Cancelled
ORD002308,OI002308,1187.58,Bakery,Completed
ORD002309,OI002309,1727.15,Baby Care,Cancelled
ORD002310,OI002310,1063.65,Beverages,Completed
ORD002311,OI002311,831.65,Personal Care,Cancelled
ORD002312,OI002312,1408.77,Beverages,Completed
ORD002313,OI002313,289.98,Frozen Foods,Cancelled
ORD002314,OI002314,245.04,Baby Care,Completed
ORD002315,OI002315,1895.35,Personal Care,Completed
ORD002316,OI002316,1520.11,Baby Care,Cancelled
ORD002317,OI002317,1884.64,Baby Care,Completed
ORD002318,OI002318,1237.02,Bakery,Completed
ORD002319,OI002319,235.93,Frozen Foods,Completed
ORD002320,OI002320,1523.4,Dairy,Completed
ORD002321,OI002321,777.59,Personal Care,Cancelled
ORD002322,OI002322,2293.17,Frozen Foods,Completed
ORD002323,OI002323,1547.09,Frozen Foods,Rejected
ORD002324,OI002324,275.64,Dairy,Cancelled
ORD002325,OI002325,2090.27,Household,Completed
ORD002326,OI002326,1294.97,Bakery,Completed
ORD002327,OI002327,1001.68,Household,Rejected
ORD002328,OI002328,1038.92,Bakery,Completed
ORD002329,OI002329,500.54,Household,Completed
ORD002330,OI002330,614.97,Bakery,Completed
ORD002331,OI002331,393.91,Frozen Foods,Rejected
ORD002332,OI002332,2080.9,Household,Completed
ORD002333,OI002333,187.28,Beverages,Completed
ORD002334,OI002334,678.68,Personal Care,Completed
ORD002335,OI002335,520.66,Household,Cancelled
ORD002336,OI002336,1017.52,Snacks,Completed
ORD002337,OI002337,208.87,Fruits & Vegetables,Rejected
ORD002338,OI002338,2053.8,Snacks,Completed
ORD002339,OI002339,1301.89,Baby Care,Cancelled
ORD002340,OI002340,2290.51,Frozen Foods,Cancelled
ORD002341,OI002341,1520.25,Groceries,Completed
ORD002342,OI002342,773.56,Fruits & Vegetables,Completed
ORD002343,OI002343,238.18,Beverages,Completed
ORD002344,OI002344,1864.36,Snacks,Completed
ORD002345,OI002345,2000.94,Beverages,Rejected
ORD002346,OI002346,229.37,Snacks,Completed
ORD002347,OI002347,1224.79,Snacks,Completed
ORD002348,OI002348,2498.69,Frozen Foods,Completed
ORD002349,OI002349,1352.07,Fruits & Vegetables,Completed
ORD002350,OI002350,2305.82,Personal Care,Completed
ORD002351,OI002351,2171.32,Snacks,Completed
ORD002352,OI002352,1813.38,Household,Completed
ORD002353,OI002353,933.62,Beverages,Completed
ORD002354,OI002354,444.16,Fruits & Vegetables,Completed
ORD002355,OI002355,1150.99,Beverages,Completed
ORD002356,OI002356,1530.21,Dairy,Completed
ORD002357,OI002357,636.32,Groceries,Completed
ORD002358,OI002358,1408.19,Bakery,Completed
ORD002359,OI002359,153.82,Baby Care,Rejected
ORD002360,OI002360,917.69,Personal Care,Completed
ORD002361,OI002361,1913.53,Fruits & Vegetables,Cancelled
ORD002362,OI002362,1756.69,Bakery,Completed
ORD002363,OI002363,1285.44,Snacks,Rejected
ORD002364,OI002364,2127.99,Snacks,Completed
ORD002365,OI002365,206.7,Groceries,Cancelled
ORD002366,OI002366,1582.04,Dairy,Completed
ORD002367,OI002367,2253.76,Groceries,Cancelled
ORD002368,OI002368,1535.14,Beverages,Rejected
ORD002369,OI002369,2479.97,Household,Rejected
ORD002370,OI002370,2239.7,Dairy,Cancelled
ORD002371,OI002371,1578.26,Fruits & Vegetables,Completed
ORD002372,OI002372,948.85,Beverages,Rejected
ORD002373,OI002373,260.32,Fruits & Vegetables,Completed
ORD002374,OI002374,1070.11,Personal Care,Completed
ORD002375,OI002375,131.76,Personal Care,Cancelled
ORD002376,OI002376,684.52,Baby Care,Completed
ORD002377,OI002377,265.19,Beverages,Completed
ORD002378,OI002378,2097.46,Snacks,Completed
ORD002379,OI002379,221.56,Snacks,Completed
ORD002380,OI002380,164.53,Dairy,Rejected
ORD002381,OI002381,1437.39,Snacks,Completed
ORD002382,OI002382,2312.44,Groceries,Completed
ORD002383,OI002383,2055.47,Dairy,Completed
ORD002384,OI002384,1486.07,Personal Care,Rejected
ORD002385,OI002385,2352.37,Dairy,Completed
ORD002386,OI002386,2398.57,Fruits & Vegetables,Completed
ORD002387,OI002387,1031.59,Groceries,Completed
ORD002388,OI002388,932.46,Snacks,Completed
ORD002389,OI002389,1642.24,Personal Care,Completed
ORD002390,OI002390,704.05,Snacks,Completed
ORD002391,OI002391,2285.53,Frozen Foods,Completed
ORD002392,OI002392,602.19,Bakery,Completed
ORD002393,OI002393,2350.26,Dairy,Completed
ORD002394,OI002394,921.03,Groceries,Completed
ORD002395,OI002395,407.41,Frozen Foods,Completed
ORD002396,OI002396,388.56,Personal Care,Completed
ORD002397,OI002397,2193.2,Household,Completed
ORD002398,OI002398,1311.77,Snacks,Rejected
ORD002399,OI002399,540.62,Dairy,Completed
ORD002400,OI002400,1542.53,Frozen Foods,Rejected
ORD002401,OI002401,1658.74,Household,Completed
ORD002402,OI002402,849.04,Beverages,Completed
ORD002403,OI002403,201.38,Beverages,Completed
ORD002404,OI002404,139.82,Groceries,Completed
ORD002405,OI002405,1983.36,Bakery,Completed
ORD002406,OI002406,620.5,Fruits & Vegetables,Completed
ORD002407,OI002407,445.74,Beverages,Completed
ORD002408,OI002408,795.22,Household,Completed
ORD002409,OI002409,2233.46,Household,Cancelled
ORD002410,OI002410,1722.29,Household,Cancelled
ORD002411,OI002411,1651.88,Personal Care,Completed
ORD002412,OI002412,2352.68,Bakery,Completed
ORD002413,OI002413,2278.19,Groceries,Completed
ORD002414,OI002414,2037.58,Personal Care,Completed
ORD002415,OI002415,1421.85,Groceries,Completed
ORD002416,OI002416,2319.84,Dairy,Completed
ORD002417,OI002417,1620.18,Fruits & Vegetables,Completed
ORD002418,OI002418,2245.62,Dairy,Cancelled
ORD002419,OI002419,292.46,Frozen Foods,Rejected
ORD002420,OI002420,290.87,Bakery,Completed
ORD002421,OI002421,2006.32,Fruits & Vegetables,Completed
ORD002422,OI002422,1473.06,Dairy,Completed
ORD002423,OI002423,337.57,Bakery,Completed
ORD002424,OI002424,1220.26,Frozen Foods,Completed
ORD002425,OI002425,816.84,Beverages,Completed
ORD002426,OI002426,1316.21,Groceries,Completed
ORD002427,OI002427,1507.52,Fruits & Vegetables,Completed
ORD002428,OI002428,1778.54,Baby Care,Completed
ORD002429,OI002429,1923.64,Snacks,Completed
ORD002430,OI002430,1042.43,Dairy,Completed
ORD002431,OI002431,1271.75,Groceries,Completed
ORD002432,OI002432,1423.24,Fruits & Vegetables,Rejected
ORD002433,OI002433,2096.05,Personal Care,Completed
ORD002434,OI002434,699.98,Groceries,Rejected
ORD002435,OI002435,1435.33,Frozen Foods,Completed
ORD002436,OI002436,1164.85,Frozen Foods,Completed
ORD002437,OI002437,843.15,Household,Rejected
ORD002438,OI002438,172.26,Snacks,Rejected
ORD002439,OI002439,871.66,Baby Care,Completed
ORD002440,OI002440,255.18,,Completed
ORD002441,OI002441,2166.18,Bakery,Cancelled
ORD002442,OI002442,450.39,Beverages,Completed
ORD002443,OI002443,285.32,Groceries,Cancelled
ORD002444,OI002444,1871.8,Fruits & Vegetables,Cancelled
ORD002445,OI002445,1251.46,Snacks,Completed
ORD002446,OI002446,291.95,Household,Completed
ORD002447,OI002447,744.28,Dairy,Completed
ORD002448,OI002448,2033.66,Dairy,Completed
ORD002449,OI002449,342.77,Personal Care,Completed
ORD002450,OI002450,1319.89,Fruits & Vegetables,Completed
ORD002451,OI002451,163.95,Baby Care,Completed
ORD002452,OI002452,944.17,Frozen Foods,Completed
ORD002453,OI002453,441.72,Baby Care,Completed
ORD002454,OI002454,468.88,Baby Care,Completed
ORD002455,OI002455,346.46,Fruits & Vegetables,Cancelled
ORD002456,OI002456,320.31,Dairy,Completed
ORD002457,OI002457,296.16,Snacks,Completed
ORD002458,OI002458,1134.42,Dairy,Completed
ORD002459,OI002459,380.66,Fruits & Vegetables,Cancelled
ORD002460,OI002460,2179.48,Groceries,Rejected
ORD002461,OI002461,1405.93,Frozen Foods,Completed
ORD002462,OI002462,747.41,Groceries,Completed
ORD002463,OI002463,956.61,Dairy,Completed
ORD002464,OI002464,291.41,Baby Care,Completed
ORD002465,OI002465,1316.69,Groceries,Completed
ORD002466,OI002466,949.94,Dairy,Cancelled
ORD002467,OI002467,1786.61,Bakery,Completed
ORD002468,OI002468,953.95,Baby Care,Completed
ORD002469,OI002469,2444.41,Snacks,Completed
ORD002470,OI002470,2401.85,Beverages,Completed
ORD002471,OI002471,1830.49,Dairy,Completed
ORD002472,OI002472,1451.18,Beverages,Completed
ORD002473,OI002473,506.87,Groceries,Rejected
ORD002474,OI002474,277.88,Baby Care,Rejected
ORD002475,OI002475,945.33,Bakery,Completed
ORD002476,OI002476,630.84,Frozen Foods,Completed
ORD002477,OI002477,2135.18,Baby Care,Rejected
ORD002478,OI002478,1536.34,Bakery,Rejected
ORD002479,OI002479,1992.33,Fruits & Vegetables,Completed
ORD002480,OI002480,411.55,Baby Care,Completed
ORD002481,OI002481,584.94,Dairy,Completed
ORD002482,OI002482,693.26,Baby Care,Cancelled
ORD002483,OI002483,2364.91,Dairy,Completed
ORD002484,OI002484,2312.34,Groceries,Completed
ORD002485,OI002485,1613.71,Snacks,Cancelled
ORD002486,OI002486,1049.45,Fruits & Vegetables,Cancelled
ORD002487,OI002487,718.78,Beverages,Completed
ORD002488,OI002488,736.87,Frozen Foods,Completed
ORD002489,OI002489,599.15,Beverages,Completed
ORD002490,OI002490,649.45,Groceries,Completed
ORD002491,OI002491,627.14,Personal Care,Completed
ORD002492,OI002492,1461.11,Snacks,Completed
ORD002493,OI002493,925.43,Groceries,Cancelled
ORD002494,OI002494,1039.46,Fruits & Vegetables,Rejected
ORD002495,OI002495,212.53,Dairy,Completed
ORD002496,OI002496,1072.63,Fruits & Vegetables,Completed
ORD002497,OI002497,2030.97,Personal Care,Completed
ORD002498,OI002498,242.16,Fruits & Vegetables,Completed
ORD002499,OI002499,1105.75,Household,Cancelled
ORD002500,OI002500,1029.37,Household,Completed
ORD002501,OI002501,2317.08,Frozen Foods,Completed
ORD002502,OI002502,1073.68,Household,Completed
ORD002503,OI002503,2257.26,Frozen Foods,Cancelled
ORD002504,OI002504,2170.38,Groceries,Completed
ORD002505,OI002505,2080.72,Dairy,Completed
ORD002506,OI002506,1965.05,Personal Care,Completed
ORD002507,OI002507,384.52,Bakery,Rejected
ORD002508,OI002508,1737.72,Household,Completed
ORD002509,OI002509,2161.85,Fruits & Vegetables,Completed
ORD002510,OI002510,559.24,Beverages,Rejected
ORD002511,OI002511,2420.83,Household,Completed
ORD002512,OI002512,1757.67,Beverages,Cancelled
ORD002513,OI002513,1500.31,Household,Completed
ORD002514,OI002514,326.17,Bakery,Completed
ORD002515,OI002515,1103.1,Personal Care,Completed
ORD002516,OI002516,1747.94,Beverages,Completed
ORD002517,OI002517,864.27,Snacks,Completed
ORD002518,OI002518,1762.58,Frozen Foods,Completed
ORD002519,OI002519,774.39,Frozen Foods,Rejected
ORD002520,OI002520,1486.31,Fruits & Vegetables,Completed
ORD002521,OI002521,1571.16,Bakery,Rejected
ORD002522,OI002522,725.32,Bakery,Rejected
ORD002523,OI002523,1496.85,Personal Care,Completed
ORD002524,OI002524,1824.36,Groceries,Cancelled
ORD002525,OI002525,2020.82,Household,Completed
ORD002526,OI002526,1618.48,Household,Rejected
ORD002527,OI002527,1052.07,Fruits & Vegetables,Completed
ORD002528,OI002528,116.8,Personal Care,Completed
ORD002529,OI002529,197.46,Dairy,Completed
ORD002530,OI002530,1995.9,Beverages,Completed
ORD002531,OI002531,1379.8,Personal Care,Completed
ORD002532,OI002532,2236.5,Bakery,Completed
ORD002533,OI002533,1876.08,Beverages,Rejected
ORD002534,OI002534,2275.16,Dairy,Cancelled
ORD002535,OI002535,2043.8,Household,Completed
ORD002536,OI002536,2048.97,Bakery,Cancelled
ORD002537,OI002537,1389.9,Personal Care,Completed
ORD002538,OI002538,317.2,Groceries,Completed
ORD002539,OI002539,2186.46,Baby Care,Rejected
ORD002540,OI002540,377.91,Baby Care,Rejected
ORD002541,OI002541,149.09,Groceries,Cancelled
ORD002542,OI002542,2174.07,Beverages,Completed
ORD002543,OI002543,2339.31,Groceries,Cancelled
ORD002544,OI002544,652.52,Beverages,Cancelled
ORD002545,OI002545,671.49,Baby Care,Rejected
ORD002546,OI002546,946.45,Bakery,Completed
ORD002547,OI002547,1016.07,Groceries,Completed
ORD002548,OI002548,1878.04,Fruits & Vegetables,Completed
ORD002549,OI002549,530.57,Snacks,Completed
ORD002550,OI002550,231.68,Beverages,Completed
ORD002551,OI002551,1808.39,Dairy,Cancelled
ORD002552,OI002552,127.98,Dairy,Completed
ORD002553,OI002553,2343.08,Snacks,Rejected
ORD002554,OI002554,2038.4,Fruits & Vegetables,Rejected
ORD002555,OI002555,1660.14,Bakery,Cancelled
ORD002556,OI002556,1976.23,Snacks,Completed
ORD002557,OI002557,2014.64,Personal Care,Completed
ORD002558,OI002558,1975.88,Snacks,Completed
ORD002559,OI002559,1892.18,Beverages,Completed
ORD002560,OI002560,183.5,Fruits & Vegetables,Completed
ORD002561,OI002561,2025.65,Household,Rejected
ORD002562,OI002562,2498.28,Groceries,Rejected
ORD002563,OI002563,1580.64,Snacks,Completed
ORD002564,OI002564,1136.78,Bakery,Rejected
ORD002565,OI002565,1793.55,Baby Care,Rejected
ORD002566,OI002566,2017.46,Bakery,Completed
ORD002567,OI002567,595.24,Household,Rejected
ORD002568,OI002568,2327.74,Groceries,Completed
ORD002569,OI002569,2137.51,Groceries,Completed
ORD002570,OI002570,939.5,Snacks,Completed
ORD002571,OI002571,1976.73,Groceries,Completed
ORD002572,OI002572,736.21,Fruits & Vegetables,Completed
ORD002573,OI002573,502.72,Household,Cancelled
ORD002574,OI002574,1443.48,Dairy,Completed
ORD002575,OI002575,965.81,Groceries,Completed
ORD002576,OI002576,2032.0,Frozen Foods,Completed
ORD002577,OI002577,311.23,Groceries,Completed
ORD002578,OI002578,1086.78,Household,Rejected
ORD002579,OI002579,1139.37,Frozen Foods,Cancelled
ORD002580,OI002580,778.68,Household,Completed
ORD002581,OI002581,2314.8,Groceries,Cancelled
ORD002582,OI002582,2460.03,Snacks,Completed
ORD002583,OI002583,731.76,Snacks,Completed
ORD002584,OI002584,754.5,Dairy,Rejected
ORD002585,OI002585,1300.46,Bakery,Completed
ORD002586,OI002586,1295.89,Dairy,Completed
ORD002587,OI002587,2293.74,Fruits & Vegetables,Completed
ORD002588,OI002588,2109.7,Baby Care,Rejected
ORD002589,OI002589,440.68,Beverages,Completed
ORD002590,OI002590,2257.57,Fruits & Vegetables,Rejected
ORD002591,OI002591,313.46,Beverages,Rejected
ORD002592,OI002592,1875.51,Household,Completed
ORD002593,OI002593,1861.29,Household,Completed
ORD002594,OI002594,636.27,Frozen Foods,Rejected
ORD002595,OI002595,714.03,Bakery,Completed
ORD002596,OI002596,802.0,Household,Completed
ORD002597,OI002597,1756.57,Dairy,Completed
ORD002598,OI002598,2454.81,Dairy,Completed
ORD002599,OI002599,1506.99,Bakery,Completed
ORD002600,OI002600,1039.66,Baby Care,Completed
ORD002601,OI002601,2136.88,Bakery,Completed
ORD002602,OI002602,821.93,Baby Care,Cancelled
ORD002603,OI002603,602.17,Dairy,Completed
ORD002604,OI002604,1480.99,Dairy,Completed
ORD002605,OI002605,2254.43,,Completed
ORD002606,OI002606,2003.35,Snacks,Completed
ORD002607,OI002607,1156.24,Baby Care,Completed
ORD002608,OI002608,2207.77,Personal Care,Completed
ORD002609,OI002609,360.39,Beverages,Rejected
ORD002610,OI002610,2371.72,Personal Care,Completed
ORD002611,OI002611,188.28,Frozen Foods,Cancelled
ORD002612,OI002612,1554.84,Dairy,Completed
ORD002613,OI002613,486.47,Household,Completed
ORD002614,OI002614,2351.66,Personal Care,Completed
ORD002615,OI002615,1910.12,Fruits & Vegetables,Rejected
ORD002616,OI002616,2327.05,Baby Care,Completed
ORD002617,OI002617,2131.21,Snacks,Completed
ORD002618,OI002618,1062.79,Baby Care,Cancelled
ORD002619,OI002619,1497.43,Bakery,Completed
ORD002620,OI002620,1248.66,Beverages,Cancelled
ORD002621,OI002621,630.34,Bakery,Completed
ORD002622,OI002622,1349.15,Fruits & Vegetables,Completed
ORD002623,OI002623,1769.07,Baby Care,Completed
ORD002624,OI002624,488.24,Bakery,Rejected
ORD002625,OI002625,580.89,Fruits & Vegetables,Cancelled
ORD002626,OI002626,2243.49,Bakery,Completed
ORD002627,OI002627,2126.09,Snacks,Completed
ORD002628,OI002628,986.43,Beverages,Completed
ORD002629,OI002629,347.0,Household,Rejected
ORD002630,OI002630,807.7,Fruits & Vegetables,Rejected
ORD002631,OI002631,719.1,Household,Rejected
ORD002632,OI002632,1550.94,Personal Care,Completed
ORD002633,OI002633,1196.45,Beverages,Rejected
ORD002634,OI002634,185.42,Dairy,Cancelled
ORD002635,OI002635,1606.33,Bakery,Rejected
ORD002636,OI002636,1169.8,Personal Care,Completed
ORD002637,OI002637,512.31,Bakery,Cancelled
ORD002638,OI002638,1286.49,Dairy,Completed
ORD002639,OI002639,333.62,Frozen Foods,Completed
ORD002640,OI002640,651.21,Groceries,Completed
ORD002641,OI002641,1940.53,Baby Care,Completed
ORD002642,OI002642,580.03,Snacks,Cancelled
ORD002643,OI002643,2184.86,Fruits & Vegetables,Cancelled
ORD002644,OI002644,482.34,Baby Care,Completed
ORD002645,OI002645,1220.72,Dairy,Cancelled
ORD002646,OI002646,2386.42,Frozen Foods,Completed
ORD002647,OI002647,442.65,Dairy,Completed
ORD002648,OI002648,2368.29,Household,Completed
ORD002649,OI002649,1626.68,Fruits & Vegetables,Cancelled
ORD002650,OI002650,1370.77,Fruits & Vegetables,Completed
ORD002651,OI002651,-369.18,Baby Care,Completed
ORD002652,OI002652,2003.87,Household,Cancelled
ORD002653,OI002653,2372.59,Groceries,Cancelled
ORD002654,OI002654,1565.7,Dairy,Completed
ORD002655,OI002655,1640.23,Bakery,Completed
ORD002656,OI002656,120.31,Household,Completed
ORD002657,OI002657,1909.83,Groceries,Completed
ORD002658,OI002658,1719.01,Groceries,Completed
ORD002659,OI002659,1958.37,Personal Care,Cancelled
ORD002660,OI002660,1560.55,Fruits & Vegetables,Completed
ORD002661,OI002661,1778.42,Fruits & Vegetables,Completed
ORD002662,OI002662,1553.6,Personal Care,Completed
ORD002663,OI002663,1197.04,Fruits & Vegetables,Completed
ORD002664,OI002664,888.91,Personal Care,Completed
ORD002665,OI002665,342.19,Bakery,Completed
ORD002666,OI002666,1472.88,Household,Rejected
ORD002667,OI002667,1913.11,Snacks,Completed
ORD002668,OI002668,2469.68,Household,Completed
ORD002669,OI002669,395.91,Snacks,Completed
ORD002670,OI002670,523.92,Beverages,Completed
ORD002671,OI002671,1076.51,Frozen Foods,Completed
ORD002672,OI002672,1731.83,Frozen Foods,Cancelled
ORD002673,OI002673,1690.67,Groceries,Completed
ORD002674,OI002674,255.09,Baby Care,Rejected
ORD002675,OI002675,1736.3,Baby Care,Completed
ORD002676,OI002676,731.05,Beverages,Completed
ORD002677,OI002677,2164.71,Personal Care,Completed
ORD002678,OI002678,2162.29,Beverages,Cancelled
ORD002679,OI002679,1961.8,Snacks,Rejected
ORD002680,OI002680,352.68,Bakery,Completed
ORD002681,OI002681,1256.05,Bakery,Completed
ORD002682,OI002682,779.14,Household,Cancelled
ORD002683,OI002683,2007.76,Snacks,Completed
ORD002684,OI002684,804.03,Fruits & Vegetables,Completed
ORD002685,OI002685,1475.87,Bakery,Completed
ORD002686,OI002686,558.63,Dairy,Cancelled
ORD002687,OI002687,1666.67,Baby Care,Completed
ORD002688,OI002688,2292.95,Household,Rejected
ORD002689,OI002689,2367.72,Baby Care,Cancelled
ORD002690,OI002690,1606.5,Household,Rejected
ORD002691,OI002691,345.25,Beverages,Cancelled
ORD002692,OI002692,1994.82,Personal Care,Completed
ORD002693,OI002693,589.79,Beverages,Completed
ORD002694,OI002694,751.77,Household,Completed
ORD002695,OI002695,1036.79,Beverages,Completed
ORD002696,OI002696,1787.49,Baby Care,Completed
ORD002697,OI002697,1339.07,Groceries,Completed
ORD002698,OI002698,1781.66,Baby Care,Completed
ORD002699,OI002699,1419.83,Beverages,Completed
ORD002700,OI002700,1714.65,Bakery,Completed
ORD002701,OI002701,264.83,Snacks,Rejected
ORD002702,OI002702,253.87,Personal Care,Completed
ORD002703,OI002703,2250.17,Personal Care,Completed
ORD002704,OI002704,1428.94,Beverages,Cancelled
ORD002705,OI002705,1544.36,Dairy,Completed
ORD002706,OI002706,1525.16,Beverages,Completed
ORD002707,OI002707,1624.84,Baby Care,Rejected
ORD002708,OI002708,1263.95,Dairy,Completed
ORD002709,OI002709,1709.46,Beverages,Completed
ORD002710,OI002710,1105.72,Dairy,Completed
ORD002711,OI002711,1347.63,Dairy,Cancelled
ORD002712,OI002712,2417.21,Bakery,Rejected
ORD002713,OI002713,2000.27,Dairy,Rejected
ORD002714,OI002714,715.53,Dairy,Completed
ORD002715,OI002715,275.53,Personal Care,Completed
ORD002716,OI002716,2138.15,Baby Care,Completed
ORD002717,OI002717,1499.65,Fruits & Vegetables,Cancelled
ORD002718,OI002718,1767.37,Beverages,Cancelled
ORD002719,OI002719,947.71,Household,Completed
ORD002720,OI002720,1536.76,Baby Care,Completed
ORD002721,OI002721,2485.95,Groceries,Cancelled
ORD002722,OI002722,758.24,Bakery,Completed
ORD002723,OI002723,1237.55,Groceries,Rejected
ORD002724,OI002724,2117.28,Personal Care,Completed
ORD002725,OI002725,1565.09,Bakery,Completed
ORD002726,OI002726,847.8,Snacks,Completed
ORD002727,OI002727,2463.34,Groceries,Completed
ORD002728,OI002728,2322.48,Bakery,Completed
ORD002729,OI002729,1293.4,Fruits & Vegetables,Completed
ORD002730,OI002730,2031.3,Snacks,Completed
ORD002731,OI002731,185.06,Baby Care,Completed
ORD002732,OI002732,2067.34,Frozen Foods,Rejected
ORD002733,OI002733,601.08,Groceries,Cancelled
ORD002734,OI002734,103.84,Personal Care,Cancelled
ORD002735,OI002735,702.99,Frozen Foods,Completed
ORD002736,OI002736,1776.6,Beverages,Completed
ORD002737,OI002737,973.79,Fruits & Vegetables,Completed
ORD002738,OI002738,680.82,Groceries,Completed
ORD002739,OI002739,1602.27,Bakery,Cancelled
ORD002740,OI002740,1063.69,Frozen Foods,Completed
ORD002741,OI002741,343.86,Frozen Foods,Cancelled
ORD002742,OI002742,1118.75,Dairy,Cancelled
ORD002743,OI002743,1141.24,Baby Care,Rejected
ORD002744,OI002744,530.29,Bakery,Completed
ORD002745,OI002745,882.34,Baby Care,Completed
ORD002746,OI002746,1169.24,Personal Care,Completed
ORD002747,OI002747,1967.57,Bakery,Cancelled
ORD002748,OI002748,902.98,Fruits & Vegetables,Completed
ORD002749,OI002749,1871.49,Beverages,Cancelled
ORD002750,OI002750,1637.87,Beverages,Completed
ORD002751,OI002751,1533.78,Household,Completed
ORD002752,OI002752,2122.8,Bakery,Completed
ORD002753,OI002753,1684.28,Household,Completed
ORD002754,OI002754,586.67,Frozen Foods,Cancelled
ORD002755,OI002755,2476.63,Dairy,Rejected
ORD002756,OI002756,1340.02,Bakery,Completed
ORD002757,OI002757,1404.72,Snacks,Cancelled
ORD002758,OI002758,1576.39,Frozen Foods,Completed
ORD002759,OI002759,764.41,Fruits & Vegetables,Completed
ORD002760,OI002760,2415.03,Beverages,Completed
ORD002761,OI002761,1183.72,Dairy,Completed
ORD002762,OI002762,1668.04,Household,Rejected
ORD002763,OI002763,1452.67,Beverages,Completed
ORD002764,OI002764,308.65,Household,Completed
ORD002765,OI002765,1634.56,Snacks,Completed
ORD002766,OI002766,2247.59,Snacks,Completed
ORD002767,OI002767,1722.26,Groceries,Cancelled
ORD002768,OI002768,1395.99,Personal Care,Completed
ORD002769,OI002769,456.71,Personal Care,Completed
ORD002770,OI002770,1946.92,Groceries,Completed
ORD002771,OI002771,1979.3,Personal Care,Completed
ORD002772,OI002772,1263.82,Bakery,Rejected
ORD002773,OI002773,199.26,Beverages,Completed
ORD002774,OI002774,387.73,Fruits & Vegetables,Completed
ORD002775,OI002775,1572.32,Fruits & Vegetables,Completed
ORD002776,OI002776,2456.75,Household,Cancelled
ORD002777,OI002777,1586.28,Beverages,Rejected
ORD002778,OI002778,928.63,Dairy,Rejected
ORD002779,OI002779,1655.18,Dairy,Completed
ORD002780,OI002780,1333.63,Frozen Foods,Completed
ORD002781,OI002781,1636.33,Fruits & Vegetables,Cancelled
ORD002782,OI002782,1464.44,Fruits & Vegetables,Completed
ORD002783,OI002783,1886.66,Beverages,Cancelled
ORD002784,OI002784,2454.67,Dairy,Completed
ORD002785,OI002785,1090.41,Household,Completed
ORD002786,OI002786,378.37,Baby Care,Completed
ORD002787,OI002787,1856.01,Fruits & Vegetables,Completed
ORD002788,OI002788,1137.26,Groceries,Completed
ORD002789,OI002789,1437.28,Personal Care,Completed
ORD002790,OI002790,2359.95,Snacks,Completed
ORD002791,OI002791,2172.38,Groceries,Cancelled
ORD002792,OI002792,1201.76,Dairy,Completed
ORD002793,OI002793,773.65,Personal Care,Cancelled
ORD002794,OI002794,806.34,Baby Care,Completed
ORD002795,OI002795,1819.37,Beverages,Rejected
ORD002796,OI002796,2398.94,Dairy,Completed
ORD002797,OI002797,542.84,Personal Care,Completed
ORD002798,OI002798,734.98,Dairy,Completed
ORD002799,OI002799,643.49,Snacks,Completed
ORD002800,OI002800,1283.99,Groceries,Completed
ORD002801,OI002801,2089.95,Beverages,Cancelled
ORD002802,OI002802,2376.31,Personal Care,Completed
ORD002803,OI002803,2019.68,Personal Care,Rejected
ORD002804,OI002804,971.76,Dairy,Completed
ORD002805,OI002805,1185.74,Household,Completed
ORD002806,OI002806,1518.08,Fruits & Vegetables,Completed
ORD002807,OI002807,1980.75,Beverages,Cancelled
ORD002808,OI002808,1915.46,Groceries,Completed
ORD002809,OI002809,280.59,Household,Cancelled
ORD002810,OI002810,2185.73,Dairy,Rejected
ORD002811,OI002811,1195.96,Groceries,Cancelled
ORD002812,OI002812,304.22,Beverages,Completed
ORD002813,OI002813,852.4,Fruits & Vegetables,Completed
ORD002814,OI002814,2267.66,Snacks,Completed
ORD002815,OI002815,2429.61,Fruits & Vegetables,Cancelled
ORD002816,OI002816,1956.25,Bakery,Cancelled
ORD002817,OI002817,2312.34,Personal Care,Rejected
ORD002818,OI002818,1190.8,Groceries,Cancelled
ORD002819,OI002819,1534.13,Fruits & Vegetables,Cancelled
ORD002820,OI002820,589.11,Bakery,Completed
ORD002821,OI002821,1770.91,Household,Completed
ORD002822,OI002822,1033.78,Beverages,Completed
ORD002823,OI002823,1893.98,Personal Care,Completed
ORD002824,OI002824,1804.3,Fruits & Vegetables,Completed
ORD002825,OI002825,2083.7,Fruits & Vegetables,Cancelled
ORD002826,OI002826,784.23,Groceries,Completed
ORD002827,OI002827,1004.52,Beverages,Completed
ORD002828,OI002828,654.16,Groceries,Completed
ORD002829,OI002829,1863.14,Snacks,Rejected
ORD002830,OI002830,302.19,Groceries,Rejected
ORD002831,OI002831,468.07,Fruits & Vegetables,Completed
ORD002832,OI002832,666.62,Groceries,Completed
ORD002833,OI002833,1569.61,Beverages,Completed
ORD002834,OI002834,1736.36,Beverages,Completed
ORD002835,OI002835,1505.82,Dairy,Rejected
ORD002836,OI002836,1437.39,Groceries,Completed
ORD002837,OI002837,1261.96,Baby Care,Completed
ORD002838,OI002838,898.52,Dairy,Completed
ORD002839,OI002839,1485.4,Bakery,Rejected
ORD002840,OI002840,1532.67,Groceries,Completed
ORD002841,OI002841,762.86,Snacks,Completed
ORD002842,OI002842,1854.92,Bakery,Completed
ORD002843,OI002843,991.18,Groceries,Cancelled
ORD002844,OI002844,-182.27,Groceries,Completed
ORD002845,OI002845,280.15,Dairy,Cancelled
ORD002846,OI002846,543.21,Personal Care,Completed
ORD002847,OI002847,894.04,Baby Care,Cancelled
ORD002848,OI002848,1876.75,Dairy,Completed
ORD002849,OI002849,728.81,Dairy,Completed
ORD002850,OI002850,1377.46,Snacks,Rejected
ORD002851,OI002851,147.05,Beverages,Completed
ORD002852,OI002852,1047.66,Frozen Foods,Completed
ORD002853,OI002853,1471.17,Groceries,Completed
ORD002854,OI002854,1210.77,Personal Care,Completed
ORD002855,OI002855,1440.51,Fruits & Vegetables,Rejected
ORD002856,OI002856,1303.78,Bakery,Cancelled
ORD002857,OI002857,1143.56,Household,Completed
ORD002858,OI002858,2017.31,Personal Care,Completed
ORD002859,OI002859,494.0,Fruits & Vegetables,Completed
ORD002860,OI002860,1661.74,Beverages,Cancelled
ORD002861,OI002861,2343.12,Groceries,Completed
ORD002862,OI002862,941.25,Fruits & Vegetables,Completed
ORD002863,OI002863,2206.78,Frozen Foods,Completed
ORD002864,OI002864,1689.32,Snacks,Completed
ORD002865,OI002865,1778.84,Fruits & Vegetables,Completed
ORD002866,OI002866,1482.51,Frozen Foods,Completed
ORD002867,OI002867,1911.43,Groceries,Cancelled
ORD002868,OI002868,1739.26,Baby Care,Completed
ORD002869,OI002869,699.59,Snacks,Completed
ORD002870,OI002870,805.69,Fruits & Vegetables,Completed
ORD002871,OI002871,1075.26,Personal Care,Completed
ORD002872,OI002872,2422.17,Bakery,Completed
ORD002873,OI002873,2163.24,Baby Care,Rejected
ORD002874,OI002874,1065.22,Household,Completed
ORD002875,OI002875,468.77,Frozen Foods,Cancelled
ORD002876,OI002876,797.9,Beverages,Completed
ORD002877,OI002877,2293.36,Beverages,Completed
ORD002878,OI002878,2401.45,Beverages,Cancelled
ORD002879,OI002879,1687.77,Beverages,Cancelled
ORD002880,OI002880,973.22,Baby Care,Cancelled
ORD002881,OI002881,457.06,Frozen Foods,Completed
ORD002882,OI002882,886.15,Beverages,Completed
ORD002883,OI002883,612.87,Frozen Foods,Completed
ORD002884,OI002884,2115.71,Dairy,Cancelled
ORD002885,OI002885,2478.95,Groceries,Completed
ORD002886,OI002886,914.3,Bakery,Cancelled
ORD002887,OI002887,1767.26,Snacks,Completed
ORD002888,OI002888,2103.27,Snacks,Rejected
ORD002889,OI002889,152.15,Bakery,Completed
ORD002890,OI002890,1176.29,Baby Care,Completed
ORD002891,OI002891,2121.19,Snacks,Completed
ORD002892,OI002892,1383.26,Frozen Foods,Cancelled
ORD002893,OI002893,119.24,Household,Completed
ORD002894,OI002894,2442.91,Beverages,Completed
ORD002895,OI002895,2177.58,Frozen Foods,Completed
ORD002896,OI002896,1608.62,Baby Care,Completed
ORD002897,OI002897,1046.12,Fruits & Vegetables,Completed
ORD002898,OI002898,1848.7,Frozen Foods,Rejected
ORD002899,OI002899,795.19,Baby Care,Completed
ORD002900,OI002900,1598.47,Personal Care,Completed
ORD002901,OI002901,1879.55,Beverages,Completed
ORD002902,OI002902,1554.73,Groceries,Completed
ORD002903,OI002903,123.96,Baby Care,Completed
ORD002904,OI002904,122.67,Household,Completed
ORD002905,OI002905,865.3,Household,Completed
ORD002906,OI002906,1899.18,Groceries,Completed
ORD002907,OI002907,1739.35,Fruits & Vegetables,Completed
ORD002908,OI002908,2333.15,Frozen Foods,Cancelled
ORD002909,OI002909,1845.4,Dairy,Cancelled
ORD002910,OI002910,2087.31,Frozen Foods,Completed
ORD002911,OI002911,2458.38,Household,Rejected
ORD002912,OI002912,1024.42,Dairy,Completed
ORD002913,OI002913,1763.21,Baby Care,Completed
ORD002914,OI002914,1608.94,Fruits & Vegetables,Completed
ORD002915,OI002915,156.43,Bakery,Completed
ORD002916,OI002916,1166.62,Snacks,Completed
ORD002917,OI002917,1527.0,Personal Care,Cancelled
ORD002918,OI002918,213.12,Beverages,Rejected
ORD002919,OI002919,1011.69,Personal Care,Rejected
ORD002920,OI002920,2374.03,Frozen Foods,Cancelled
ORD002921,OI002921,1804.42,Baby Care,Completed
ORD002922,OI002922,1451.5,Frozen Foods,Rejected
ORD002923,OI002923,2001.89,Dairy,Cancelled
ORD002924,OI002924,2186.67, Groceries ,Completed
ORD002925,OI002925,1346.51,Personal Care,Completed
ORD002926,OI002926,1931.49,Beverages,Completed
ORD002927,OI002927,399.04,Bakery,Completed
ORD002928,OI002928,2131.06,Fruits & Vegetables,Rejected
ORD002929,OI002929,1244.63,Bakery,Completed
ORD002930,OI002930,2494.79,Groceries,Completed
ORD002931,OI002931,496.99,Frozen Foods,Rejected
ORD002932,OI002932,2000.15,Personal Care,Completed
ORD002933,OI002933,811.3,Personal Care,Completed
ORD002934,OI002934,1671.81,Frozen Foods,Completed
ORD002935,OI002935,1230.07,Household,Completed
ORD002936,OI002936,345.46,Groceries,Completed
ORD002937,OI002937,1339.78,Household,Completed
ORD002938,OI002938,1728.6,Snacks,Completed
ORD002939,OI002939,995.99,Snacks,Completed
ORD002940,OI002940,1468.54,Dairy,Cancelled
ORD002941,OI002941,1663.05,Fruits & Vegetables,Rejected
ORD002942,OI002942,2397.49,Groceries,Completed
ORD002943,OI002943,155.99,Baby Care,Completed
ORD002944,OI002944,1349.48,Household,Completed
ORD002945,OI002945,966.81,Fruits & Vegetables,Completed
ORD002946,OI002946,529.26,Personal Care,Rejected
ORD002947,OI002947,1214.1,Fruits & Vegetables,Rejected
ORD002948,OI002948,1047.93,Snacks,Completed
ORD002949,OI002949,1641.6,Household,Completed
ORD002950,OI002950,869.85,Personal Care,Cancelled
ORD002951,OI002951,1591.18,Personal Care,Cancelled
ORD002952,OI002952,551.29,Baby Care,Completed
ORD002953,OI002953,787.54,Personal Care,Cancelled
ORD002954,OI002954,1954.12,Beverages,Completed
ORD002955,OI002955,1297.14,Baby Care,Completed
ORD002956,OI002956,421.71,Bakery,Completed
ORD002957,OI002957,1428.39,Baby Care,Completed
ORD002958,OI002958,2216.14,Baby Care,Rejected
ORD002959,OI002959,2442.46,Personal Care,Rejected
ORD002960,OI002960,492.88,Groceries,Completed
ORD002961,OI002961,256.34,Snacks,Completed
ORD002962,OI002962,147.67,Household,Rejected
ORD002963,OI002963,1390.03,Fruits & Vegetables,Completed
ORD002964,OI002964,1296.14,Baby Care,Cancelled
ORD002965,OI002965,844.93,Frozen Foods,Completed
ORD002966,OI002966,2383.42,Snacks,Completed
ORD002967,OI002967,1776.67,Frozen Foods,Completed
ORD002968,OI002968,2111.7,Groceries,Completed
ORD002969,OI002969,2398.99,Snacks,Rejected
ORD002970,OI002970,192.64,Beverages,Completed
ORD002971,OI002971,891.03,Personal Care,Rejected
ORD002972,OI002972,1555.73,Baby Care,Cancelled
ORD002973,OI002973,2317.47,Bakery,Rejected
ORD002974,OI002974,1202.43,Frozen Foods,Completed
ORD002975,OI002975,1935.95,Frozen Foods,Completed
ORD002976,OI002976,714.19,Dairy,Rejected
ORD002977,OI002977,2383.84,Bakery,Cancelled
ORD002978,OI002978,306.51,Bakery,Rejected
ORD002979,OI002979,121.29,Personal Care,Cancelled
ORD002980,OI002980,1825.19,Groceries,Completed
ORD002981,OI002981,2008.94,Frozen Foods,Completed
ORD002982,OI002982,2054.15,Household,Completed
ORD002983,OI002983,826.18,Beverages,Cancelled
ORD002984,OI002984,927.72,Household,Completed
ORD002985,OI002985,843.49,Household,Rejected
ORD002986,OI002986,665.45,Household,Cancelled
ORD002987,OI002987,2325.98,Bakery,Completed
ORD002988,OI002988,2272.32,Bakery,Rejected
ORD002989,OI002989,557.37,Baby Care,Completed
ORD002990,OI002990,2084.97,Bakery,Completed
ORD002991,OI002991,1010.65,Groceries,Completed
ORD002992,OI002992,1226.23,Bakery,Completed
ORD002993,OI002993,1258.72,Frozen Foods,Completed
ORD002994,OI002994,590.95,Dairy,Cancelled
ORD002995,OI002995,486.54,Personal Care,Completed
ORD002996,OI002996,2286.63,Snacks,Completed
ORD002997,OI002997,1268.76,Household,Completed
ORD002998,OI002998,843.85,Frozen Foods,Completed
ORD002999,OI002999,1726.22,Personal Care,Completed
ORD003000,OI003000,1296.23,Snacks,Cancelled
ORD003001,OI003001,1827.11,Fruits & Vegetables,Rejected
ORD003002,OI003002,1091.66,Snacks,Completed
ORD003003,OI003003,1275.61,Frozen Foods,Completed
ORD003004,OI003004,2084.74,Baby Care,Completed
ORD003005,OI003005,562.03,Dairy,Completed
ORD003006,OI003006,580.53,Snacks,Cancelled
ORD003007,OI003007,793.1,Personal Care,Completed
ORD003008,OI003008,656.6,Frozen Foods,Completed
ORD003009,OI003009,2100.37,Household,Completed
ORD003010,OI003010,1316.15,Household,Completed
ORD003011,OI003011,1292.07,Frozen Foods,Completed
ORD003012,OI003012,681.92,Bakery,Completed
ORD003013,OI003013,597.21,Groceries,Cancelled
ORD003014,OI003014,1906.42,Bakery,Completed
ORD003015,OI003015,546.38,Fruits & Vegetables,Completed
ORD003016,OI003016,1052.89,Snacks,Completed
ORD003017,OI003017,435.33,Personal Care,Cancelled
ORD003018,OI003018,1123.04,Household,Completed
ORD003019,OI003019,1182.08,Bakery,Completed
ORD003020,OI003020,2482.67,Snacks,Completed
ORD003021,OI003021,401.43,Household,Completed
ORD003022,OI003022,1019.73,Dairy,Completed
ORD003023,OI003023,522.38,Baby Care,Completed
ORD003024,OI003024,933.33,Snacks,Completed
ORD003025,OI003025,355.61,Frozen Foods,Cancelled
ORD003026,OI003026,2277.99,Fruits & Vegetables,Cancelled
ORD003027,OI003027,605.0,Bakery,Completed
ORD003028,OI003028,1907.07,Dairy,Cancelled
ORD003029,OI003029,1859.03,Baby Care,Completed
ORD003030,OI003030,1965.99,Snacks,Completed
ORD003031,OI003031,779.51,Personal Care,Rejected
ORD003032,OI003032,500.06,Groceries,Rejected
ORD003033,OI003033,1846.35,Groceries,Completed
ORD003034,OI003034,224.49,Beverages,Completed
ORD003035,OI003035,2074.42,Household,Completed
ORD003036,OI003036,849.24,Frozen Foods,Completed
ORD003037,OI003037,1091.32,Household,Completed
ORD003038,OI003038,1391.29,Beverages,Completed
ORD003039,OI003039,2365.98,Beverages,Rejected
ORD003040,OI003040,1320.7,Groceries,Completed
ORD003041,OI003041,1912.08,Personal Care,Completed
ORD003042,OI003042,1935.2,Snacks,Completed
ORD003043,OI003043,1456.65,Fruits & Vegetables,Completed
ORD003044,OI003044,1671.77,Frozen Foods,Completed
ORD003045,OI003045,1201.41,Baby Care,Completed
ORD003046,OI003046,1021.26,Baby Care,Cancelled
ORD003047,OI003047,1281.47,Baby Care,Cancelled
ORD003048,OI003048,1198.91,Dairy,Completed
ORD003049,OI003049,1125.6,Beverages,Rejected
ORD003050,OI003050,1681.67,Frozen Foods,Completed
ORD003051,OI003051,1364.33,Snacks,Completed
ORD003052,OI003052,139.72,Snacks,Completed
ORD003053,OI003053,1283.74,Frozen Foods,Completed
ORD003054,OI003054,1472.33,Fruits & Vegetables,Rejected
ORD003055,OI003055,1761.05,Fruits & Vegetables,Completed
ORD003056,OI003056,2149.36,Fruits & Vegetables,Completed
ORD003057,OI003057,133.34,Fruits & Vegetables,Completed
ORD003058,OI003058,2491.32,Beverages,Cancelled
ORD003059,OI003059,445.35,Dairy,Completed
ORD003060,OI003060,867.33,Baby Care,Completed
ORD003061,OI003061,766.73,Fruits & Vegetables,Cancelled
ORD003062,OI003062,354.52,Personal Care,Completed
ORD003063,OI003063,1153.47,Snacks,Completed
ORD003064,OI003064,788.96,Bakery,Completed
ORD003065,OI003065,1043.09,Baby Care,Completed
ORD003066,OI003066,642.1,Beverages,Completed
ORD003067,OI003067,448.66,Bakery,Completed
ORD003068,OI003068,2456.57,Beverages,Completed
ORD003069,OI003069,1357.63,Bakery,Rejected
ORD003070,OI003070,509.12,Groceries,Completed
ORD003071,OI003071,1710.16,Baby Care,Completed
ORD003072,OI003072,1120.75,Beverages,Completed
ORD003073,OI003073,249.37,Snacks,Completed
ORD003074,OI003074,2134.85,Fruits & Vegetables,Completed
ORD003075,OI003075,724.58,Frozen Foods,Cancelled
ORD003076,OI003076,581.81,Dairy,Completed
ORD003077,OI003077,1774.83,Dairy,Cancelled
ORD003078,OI003078,1466.59,Fruits & Vegetables,Rejected
ORD003079,OI003079,1898.85,Snacks,Rejected
ORD003080,OI003080,2286.15,Fruits & Vegetables,Completed
ORD003081,OI003081,107.45,Bakery,Completed
ORD003082,OI003082,890.07,Snacks,Completed
ORD003083,OI003083,1445.9,Baby Care,Cancelled
ORD003084,OI003084,2413.48,Groceries,Rejected
ORD003085,OI003085,2108.06,Household,Completed
ORD003086,OI003086,828.91,Frozen Foods,Rejected
ORD003087,OI003087,1022.11,Household,Completed
ORD003088,OI003088,445.64,Snacks,Completed
ORD003089,OI003089,1063.66,Fruits & Vegetables,Completed
ORD003090,OI003090,1155.11,Bakery,Completed
ORD003091,OI003091,1105.67,Baby Care,Completed
ORD003092,OI003092,2322.73,Bakery,Completed
ORD003093,OI003093,2299.37,Fruits & Vegetables,Rejected
ORD003094,OI003094,913.65,Personal Care,Completed
ORD003095,OI003095,504.2,Groceries,Cancelled
ORD003096,OI003096,796.34,Baby Care,Completed
ORD003097,OI003097,1252.04,Beverages,Completed
ORD003098,OI003098,2473.29,Snacks,Completed
ORD003099,OI003099,1417.96,Snacks,Completed
ORD003100,OI003100,1135.79,Frozen Foods,Completed
ORD003101,OI003101,1287.54,Groceries,Cancelled
ORD003102,OI003102,1569.59,Groceries,Completed
ORD003103,OI003103,462.0,Baby Care,Completed
ORD003104,OI003104,2167.3,Beverages,Rejected
ORD003105,OI003105,572.61,Dairy,Cancelled
ORD003106,OI003106,595.51, Fruits & Vegetables ,Cancelled
ORD003107,OI003107,1541.23,Fruits & Vegetables,Completed
ORD003108,OI003108,108.57,Dairy,Rejected
ORD003109,OI003109,2407.95,Household,Completed
ORD008204,OI008204,583.48,Baby Care,Completed
ORD003111,OI003111,2329.78,Personal Care,Completed
ORD003112,OI003112,1088.95,Baby Care,completed
ORD003113,OI003113,551.39,Snacks,Completed
ORD003114,OI003114,1659.94,Fruits & Vegetables,Completed
ORD003115,OI003115,1402.55,Fruits & Vegetables,Completed
ORD003116,OI003116,1259.43,Bakery,Completed
ORD003117,OI003117,2283.26,Snacks,Completed
ORD003118,OI003118,104.11,Dairy,Completed
ORD003119,OI003119,1809.9,Snacks,Completed
ORD003120,OI003120,879.58,Frozen Foods,Completed
ORD003121,OI003121,1721.97,Baby Care,Completed
ORD003122,OI003122,629.76,Groceries,Completed
ORD003123,OI003123,2453.23,Snacks,Rejected
ORD003124,OI003124,2114.37,Personal Care,Cancelled
ORD003125,OI003125,1606.36,Household,Cancelled
ORD003126,OI003126,1786.67,Bakery,Completed
ORD003127,OI003127,1234.03,Baby Care,Completed
ORD003128,OI003128,1669.18,Fruits & Vegetables,Completed
ORD003129,OI003129,115.89,Snacks,Cancelled
ORD003130,OI003130,2196.1,Personal Care,Completed
ORD003131,OI003131,1597.89,Baby Care,Completed
ORD003132,OI003132,1593.58,Fruits & Vegetables,Rejected
ORD003133,OI003133,1675.96,Personal Care,Rejected
ORD003134,OI003134,982.62,Fruits & Vegetables,Completed
ORD003135,OI003135,173.79,Beverages,Completed
ORD003136,OI003136,1806.2,Frozen Foods,Completed
ORD003137,OI003137,179.79,Snacks,Completed
ORD003138,OI003138,1192.53,Frozen Foods,Cancelled
ORD003139,OI003139,657.67,Fruits & Vegetables,Completed
ORD003140,OI003140,179.33,Groceries,Cancelled
ORD003141,OI003141,2299.54,Personal Care,Completed
ORD003142,OI003142,1266.0,Baby Care,Completed
ORD003143,OI003143,1944.81,Household,Rejected
ORD003144,OI003144,1699.56,Dairy,Completed
ORD003145,OI003145,379.8,Beverages,Completed
ORD003146,OI003146,2175.55,Groceries,Completed
ORD003147,OI003147,889.97,Frozen Foods,Completed
ORD003148,OI003148,994.02,Fruits & Vegetables,Completed
ORD003149,OI003149,1785.79,Bakery,Cancelled
ORD003150,OI003150,1842.77,Household,Completed
ORD003151,OI003151,492.09,Personal Care,Completed
ORD003152,OI003152,1613.5,Personal Care,Completed
ORD003153,OI003153,1191.97,Household,Rejected
ORD003154,OI003154,1825.56,Household,Rejected
ORD003155,OI003155,463.61,Beverages,Completed
ORD003156,OI003156,2335.13,Personal Care,Completed
ORD003157,OI003157,1733.0,Fruits & Vegetables,Rejected
ORD003158,OI003158,514.51,Beverages,Cancelled
ORD003159,OI003159,135.0,Fruits & Vegetables,Rejected
ORD003160,OI003160,2439.67,Baby Care,Rejected
ORD003161,OI003161,1054.14,Groceries,Completed
ORD003162,OI003162,1332.72,Dairy,Rejected
ORD003163,OI003163,761.98,Household,Completed
ORD003164,OI003164,2162.88,Personal Care,Completed
ORD003165,OI003165,1890.05,Fruits & Vegetables,Completed
ORD003166,OI003166,1821.38,Baby Care,Completed
ORD003167,OI003167,2145.75,Personal Care,Cancelled
ORD003168,OI003168,1641.3,Frozen Foods,Cancelled
ORD003169,OI003169,1038.39,Personal Care,Rejected
ORD003170,OI003170,2098.23,Fruits & Vegetables,Cancelled
ORD003171,OI003171,360.41,Groceries,Completed
ORD003172,OI003172,1504.73,Fruits & Vegetables,Completed
ORD003173,OI003173,360.69,Beverages,Cancelled
ORD003174,OI003174,819.0,Fruits & Vegetables,Completed
ORD003175,OI003175,2062.52,Baby Care,Rejected
ORD003176,OI003176,887.29,Bakery,Completed
ORD003177,OI003177,1077.43,Dairy,Rejected
ORD003178,OI003178,1697.25,Snacks,Completed
ORD003179,OI003179,138.74,Groceries,Completed
ORD003180,OI003180,1577.55,Groceries,Completed
ORD003181,OI003181,520.43,Snacks,Completed
ORD003182,OI003182,722.86,Personal Care,Rejected
ORD003183,OI003183,1997.6,Fruits & Vegetables,Completed
ORD003184,OI003184,1861.04,Household,Completed
ORD003185,OI003185,213.39,Frozen Foods,Completed
ORD003186,OI003186,2148.26,Groceries,Completed
ORD003187,OI003187,1051.88,Frozen Foods,Completed
ORD003188,OI003188,1202.6,Fruits & Vegetables,Completed
ORD003189,OI003189,735.03,Beverages,Completed
ORD003190,OI003190,1123.54,Snacks,Completed
ORD003191,OI003191,616.46,Fruits & Vegetables,Completed
ORD003192,OI003192,297.03,Frozen Foods,Completed
ORD003193,OI003193,1978.69,Personal Care,Completed
ORD003194,OI003194,1774.21,Frozen Foods,Rejected
ORD003195,OI003195,201.96,Frozen Foods,Rejected
ORD003196,OI003196,792.29,Bakery,Rejected
ORD003197,OI003197,2243.04,Dairy,Completed
ORD003198,OI003198,2164.66,Household,Rejected
ORD003199,OI003199,1553.67,Beverages,Completed
ORD003200,OI003200,747.52,Baby Care,Completed
ORD003201,OI003201,1848.31,Baby Care,Completed
ORD003202,OI003202,2028.6,Personal Care,Completed
ORD003203,OI003203,968.96,Household,Completed
ORD003204,OI003204,683.5,Personal Care,Cancelled
ORD003205,OI003205,1444.52,Baby Care,Cancelled
ORD003206,OI003206,2387.9,Beverages,Completed
ORD003207,OI003207,1372.44,Bakery,Rejected
ORD003208,OI003208,881.84,Fruits & Vegetables,Rejected
ORD003209,OI003209,1691.1,Beverages,Completed
ORD003210,OI003210,2143.76,Bakery,Cancelled
ORD003211,OI003211,365.31,Bakery,Rejected
ORD003212,OI003212,-2173.77,Snacks,Rejected
ORD003213,OI003213,709.06,Snacks,Completed
ORD003214,OI003214,2231.01,Baby Care,Rejected
ORD003215,OI003215,1049.6,Bakery,Completed
ORD003216,OI003216,2193.17,Bakery,Completed
ORD003217,OI003217,1826.08,Baby Care,Rejected
ORD003218,OI003218,1135.89,Frozen Foods,Cancelled
ORD003219,OI003219,1272.0,Baby Care,Cancelled
ORD003220,OI003220,1696.41,Groceries,Completed
ORD003221,OI003221,267.78,Frozen Foods,Completed
ORD003222,OI003222,1003.74,Dairy,Cancelled
ORD003223,OI003223,1989.4,Personal Care,Cancelled
ORD003224,OI003224,1199.01,Groceries,Completed
ORD003225,OI003225,152.82,Dairy,Completed
ORD003226,OI003226,472.18,Frozen Foods,Rejected
ORD003227,OI003227,519.15,Frozen Foods,Completed
ORD003228,OI003228,1529.84,Beverages,Completed
ORD003229,OI003229,1390.32,Household,Rejected
ORD003230,OI003230,1198.06,Personal Care,Completed
ORD003231,OI003231,300.47,Bakery,Completed
ORD003232,OI003232,422.5,Household,Completed
ORD003233,OI003233,289.7,Baby Care,Completed
ORD003234,OI003234,546.85,Personal Care,Rejected
ORD003235,OI003235,872.66,Groceries,Completed
ORD003236,OI003236,1128.56,Baby Care,Completed
ORD003237,OI003237,964.75,Frozen Foods,Rejected
ORD003238,OI003238,2243.33,Household,Completed
ORD003239,OI003239,2033.65,Baby Care,Completed
ORD003240,OI003240,289.88,Bakery,Completed
ORD003241,OI003241,1783.8,Fruits & Vegetables,Rejected
ORD003242,OI003242,2236.49,Fruits & Vegetables,Completed
ORD003243,OI003243,827.1,Household,Completed
ORD003244,OI003244,810.51,Bakery,Cancelled
ORD003245,OI003245,643.33,Groceries,Completed
ORD003246,OI003246,1376.42,Personal Care,Completed
ORD003247,OI003247,2279.65,Household,Completed
ORD003248,OI003248,1443.5,Beverages,Completed
ORD003249,OI003249,1095.8,Household,Cancelled
ORD003250,OI003250,2343.07,Frozen Foods,Completed
ORD003251,OI003251,633.38,Household,Completed
ORD003252,OI003252,2354.18,Beverages,Completed
ORD003253,OI003253,1205.2,Snacks,Completed
ORD003254,OI003254,895.33,Beverages,Completed
ORD003255,OI003255,2149.38,Groceries,Cancelled
ORD003256,OI003256,1574.87,Baby Care,Completed
ORD003257,OI003257,1420.66,Groceries,Completed
ORD003258,OI003258,717.04,Snacks,Completed
ORD003259,OI003259,1835.49,Beverages,Completed
ORD003260,OI003260,1671.83,Baby Care,Completed
ORD003261,OI003261,163.39,Groceries,Completed
ORD003262,OI003262,1615.15,Fruits & Vegetables,Completed
ORD003263,OI003263,2220.22,Bakery,Rejected
ORD003264,OI003264,2357.46,Snacks,Rejected
ORD003265,OI003265,2075.38,Groceries,Rejected
ORD003266,OI003266,1773.43,Dairy,Rejected
ORD003267,OI003267,1079.24,Personal Care,Cancelled
ORD003268,OI003268,1141.91,Household,Completed
ORD003269,OI003269,966.42,Personal Care,Completed
ORD003270,OI003270,2253.05,Baby Care,Completed
ORD003271,OI003271,2011.78,Dairy,Completed
ORD003272,OI003272,2130.78,Dairy,Completed
ORD003273,OI003273,1920.0,Personal Care,Completed
ORD003274,OI003274,1274.66,Bakery,Completed
ORD003275,OI003275,300.39,Fruits & Vegetables,Completed
ORD003276,OI003276,1905.87,Dairy,Completed
ORD003277,OI003277,945.64,Baby Care,Rejected
ORD003278,OI003278,1294.97,Dairy,Completed
ORD003279,OI003279,345.4,Dairy,Completed
ORD003280,OI003280,1861.6,Fruits & Vegetables,Completed
ORD003281,OI003281,1802.69,Groceries,Completed
ORD003282,OI003282,2371.1,Frozen Foods,Completed
ORD003283,OI003283,1693.21,Bakery,Rejected
ORD003284,OI003284,825.74,Fruits & Vegetables,Completed
ORD003285,OI003285,1372.02,Groceries,Completed
ORD003286,OI003286,1361.29,Snacks,Cancelled
ORD003287,OI003287,285.92,Beverages,Cancelled
ORD003288,OI003288,1072.31,Personal Care,Rejected
ORD003289,OI003289,1129.34,Fruits & Vegetables,Rejected
ORD003290,OI003290,1904.63,Groceries,Completed
ORD003291,OI003291,546.88,Groceries,Completed
ORD003292,OI003292,1595.52,Fruits & Vegetables,Completed
ORD003293,OI003293,-2449.99,Beverages,Completed
ORD003294,OI003294,156.83,Frozen Foods,Cancelled
ORD003295,OI003295,1573.39,Bakery,Completed
ORD003296,OI003296,1544.15,Frozen Foods,Completed
ORD003297,OI003297,1974.6, Snacks ,Rejected
ORD003298,OI003298,176.06,Household,Cancelled
ORD003299,OI003299,642.68,Household,Completed
ORD003300,OI003300,2109.71,Frozen Foods,Completed
ORD003301,OI003301,624.45,Beverages,Cancelled
ORD003302,OI003302,1537.07,Baby Care,Completed
ORD003303,OI003303,2138.89,Personal Care,Completed
ORD003304,OI003304,2210.11,Bakery,Completed
ORD003305,OI003305,484.28,Personal Care,Rejected
ORD003306,OI003306,2217.07,Groceries,Completed
ORD003307,OI003307,1470.48,Fruits & Vegetables,Completed
ORD003308,OI003308,862.96,Household,Completed
ORD003309,OI003309,1238.22,Snacks,Completed
ORD003310,OI003310,2162.71,Fruits & Vegetables,Completed
ORD003311,OI003311,1303.51,Personal Care,Cancelled
ORD003312,OI003312,461.26,Snacks,Cancelled
ORD003313,OI003313,1727.19,Baby Care,Completed
ORD003314,OI003314,1236.97,Personal Care,Completed
ORD003315,OI003315,481.14,Snacks,Completed
ORD003316,OI003316,693.06,Groceries,Completed
ORD003317,OI003317,2070.36,Personal Care,Completed
ORD003318,OI003318,252.39,Beverages,Cancelled
ORD003319,OI003319,1123.6,Household,Completed
ORD003320,OI003320,2326.08,Personal Care,Completed
ORD003321,OI003321,773.78,Dairy,Completed
ORD003322,OI003322,676.14,Dairy,Completed
ORD003323,OI003323,2082.04,Personal Care,Completed
ORD003324,OI003324,1755.67,Beverages,Completed
ORD003325,OI003325,1586.24,Groceries,Completed
ORD003326,OI003326,2262.87,Baby Care,Rejected
ORD003327,OI003327,2274.38,Dairy,Completed
ORD003328,OI003328,399.21,Frozen Foods,Cancelled
ORD003329,OI003329,501.98,Baby Care,Completed
ORD003330,OI003330,289.91,Beverages,Cancelled
ORD003331,OI003331,1836.55,Bakery,Completed
ORD003332,OI003332,2477.12,Bakery,Completed
ORD003333,OI003333,756.46,Dairy,Completed
ORD003334,OI003334,1445.28,Frozen Foods,Completed
ORD003335,OI003335,1138.81,Baby Care,Cancelled
ORD003336,OI003336,1471.12,Beverages,Rejected
ORD003337,OI003337,1752.12,Dairy,Completed
ORD003338,OI003338,1462.01,Snacks,Completed
ORD003339,OI003339,659.92,Baby Care,Completed
ORD003340,OI003340,766.1,Personal Care,Completed
ORD003341,OI003341,2099.21,Beverages,Completed
ORD003342,OI003342,2352.43,Baby Care,Cancelled
ORD003343,OI003343,1250.1,Fruits & Vegetables,Completed
ORD003344,OI003344,657.74,Fruits & Vegetables,completed
ORD003345,OI003345,1872.28,Fruits & Vegetables,Completed
ORD003346,OI003346,1346.5,Baby Care,Completed
ORD003347,OI003347,1000.55,Groceries,Cancelled
ORD003348,OI003348,1776.7,Groceries,Cancelled
ORD003349,OI003349,2017.62,Personal Care,Completed
ORD003350,OI003350,1582.27,Baby Care,Completed
ORD003351,OI003351,1348.42,Beverages,Completed
ORD003352,OI003352,1616.39,Personal Care,Completed
ORD003353,OI003353,1887.05,Beverages,Completed
ORD003354,OI003354,244.03,Personal Care,Completed
ORD003355,OI003355,620.89,Frozen Foods,Completed
ORD003356,OI003356,2067.92,Dairy,Completed
ORD003357,OI003357,2229.86,Bakery,Completed
ORD003358,OI003358,2209.12,Dairy,Completed
ORD003359,OI003359,1696.42,Frozen Foods,Completed
ORD003360,OI003360,772.87,Bakery,Completed
ORD003361,OI003361,2290.05,Frozen Foods,Completed
ORD003362,OI003362,1564.77,Frozen Foods,Completed
ORD003363,OI003363,499.45,Personal Care,Rejected
ORD003364,OI003364,1352.71,Bakery,Rejected
ORD003365,OI003365,1904.19,Bakery,Rejected
ORD003366,OI003366,1156.77,Beverages,Completed
ORD003367,OI003367,1340.88,Beverages,Completed
ORD003368,OI003368,964.77,Snacks,Completed
ORD003369,OI003369,1951.4,Fruits & Vegetables,Cancelled
ORD003370,OI003370,768.02,Frozen Foods,Cancelled
ORD003371,OI003371,2400.51,Personal Care,Completed
ORD003372,OI003372,2331.63, Bakery ,Completed
ORD003373,OI003373,263.26,Dairy,Completed
ORD003374,OI003374,455.5,Dairy,Completed
ORD003375,OI003375,408.42,Household,Cancelled
ORD003376,OI003376,2146.08,Beverages,Completed
ORD003377,OI003377,2017.0,Personal Care,Rejected
ORD003378,OI003378,596.42,Groceries,Completed
ORD003379,OI003379,1626.67,Snacks,Rejected
ORD003380,OI003380,179.72,Fruits & Vegetables,Completed
ORD003381,OI003381,836.23,Snacks,Completed
ORD003382,OI003382,2445.79,Household,Completed
ORD003383,OI003383,895.05,Frozen Foods,Rejected
ORD003384,OI003384,681.06,Frozen Foods,Completed
ORD003385,OI003385,2021.02,Dairy,Completed
ORD003386,OI003386,1170.75,Groceries,Completed
ORD003387,OI003387,749.6,Snacks,Completed
ORD003388,OI003388,1136.19,Personal Care,Completed
ORD003389,OI003389,2394.88,Dairy,Completed
ORD003390,OI003390,748.2,Snacks,Completed
ORD003391,OI003391,1870.91,Bakery,Completed
ORD003392,OI003392,1652.19,Groceries,Completed
ORD003393,OI003393,1593.34,Frozen Foods,Rejected
ORD003394,OI003394,175.88,Household,Cancelled
ORD003395,OI003395,718.46,Personal Care,Completed
ORD003396,OI003396,1461.29,Frozen Foods,Completed
ORD003397,OI003397,984.63,Beverages,Cancelled
ORD003398,OI003398,200.09,Beverages,Cancelled
ORD003399,OI003399,2495.24,Personal Care,Rejected
ORD003400,OI003400,1584.91,Snacks,Completed
ORD003401,OI003401,2209.42,Dairy,Completed
ORD003402,OI003402,484.17,Bakery,Rejected
ORD003403,OI003403,2344.63,Dairy,Completed
ORD003404,OI003404,147.11,Bakery,Rejected
ORD003405,OI003405,2481.93,Beverages,Cancelled
ORD003406,OI003406,903.75,Household,Completed
ORD003407,OI003407,2496.65,Baby Care,Completed
ORD003408,OI003408,1791.77,Bakery,Cancelled
ORD003409,OI003409,1539.43,Household,Completed
ORD003410,OI003410,1914.54,Snacks,Completed
ORD003411,OI003411,1377.5,Snacks,Completed
ORD003412,OI003412,1924.91,Bakery,Rejected
ORD003413,OI003413,1466.37,Frozen Foods,Completed
ORD003414,OI003414,1959.05,Dairy,Completed
ORD003415,OI003415,1677.09,Household,Completed
ORD003416,OI003416,357.89,Groceries,Completed
ORD003417,OI003417,2312.55,Baby Care,Completed
ORD003418,OI003418,1781.99,Frozen Foods,Completed
ORD003419,OI003419,2380.43,Fruits & Vegetables,Completed
ORD003420,OI003420,2208.48,Bakery,Completed
ORD003421,OI003421,1346.84,Beverages,Rejected
ORD003422,OI003422,1379.47,Personal Care,Completed
ORD003423,OI003423,154.86,Fruits & Vegetables,Completed
ORD003424,OI003424,1931.25,Frozen Foods,Completed
ORD003425,OI003425,1208.24,Groceries,Rejected
ORD003426,OI003426,1846.56,Bakery,Cancelled
ORD003427,OI003427,1856.88,Beverages,Completed
ORD003428,OI003428,187.14,Personal Care,Completed
ORD003429,OI003429,1370.89,Baby Care,Completed
ORD003430,OI003430,1170.31,Baby Care,Completed
ORD003431,OI003431,2422.96,Baby Care,Completed
ORD003432,OI003432,274.39,Snacks,Completed
ORD003433,OI003433,298.36,Groceries,Completed
ORD003434,OI003434,299.28,Dairy,Rejected
ORD003435,OI003435,629.59,Snacks,Completed
ORD003436,OI003436,296.23,Beverages,Completed
ORD003437,OI003437,1051.66,Household,Cancelled
ORD003438,OI003438,1374.35,Snacks,Rejected
ORD003439,OI003439,1265.56,Dairy,Completed
ORD003440,OI003440,2224.79,Baby Care,Rejected
ORD003441,OI003441,1967.71,Frozen Foods,Completed
ORD003442,OI003442,187.69,Snacks,Completed
ORD003443,OI003443,1991.31,Beverages,Rejected
ORD003444,OI003444,2322.14,Baby Care,Completed
ORD003445,OI003445,2040.85,Frozen Foods,Completed
ORD003446,OI003446,906.4,Household,Completed
ORD003447,OI003447,1545.87,Fruits & Vegetables,Completed
ORD003448,OI003448,888.85,Beverages,Rejected
ORD003449,OI003449,1429.62,Beverages,Completed
ORD003450,OI003450,2222.74,Bakery,Completed
ORD003451,OI003451,148.59,Snacks,Completed
ORD003452,OI003452,994.52,Snacks,Completed
ORD003453,OI003453,2069.72,Dairy,Rejected
ORD003454,OI003454,570.64,Fruits & Vegetables,Completed
ORD003455,OI003455,1138.01,Snacks,Completed
ORD003456,OI003456,2329.25,Frozen Foods,Completed
ORD003457,OI003457,1193.14,Groceries,Completed
ORD003458,OI003458,1907.19,Frozen Foods,Rejected
ORD003459,OI003459,207.37,Frozen Foods,Cancelled
ORD003460,OI003460,1409.65,Baby Care,Completed
ORD003461,OI003461,813.07,Snacks,Rejected
ORD003462,OI003462,1936.52,Baby Care,Completed
ORD003463,OI003463,1532.75,Household,Completed
ORD003464,OI003464,193.69,Dairy,Cancelled
ORD003465,OI003465,1861.94,Fruits & Vegetables,Cancelled
ORD003466,OI003466,1277.98,Bakery,Completed
ORD003467,OI003467,2048.7,Fruits & Vegetables,Completed
ORD003468,OI003468,654.32,Fruits & Vegetables,Completed
ORD003469,OI003469,2197.03,Baby Care,Rejected
ORD003470,OI003470,1369.81,Snacks,Completed
ORD003471,OI003471,849.88,Fruits & Vegetables,Completed
ORD003472,OI003472,1031.71,Groceries,Completed
ORD003473,OI003473,459.62,Personal Care,Completed
ORD003474,OI003474,2314.77,Beverages,Completed
ORD003475,OI003475,1255.18,Household,Completed
ORD003476,OI003476,1219.51,Frozen Foods,Completed
ORD003477,OI003477,1719.44,Household,Completed
ORD003478,OI003478,1586.45,Snacks,Completed
ORD003479,OI003479,1096.28,Snacks,Completed
ORD003480,OI003480,2284.58,Household,Cancelled
ORD003481,OI003481,2138.23,Snacks,Completed
ORD003482,OI003482,754.64,Baby Care,Completed
ORD003483,OI003483,1846.2,Fruits & Vegetables,Cancelled
ORD003484,OI003484,393.01,Personal Care,Completed
ORD003485,OI003485,555.39,Beverages,Cancelled
ORD003486,OI003486,1419.68,Household,Completed
ORD003487,OI003487,1227.39,Bakery,Cancelled
ORD003488,OI003488,1932.68,Beverages,Completed
ORD003489,OI003489,1306.62,Frozen Foods,Completed
ORD003490,OI003490,243.65,Baby Care,Cancelled
ORD003491,OI003491,195.02,Bakery,Cancelled
ORD003492,OI003492,605.61,Dairy,Rejected
ORD003493,OI003493,228.92,Beverages,Completed
ORD003494,OI003494,2292.92,Personal Care,Cancelled
ORD003495,OI003495,318.37,Dairy,Completed
ORD003496,OI003496,940.45,Snacks,Completed
ORD003497,OI003497,1576.64,Dairy,Completed
ORD003498,OI003498,469.37,Fruits & Vegetables,Completed
ORD003499,OI003499,224.99,Household,Completed
ORD003500,OI003500,359.38,Personal Care,Completed
ORD003501,OI003501,510.76,Groceries,Completed
ORD003502,OI003502,1819.5,Personal Care,Completed
ORD003503,OI003503,573.76,Bakery,Rejected
ORD003504,OI003504,2257.24,Frozen Foods,Rejected
ORD003505,OI003505,960.95,Baby Care,Completed
ORD003506,OI003506,2171.32,Bakery,Completed
ORD003507,OI003507,2240.98,Household,Completed
ORD003508,OI003508,715.49,Fruits & Vegetables,Completed
ORD003509,OI003509,1521.82,Fruits & Vegetables,Cancelled
ORD003510,OI003510,535.12,Household,Completed
ORD003511,OI003511,2104.86,Dairy,Completed
ORD003512,OI003512,2279.24,Snacks,Completed
ORD003513,OI003513,2142.61,Groceries,Rejected
ORD003514,OI003514,1631.19,Bakery,Completed
ORD003515,OI003515,1539.24,Snacks,Cancelled
ORD003516,OI003516,1478.89,Dairy,Completed
ORD003517,OI003517,788.66,Personal Care,Completed
ORD003518,OI003518,1728.31,Frozen Foods,Rejected
ORD003519,OI003519,1523.98,Bakery,Completed
ORD003520,OI003520,705.11,Frozen Foods,Completed
ORD003521,OI003521,834.98,Frozen Foods,Completed
ORD003522,OI003522,333.37,Household,Completed
ORD003523,OI003523,1645.34,Dairy,Rejected
ORD003524,OI003524,1940.07,Household,Cancelled
ORD003525,OI003525,1369.25,Baby Care,Completed
ORD003526,OI003526,1860.67,Personal Care,Completed
ORD003527,OI003527,898.77,Dairy,Completed
ORD003528,OI003528,1459.33,Beverages,Rejected
ORD003529,OI003529,2004.29,Fruits & Vegetables,Completed
ORD003530,OI003530,2193.03,Household,Completed
ORD003531,OI003531,2058.22,Bakery,Rejected
ORD003532,OI003532,2432.18,Groceries,Completed
ORD003533,OI003533,333.32,Snacks,Completed
ORD003534,OI003534,825.66,Groceries,Completed
ORD003535,OI003535,821.05,Household,Cancelled
ORD003536,OI003536,1398.41,Personal Care,Cancelled
ORD003537,OI003537,1742.4,Dairy,Rejected
ORD003538,OI003538,1108.05,Dairy,Rejected
ORD003539,OI003539,2168.5,Groceries,Completed
ORD003540,OI003540,672.99,Dairy,Completed
ORD003541,OI003541,911.73,Frozen Foods,Rejected
ORD003542,OI003542,1306.32,Fruits & Vegetables,Completed
ORD003543,OI003543,2475.34,Dairy,Completed
ORD003544,OI003544,1713.96,Household,Completed
ORD003545,OI003545,1236.52,Fruits & Vegetables,Completed
ORD003546,OI003546,2164.98,Fruits & Vegetables,Rejected
ORD003547,OI003547,1973.22,Baby Care,Completed
ORD003548,OI003548,1858.27,Beverages,Rejected
ORD003549,OI003549,1309.78,Groceries,Rejected
ORD003550,OI003550,147.19,Household,Completed
ORD003551,OI003551,2049.06,Groceries,Completed
ORD003552,OI003552,1327.17,Frozen Foods,Completed
ORD003553,OI003553,1481.88,Beverages,Completed
ORD003554,OI003554,1700.03,Groceries,Completed
ORD003555,OI003555,881.15,Frozen Foods,Completed
ORD003556,OI003556,551.04,Snacks,Completed
ORD003557,OI003557,273.17,Beverages,Completed
ORD003558,OI003558,154.95,Personal Care,Completed
ORD003559,OI003559,2416.25,Frozen Foods,Cancelled
ORD003560,OI003560,2046.13,Dairy,Completed
ORD003561,OI003561,867.37,Baby Care,Completed
ORD003562,OI003562,1973.27,Baby Care,Completed
ORD003563,OI003563,768.25,Household,Completed
ORD003564,OI003564,2298.08,Bakery,Rejected
ORD003565,OI003565,1998.46,Groceries,Completed
ORD003566,OI003566,908.84,Dairy,Rejected
ORD003567,OI003567,2401.92,Dairy,Completed
ORD003568,OI003568,1857.17,Groceries,Cancelled
ORD003569,OI003569,1700.84,Baby Care,Completed
ORD003570,OI003570,796.99,Personal Care,Completed
ORD003571,OI003571,1224.54,Frozen Foods,Completed
ORD003572,OI003572,525.2,Bakery,Cancelled
ORD003573,OI003573,2081.41,Snacks,Completed
ORD003574,OI003574,722.69,Snacks,Rejected
ORD003575,OI003575,871.54,Groceries,Completed
ORD003576,OI003576,1491.89,Bakery,Completed
ORD003577,OI003577,2236.4,Snacks,Completed
ORD003578,OI003578,647.69,Personal Care,Cancelled
ORD003579,OI003579,446.28,Baby Care,Completed
ORD003580,OI003580,855.24,Bakery,Rejected
ORD003581,OI003581,2145.0,Frozen Foods,Completed
ORD003582,OI003582,1932.28,Fruits & Vegetables,Completed
ORD003583,OI003583,498.93,Beverages,Rejected
ORD003584,OI003584,1979.14,Dairy,Completed
ORD003585,OI003585,278.87,Dairy,Completed
ORD003586,OI003586,887.31,Bakery,Completed
ORD003587,OI003587,2142.65,Fruits & Vegetables,Completed
ORD003588,OI003588,1496.0,Snacks,Completed
ORD003589,OI003589,1182.37,Dairy,Completed
ORD003590,OI003590,1416.17,Groceries,Rejected
ORD003591,OI003591,1330.19,Snacks,Cancelled
ORD003592,OI003592,557.23,Frozen Foods,Completed
ORD003593,OI003593,282.69,Frozen Foods,Completed
ORD003594,OI003594,351.36,Groceries,Rejected
ORD003595,OI003595,371.73,Dairy,Completed
ORD003596,OI003596,2358.29,Fruits & Vegetables,Rejected
ORD003597,OI003597,2169.85,Beverages,Completed
ORD003598,OI003598,584.35,Beverages,Completed
ORD003599,OI003599,368.41,Fruits & Vegetables,Completed
ORD003600,OI003600,2467.57,Baby Care,Completed
ORD003601,OI003601,2366.44,Bakery,Completed
ORD003602,OI003602,1608.49,Dairy,Completed
ORD003603,OI003603,525.84,Baby Care,Completed
ORD003604,OI003604,1272.9,Beverages,Cancelled
ORD003605,OI003605,642.85,Household,Cancelled
ORD003606,OI003606,971.98,Frozen Foods,Completed
ORD003607,OI003607,2282.49,Frozen Foods,Completed
ORD003608,OI003608,685.09,Household,Completed
ORD003609,OI003609,851.11,Baby Care,Cancelled
ORD003610,OI003610,2279.1,Frozen Foods,Completed
ORD003611,OI003611,1029.07,Baby Care,Completed
ORD003612,OI003612,1356.43,Bakery,Rejected
ORD003613,OI003613,222.39,Dairy,Completed
ORD003614,OI003614,1003.43,Fruits & Vegetables,Completed
ORD003615,OI003615,1758.68,Baby Care,Cancelled
ORD003616,OI003616,1986.85,Bakery,Completed
ORD003617,OI003617,2063.74,Snacks,Completed
ORD005599,OI005599,404.6,Beverages,Cancelled
ORD003619,OI003619,943.17,Baby Care,Cancelled
ORD003620,OI003620,1412.32,Personal Care,Completed
ORD003621,OI003621,2022.89,Snacks,Completed
ORD003622,OI003622,2488.2,Beverages,Cancelled
ORD003623,OI003623,1929.75,Household,Rejected
ORD003624,OI003624,991.16,Beverages,Completed
ORD003625,OI003625,630.55,Household,Completed
ORD003626,OI003626,934.49,Fruits & Vegetables,Completed
ORD003627,OI003627,297.91,Groceries,Completed
ORD003628,OI003628,-1321.7,Groceries,Cancelled
ORD003629,OI003629,2165.17,Household,Cancelled
ORD003630,OI003630,177.59,Dairy,Completed
ORD003631,OI003631,1559.04,Beverages,Cancelled
ORD003632,OI003632,2290.13,Personal Care,Cancelled
ORD003633,OI003633,299.88,Fruits & Vegetables,Completed
ORD003634,OI003634,1256.3,Groceries,Cancelled
ORD003635,OI003635,324.35,Household,Completed
ORD003636,OI003636,1787.55,Bakery,Rejected
ORD003637,OI003637,1336.78,Beverages,Rejected
ORD003638,OI003638,2092.56,Frozen Foods,Completed
ORD003639,OI003639,1271.95,Household,Completed
ORD003640,OI003640,1570.47,Groceries,Completed
ORD003641,OI003641,390.87,Dairy,Cancelled
ORD003642,OI003642,1552.33,Bakery,Completed
ORD003643,OI003643,280.98,Groceries,Completed
ORD003644,OI003644,1669.41,Frozen Foods,Rejected
ORD003645,OI003645,2190.8,Snacks,Cancelled
ORD003646,OI003646,725.07,Personal Care,Completed
ORD003647,OI003647,2007.79,Personal Care,Cancelled
ORD003648,OI003648,1580.38,Household,Completed
ORD003649,OI003649,966.03,Beverages,Completed
ORD003650,OI003650,2264.98,Frozen Foods,Completed
ORD003651,OI003651,254.35,Household,Completed
ORD003652,OI003652,2205.89,Beverages,Completed
ORD003653,OI003653,642.97,Groceries,Completed
ORD003654,OI003654,1872.34,Bakery,Completed
ORD003655,OI003655,2319.35,Bakery,Rejected
ORD003656,OI003656,1517.5,Snacks,Rejected
ORD003657,OI003657,1600.53,Baby Care,Completed
ORD003658,OI003658,111.99,Dairy,Completed
ORD003659,OI003659,2224.36,Snacks,Completed
ORD003660,OI003660,2329.3,Baby Care,Completed
ORD003661,OI003661,728.61,Personal Care,Completed
ORD003662,OI003662,1164.68,Personal Care,Completed
ORD003663,OI003663,579.7,Frozen Foods,Completed
ORD003664,OI003664,1118.1,Fruits & Vegetables,Rejected
ORD003665,OI003665,1071.57,Fruits & Vegetables,Completed
ORD003666,OI003666,823.97,Bakery,Cancelled
ORD003667,OI003667,2438.01,Household,Completed
ORD003668,OI003668,889.0,Personal Care,Completed
ORD003669,OI003669,1937.37,Frozen Foods,Completed
ORD003670,OI003670,2238.37,Frozen Foods,Rejected
ORD003671,OI003671,670.47,Beverages,Cancelled
ORD003672,OI003672,2248.11,Household,Completed
ORD003673,OI003673,954.59,Beverages,Completed
ORD003674,OI003674,1815.67,Dairy,Completed
ORD003675,OI003675,2471.76,Baby Care,Cancelled
ORD003676,OI003676,1818.78,Baby Care,Completed
ORD003677,OI003677,1271.73,Beverages,Cancelled
ORD003678,OI003678,419.37,Baby Care,Rejected
ORD003679,OI003679,1073.8,Groceries,Completed
ORD003680,OI003680,610.41,Beverages,Completed
ORD003681,OI003681,1112.24,Baby Care,Cancelled
ORD003682,OI003682,2467.55,Fruits & Vegetables,Completed
ORD003683,OI003683,1091.71,Dairy,Cancelled
ORD003684,OI003684,2019.53,Baby Care,Completed
ORD003685,OI003685,679.58,Bakery,Completed
ORD003686,OI003686,2476.57,Baby Care,Completed
ORD003687,OI003687,733.39,Household,Completed
ORD003688,OI003688,1680.63,Fruits & Vegetables,Cancelled
ORD003689,OI003689,2280.19,Fruits & Vegetables,Rejected
ORD003690,OI003690,1223.65,Snacks,Completed
ORD003691,OI003691,1344.36,Fruits & Vegetables,Completed
ORD003692,OI003692,2083.12,Frozen Foods,Completed
ORD003693,OI003693,622.69,Frozen Foods,Completed
ORD003694,OI003694,1036.29,Personal Care,Completed
ORD003695,OI003695,1600.34,Fruits & Vegetables,Completed
ORD003696,OI003696,1909.0,Household,Rejected
ORD003697,OI003697,1621.73,Baby Care,Completed
ORD003698,OI003698,1071.88,Frozen Foods,Completed
ORD003699,OI003699,708.19,Baby Care,Completed
ORD003700,OI003700,1052.09,Baby Care,Rejected
ORD003701,OI003701,1278.33,Bakery,Rejected
ORD003702,OI003702,2431.33,Household,Rejected
ORD003703,OI003703,966.25,Dairy,Cancelled
ORD003704,OI003704,2175.28,Dairy,Completed
ORD003705,OI003705,884.82,Baby Care,Completed
ORD003706,OI003706,1022.06,Personal Care,Cancelled
ORD003707,OI003707,473.18,Household,Completed
ORD003708,OI003708,1179.22,Personal Care,Completed
ORD003709,OI003709,1801.51,Snacks,Completed
ORD003710,OI003710,2285.08,Baby Care,Cancelled
ORD003711,OI003711,650.2,Fruits & Vegetables,Completed
ORD003712,OI003712,1785.27,Groceries,Cancelled
ORD003713,OI003713,906.78,Beverages,Cancelled
ORD003714,OI003714,2098.44,Beverages,Completed
ORD003715,OI003715,2015.95,Baby Care,Completed
ORD003716,OI003716,878.36,Groceries,Rejected
ORD003717,OI003717,2186.61,Bakery,Rejected
ORD003718,OI003718,1280.86,Baby Care,Completed
ORD003719,OI003719,772.79,Dairy,Cancelled
ORD003720,OI003720,1191.51,Snacks,Rejected
ORD003721,OI003721,903.31,Groceries,Rejected
ORD003722,OI003722,1179.74,Personal Care,Rejected
ORD003723,OI003723,2018.21,Bakery,Completed
ORD003724,OI003724,1305.93,Baby Care,Completed
ORD003725,OI003725,907.79,Fruits & Vegetables,Cancelled
ORD003726,OI003726,1522.58,Beverages,Cancelled
ORD003727,OI003727,2144.27,Household,Completed
ORD003728,OI003728,1965.18,Dairy,Completed
ORD003729,OI003729,762.72,Fruits & Vegetables,Cancelled
ORD003730,OI003730,2301.95,Dairy,Completed
ORD003731,OI003731,1638.29,Bakery,Completed
ORD003732,OI003732,1415.29,Personal Care,Cancelled
ORD003733,OI003733,1733.8,Household,Completed
ORD003734,OI003734,1679.43,Groceries,Completed
ORD003735,OI003735,2192.19,Frozen Foods,Rejected
ORD003736,OI003736,700.68,Frozen Foods,Completed
ORD003737,OI003737,679.86,Bakery,Completed
ORD003738,OI003738,2423.78,Beverages,Cancelled
ORD003739,OI003739,864.89,Baby Care,Completed
ORD003740,OI003740,651.39,Beverages,Completed
ORD003741,OI003741,2389.6,Beverages,completed
ORD003742,OI003742,1236.42,Dairy,Completed
ORD003743,OI003743,2371.07,Bakery,Completed
ORD003744,OI003744,174.51,Bakery,Completed
ORD003745,OI003745,1356.79,Fruits & Vegetables,Completed
ORD003746,OI003746,547.93,Frozen Foods,Completed
ORD003747,OI003747,1066.17,Groceries,Completed
ORD003748,OI003748,1577.43,Snacks,Completed
ORD003749,OI003749,1591.46,Personal Care,Completed
ORD003750,OI003750,2498.74,Fruits & Vegetables,Completed
ORD003751,OI003751,1862.5,Fruits & Vegetables,Completed
ORD003752,OI003752,1148.27,Beverages,Completed
ORD003753,OI003753,1205.94,Personal Care,Completed
ORD003754,OI003754,2473.18,Personal Care,Rejected
ORD003755,OI003755,230.09,Fruits & Vegetables,Completed
ORD003756,OI003756,1489.82,Frozen Foods,Completed
ORD003757,OI003757,953.59,Beverages,Completed
ORD003758,OI003758,2062.98,Fruits & Vegetables,Completed
ORD003759,OI003759,2458.71,Dairy,Cancelled
ORD003760,OI003760,2289.55,Frozen Foods,Completed
ORD003761,OI003761,302.91,Fruits & Vegetables,Completed
ORD003762,OI003762,936.29,Beverages,Completed
ORD003763,OI003763,667.9,Beverages,Completed
ORD003764,OI003764,2087.02,Household,Cancelled
ORD003765,OI003765,765.76,Fruits & Vegetables,Rejected
ORD003766,OI003766,335.95,Frozen Foods,Completed
ORD003767,OI003767,597.86,Personal Care,Completed
ORD003768,OI003768,1523.56,Fruits & Vegetables,Completed
ORD003769,OI003769,1742.9,Beverages,Completed
ORD003770,OI003770,278.37,Groceries,Cancelled
ORD003771,OI003771,2289.15,Fruits & Vegetables,Completed
ORD003772,OI003772,2339.88,Groceries,Cancelled
ORD003773,OI003773,466.98,Dairy,Completed
ORD003774,OI003774,1708.04,,Completed
ORD003775,OI003775,2496.28,Frozen Foods,Completed
ORD003776,OI003776,1833.22,Frozen Foods,Completed
ORD003777,OI003777,2094.47,Fruits & Vegetables,Completed
ORD003778,OI003778,2068.15,Groceries,Completed
ORD003779,OI003779,2409.58,Baby Care,Completed
ORD003780,OI003780,429.28,Dairy,Rejected
ORD003781,OI003781,1913.41,Personal Care,Completed
ORD003782,OI003782,802.53,Beverages,Completed
ORD003783,OI003783,2276.12,Household,Completed
ORD003784,OI003784,385.58,Personal Care,Cancelled
ORD003785,OI003785,859.23,Baby Care,Rejected
ORD003786,OI003786,817.45,Frozen Foods,Completed
ORD003787,OI003787,2387.73,Frozen Foods,Cancelled
ORD003788,OI003788,1119.33,Snacks,Completed
ORD003789,OI003789,1964.51,Frozen Foods,Completed
ORD003790,OI003790,1465.45,Household,Cancelled
ORD003791,OI003791,180.94,Frozen Foods,Rejected
ORD003792,OI003792,2460.78,Beverages,Rejected
ORD003793,OI003793,1415.61,Household,Completed
ORD003794,OI003794,1551.47,Baby Care,Completed
ORD003795,OI003795,2167.37,Baby Care,Completed
ORD003796,OI003796,1669.83,Snacks,Completed
ORD003797,OI003797,833.48,Dairy,Completed
ORD003798,OI003798,1714.96,Fruits & Vegetables,Completed
ORD003799,OI003799,1366.93,Fruits & Vegetables,Rejected
ORD003800,OI003800,926.76,Household,Rejected
ORD003801,OI003801,2430.16,Household,Completed
ORD003802,OI003802,2118.12,Fruits & Vegetables,Rejected
ORD003803,OI003803,2212.34,Household,Completed
ORD003804,OI003804,648.63,Household,Completed
ORD003805,OI003805,228.08,Baby Care,Completed
ORD003806,OI003806,485.24,Beverages,Completed
ORD003807,OI003807,1434.17,Groceries,Rejected
ORD003808,OI003808,1634.94,Dairy,Completed
ORD003809,OI003809,319.76,Fruits & Vegetables,Completed
ORD003810,OI003810,1154.8,Fruits & Vegetables,Completed
ORD003811,OI003811,2272.34,Frozen Foods,Completed
ORD003812,OI003812,393.08,Frozen Foods,Completed
ORD003813,OI003813,152.07,Baby Care,Cancelled
ORD003814,OI003814,829.55,Dairy,Completed
ORD003815,OI003815,959.88,Bakery,Completed
ORD003816,OI003816,1569.72,Baby Care,Completed
ORD003817,OI003817,354.22,Household,Rejected
ORD003818,OI003818,878.96,Dairy,Completed
ORD003819,OI003819,499.42,Groceries,Completed
ORD003820,OI003820,2309.64,Personal Care,Completed
ORD003821,OI003821,179.86,Baby Care,Rejected
ORD003822,OI003822,401.39,Snacks,Completed
ORD003823,OI003823,1253.9, Groceries ,Rejected
ORD003824,OI003824,2330.8,Baby Care,Completed
ORD003825,OI003825,726.16,Bakery,Completed
ORD003826,OI003826,604.6,Baby Care,Completed
ORD003827,OI003827,1780.97,Personal Care,Cancelled
ORD003828,OI003828,1511.13,Beverages,Completed
ORD003829,OI003829,916.75,Personal Care,Cancelled
ORD003830,OI003830,719.79,Personal Care,Cancelled
ORD003831,OI003831,2084.19,Bakery,Cancelled
ORD003832,OI003832,2095.03,Fruits & Vegetables,Completed
ORD003833,OI003833,881.36,Groceries,Completed
ORD003834,OI003834,1936.06,Baby Care,Completed
ORD003835,OI003835,1439.75,Dairy,Cancelled
ORD003836,OI003836,2243.18,Dairy,Rejected
ORD003837,OI003837,2331.85,Household,Completed
ORD003838,OI003838,1359.94,Household,Completed
ORD003839,OI003839,1041.44,Baby Care,Completed
ORD003840,OI003840,153.26,Baby Care,Cancelled
ORD003841,OI003841,1002.55,Snacks,Completed
ORD003842,OI003842,676.85,Dairy,Completed
ORD003843,OI003843,468.54,Snacks,Completed
ORD003844,OI003844,1955.79,Beverages,Completed
ORD003845,OI003845,1647.59,Groceries,Completed
ORD003846,OI003846,2277.11,Groceries,Cancelled
ORD003847,OI003847,1089.57,Fruits & Vegetables,Completed
ORD003848,OI003848,753.26,Frozen Foods,Completed
ORD003849,OI003849,464.14,Baby Care,Rejected
ORD003850,OI003850,405.56,Personal Care,Completed
ORD003851,OI003851,1846.35,Household,Rejected
ORD003852,OI003852,751.67,Snacks,Completed
ORD003853,OI003853,1394.39,Bakery,Completed
ORD003854,OI003854,1540.74,Bakery,Cancelled
ORD003855,OI003855,1878.85,Dairy,Completed
ORD003856,OI003856,1703.31,Bakery,Completed
ORD003857,OI003857,2178.65,Personal Care,Completed
ORD003858,OI003858,740.56,Household,Completed
ORD003859,OI003859,943.87,Baby Care,Completed
ORD003860,OI003860,1187.38,Dairy,Cancelled
ORD003861,OI003861,1227.44,Personal Care,Completed
ORD003862,OI003862,502.57,Frozen Foods,Completed
ORD003863,OI003863,1560.0,Personal Care,Completed
ORD003864,OI003864,190.68,Household,Completed
ORD003865,OI003865,212.78,Groceries,Completed
ORD003866,OI003866,2334.81,Dairy,Completed
ORD003867,OI003867,966.77,Baby Care,Completed
ORD003868,OI003868,778.42,Bakery,Completed
ORD003869,OI003869,2016.4,Household,Completed
ORD003870,OI003870,2159.1,Bakery,Cancelled
ORD003871,OI003871,963.61,Frozen Foods,Cancelled
ORD003872,OI003872,2139.65,Frozen Foods,Cancelled
ORD003873,OI003873,175.49,Baby Care,Completed
ORD003874,OI003874,388.34,Personal Care,Completed
ORD003875,OI003875,1386.15,Groceries,Completed
ORD003876,OI003876,298.14,Beverages,Completed
ORD003877,OI003877,1520.32,Groceries,Rejected
ORD003878,OI003878,2254.88,Household,Completed
ORD003879,OI003879,1824.01,Beverages,Completed
ORD003880,OI003880,823.43,Baby Care,Completed
ORD003881,OI003881,838.57,Dairy,Cancelled
ORD003882,OI003882,1272.13,Baby Care,Completed
ORD003883,OI003883,1207.78,Fruits & Vegetables,Completed
ORD003884,OI003884,340.17,Dairy,Rejected
ORD003885,OI003885,1406.05,Personal Care,Cancelled
ORD003886,OI003886,2443.39,Baby Care,Completed
ORD003887,OI003887,658.65,Dairy,Cancelled
ORD003888,OI003888,720.25,Fruits & Vegetables,Completed
ORD003889,OI003889,1199.58,Fruits & Vegetables,Completed
ORD003890,OI003890,2408.59,Household,Rejected
ORD003891,OI003891,1364.21,Baby Care,Completed
ORD003892,OI003892,692.92,Beverages,Completed
ORD003893,OI003893,827.0,Snacks,Cancelled
ORD003894,OI003894,1111.61,Groceries,Completed
ORD003895,OI003895,1059.08,Dairy,Rejected
ORD003896,OI003896,1149.02,Snacks,Cancelled
ORD003897,OI003897,1327.5,Groceries,Completed
ORD003898,OI003898,1911.82,Bakery,Completed
ORD003899,OI003899,881.95,Frozen Foods,Completed
ORD003900,OI003900,1658.56,Fruits & Vegetables,Rejected
ORD003901,OI003901,829.3,Bakery,Completed
ORD003902,OI003902,1355.23,Personal Care,Completed
ORD003903,OI003903,2359.61,Beverages,Completed
ORD003904,OI003904,841.0,Fruits & Vegetables,Completed
ORD003905,OI003905,946.06,Groceries,Completed
ORD003906,OI003906,181.58,Beverages,Completed
ORD003907,OI003907,308.13,Groceries,Completed
ORD003908,OI003908,2267.01,Snacks,Completed
ORD008117,OI008117,1457.73,Fruits & Vegetables,Completed
ORD003910,OI003910,1251.03,Groceries,Completed
ORD003911,OI003911,1730.86,Dairy,Cancelled
ORD003912,OI003912,1778.94,Baby Care,Completed
ORD003913,OI003913,180.16,Bakery,Cancelled
ORD003914,OI003914,431.21,Bakery,Completed
ORD003915,OI003915,2238.84,Groceries,Rejected
ORD003916,OI003916,689.06,Household,Completed
ORD003917,OI003917,2176.94,Beverages,Completed
ORD003918,OI003918,2432.06,Snacks,Rejected
ORD003919,OI003919,1496.92,Frozen Foods,Rejected
ORD003920,OI003920,2151.62,Snacks,Completed
ORD003921,OI003921,439.35,Beverages,Completed
ORD003922,OI003922,240.99,Beverages,Completed
ORD003923,OI003923,703.3,Bakery,Rejected
ORD003924,OI003924,495.76,Household,Rejected
ORD003925,OI003925,1246.73,Snacks,Completed
ORD003926,OI003926,602.66,Household,Cancelled
ORD003927,OI003927,957.95,Fruits & Vegetables,Rejected
ORD003928,OI003928,1699.92,Groceries,Completed
ORD003929,OI003929,840.57,Frozen Foods,Cancelled
ORD003930,OI003930,2428.81,Personal Care,Completed
ORD003931,OI003931,1414.8,Dairy,Completed
ORD003932,OI003932,301.98,Snacks,Cancelled
ORD003933,OI003933,2237.09,Snacks,Completed
ORD003934,OI003934,485.25,Personal Care,Completed
ORD003935,OI003935,1470.06,Household,Completed
ORD003936,OI003936,2499.64,Personal Care,Completed
ORD003937,OI003937,742.79,Groceries,Rejected
ORD003938,OI003938,897.55,Personal Care,Completed
ORD003939,OI003939,1151.01,Dairy,Completed
ORD003940,OI003940,2034.73,Bakery,Cancelled
ORD003941,OI003941,1963.59,Beverages,Cancelled
ORD003942,OI003942,421.78,Snacks,Completed
ORD003943,OI003943,2161.7,Personal Care,Cancelled
ORD003944,OI003944,2436.57,Personal Care,Completed
ORD003945,OI003945,1481.1,Frozen Foods,Cancelled
ORD003946,OI003946,2029.96,Dairy,Rejected
ORD003947,OI003947,2094.52,Baby Care,Completed
ORD003948,OI003948,570.09,Fruits & Vegetables,Completed
ORD003949,OI003949,1777.84,Household,Completed
ORD003950,OI003950,2078.74,Beverages,Completed
ORD003951,OI003951,1742.64,Bakery,Rejected
ORD003952,OI003952,361.84,Personal Care,Completed
ORD003953,OI003953,2175.41,Dairy,Completed
ORD003954,OI003954,1579.53,Beverages,Completed
ORD003955,OI003955,1179.77,Personal Care,Rejected
ORD003956,OI003956,295.66,Frozen Foods,Completed
ORD003957,OI003957,1749.6,Fruits & Vegetables,Completed
ORD003958,OI003958,2366.95,Fruits & Vegetables,Cancelled
ORD003959,OI003959,521.11,Snacks,Completed
ORD003960,OI003960,1690.99,Fruits & Vegetables,Completed
ORD003961,OI003961,1912.24,Household,Completed
ORD003962,OI003962,222.93,Personal Care,Rejected
ORD003963,OI003963,1544.14,Baby Care,Rejected
ORD003964,OI003964,1505.08,Bakery,Rejected
ORD003965,OI003965,2027.47,Beverages,Rejected
ORD003966,OI003966,1692.22,Bakery,Completed
ORD003967,OI003967,1936.19,Snacks,Rejected
ORD003968,OI003968,1001.66,Baby Care,Completed
ORD003969,OI003969,274.78,Baby Care,Completed
ORD003970,OI003970,2452.68,Groceries,Rejected
ORD003971,OI003971,2199.57,Groceries,Completed
ORD003972,OI003972,696.01,Dairy,Completed
ORD003973,OI003973,1018.45,Snacks,Completed
ORD003974,OI003974,331.8,Personal Care,Completed
ORD003975,OI003975,2083.85,Fruits & Vegetables,Cancelled
ORD003976,OI003976,2137.03,Groceries,Completed
ORD003977,OI003977,2425.86,Dairy,Rejected
ORD003978,OI003978,1436.57,Personal Care,Completed
ORD003979,OI003979,1571.39,Personal Care,Completed
ORD003980,OI003980,1684.18,Snacks,Completed
ORD003981,OI003981,2025.12,Household,Completed
ORD003982,OI003982,1811.33,Groceries,Completed
ORD003983,OI003983,1908.83,Personal Care,Completed
ORD003984,OI003984,2179.72,Household,Completed
ORD003985,OI003985,123.45,Baby Care,Completed
ORD003986,OI003986,1271.9,Frozen Foods,Completed
ORD003987,OI003987,1575.96,Dairy,Rejected
ORD003988,OI003988,2289.99,Groceries,Completed
ORD003989,OI003989,599.17,Snacks,Completed
ORD003990,OI003990,114.38,Fruits & Vegetables,Rejected
ORD003991,OI003991,1317.43,Frozen Foods,Completed
ORD003992,OI003992,1975.7,Bakery,Completed
ORD003993,OI003993,1612.88,Bakery,Rejected
ORD003994,OI003994,1328.2,Bakery,Completed
ORD003995,OI003995,628.25,Baby Care,Completed
ORD003996,OI003996,727.43,Bakery,Rejected
ORD003997,OI003997,2053.41,Fruits & Vegetables,Completed
ORD003998,OI003998,2235.56,Personal Care,Cancelled
ORD003999,OI003999,1474.1,Dairy,Completed
ORD004000,OI004000,808.69,Household,Rejected
ORD004001,OI004001,853.88,Beverages,Completed
ORD004002,OI004002,747.97,Beverages,Completed
ORD004003,OI004003,1911.54,Bakery,Rejected
ORD004004,OI004004,379.14,Beverages,Completed
ORD004005,OI004005,2375.49,Frozen Foods,Completed
ORD004006,OI004006,2220.57,Beverages,Completed
ORD004007,OI004007,1930.79,Snacks,Completed
ORD004008,OI004008,936.22,Beverages,Completed
ORD004009,OI004009,2498.55,Baby Care,Completed
ORD004010,OI004010,1925.0,Household,Completed
ORD004011,OI004011,1205.05,Household,Rejected
ORD004012,OI004012,1767.6,Household,Completed
ORD004013,OI004013,1559.21,Groceries,Completed
ORD004014,OI004014,917.69,Dairy,Rejected
ORD004015,OI004015,937.9,Fruits & Vegetables,Completed
ORD004016,OI004016,2100.77,Bakery,Completed
ORD004017,OI004017,2468.16,Groceries,Cancelled
ORD004018,OI004018,2139.25,Personal Care,Completed
ORD004019,OI004019,1047.28,Frozen Foods,Rejected
ORD004020,OI004020,1961.3,Baby Care,Completed
ORD004021,OI004021,1364.64,Bakery,Rejected
ORD004022,OI004022,1378.21,Snacks,Completed
ORD004023,OI004023,1554.65,Fruits & Vegetables,Completed
ORD004024,OI004024,954.52,Snacks,Cancelled
ORD004025,OI004025,2437.46,Bakery,Completed
ORD004026,OI004026,403.5,Groceries,Completed
ORD004027,OI004027,1286.61,Beverages,Completed
ORD004028,OI004028,1275.99,Household,Rejected
ORD004029,OI004029,1383.09,Dairy,Completed
ORD004030,OI004030,2298.09,Household,Rejected
ORD004031,OI004031,1400.44,Household,Completed
ORD004032,OI004032,2440.42,Baby Care,Rejected
ORD004033,OI004033,666.89,Frozen Foods,Cancelled
ORD004034,OI004034,884.64,Frozen Foods,Completed
ORD004035,OI004035,2059.09,Bakery,Completed
ORD004036,OI004036,2203.34,Household,Completed
ORD004037,OI004037,2116.17,Fruits & Vegetables,Completed
ORD004038,OI004038,289.93,Groceries,Completed
ORD004039,OI004039,202.23,Personal Care,Completed
ORD004040,OI004040,625.26,Beverages,Completed
ORD004041,OI004041,1077.42,Baby Care,Cancelled
ORD004042,OI004042,2195.52,Fruits & Vegetables,Rejected
ORD004043,OI004043,322.83,Baby Care,Rejected
ORD004044,OI004044,1280.71,Groceries,Completed
ORD004045,OI004045,1147.82,Snacks,Completed
ORD004046,OI004046,831.93,Dairy,Rejected
ORD004047,OI004047,724.7,Snacks,Completed
ORD004048,OI004048,2303.86,Fruits & Vegetables,Completed
ORD004049,OI004049,2298.79,Frozen Foods,Completed
ORD004050,OI004050,1854.45,Dairy,Completed
ORD004051,OI004051,2292.01,Personal Care,Completed
ORD004052,OI004052,1403.73,Frozen Foods,Cancelled
ORD004053,OI004053,2234.15,Frozen Foods,Cancelled
ORD004054,OI004054,776.65,Bakery,Completed
ORD004055,OI004055,2047.32,Dairy,Rejected
ORD004056,OI004056,1475.39,Dairy,Cancelled
ORD004057,OI004057,1856.66,Household,Completed
ORD004058,OI004058,2450.11,Household,Completed
ORD004059,OI004059,2286.52,Groceries,Completed
ORD004060,OI004060,181.88,Fruits & Vegetables,Rejected
ORD004061,OI004061,542.15,Baby Care,Rejected
ORD004062,OI004062,1350.53,Baby Care,Completed
ORD004063,OI004063,2212.28,Groceries,Rejected
ORD004064,OI004064,1171.2,Frozen Foods,Rejected
ORD004065,OI004065,1169.18,Bakery,Completed
ORD004066,OI004066,1719.4,Beverages,Cancelled
ORD004067,OI004067,1590.8,Groceries,Completed
ORD004068,OI004068,1500.97,Fruits & Vegetables,Rejected
ORD004069,OI004069,728.12,Fruits & Vegetables,Rejected
ORD004070,OI004070,146.09,Dairy,Completed
ORD004071,OI004071,1557.1,Bakery,Cancelled
ORD004072,OI004072,1952.33,Personal Care,Completed
ORD004073,OI004073,553.19,Groceries,Completed
ORD004074,OI004074,2027.05,Personal Care,Cancelled
ORD004075,OI004075,1052.95,Personal Care,completed
ORD004076,OI004076,524.24,Frozen Foods,Completed
ORD004077,OI004077,466.13,Household,Completed
ORD004078,OI004078,157.51,Personal Care,Completed
ORD004079,OI004079,1888.72,Personal Care,Completed
ORD004080,OI004080,2417.41,Household,Rejected
ORD004081,OI004081,1215.1,Dairy,Rejected
ORD004082,OI004082,492.28,Groceries,Completed
ORD004083,OI004083,1920.87,Dairy,Completed
ORD004084,OI004084,1713.58,Household,Rejected
ORD004085,OI004085,2100.07,Household,Rejected
ORD004086,OI004086,103.23,Groceries,Completed
ORD004087,OI004087,882.52,Frozen Foods,Completed
ORD004088,OI004088,962.3,Dairy,Completed
ORD004089,OI004089,1127.95,Dairy,Cancelled
ORD004090,OI004090,1999.33,Snacks,Completed
ORD004091,OI004091,1888.27,Beverages,Cancelled
ORD004092,OI004092,1239.27,Frozen Foods,Completed
ORD004093,OI004093,163.2,Beverages,Completed
ORD004094,OI004094,2468.09,Fruits & Vegetables,Completed
ORD004095,OI004095,449.13,Snacks,Completed
ORD004096,OI004096,373.64,Groceries,Completed
ORD004097,OI004097,145.93,Groceries,Completed
ORD004098,OI004098,595.52,Groceries,Completed
ORD004099,OI004099,590.62,Baby Care,Cancelled
ORD004100,OI004100,1773.91,Bakery,Cancelled
ORD004101,OI004101,1414.16,Baby Care,Completed
ORD004102,OI004102,1714.03,Personal Care,Completed
ORD004103,OI004103,1992.82,Household,Cancelled
ORD004104,OI004104,938.53,Dairy,Completed
ORD004105,OI004105,2377.65,Personal Care,Completed
ORD004106,OI004106,933.73,Baby Care,Rejected
ORD004107,OI004107,2185.07,Frozen Foods,Cancelled
ORD004108,OI004108,376.51,Fruits & Vegetables,Completed
ORD004109,OI004109,2102.69,Household,Completed
ORD004110,OI004110,1624.4,Beverages,Completed
ORD004111,OI004111,534.45,Beverages,Completed
ORD004112,OI004112,1852.32,Personal Care,Completed
ORD004113,OI004113,1198.1,Snacks,Cancelled
ORD004114,OI004114,1969.38,Personal Care,Cancelled
ORD004115,OI004115,170.98,Household,Completed
ORD004116,OI004116,1442.49,Bakery,Cancelled
ORD004117,OI004117,990.48,Fruits & Vegetables,Completed
ORD004118,OI004118,2376.91,Groceries,Completed
ORD004119,OI004119,1945.1,Beverages,Completed
ORD004120,OI004120,538.31,Fruits & Vegetables,Completed
ORD004121,OI004121,263.04,Beverages,Completed
ORD004122,OI004122,230.82,Beverages,Completed
ORD004123,OI004123,1236.9,Personal Care,Completed
ORD004124,OI004124,590.81,Baby Care,Completed
ORD004125,OI004125,1120.82,Personal Care,Rejected
ORD004126,OI004126,1227.62,Personal Care,Completed
ORD004127,OI004127,1709.71,Personal Care,Completed
ORD004128,OI004128,1204.76,Groceries,Rejected
ORD004129,OI004129,1380.55,Personal Care,Completed
ORD004130,OI004130,1818.76,Baby Care,Completed
ORD004131,OI004131,1105.48,Fruits & Vegetables,Completed
ORD004132,OI004132,1084.09,Groceries,Cancelled
ORD004133,OI004133,221.1,Snacks,Completed
ORD004134,OI004134,1978.86,Beverages,Cancelled
ORD004135,OI004135,1921.08,Personal Care,Cancelled
ORD004136,OI004136,2120.02,Dairy,Cancelled
ORD004137,OI004137,1404.93,Household,Rejected
ORD004138,OI004138,988.08,Dairy,Completed
ORD004139,OI004139,1225.28,Personal Care,Completed
ORD004140,OI004140,1857.16,Groceries,Completed
ORD004141,OI004141,858.63,Frozen Foods,Completed
ORD004142,OI004142,960.89,Household,Cancelled
ORD004143,OI004143,226.52,Baby Care,Completed
ORD004144,OI004144,1335.88,Fruits & Vegetables,Cancelled
ORD004145,OI004145,1783.88,Snacks,Completed
ORD004146,OI004146,1110.25,Household,Rejected
ORD004147,OI004147,2130.52,Frozen Foods,Completed
ORD004148,OI004148,1044.48,Dairy,Completed
ORD004149,OI004149,1860.11,Bakery,Rejected
ORD004150,OI004150,317.69,Beverages,Completed
ORD004151,OI004151,1311.87,Dairy,Rejected
ORD004152,OI004152,1514.53,Snacks,Rejected
ORD004153,OI004153,370.79,Fruits & Vegetables,Rejected
ORD004154,OI004154,412.44,Snacks,Completed
ORD004155,OI004155,1062.49,Personal Care,Completed
ORD004156,OI004156,260.81,Household,Completed
ORD004157,OI004157,397.73,Fruits & Vegetables,Completed
ORD004158,OI004158,2486.85,Personal Care,Rejected
ORD004159,OI004159,290.42,Frozen Foods,Completed
ORD004160,OI004160,1649.5,Bakery,Rejected
ORD004161,OI004161,1124.23,Beverages,Rejected
ORD004162,OI004162,1864.83,Fruits & Vegetables,Completed
ORD004163,OI004163,2402.73,Groceries,Completed
ORD004164,OI004164,2282.23,Snacks,Completed
ORD004165,OI004165,2057.87,Groceries,Completed
ORD004166,OI004166,1054.36,Household,Completed
ORD004167,OI004167,840.73,Baby Care,Completed
ORD004168,OI004168,1331.1,Snacks,Completed
ORD004169,OI004169,2365.98,Dairy,Cancelled
ORD004170,OI004170,1612.54,Fruits & Vegetables,Completed
ORD004171,OI004171,355.64,Frozen Foods,Rejected
ORD004172,OI004172,1304.25,Baby Care,Completed
ORD004173,OI004173,116.82,Household,Completed
ORD004174,OI004174,1990.48,Beverages,Completed
ORD004175,OI004175,220.59,Frozen Foods,Completed
ORD004176,OI004176,2438.3,Personal Care,Rejected
ORD004177,OI004177,2365.75,Bakery,Completed
ORD004178,OI004178,1382.81,Baby Care,Completed
ORD004179,OI004179,2039.41,Household,Rejected
ORD004180,OI004180,2262.81,Dairy,Completed
ORD004181,OI004181,2146.91,Bakery,Rejected
ORD004182,OI004182,1443.37,Snacks,Cancelled
ORD004183,OI004183,1956.22,Frozen Foods,Completed
ORD004184,OI004184,441.42,Snacks,Completed
ORD004185,OI004185,1056.68,Fruits & Vegetables,Rejected
ORD004186,OI004186,2495.79,Bakery,Completed
ORD004187,OI004187,1329.91,Baby Care,Completed
ORD004188,OI004188,831.85,Baby Care,Completed
ORD004189,OI004189,1700.24,Frozen Foods,Completed
ORD004190,OI004190,842.91,Fruits & Vegetables,Completed
ORD004191,OI004191,793.83,Dairy,Completed
ORD004192,OI004192,1349.2,Snacks,Cancelled
ORD004193,OI004193,1300.47,Snacks,Rejected
ORD004194,OI004194,291.18,Fruits & Vegetables,Rejected
ORD004195,OI004195,1438.82,Beverages,Cancelled
ORD004196,OI004196,380.84,Groceries,Completed
ORD004197,OI004197,891.24,Household,Completed
ORD004198,OI004198,1110.97,Frozen Foods,Completed
ORD004199,OI004199,485.38,Personal Care,Completed
ORD004200,OI004200,131.86,Frozen Foods,Completed
ORD004201,OI004201,1555.92,Household,Rejected
ORD004202,OI004202,387.09,Dairy,Completed
ORD004203,OI004203,572.17,Beverages,Completed
ORD004204,OI004204,1759.69,Dairy,Completed
ORD004205,OI004205,513.34,Bakery,Completed
ORD004206,OI004206,1626.65,Personal Care,Cancelled
ORD004207,OI004207,289.94,Household,Rejected
ORD004208,OI004208,1064.58,Snacks,Completed
ORD004209,OI004209,1172.53,Household,Completed
ORD004210,OI004210,2056.68,Dairy,Completed
ORD004211,OI004211,327.27,Personal Care,Completed
ORD004212,OI004212,2267.39,Fruits & Vegetables,Completed
ORD004213,OI004213,2235.1,Snacks,Completed
ORD004214,OI004214,811.34,Snacks,Rejected
ORD004215,OI004215,939.51,Fruits & Vegetables,Completed
ORD004216,OI004216,2430.08,Frozen Foods,Completed
ORD004217,OI004217,1715.75,Dairy,Completed
ORD004218,OI004218,2093.04,Beverages,Completed
ORD004219,OI004219,1234.93,Groceries,Completed
ORD004220,OI004220,1084.65,Household,Completed
ORD004221,OI004221,1082.5,Groceries,Cancelled
ORD004222,OI004222,1650.76,Baby Care,Completed
ORD004223,OI004223,1287.52,Frozen Foods,Cancelled
ORD004224,OI004224,1949.47,Groceries,Completed
ORD004225,OI004225,1639.79,Beverages,Completed
ORD004226,OI004226,2094.69,Dairy,Completed
ORD004227,OI004227,1354.6,Groceries,Completed
ORD004228,OI004228,373.3,Frozen Foods,Completed
ORD004229,OI004229,1803.43,Baby Care,Completed
ORD004230,OI004230,1989.82,Household,Rejected
ORD004231,OI004231,1665.66,Snacks,Completed
ORD004232,OI004232,1465.09,Baby Care,Cancelled
ORD004233,OI004233,1180.78,Dairy,Completed
ORD004234,OI004234,2178.1,Bakery,Cancelled
ORD004235,OI004235,1585.8,Personal Care,Completed
ORD004236,OI004236,638.9,Bakery,Rejected
ORD004237,OI004237,332.56,Groceries,Completed
ORD004238,OI004238,613.34,Bakery,Completed
ORD004239,OI004239,958.77,Household,Completed
ORD004240,OI004240,852.33,Household,Completed
ORD004241,OI004241,289.01,Dairy,Rejected
ORD004242,OI004242,274.6,Groceries,Completed
ORD004243,OI004243,1465.61,Fruits & Vegetables,Completed
ORD004244,OI004244,1129.92,Groceries,Completed
ORD004245,OI004245,1174.86,Frozen Foods,Rejected
ORD004246,OI004246,2221.56,Snacks,Rejected
ORD004247,OI004247,969.21,Groceries,Cancelled
ORD004248,OI004248,418.48,Frozen Foods,Completed
ORD004249,OI004249,233.21,Household,Completed
ORD004250,OI004250,2028.19,Fruits & Vegetables,Completed
ORD004251,OI004251,685.25,Baby Care,Rejected
ORD004252,OI004252,1725.1,Baby Care,Rejected
ORD004253,OI004253,324.74,Snacks,Rejected
ORD004254,OI004254,2290.99,Baby Care,Rejected
ORD004255,OI004255,1011.41,Beverages,Completed
ORD004256,OI004256,953.96,Household,Completed
ORD004257,OI004257,865.05,Snacks,Completed
ORD004258,OI004258,2431.62,Groceries,Cancelled
ORD004259,OI004259,1147.57,Personal Care,Completed
ORD004260,OI004260,1730.86,Fruits & Vegetables,Completed
ORD004261,OI004261,386.51,Groceries,Completed
ORD004262,OI004262,2266.08,Frozen Foods,Cancelled
ORD004263,OI004263,591.62,Personal Care,Rejected
ORD004264,OI004264,1735.92,Snacks,Cancelled
ORD004265,OI004265,2023.76,Beverages,Completed
ORD004266,OI004266,1280.65,Household,Rejected
ORD004267,OI004267,2002.86,Bakery,Completed
ORD004268,OI004268,2287.9,Personal Care,Completed
ORD004269,OI004269,1599.32,Fruits & Vegetables,Completed
ORD004270,OI004270,904.19,Snacks,Completed
ORD004271,OI004271,1596.01,Snacks,Completed
ORD004272,OI004272,651.28,Snacks,Completed
ORD004273,OI004273,1944.11,Personal Care,Cancelled
ORD004274,OI004274,941.21,Groceries,Completed
ORD004275,OI004275,885.01,Beverages,Cancelled
ORD004276,OI004276,1276.12,Groceries,Completed
ORD004277,OI004277,2171.71,Personal Care,Completed
ORD004278,OI004278,823.08,Groceries,Completed
ORD004279,OI004279,1642.29,Frozen Foods,Rejected
ORD004280,OI004280,453.58,Bakery,Completed
ORD004281,OI004281,1210.56,Snacks,Cancelled
ORD004282,OI004282,2305.64,Frozen Foods,Completed
ORD004283,OI004283,819.09,Snacks,Completed
ORD004284,OI004284,637.94,Frozen Foods,Completed
ORD004285,OI004285,1505.36,Baby Care,Completed
ORD004286,OI004286,1260.55,Snacks,Completed
ORD004287,OI004287,574.22,Personal Care,Completed
ORD004288,OI004288,1808.73,Beverages,Cancelled
ORD004289,OI004289,373.95,Groceries,Rejected
ORD004290,OI004290,312.99,Household,Cancelled
ORD004291,OI004291,426.98,Bakery,Completed
ORD004292,OI004292,1197.19,Frozen Foods,Completed
ORD004293,OI004293,1341.99,Dairy,Completed
ORD004294,OI004294,1468.89,Personal Care,Rejected
ORD004295,OI004295,2069.57,Personal Care,Completed
ORD004296,OI004296,674.41,Household,Cancelled
ORD004297,OI004297,1286.48,Beverages,Completed
ORD004298,OI004298,1373.98,Snacks,Rejected
ORD004299,OI004299,465.8,Bakery,Completed
ORD004300,OI004300,442.32,Bakery,Completed
ORD004301,OI004301,843.83,Bakery,Rejected
ORD004302,OI004302,395.55,Beverages,Cancelled
ORD004303,OI004303,600.45,Personal Care,Cancelled
ORD004304,OI004304,2360.53,Fruits & Vegetables,Completed
ORD004305,OI004305,216.58,Dairy,Completed
ORD004306,OI004306,2328.35,Fruits & Vegetables,Cancelled
ORD004307,OI004307,2465.21,Groceries,Completed
ORD004308,OI004308,1186.7,Groceries,Completed
ORD004309,OI004309,1214.05,Beverages,Completed
ORD004310,OI004310,2464.1,Bakery,Completed
ORD004311,OI004311,1323.4,Household,Completed
ORD004312,OI004312,804.25,Bakery,Completed
ORD004313,OI004313,357.4,Snacks,Cancelled
ORD004314,OI004314,1375.21,Household,Completed
ORD004315,OI004315,2405.4,Personal Care,Completed
ORD004316,OI004316,2174.04,Household,Completed
ORD004317,OI004317,1963.22,Groceries,Rejected
ORD004318,OI004318,1122.26,Household,Completed
ORD004319,OI004319,2162.76,Snacks,Completed
ORD004320,OI004320,837.01,Personal Care,Rejected
ORD004321,OI004321,237.65,Frozen Foods,Completed
ORD004322,OI004322,296.78,Dairy,completed
ORD004323,OI004323,2371.89,Dairy,Completed
ORD004324,OI004324,1127.75,Baby Care,Completed
ORD004325,OI004325,2449.16,Frozen Foods,Completed
ORD004326,OI004326,1947.62,Household,Completed
ORD004327,OI004327,1901.31,Snacks,Completed
ORD004328,OI004328,1990.75,Groceries,Completed
ORD004329,OI004329,141.55,Personal Care,Completed
ORD004330,OI004330,170.58,Baby Care,Completed
ORD004331,OI004331,2110.82,Snacks,Cancelled
ORD004332,OI004332,354.21,Frozen Foods,Completed
ORD004333,OI004333,369.03,Frozen Foods,Completed
ORD004334,OI004334,883.18,Snacks,Cancelled
ORD004335,OI004335,1380.11,Personal Care,Completed
ORD004336,OI004336,456.14,Fruits & Vegetables,Completed
ORD004337,OI004337,1627.81,Groceries,Completed
ORD004338,OI004338,843.92,Fruits & Vegetables,Completed
ORD004339,OI004339,389.48,Frozen Foods,Cancelled
ORD004340,OI004340,886.6,Dairy,Completed
ORD004341,OI004341,1287.55,Baby Care,Completed
ORD004342,OI004342,1269.56,Personal Care,Completed
ORD004343,OI004343,1504.95,Frozen Foods,Completed
ORD004344,OI004344,445.01,Dairy,Cancelled
ORD004345,OI004345,1166.62,Fruits & Vegetables,Completed
ORD004346,OI004346,582.84,Dairy,Rejected
ORD004347,OI004347,860.21,Groceries,Rejected
ORD004348,OI004348,153.01,Snacks,Completed
ORD004349,OI004349,2025.04,Frozen Foods,Cancelled
ORD004350,OI004350,2268.83,Frozen Foods,Completed
ORD004351,OI004351,415.96,Personal Care,Rejected
ORD004352,OI004352,959.27,Household,Completed
ORD004353,OI004353,2329.65,Groceries,Rejected
ORD004354,OI004354,781.18,Personal Care,Rejected
ORD004355,OI004355,1613.58,Fruits & Vegetables,Completed
ORD004356,OI004356,819.97,Dairy,Completed
ORD004357,OI004357,1036.38,Snacks,Completed
ORD004358,OI004358,1852.22,Personal Care,Completed
ORD004359,OI004359,221.83,Baby Care,Rejected
ORD004360,OI004360,1418.24,Dairy,Completed
ORD004361,OI004361,869.12,Personal Care,Completed
ORD004362,OI004362,2117.74,Frozen Foods,Completed
ORD004363,OI004363,1123.66,Dairy,Cancelled
ORD004364,OI004364,1052.15,Dairy,Completed
ORD004365,OI004365,1033.94,Household,Completed
ORD004366,OI004366,379.53,Bakery,Completed
ORD004367,OI004367,1405.73,Snacks,Completed
ORD004368,OI004368,1697.16,Dairy,Rejected
ORD004369,OI004369,1281.69,Snacks,Completed
ORD004370,OI004370,2327.84,Bakery,Completed
ORD004371,OI004371,1712.91,Frozen Foods,Completed
ORD004372,OI004372,1085.82,Snacks,Rejected
ORD004373,OI004373,221.72,Bakery,Completed
ORD004374,OI004374,2003.27,Baby Care,Completed
ORD004375,OI004375,1987.69,Household,Cancelled
ORD004376,OI004376,2338.34,Frozen Foods,Completed
ORD004377,OI004377,644.38,Groceries,Completed
ORD004378,OI004378,850.54,Fruits & Vegetables,Completed
ORD004379,OI004379,319.25,Baby Care,Rejected
ORD004380,OI004380,824.56,Baby Care,Completed
ORD004381,OI004381,1836.76,Snacks,Completed
ORD004382,OI004382,1290.83,Snacks,Completed
ORD004383,OI004383,1818.64,Bakery,Completed
ORD004384,OI004384,660.42,Snacks,Completed
ORD004385,OI004385,131.96,Baby Care,Completed
ORD004386,OI004386,2428.73,Personal Care,Completed
ORD004387,OI004387,247.58,Bakery,Completed
ORD004388,OI004388,2285.59,Frozen Foods,Completed
ORD004389,OI004389,484.99,Frozen Foods,Completed
ORD004390,OI004390,1675.79,Baby Care,Completed
ORD004391,OI004391,2139.49,Personal Care,Cancelled
ORD004392,OI004392,1303.86,Personal Care,Completed
ORD004393,OI004393,1800.71,Fruits & Vegetables,Rejected
ORD004394,OI004394,2427.28,Snacks,Completed
ORD004395,OI004395,904.17,Dairy,Completed
ORD004396,OI004396,2280.37,Bakery,Completed
ORD004397,OI004397,2308.74,Dairy,Completed
ORD004398,OI004398,499.13,Baby Care,Completed
ORD004399,OI004399,891.52,Baby Care,Completed
ORD004400,OI004400,850.52,Fruits & Vegetables,Cancelled
ORD004401,OI004401,2238.14,Beverages,Cancelled
ORD004402,OI004402,1557.9,Frozen Foods,Cancelled
ORD004403,OI004403,258.43,Personal Care,Rejected
ORD004404,OI004404,562.11,Snacks,Completed
ORD004405,OI004405,345.53,Personal Care,Completed
ORD004406,OI004406,1868.6,Groceries,Rejected
ORD004407,OI004407,1728.16,Beverages,Completed
ORD004408,OI004408,307.61,Fruits & Vegetables,Cancelled
ORD004409,OI004409,194.15,Dairy,Completed
ORD004410,OI004410,1323.44,Baby Care,Completed
ORD004411,OI004411,2226.38,Personal Care,Completed
ORD004412,OI004412,874.9,Groceries,Completed
ORD004413,OI004413,1709.1,Snacks,Completed
ORD004414,OI004414,989.52,Household,Cancelled
ORD004415,OI004415,1490.52,Dairy,Cancelled
ORD004416,OI004416,1175.85,Dairy,Completed
ORD004417,OI004417,354.92,Beverages,Completed
ORD004418,OI004418,353.19,Baby Care,Rejected
ORD004419,OI004419,1410.11,Frozen Foods,Completed
ORD004420,OI004420,655.25,Snacks,Cancelled
ORD004421,OI004421,1832.59,Beverages,Cancelled
ORD004422,OI004422,1547.82,Household,Completed
ORD004423,OI004423,1811.33,Baby Care,Rejected
ORD004424,OI004424,1693.85,Groceries,Completed
ORD004425,OI004425,2400.54,Frozen Foods,Completed
ORD004426,OI004426,295.19,Personal Care,completed
ORD004427,OI004427,1068.79,Personal Care,Completed
ORD004428,OI004428,736.27,Baby Care,Rejected
ORD004429,OI004429,1795.29,Bakery,Completed
ORD004430,OI004430,408.18,Groceries,Cancelled
ORD004431,OI004431,2449.69,Beverages,Rejected
ORD004432,OI004432,318.37,Dairy,Rejected
ORD004433,OI004433,2468.23,Household,Completed
ORD004434,OI004434,2223.15,Baby Care,Completed
ORD004435,OI004435,1956.83,Dairy,Completed
ORD004436,OI004436,448.23,Dairy,Completed
ORD004437,OI004437,1126.94,Baby Care,Completed
ORD004438,OI004438,1328.31,Household,Completed
ORD004439,OI004439,928.94,Household,Rejected
ORD004440,OI004440,2436.84,Beverages,Completed
ORD004441,OI004441,361.88,Household,Completed
ORD004442,OI004442,698.24,Bakery,Completed
ORD004443,OI004443,2293.42,Fruits & Vegetables,Completed
ORD004444,OI004444,1123.66,Personal Care,Completed
ORD004445,OI004445,764.76,Baby Care,Cancelled
ORD004446,OI004446,754.36,Personal Care,Completed
ORD004447,OI004447,331.83,Bakery,Completed
ORD004448,OI004448,2334.78,Frozen Foods,Completed
ORD004449,OI004449,344.27,Household,Rejected
ORD004450,OI004450,1946.0,Groceries,Completed
ORD004451,OI004451,547.53,Groceries,Completed
ORD004452,OI004452,131.58,Dairy,Completed
ORD004453,OI004453,1595.07,Personal Care,Completed
ORD004454,OI004454,1089.22,Beverages,Completed
ORD004455,OI004455,239.68,Personal Care,Completed
ORD004456,OI004456,1105.94,Household,Completed
ORD004457,OI004457,2141.0,Household,Cancelled
ORD004458,OI004458,100.42,Snacks,Completed
ORD004459,OI004459,911.08,Personal Care,Cancelled
ORD004460,OI004460,1519.75,Baby Care,Completed
ORD004461,OI004461,1359.57,Household,Cancelled
ORD004462,OI004462,2174.29,Snacks,Completed
ORD004463,OI004463,340.92,Beverages,Completed
ORD004464,OI004464,898.54,Groceries,Completed
ORD004465,OI004465,1947.94,Frozen Foods,Cancelled
ORD004466,OI004466,1801.3,Baby Care,Rejected
ORD004467,OI004467,1803.86,Bakery,Completed
ORD004468,OI004468,576.93,Beverages,Cancelled
ORD004469,OI004469,938.81,Baby Care,Completed
ORD004470,OI004470,2061.14,Household,Rejected
ORD004471,OI004471,708.77,Household,Completed
ORD004472,OI004472,158.28,Fruits & Vegetables,Cancelled
ORD004473,OI004473,110.53,Household,Completed
ORD004474,OI004474,715.19,Personal Care,Completed
ORD004475,OI004475,2455.71,Personal Care,Cancelled
ORD004476,OI004476,2350.09,Fruits & Vegetables,Completed
ORD004477,OI004477,779.09,Personal Care,Completed
ORD004478,OI004478,950.64,Snacks,Cancelled
ORD004479,OI004479,1483.58,Personal Care,Completed
ORD004480,OI004480,2308.2,Fruits & Vegetables,Completed
ORD004481,OI004481,958.65,Household,Completed
ORD004482,OI004482,701.05,Personal Care,Completed
ORD004483,OI004483,1954.93,Personal Care,Rejected
ORD004484,OI004484,477.95,Baby Care,Cancelled
ORD004485,OI004485,518.42,Personal Care,Completed
ORD004486,OI004486,1735.67,Dairy,Completed
ORD004487,OI004487,2157.54,Frozen Foods,Completed
ORD004488,OI004488,1222.52,Bakery,Completed
ORD004489,OI004489,578.09,Household,Cancelled
ORD004490,OI004490,724.25,Groceries,Completed
ORD004491,OI004491,1677.13,Frozen Foods,Cancelled
ORD004492,OI004492,2443.55,Snacks,Cancelled
ORD004493,OI004493,908.19,Baby Care,Completed
ORD004494,OI004494,1752.86,Fruits & Vegetables,Cancelled
ORD004495,OI004495,918.6,Frozen Foods,Rejected
ORD004496,OI004496,448.87,Baby Care,Completed
ORD004497,OI004497,2150.65,Baby Care,Completed
ORD004498,OI004498,911.38,Fruits & Vegetables,Completed
ORD004499,OI004499,2456.75,Groceries,completed
ORD004500,OI004500,1321.94,Personal Care,Completed
ORD004501,OI004501,2328.17,Frozen Foods,Completed
ORD004502,OI004502,2319.0,Frozen Foods,Completed
ORD004503,OI004503,1423.02,Bakery,Completed
ORD004504,OI004504,1111.26,Baby Care,Completed
ORD004505,OI004505,2120.89,Dairy,Cancelled
ORD004506,OI004506,2251.31,Bakery,Completed
ORD004507,OI004507,1006.7,Baby Care,Completed
ORD004508,OI004508,560.53,Bakery,Rejected
ORD004509,OI004509,2151.63,Snacks,Completed
ORD004510,OI004510,145.66,Frozen Foods,Completed
ORD004511,OI004511,569.72,Baby Care,Rejected
ORD004512,OI004512,2217.11,Personal Care,Completed
ORD004513,OI004513,1194.59,Baby Care,Completed
ORD004514,OI004514,679.41,Personal Care,Rejected
ORD004515,OI004515,180.9,Bakery,Cancelled
ORD004516,OI004516,1995.84,Household,Completed
ORD004517,OI004517,1946.26,Personal Care,Cancelled
ORD004518,OI004518,544.16,Snacks,Completed
ORD004519,OI004519,286.27,Fruits & Vegetables,Completed
ORD004520,OI004520,502.25,Groceries,Completed
ORD004521,OI004521,1819.32,Beverages,Completed
ORD004522,OI004522,1905.73,Fruits & Vegetables,Cancelled
ORD004523,OI004523,1742.63,Beverages,Completed
ORD004524,OI004524,180.1,Bakery,Completed
ORD004525,OI004525,1811.24,Fruits & Vegetables,Rejected
ORD004526,OI004526,1321.06,Beverages,Completed
ORD004527,OI004527,476.98,Frozen Foods,Completed
ORD004528,OI004528,1120.31,Frozen Foods,Completed
ORD004529,OI004529,1568.41,Household,Completed
ORD004530,OI004530,1596.01,Fruits & Vegetables,Completed
ORD004531,OI004531,787.48,Groceries,Completed
ORD004532,OI004532,1848.38,Groceries,Completed
ORD004533,OI004533,1175.27,Baby Care,Cancelled
ORD004534,OI004534,2177.31,Beverages,Completed
ORD004535,OI004535,509.33,Fruits & Vegetables,Completed
ORD004536,OI004536,1713.91,Household,Rejected
ORD004537,OI004537,877.38,Bakery,Completed
ORD004538,OI004538,2341.43,Dairy,Completed
ORD004539,OI004539,1937.04,Bakery,Completed
ORD004540,OI004540,1112.38,Dairy,Completed
ORD004541,OI004541,1081.53,Beverages,Completed
ORD004542,OI004542,1139.44,Frozen Foods,Rejected
ORD004543,OI004543,2083.05,Bakery,Completed
ORD004544,OI004544,1861.13,Fruits & Vegetables,Cancelled
ORD004545,OI004545,1307.93,Frozen Foods,Completed
ORD004546,OI004546,2491.95,Beverages,Completed
ORD004547,OI004547,1698.81,Groceries,Completed
ORD004548,OI004548,1313.22,Baby Care,Completed
ORD004549,OI004549,966.87,Bakery,Completed
ORD004550,OI004550,2233.88,Groceries,Completed
ORD004551,OI004551,2044.96,Household,Completed
ORD004552,OI004552,637.41,Dairy,Rejected
ORD004553,OI004553,1038.95,Bakery,Rejected
ORD004554,OI004554,184.13,Fruits & Vegetables,Completed
ORD004555,OI004555,2096.63,Personal Care,Completed
ORD004556,OI004556,1226.18,Groceries,Completed
ORD004557,OI004557,572.86,Household,Rejected
ORD004558,OI004558,1349.93,Frozen Foods,Completed
ORD004559,OI004559,1039.76,Fruits & Vegetables,Completed
ORD004560,OI004560,1778.18,Household,Cancelled
ORD004561,OI004561,2439.77,Frozen Foods,Completed
ORD004562,OI004562,326.78,Dairy,Rejected
ORD004563,OI004563,2103.85,Personal Care,Completed
ORD004564,OI004564,1544.28,Beverages,Completed
ORD004565,OI004565,146.33,Personal Care,Cancelled
ORD004566,OI004566,499.62,Groceries,Rejected
ORD004567,OI004567,1991.78,Fruits & Vegetables,Completed
ORD004568,OI004568,146.31,Groceries,Completed
ORD004569,OI004569,2318.43,Beverages,Completed
ORD004570,OI004570,2432.15,Beverages,Completed
ORD004571,OI004571,2177.77,Beverages,Cancelled
ORD004572,OI004572,525.8,Frozen Foods,Rejected
ORD004573,OI004573,1097.9,Groceries,Rejected
ORD004574,OI004574,1551.93,Beverages,Completed
ORD004575,OI004575,1861.05,Dairy,Completed
ORD004576,OI004576,1353.13,Bakery,Rejected
ORD004577,OI004577,1658.51,Dairy,Completed
ORD004578,OI004578,2366.43,Dairy,Cancelled
ORD004579,OI004579,540.63,Groceries,Cancelled
ORD004580,OI004580,734.77,Groceries,Rejected
ORD004581,OI004581,2216.83,Fruits & Vegetables,Completed
ORD004582,OI004582,779.55,Baby Care,Rejected
ORD004583,OI004583,2488.15,Baby Care,Completed
ORD004584,OI004584,700.3,Fruits & Vegetables,Completed
ORD004585,OI004585,1339.76,Frozen Foods,Cancelled
ORD004586,OI004586,2464.5,Dairy,Completed
ORD004587,OI004587,2200.08,Dairy,Completed
ORD004588,OI004588,391.53,Dairy,Rejected
ORD004589,OI004589,172.8,Snacks,Completed
ORD004590,OI004590,1850.31,Personal Care,Completed
ORD004591,OI004591,603.01,Groceries,Completed
ORD004592,OI004592,106.52,Dairy,Cancelled
ORD004593,OI004593,771.07,Baby Care,Completed
ORD004594,OI004594,100.62,Dairy,Completed
ORD004595,OI004595,2404.68,Household,Completed
ORD004596,OI004596,1671.96,Groceries,Completed
ORD004597,OI004597,2204.32,Household,Completed
ORD004598,OI004598,960.2,Fruits & Vegetables,Completed
ORD004599,OI004599,189.43,Frozen Foods,Cancelled
ORD004600,OI004600,1775.66,Frozen Foods,Rejected
ORD004601,OI004601,621.26,Fruits & Vegetables,Completed
ORD004602,OI004602,1970.45,Personal Care,Completed
ORD004603,OI004603,2433.92,Bakery,Completed
ORD004604,OI004604,125.04,Fruits & Vegetables,Cancelled
ORD004605,OI004605,232.84,Frozen Foods,Cancelled
ORD004606,OI004606,1315.34,Beverages,Completed
ORD004607,OI004607,1967.48,Dairy,Completed
ORD004608,OI004608,1313.55,Frozen Foods,Rejected
ORD004609,OI004609,1134.62,Snacks,Completed
ORD004610,OI004610,356.99,Groceries,Rejected
ORD004611,OI004611,954.05,Bakery,Completed
ORD004612,OI004612,656.7,Bakery,Completed
ORD004613,OI004613,1083.54,Bakery,Completed
ORD004614,OI004614,2327.71,Snacks,Completed
ORD004615,OI004615,901.37,Baby Care,Completed
ORD004616,OI004616,2121.16,Baby Care,Rejected
ORD004617,OI004617,2043.65,Dairy,Completed
ORD004618,OI004618,749.33,Bakery,Cancelled
ORD004619,OI004619,156.27,Beverages,Cancelled
ORD004620,OI004620,1061.39,Snacks,Completed
ORD004621,OI004621,794.1,Snacks,Cancelled
ORD004622,OI004622,416.55,Groceries,Completed
ORD004623,OI004623,2093.77,Dairy,Rejected
ORD004624,OI004624,987.85,Beverages,Completed
ORD004625,OI004625,2086.56,Frozen Foods,Completed
ORD004626,OI004626,275.14,Household,Completed
ORD004627,OI004627,229.89,Baby Care,Cancelled
ORD004628,OI004628,493.35,Bakery,Rejected
ORD004629,OI004629,1075.85,Household,Completed
ORD004630,OI004630,2199.93,Dairy,Completed
ORD004631,OI004631,1159.92,Personal Care,Completed
ORD004632,OI004632,1350.25,Personal Care,Completed
ORD004633,OI004633,1463.53,Fruits & Vegetables,Completed
ORD004634,OI004634,1730.74,Household,Cancelled
ORD004635,OI004635,2304.66,Groceries,Cancelled
ORD004636,OI004636,449.98,Frozen Foods,Completed
ORD004637,OI004637,2329.68,Beverages,Completed
ORD004638,OI004638,2022.33,Bakery,Completed
ORD004639,OI004639,2211.84,Frozen Foods,Completed
ORD004640,OI004640,799.4,Dairy,Rejected
ORD004641,OI004641,380.24,Snacks,Rejected
ORD004642,OI004642,873.64,Beverages,Completed
ORD004643,OI004643,2222.41,Personal Care,Completed
ORD004644,OI004644,718.84,Household,Rejected
ORD004645,OI004645,290.72,Snacks,Completed
ORD004646,OI004646,551.55,Beverages,Completed
ORD004647,OI004647,2368.1,Snacks,Rejected
ORD004648,OI004648,1031.79,Baby Care,Completed
ORD004649,OI004649,1313.44,Personal Care,Completed
ORD004650,OI004650,2445.06,Groceries,Completed
ORD004651,OI004651,2000.64,Fruits & Vegetables,Completed
ORD004652,OI004652,1638.84,Groceries,Completed
ORD004653,OI004653,166.06,Snacks,Completed
ORD004654,OI004654,768.93,Dairy,Completed
ORD004655,OI004655,965.93,Household,Completed
ORD004656,OI004656,1929.51,Baby Care,Rejected
ORD004657,OI004657,137.5,Groceries,Cancelled
ORD004658,OI004658,1202.71,Personal Care,Completed
ORD004659,OI004659,1630.43,Fruits & Vegetables,Cancelled
ORD004660,OI004660,1348.36,Beverages,Cancelled
ORD004661,OI004661,1822.57,Baby Care,Cancelled
ORD004662,OI004662,331.84,Bakery,Rejected
ORD004663,OI004663,1695.02,Personal Care,Rejected
ORD004664,OI004664,1603.6,Groceries,Rejected
ORD004665,OI004665,2470.43,Dairy,Completed
ORD004666,OI004666,597.64,Personal Care,Completed
ORD004667,OI004667,492.42,Fruits & Vegetables,Completed
ORD004668,OI004668,1847.2,Beverages,Rejected
ORD004669,OI004669,1673.98,Bakery,Completed
ORD004670,OI004670,199.28,Personal Care,Cancelled
ORD004671,OI004671,1604.53,Frozen Foods,Completed
ORD004672,OI004672,1297.8,Household,Cancelled
ORD004673,OI004673,551.9,Dairy,Completed
ORD004674,OI004674,326.23,Bakery,Completed
ORD004675,OI004675,2046.61,Bakery,Completed
ORD004676,OI004676,1545.87,Frozen Foods,Completed
ORD004677,OI004677,1605.97,Bakery,Rejected
ORD004678,OI004678,864.45,Bakery,Completed
ORD004679,OI004679,668.94,Household,Completed
ORD004680,OI004680,1526.18,Personal Care,Completed
ORD004681,OI004681,2119.32,Household,Completed
ORD004682,OI004682,557.48,Groceries,Completed
ORD004683,OI004683,2042.17,Frozen Foods,Completed
ORD004684,OI004684,1497.55,Personal Care,Completed
ORD004685,OI004685,1262.07,Snacks,Rejected
ORD004686,OI004686,793.03,Baby Care,Completed
ORD004687,OI004687,2377.5,Groceries,Completed
ORD004688,OI004688,2092.41,Beverages,Completed
ORD004689,OI004689,1354.11,Snacks,Completed
ORD004690,OI004690,727.42,Groceries,Completed
ORD004691,OI004691,2035.65,Fruits & Vegetables,Completed
ORD004692,OI004692,728.06,Baby Care,Completed
ORD004693,OI004693,562.41,Dairy,Completed
ORD004694,OI004694,236.5,Dairy,Completed
ORD004695,OI004695,418.26,Groceries,Completed
ORD004696,OI004696,658.11,Snacks,Completed
ORD004697,OI004697,1636.08,Frozen Foods,Completed
ORD004698,OI004698,1552.43,Beverages,Completed
ORD004699,OI004699,945.96,Beverages,Cancelled
ORD004700,OI004700,757.54,Baby Care,Completed
ORD004701,OI004701,2413.22,Personal Care,Cancelled
ORD004702,OI004702,1299.82,Baby Care,Rejected
ORD004703,OI004703,1739.72,Bakery,Rejected
ORD004704,OI004704,1989.71,Groceries,Cancelled
ORD004705,OI004705,1354.99,Frozen Foods,Completed
ORD004706,OI004706,1808.05,Groceries,Completed
ORD004707,OI004707,1470.1,Dairy,Completed
ORD004708,OI004708,1427.41,Groceries,Completed
ORD004709,OI004709,1367.59,Personal Care,Cancelled
ORD004710,OI004710,2315.08,Baby Care,Cancelled
ORD004711,OI004711,1747.35,Household,Completed
ORD004712,OI004712,408.25,Dairy,Completed
ORD004713,OI004713,2053.86,Beverages,Rejected
ORD004714,OI004714,1355.67,Groceries,Completed
ORD004715,OI004715,1185.22,Personal Care,Rejected
ORD004716,OI004716,2389.39,Fruits & Vegetables,Rejected
ORD004717,OI004717,745.9,Fruits & Vegetables,Completed
ORD004718,OI004718,1792.18,Beverages,Completed
ORD004719,OI004719,1292.74,Baby Care,Rejected
ORD004720,OI004720,1525.51,Fruits & Vegetables,Completed
ORD004721,OI004721,1018.55,Bakery,Completed
ORD004722,OI004722,1511.46,Snacks,Completed
ORD004723,OI004723,118.07,Fruits & Vegetables,Completed
ORD004724,OI004724,1662.32,Frozen Foods,Completed
ORD004725,OI004725,642.62,Bakery,Completed
ORD004726,OI004726,2022.36,Household,Completed
ORD004727,OI004727,2363.72,Snacks,Cancelled
ORD004728,OI004728,2189.24,Dairy,Completed
ORD004729,OI004729,1529.38,Beverages,Completed
ORD004730,OI004730,321.5,Frozen Foods,Rejected
ORD004731,OI004731,2410.3,Personal Care,Completed
ORD004732,OI004732,649.31,Fruits & Vegetables,Completed
ORD004733,OI004733,992.6,Dairy,Cancelled
ORD004734,OI004734,1914.2,Fruits & Vegetables,Completed
ORD004735,OI004735,1553.95,Household,Completed
ORD004736,OI004736,1567.51,Baby Care,Completed
ORD004737,OI004737,-173.48,Beverages,Completed
ORD004738,OI004738,558.13,Household,Completed
ORD004739,OI004739,206.72,Groceries,Cancelled
ORD004740,OI004740,2160.86,Frozen Foods,Completed
ORD004741,OI004741,208.55,Dairy,Completed
ORD004742,OI004742,1090.68,Frozen Foods,Cancelled
ORD004743,OI004743,810.69,Household,Completed
ORD004744,OI004744,1062.65,Groceries,Rejected
ORD004745,OI004745,1574.8,Bakery,Completed
ORD004746,OI004746,1884.52,Groceries,Completed
ORD004747,OI004747,2270.58,Fruits & Vegetables,Completed
ORD004748,OI004748,374.8,Groceries,Completed
ORD004749,OI004749,909.87,Snacks,Rejected
ORD004750,OI004750,997.88,Bakery,Completed
ORD004751,OI004751,2398.21,Frozen Foods,Completed
ORD004752,OI004752,529.79,Fruits & Vegetables,Completed
ORD004753,OI004753,2070.07,Groceries,Rejected
ORD004754,OI004754,1460.03,Baby Care,Completed
ORD004755,OI004755,1814.33,Baby Care,Cancelled
ORD004756,OI004756,2076.72,Beverages,Rejected
ORD004757,OI004757,899.79,Fruits & Vegetables,Cancelled
ORD004758,OI004758,1428.57,Beverages,Completed
ORD004759,OI004759,1073.04,Household,Cancelled
ORD004760,OI004760,167.77,Fruits & Vegetables,Completed
ORD004761,OI004761,174.09,Personal Care,Completed
ORD004762,OI004762,650.47,Personal Care,Completed
ORD004763,OI004763,661.24,Personal Care,Completed
ORD004764,OI004764,1313.01,Beverages,Rejected
ORD004765,OI004765,2335.5,Frozen Foods,Completed
ORD004766,OI004766,995.69,Dairy,Rejected
ORD004767,OI004767,1244.35,Snacks,Rejected
ORD004768,OI004768,1029.25,Household,Completed
ORD004769,OI004769,1415.3,Personal Care,Cancelled
ORD004770,OI004770,2248.54,Household,Rejected
ORD004771,OI004771,855.45,Frozen Foods,Rejected
ORD004772,OI004772,2176.17,Groceries,Completed
ORD004773,OI004773,720.81,Frozen Foods,Completed
ORD004774,OI004774,1181.32,Frozen Foods,Completed
ORD004775,OI004775,2347.49,Dairy,Completed
ORD004776,OI004776,208.8,Dairy,Completed
ORD004777,OI004777,1688.56,Household,Completed
ORD004778,OI004778,1997.8,Personal Care,Completed
ORD004779,OI004779,546.05,Bakery,Rejected
ORD004780,OI004780,1511.09,Beverages,Completed
ORD004781,OI004781,1548.99,Bakery,Completed
ORD004782,OI004782,1820.19,Beverages,Cancelled
ORD004783,OI004783,1707.28,Snacks,Rejected
ORD004784,OI004784,1483.32,Beverages,Completed
ORD004785,OI004785,1158.29,Personal Care,Completed
ORD004786,OI004786,1680.3,Fruits & Vegetables,Cancelled
ORD004787,OI004787,405.43,Baby Care,Completed
ORD004788,OI004788,769.61,Dairy,Completed
ORD004789,OI004789,201.21,Beverages,Completed
ORD004790,OI004790,399.08,Bakery,Rejected
ORD004791,OI004791,1191.7,Personal Care,Rejected
ORD004792,OI004792,788.48,Household,Rejected
ORD004793,OI004793,2154.24,Dairy,Completed
ORD004794,OI004794,2275.17,Baby Care,Cancelled
ORD004795,OI004795,1695.04,Fruits & Vegetables,Cancelled
ORD004796,OI004796,902.48,Baby Care,Completed
ORD004797,OI004797,2317.32,Baby Care,Completed
ORD004798,OI004798,207.93,Fruits & Vegetables,Rejected
ORD004799,OI004799,1374.41,Fruits & Vegetables,Completed
ORD004800,OI004800,2292.96,Frozen Foods,Rejected
ORD004801,OI004801,1236.14,Bakery,Cancelled
ORD004802,OI004802,729.76,Bakery,Completed
ORD004803,OI004803,907.41,Frozen Foods,Completed
ORD004804,OI004804,1824.46,Dairy,Completed
ORD004805,OI004805,2445.65,Beverages,Completed
ORD004806,OI004806,650.95,Snacks,Cancelled
ORD004807,OI004807,395.25,Personal Care,Cancelled
ORD004808,OI004808,2271.29,Beverages,Rejected
ORD004809,OI004809,1238.23,Household,Rejected
ORD004810,OI004810,438.93,Dairy,Completed
ORD004811,OI004811,2113.59,Groceries,Completed
ORD004812,OI004812,1040.0,Bakery,Completed
ORD004813,OI004813,2289.72,Baby Care,Completed
ORD004814,OI004814,2147.14,Groceries,Rejected
ORD004815,OI004815,2160.8,Beverages,Cancelled
ORD004816,OI004816,202.64,Groceries,Completed
ORD004817,OI004817,267.99,Personal Care,Rejected
ORD004818,OI004818,1321.6,Beverages,Cancelled
ORD004819,OI004819,506.77,Snacks,Completed
ORD004820,OI004820,2051.99,Household,Cancelled
ORD004821,OI004821,2307.45,Snacks,Completed
ORD004822,OI004822,668.23,Household,Rejected
ORD004823,OI004823,672.57,Household,Completed
ORD004824,OI004824,173.46,Snacks,Cancelled
ORD004825,OI004825,1617.16,Personal Care,Completed
ORD004826,OI004826,1942.69,Personal Care,Completed
ORD004827,OI004827,1711.13,Snacks,Completed
ORD004828,OI004828,495.95,Beverages,Completed
ORD004829,OI004829,1846.41,Snacks,Rejected
ORD004830,OI004830,1899.49,Groceries,Cancelled
ORD004831,OI004831,1670.92,Baby Care,Cancelled
ORD004832,OI004832,304.1,Bakery,Completed
ORD004833,OI004833,2207.24,Fruits & Vegetables,Rejected
ORD004834,OI004834,1483.54,Beverages,Completed
ORD004835,OI004835,1549.37,Fruits & Vegetables,Completed
ORD004836,OI004836,562.56,Beverages,Completed
ORD004837,OI004837,608.54,Dairy,Completed
ORD004838,OI004838,1953.02,Snacks,Completed
ORD004839,OI004839,2258.83,Beverages,Rejected
ORD004840,OI004840,118.8,Household,Completed
ORD004841,OI004841,427.45,Household,Completed
ORD004842,OI004842,1557.78,Personal Care,Completed
ORD004843,OI004843,566.82,Bakery,Rejected
ORD004844,OI004844,1068.87,Dairy,Completed
ORD004845,OI004845,1621.84,Frozen Foods,Rejected
ORD004846,OI004846,844.27,Groceries,Rejected
ORD004847,OI004847,956.43,Dairy,Completed
ORD004848,OI004848,2215.24,Snacks,Completed
ORD004849,OI004849,2409.78,Frozen Foods,Completed
ORD004850,OI004850,1519.38,Dairy,Completed
ORD004851,OI004851,1791.09,Beverages,Cancelled
ORD004852,OI004852,1907.69,Groceries,Rejected
ORD004853,OI004853,783.17,Frozen Foods,Completed
ORD004854,OI004854,1458.99,Groceries,Completed
ORD004855,OI004855,2064.23,Groceries,Completed
ORD004856,OI004856,1169.42,Fruits & Vegetables,Completed
ORD004857,OI004857,1807.44,Baby Care,Rejected
ORD004858,OI004858,2030.02,Beverages,Cancelled
ORD004859,OI004859,569.17,Household,Completed
ORD004860,OI004860,1560.21,Frozen Foods,Rejected
ORD004861,OI004861,2102.21,Beverages,Completed
ORD004862,OI004862,596.81,Frozen Foods,Cancelled
ORD004863,OI004863,1578.23,Household,Rejected
ORD004864,OI004864,1773.48,Groceries,Completed
ORD004865,OI004865,1652.5,Bakery,Cancelled
ORD004866,OI004866,2072.83,Dairy,Completed
ORD004867,OI004867,1827.67,Personal Care,Cancelled
ORD004868,OI004868,214.48,Groceries,Completed
ORD004869,OI004869,396.88,Frozen Foods,Completed
ORD004870,OI004870,833.24,Snacks,Cancelled
ORD004871,OI004871,872.87,Frozen Foods,Completed
ORD004872,OI004872,1077.62,Groceries,Completed
ORD004873,OI004873,804.99,Bakery,Cancelled
ORD004874,OI004874,713.97,Beverages,Completed
ORD004875,OI004875,602.39,Bakery,Completed
ORD004876,OI004876,1375.95,Household,Rejected
ORD004877,OI004877,1198.58,Frozen Foods,Completed
ORD004878,OI004878,363.81,Dairy,Cancelled
ORD004879,OI004879,795.97,Personal Care,Completed
ORD004880,OI004880,2176.01,Beverages,Completed
ORD004881,OI004881,2207.53,Frozen Foods,Completed
ORD004882,OI004882,1945.57,Baby Care,Cancelled
ORD004883,OI004883,1730.46,Personal Care,Completed
ORD004884,OI004884,947.71,Groceries,Cancelled
ORD004885,OI004885,1222.87,Baby Care,Completed
ORD004886,OI004886,1207.47,Baby Care,Rejected
ORD004887,OI004887,513.86,Bakery,Completed
ORD004888,OI004888,1360.53,Beverages,Completed
ORD004889,OI004889,1837.17,Baby Care,Completed
ORD004890,OI004890,301.41,Snacks,Rejected
ORD004891,OI004891,1264.11,Beverages,Completed
ORD004892,OI004892,2154.95,Personal Care,Cancelled
ORD004893,OI004893,2441.8,Dairy,Completed
ORD004894,OI004894,428.31,Beverages,Rejected
ORD004895,OI004895,1437.51,Baby Care,Rejected
ORD004896,OI004896,494.71,Bakery,Completed
ORD004897,OI004897,1596.13,Bakery,Completed
ORD004898,OI004898,2026.68,Bakery,Completed
ORD004899,OI004899,1221.88,Frozen Foods,Completed
ORD004900,OI004900,1527.39,Bakery,Rejected
ORD004901,OI004901,2056.73,Baby Care,Completed
ORD004902,OI004902,766.92,Snacks,Completed
ORD004903,OI004903,1424.24,Baby Care,Cancelled
ORD004904,OI004904,2412.95,Fruits & Vegetables,Completed
ORD004905,OI004905,874.04,Groceries,Completed
ORD004906,OI004906,716.32,Dairy,Completed
ORD004907,OI004907,1518.35,Dairy,Completed
ORD004908,OI004908,2344.85,Beverages,Cancelled
ORD004909,OI004909,280.3,Frozen Foods,Cancelled
ORD004910,OI004910,1347.14,Fruits & Vegetables,Completed
ORD004911,OI004911,1370.79,Personal Care,Completed
ORD004912,OI004912,1208.77,Frozen Foods,Completed
ORD004913,OI004913,664.91,Groceries,Completed
ORD004914,OI004914,123.17,Fruits & Vegetables,Cancelled
ORD004915,OI004915,437.17,Groceries,Completed
ORD004916,OI004916,1606.32,Bakery,Completed
ORD004917,OI004917,2432.73,Baby Care,Rejected
ORD004918,OI004918,545.16,Fruits & Vegetables,Rejected
ORD004919,OI004919,1435.43,Bakery,Completed
ORD004920,OI004920,202.67,Beverages,Completed
ORD004921,OI004921,2115.38,Groceries,Cancelled
ORD004922,OI004922,632.95,Fruits & Vegetables,Completed
ORD004923,OI004923,2200.46,Household,Cancelled
ORD004924,OI004924,2331.44,Personal Care,Completed
ORD004925,OI004925,1326.75,Personal Care,Completed
ORD004926,OI004926,462.8,Fruits & Vegetables,Cancelled
ORD004927,OI004927,2318.68,Frozen Foods,Completed
ORD004928,OI004928,-2012.72,Groceries,Completed
ORD004929,OI004929,1854.71,Dairy,Completed
ORD004930,OI004930,2235.29,Dairy,Completed
ORD004931,OI004931,1969.8,Bakery,Cancelled
ORD004932,OI004932,2268.07,Groceries,Cancelled
ORD004933,OI004933,2071.22,Personal Care,Completed
ORD004934,OI004934,420.08,Snacks,Completed
ORD004935,OI004935,804.16,Personal Care,Completed
ORD004936,OI004936,638.04,Household,Completed
ORD004937,OI004937,687.26,Frozen Foods,Completed
ORD004938,OI004938,2333.7,Household,Rejected
ORD004939,OI004939,136.62,Beverages,Completed
ORD004940,OI004940,2041.79,Personal Care,Completed
ORD004941,OI004941,847.59,Personal Care,Completed
ORD004942,OI004942,1386.36,Groceries,Completed
ORD004943,OI004943,992.99,Groceries,Completed
ORD004944,OI004944,2176.0,Bakery,Completed
ORD004945,OI004945,328.81,Personal Care,Completed
ORD004946,OI004946,1467.48,Beverages,Completed
ORD004947,OI004947,1044.6,Baby Care,Completed
ORD004948,OI004948,693.9,Snacks,Rejected
ORD004949,OI004949,1274.92,Frozen Foods,Completed
ORD004950,OI004950,297.26,Bakery,Completed
ORD004951,OI004951,1486.45,Bakery,Rejected
ORD004952,OI004952,1287.23,Household,Cancelled
ORD004953,OI004953,154.53,Baby Care,Completed
ORD004954,OI004954,934.92,Fruits & Vegetables,Completed
ORD004955,OI004955,1313.08,Personal Care,Completed
ORD004956,OI004956,1268.3,Personal Care,Completed
ORD004957,OI004957,1606.01,Snacks,Completed
ORD004958,OI004958,1096.81,Frozen Foods,Completed
ORD004959,OI004959,660.35,Bakery,Completed
ORD004960,OI004960,1614.71,Groceries,Completed
ORD004961,OI004961,872.57,Groceries,Cancelled
ORD004962,OI004962,2477.39,Household,Completed
ORD004963,OI004963,1724.42,Beverages,Completed
ORD004964,OI004964,189.84,Snacks,Completed
ORD004965,OI004965,2229.65,Frozen Foods,Completed
ORD004966,OI004966,358.18,Fruits & Vegetables,Rejected
ORD004967,OI004967,518.77,Household,Completed
ORD004968,OI004968,2444.99,Beverages,Rejected
ORD004969,OI004969,1592.55,Bakery,Completed
ORD004970,OI004970,583.83,Fruits & Vegetables,Cancelled
ORD004971,OI004971,2120.8,Fruits & Vegetables,Completed
ORD004972,OI004972,1732.47,Frozen Foods,Cancelled
ORD004973,OI004973,787.18,Frozen Foods,Completed
ORD004974,OI004974,1113.74,Household,Completed
ORD004975,OI004975,1230.87,Household,Completed
ORD004976,OI004976,474.46,Dairy,Completed
ORD004977,OI004977,676.9,Household,Completed
ORD004978,OI004978,517.24,Bakery,Completed
ORD004979,OI004979,1429.71,Beverages,Completed
ORD004980,OI004980,1844.32,Frozen Foods,Completed
ORD004981,OI004981,1044.6,Bakery,Cancelled
ORD004982,OI004982,1510.38,Dairy,Completed
ORD004983,OI004983,144.05,Personal Care,Cancelled
ORD004984,OI004984,1761.82,Bakery,Completed
ORD004985,OI004985,822.6,Snacks,Completed
ORD004986,OI004986,392.14,Baby Care,Completed
ORD004987,OI004987,1230.81,Snacks,Completed
ORD004988,OI004988,2202.21,Personal Care,Completed
ORD004989,OI004989,298.06,Personal Care,Completed
ORD004990,OI004990,1179.78,Groceries,Completed
ORD004991,OI004991,1286.32,Snacks,Completed
ORD004992,OI004992,612.0,Snacks,Completed
ORD002071,OI002071,1985.95,Beverages,Rejected
ORD004994,OI004994,1381.3,Fruits & Vegetables,Completed
ORD004995,OI004995,1520.71,Household,Completed
ORD004996,OI004996,1478.05,Frozen Foods,Rejected
ORD004997,OI004997,829.67,Household,Completed
ORD004998,OI004998,1671.32,Personal Care,Completed
ORD004999,OI004999,1303.02,Groceries,Completed
ORD005000,OI005000,2310.8,Beverages,Completed
ORD005001,OI005001,928.99,Beverages,Completed
ORD005002,OI005002,836.97,Household,Completed
ORD005003,OI005003,1186.78,Baby Care,Cancelled
ORD005004,OI005004,1171.92,Fruits & Vegetables,Completed
ORD005005,OI005005,2029.61,Bakery,Completed
ORD005006,OI005006,2426.21,Personal Care,Rejected
ORD005007,OI005007,2105.06,Personal Care,Completed
ORD005008,OI005008,439.34,Baby Care,Completed
ORD005009,OI005009,651.9,Dairy,Completed
ORD005010,OI005010,845.28,Groceries,Rejected
ORD005011,OI005011,425.29,Baby Care,Cancelled
ORD005012,OI005012,706.68,Household,Cancelled
ORD005013,OI005013,1845.3,Frozen Foods,Completed
ORD005014,OI005014,1488.17,Household,Rejected
ORD005015,OI005015,1764.46,Frozen Foods,Completed
ORD005016,OI005016,679.58,Frozen Foods,Completed
ORD005017,OI005017,2487.01,Household,Completed
ORD005018,OI005018,792.91,Frozen Foods,Rejected
ORD005019,OI005019,138.37,Household,Cancelled
ORD005020,OI005020,2222.2,Groceries,Completed
ORD005021,OI005021,1586.64,Baby Care,Completed
ORD005022,OI005022,341.75,Household,Cancelled
ORD005023,OI005023,2099.2,Dairy,Rejected
ORD005024,OI005024,579.62,Beverages,Completed
ORD005025,OI005025,1018.62,Personal Care,Completed
ORD005026,OI005026,814.61,Groceries,Cancelled
ORD005027,OI005027,2237.9,Personal Care,Completed
ORD005028,OI005028,2215.79,Household,Completed
ORD005029,OI005029,1280.53,Personal Care,Cancelled
ORD005030,OI005030,1962.28,Groceries,Completed
ORD005031,OI005031,949.97,Personal Care,Cancelled
ORD005032,OI005032,1728.82,Fruits & Vegetables,Completed
ORD005033,OI005033,1565.19,Frozen Foods,Completed
ORD005034,OI005034,1814.03,Household,Cancelled
ORD005035,OI005035,463.96,Bakery,Rejected
ORD005036,OI005036,991.48,Beverages,Rejected
ORD005037,OI005037,2236.74,Snacks,Completed
ORD005038,OI005038,2327.4,Beverages,Completed
ORD005039,OI005039,1215.62,Snacks,Completed
ORD005040,OI005040,1871.41,Fruits & Vegetables,Rejected
ORD005041,OI005041,1998.17,Beverages,Completed
ORD005042,OI005042,1084.21,Frozen Foods,Completed
ORD005043,OI005043,1436.49,Household,Completed
ORD005044,OI005044,1675.46,Snacks,Completed
ORD005045,OI005045,219.28,Baby Care,Completed
ORD005046,OI005046,1244.57,Groceries,Completed
ORD005047,OI005047,2242.65,Personal Care,Completed
ORD005048,OI005048,361.84,Beverages,Rejected
ORD005049,OI005049,183.0,Bakery,Completed
ORD005050,OI005050,1828.86,Bakery,Completed
ORD005051,OI005051,930.09,Baby Care,Completed
ORD005052,OI005052,276.06,Beverages,Completed
ORD005053,OI005053,2082.34,,Completed
ORD005054,OI005054,1929.06,Bakery,Rejected
ORD005055,OI005055,2429.59,Dairy,Completed
ORD005056,OI005056,864.16,Bakery,Completed
ORD005057,OI005057,647.43,Bakery,Completed
ORD005058,OI005058,915.19,Beverages,Cancelled
ORD005059,OI005059,962.73,Beverages,Completed
ORD005060,OI005060,1397.52,Fruits & Vegetables,Rejected
ORD005061,OI005061,1808.53,Beverages,Completed
ORD005062,OI005062,1104.9,Dairy,Cancelled
ORD005063,OI005063,1143.79,Beverages,Completed
ORD005064,OI005064,855.43,Frozen Foods,Completed
ORD005065,OI005065,1141.9,Fruits & Vegetables,Completed
ORD005066,OI005066,1854.41,Fruits & Vegetables,Rejected
ORD005067,OI005067,1606.82,Beverages,Completed
ORD005068,OI005068,1513.34,Beverages,Completed
ORD005069,OI005069,158.8,Bakery,Cancelled
ORD005070,OI005070,1208.61,Snacks,Completed
ORD005071,OI005071,152.78,Dairy,Cancelled
ORD005072,OI005072,1390.6,Beverages,Rejected
ORD005073,OI005073,2070.72,Snacks,Completed
ORD005074,OI005074,2407.06,Dairy,Rejected
ORD005075,OI005075,113.17,Snacks,Rejected
ORD005076,OI005076,997.53,Beverages,Rejected
ORD005077,OI005077,103.43,Beverages,Rejected
ORD005078,OI005078,1316.58,Dairy,Cancelled
ORD005079,OI005079,1742.74,Baby Care,Cancelled
ORD005080,OI005080,1866.81,Groceries,Cancelled
ORD005081,OI005081,183.29,Baby Care,Completed
ORD005082,OI005082,461.09,Frozen Foods,Completed
ORD005083,OI005083,1965.29,Dairy,Completed
ORD005084,OI005084,1157.29,Baby Care,Completed
ORD005085,OI005085,652.98,Groceries,Rejected
ORD005086,OI005086,1754.9,Fruits & Vegetables,Rejected
ORD005087,OI005087,1925.39,Beverages,Completed
ORD005088,OI005088,1778.04,Personal Care,Completed
ORD005089,OI005089,938.78,Snacks,Completed
ORD005090,OI005090,1903.56,Household,Completed
ORD005091,OI005091,1553.52,Dairy,Cancelled
ORD005092,OI005092,1351.12,Frozen Foods,Cancelled
ORD005093,OI005093,1869.39,Personal Care,Completed
ORD005094,OI005094,2041.16,Baby Care,Cancelled
ORD005095,OI005095,1617.94,Fruits & Vegetables,Completed
ORD005096,OI005096,959.08,Fruits & Vegetables,Rejected
ORD005097,OI005097,1422.67,Frozen Foods,Completed
ORD005098,OI005098,247.3,Household,Completed
ORD005099,OI005099,386.92,Dairy,Rejected
ORD005100,OI005100,1559.94,Frozen Foods,Cancelled
ORD005101,OI005101,807.98,Snacks,Completed
ORD005102,OI005102,1264.85,Groceries,Completed
ORD005103,OI005103,2359.34,Personal Care,Completed
ORD005104,OI005104,1653.1,Snacks,Rejected
ORD005105,OI005105,917.92,Snacks,Completed
ORD005106,OI005106,1311.93,Household,Completed
ORD005107,OI005107,1053.8,Household,Rejected
ORD005108,OI005108,870.85,Dairy,Rejected
ORD005109,OI005109,1757.44,Bakery,Completed
ORD005110,OI005110,1601.95,Dairy,Completed
ORD005111,OI005111,1793.67,Snacks,Completed
ORD005112,OI005112,1194.21,Snacks,Completed
ORD005113,OI005113,2222.32,Fruits & Vegetables,Cancelled
ORD005114,OI005114,572.68,Snacks,Completed
ORD005115,OI005115,655.24,Beverages,Completed
ORD005116,OI005116,2246.53,Personal Care,Cancelled
ORD005117,OI005117,517.81,Personal Care,Completed
ORD005118,OI005118,2146.49,Groceries,Completed
ORD005119,OI005119,260.44,Groceries,Completed
ORD005120,OI005120,245.71,Personal Care,Rejected
ORD005121,OI005121,1119.16,Fruits & Vegetables,Completed
ORD005122,OI005122,1859.73,Frozen Foods,Completed
ORD005123,OI005123,309.07,Dairy,Rejected
ORD005124,OI005124,2389.84,Snacks,Completed
ORD005125,OI005125,1487.73,Snacks,Completed
ORD005126,OI005126,2237.96,Personal Care,Completed
ORD005127,OI005127,1100.43,Fruits & Vegetables,Cancelled
ORD005128,OI005128,1064.39,Bakery,Completed
ORD005129,OI005129,1105.53,Household,Completed
ORD005130,OI005130,2109.98,Frozen Foods,Rejected
ORD005131,OI005131,1430.04,Personal Care,Completed
ORD005132,OI005132,1423.26,Beverages,Completed
ORD005133,OI005133,1435.1,Baby Care,Completed
ORD005134,OI005134,1157.88,Snacks,Completed
ORD005135,OI005135,390.72,Dairy,Completed
ORD005136,OI005136,1816.1,Frozen Foods,Rejected
ORD005137,OI005137,327.73,Fruits & Vegetables,Cancelled
ORD005138,OI005138,532.34,Dairy,Completed
ORD005139,OI005139,1873.84,Groceries,Cancelled
ORD005140,OI005140,2427.36,Bakery,Cancelled
ORD005141,OI005141,2127.22,Personal Care,Completed
ORD005142,OI005142,888.61,Groceries,Completed
ORD005143,OI005143,628.55,Snacks,Completed
ORD005144,OI005144,2388.54,Household,Rejected
ORD005145,OI005145,396.36,Household,Completed
ORD005146,OI005146,337.16,Household,Rejected
ORD005147,OI005147,2158.75,Bakery,Completed
ORD005148,OI005148,302.75,Dairy,Completed
ORD005149,OI005149,1152.37,Snacks,Completed
ORD005150,OI005150,956.85,Personal Care,Rejected
ORD005151,OI005151,1173.51,Baby Care,Cancelled
ORD005152,OI005152,1016.11,Personal Care,Completed
ORD005153,OI005153,1877.97,Bakery,Completed
ORD005154,OI005154,1268.52,Dairy,Completed
ORD005155,OI005155,1322.42,Bakery,Completed
ORD005156,OI005156,604.4,Dairy,Completed
ORD005157,OI005157,1919.94,Snacks,Rejected
ORD005158,OI005158,544.88,Personal Care,Rejected
ORD005159,OI005159,2208.12,Household,Completed
ORD005160,OI005160,602.89,Household,Completed
ORD005161,OI005161,2397.97,Personal Care,Completed
ORD005162,OI005162,795.78,Dairy,Completed
ORD005163,OI005163,2120.71,Bakery,Completed
ORD005164,OI005164,1237.42,Dairy,Rejected
ORD005165,OI005165,1627.31,Fruits & Vegetables,Rejected
ORD005166,OI005166,1494.94,Dairy,Cancelled
ORD005167,OI005167,1926.88,Beverages,Completed
ORD005168,OI005168,1066.89,Snacks,Rejected
ORD005169,OI005169,197.83,Dairy,Completed
ORD005170,OI005170,919.48,Baby Care,Completed
ORD005171,OI005171,1524.03,Household,Rejected
ORD005172,OI005172,1697.84,Dairy,Completed
ORD005173,OI005173,2099.41, Bakery ,Cancelled
ORD005174,OI005174,1802.81,Groceries,Completed
ORD005175,OI005175,397.9,Dairy,Completed
ORD005176,OI005176,1420.92,Beverages,Rejected
ORD005177,OI005177,1831.48,Beverages,Completed
ORD005178,OI005178,966.65,Household,Completed
ORD005179,OI005179,236.84,Groceries,Completed
ORD005180,OI005180,980.99,Groceries,Completed
ORD005181,OI005181,2206.84,Groceries,Completed
ORD005182,OI005182,1285.0,Bakery,Rejected
ORD005183,OI005183,1305.81,Groceries,Completed
ORD005184,OI005184,2144.24,Dairy,Completed
ORD005185,OI005185,2457.59,Baby Care,Completed
ORD005186,OI005186,1744.49,Baby Care,Completed
ORD005187,OI005187,566.15,Beverages,Completed
ORD005188,OI005188,1351.84,Personal Care,Completed
ORD005189,OI005189,2245.43,Dairy,Completed
ORD005190,OI005190,1170.87,Baby Care,Completed
ORD005191,OI005191,487.74,Frozen Foods,Completed
ORD005192,OI005192,948.88,Personal Care,Completed
ORD005193,OI005193,662.49,Snacks,Completed
ORD005194,OI005194,1427.74,Snacks,Cancelled
ORD005195,OI005195,285.64,Personal Care,Rejected
ORD005196,OI005196,1865.36,Personal Care,Cancelled
ORD005197,OI005197,271.95,Frozen Foods,Completed
ORD005198,OI005198,1099.71,Snacks,Rejected
ORD005199,OI005199,909.41,Fruits & Vegetables,Rejected
ORD005200,OI005200,2178.57,Dairy,Completed
ORD005201,OI005201,2218.93,Bakery,Completed
ORD005202,OI005202,1545.79,Groceries,Cancelled
ORD005203,OI005203,316.41,Bakery,Cancelled
ORD005204,OI005204,2021.33,Frozen Foods,Completed
ORD005205,OI005205,1555.85,Frozen Foods,Completed
ORD005206,OI005206,2114.21,Baby Care,Rejected
ORD005207,OI005207,1845.45,Beverages,Cancelled
ORD005208,OI005208,1585.6,Household,Completed
ORD005209,OI005209,1527.12,Personal Care,Completed
ORD005210,OI005210,901.88,Personal Care,Completed
ORD005211,OI005211,2039.45,Baby Care,Completed
ORD005212,OI005212,717.85,Baby Care,Completed
ORD005213,OI005213,999.58,Snacks,Cancelled
ORD005214,OI005214,1043.26,Fruits & Vegetables,Completed
ORD005215,OI005215,1545.4,Beverages,Completed
ORD005216,OI005216,476.77,Personal Care,Completed
ORD005217,OI005217,921.5,Fruits & Vegetables,Cancelled
ORD005218,OI005218,1887.71,Frozen Foods,Cancelled
ORD005219,OI005219,1664.69,Beverages,Completed
ORD005220,OI005220,1315.83,Dairy,Completed
ORD005221,OI005221,418.23,Fruits & Vegetables,Completed
ORD005222,OI005222,2168.1,Frozen Foods,Completed
ORD005223,OI005223,1569.4,Bakery,Cancelled
ORD005224,OI005224,500.78,Baby Care,Completed
ORD005225,OI005225,1222.6,Bakery,Completed
ORD005226,OI005226,1806.61,Personal Care,Rejected
ORD005227,OI005227,546.19,Snacks,Cancelled
ORD005228,OI005228,685.17,Baby Care,Rejected
ORD005229,OI005229,1411.23,Groceries,Completed
ORD005230,OI005230,1349.33,Snacks,Completed
ORD005231,OI005231,832.57,Groceries,Completed
ORD005232,OI005232,1981.32,Snacks,Completed
ORD005233,OI005233,1996.64,Frozen Foods,Completed
ORD005234,OI005234,213.79,Household,Rejected
ORD005235,OI005235,2429.61,Household,Completed
ORD005236,OI005236,224.44,Dairy,Completed
ORD005237,OI005237,2053.5,Fruits & Vegetables,Completed
ORD005238,OI005238,166.72,Personal Care,Completed
ORD005239,OI005239,295.14,Groceries,Completed
ORD005240,OI005240,2090.97,Baby Care,Rejected
ORD005241,OI005241,604.69,Snacks,Completed
ORD005242,OI005242,1532.7,Groceries,Rejected
ORD005243,OI005243,2074.49,Household,Completed
ORD005244,OI005244,683.37,Fruits & Vegetables,Cancelled
ORD005245,OI005245,684.4,Dairy,Rejected
ORD005246,OI005246,2204.44,Fruits & Vegetables,Completed
ORD005247,OI005247,2327.92,Baby Care,Rejected
ORD005248,OI005248,1267.89,Fruits & Vegetables,Completed
ORD005249,OI005249,555.86,Snacks,Completed
ORD005250,OI005250,1373.82,Personal Care,Completed
ORD005251,OI005251,2301.14,Baby Care,Completed
ORD005252,OI005252,2241.35,Baby Care,Completed
ORD005253,OI005253,475.64,Frozen Foods,Completed
ORD005254,OI005254,1525.51,Personal Care,Rejected
ORD005255,OI005255,122.49,Fruits & Vegetables,Completed
ORD005256,OI005256,107.93,Household,Completed
ORD005257,OI005257,2046.71,Household,Completed
ORD005258,OI005258,1633.32,Snacks,Cancelled
ORD005259,OI005259,2173.18,Snacks,Completed
ORD005260,OI005260,1409.6,Snacks,Completed
ORD005261,OI005261,1321.96,Personal Care,Completed
ORD005262,OI005262,1513.79,Groceries,Completed
ORD005263,OI005263,1425.11,Snacks,Completed
ORD005264,OI005264,1942.41, Beverages ,Completed
ORD005265,OI005265,2070.38,Baby Care,Completed
ORD005266,OI005266,514.61,Frozen Foods,Completed
ORD005267,OI005267,1537.34,Beverages,Completed
ORD005268,OI005268,568.9,Groceries,Completed
ORD005269,OI005269,321.28,Personal Care,Completed
ORD005270,OI005270,856.37,Bakery,Completed
ORD005271,OI005271,1771.5,Snacks,Rejected
ORD005272,OI005272,1288.0,Beverages,Completed
ORD005273,OI005273,317.71,Beverages,Cancelled
ORD005274,OI005274,597.28,Snacks,Completed
ORD005275,OI005275,448.29,Bakery,Completed
ORD005276,OI005276,1598.61,Personal Care,Completed
ORD005277,OI005277,828.17,Dairy,Cancelled
ORD005278,OI005278,1425.81,Frozen Foods,Completed
ORD005279,OI005279,639.74,Groceries,Rejected
ORD005280,OI005280,2128.58,Personal Care,Completed
ORD005281,OI005281,440.13,Personal Care,Completed
ORD005282,OI005282,2425.58,Snacks,Cancelled
ORD005283,OI005283,353.96,Snacks,Completed
ORD005284,OI005284,1947.08,Beverages,Completed
ORD005285,OI005285,231.83,Beverages,Rejected
ORD005286,OI005286,1265.84,Dairy,Completed
ORD005287,OI005287,422.71,Frozen Foods,Rejected
ORD005288,OI005288,1224.29,Snacks,Completed
ORD005289,OI005289,2231.58,Frozen Foods,Completed
ORD005290,OI005290,484.55,Personal Care,Completed
ORD005291,OI005291,1380.69,Beverages,Completed
ORD005292,OI005292,1935.69,Beverages,Completed
ORD005293,OI005293,1998.81,Frozen Foods,Completed
ORD005294,OI005294,1813.87,Fruits & Vegetables,Completed
ORD005295,OI005295,680.5,Groceries,Rejected
ORD005296,OI005296,2211.59,Snacks,Completed
ORD005297,OI005297,134.23,Beverages,Cancelled
ORD005298,OI005298,2377.21,Frozen Foods,Completed
ORD005299,OI005299,159.47,Dairy,Cancelled
ORD005300,OI005300,1661.21,Bakery,Completed
ORD005301,OI005301,1281.57,Personal Care,Completed
ORD005302,OI005302,2396.63,Frozen Foods,Rejected
ORD005303,OI005303,336.54,Baby Care,Completed
ORD005304,OI005304,2342.07,Fruits & Vegetables,Cancelled
ORD005305,OI005305,1661.76,Personal Care,Completed
ORD005306,OI005306,2488.9,Baby Care,Completed
ORD005307,OI005307,1353.29,Bakery,Completed
ORD005308,OI005308,1734.63,Dairy,Rejected
ORD005309,OI005309,1512.49,Groceries,Rejected
ORD005310,OI005310,2024.82,Baby Care,Completed
ORD005311,OI005311,1846.78,Bakery,Completed
ORD005312,OI005312,2276.14,Household,Completed
ORD005313,OI005313,1028.46,Groceries,Rejected
ORD005314,OI005314,952.13,Bakery,Completed
ORD005315,OI005315,2266.78,Groceries,Completed
ORD005316,OI005316,2271.2,Personal Care,Completed
ORD005317,OI005317,1989.73,Dairy,Completed
ORD005318,OI005318,264.44,Groceries,Completed
ORD005319,OI005319,1419.51,Fruits & Vegetables,Completed
ORD005320,OI005320,1872.35,Baby Care,Completed
ORD005321,OI005321,1310.36,,Completed
ORD005322,OI005322,1248.02,Fruits & Vegetables,Completed
ORD005323,OI005323,1561.89,Baby Care,Cancelled
ORD005324,OI005324,1540.25,Frozen Foods,Completed
ORD005325,OI005325,830.61,Frozen Foods,Rejected
ORD005326,OI005326,329.83,Baby Care,Cancelled
ORD005327,OI005327,2370.46,Groceries,Rejected
ORD005328,OI005328,1973.77,Snacks,Completed
ORD005329,OI005329,2228.23,Fruits & Vegetables,Rejected
ORD005330,OI005330,1269.54,Beverages,Rejected
ORD005331,OI005331,1317.92,Beverages,Rejected
ORD005332,OI005332,1962.8,Beverages,Completed
ORD005333,OI005333,1593.24,Baby Care,Cancelled
ORD005334,OI005334,1024.8,Groceries,Completed
ORD005335,OI005335,616.19,Dairy,Rejected
ORD005336,OI005336,968.97,Baby Care,Completed
ORD005337,OI005337,2005.73,Bakery,Rejected
ORD005338,OI005338,2105.86,Beverages,Completed
ORD005339,OI005339,1494.77,Frozen Foods,Rejected
ORD005340,OI005340,1200.46,Fruits & Vegetables,Completed
ORD005341,OI005341,1276.77,Fruits & Vegetables,Completed
ORD005342,OI005342,1534.63,Household,Rejected
ORD005343,OI005343,2158.33,Bakery,Completed
ORD005344,OI005344,1588.83,Dairy,Completed
ORD005345,OI005345,1239.45,Frozen Foods,Rejected
ORD005346,OI005346,1685.9,Beverages,Rejected
ORD005347,OI005347,364.57,Baby Care,Completed
ORD005348,OI005348,283.96,Groceries,Completed
ORD005349,OI005349,1069.36,Baby Care,Completed
ORD005350,OI005350,736.19,Household,Completed
ORD005351,OI005351,909.51,Personal Care,Rejected
ORD005352,OI005352,2458.98,Bakery,Completed
ORD005353,OI005353,2470.28,Baby Care,Completed
ORD005354,OI005354,320.29,Personal Care,Completed
ORD005355,OI005355,1820.86,Fruits & Vegetables,Completed
ORD005356,OI005356,327.4,Household,Cancelled
ORD005357,OI005357,2165.72,Fruits & Vegetables,Completed
ORD005358,OI005358,707.4,Fruits & Vegetables,Completed
ORD005359,OI005359,492.68,Dairy,Rejected
ORD005360,OI005360,1609.03,Fruits & Vegetables,Completed
ORD005361,OI005361,746.95,Groceries,Completed
ORD005362,OI005362,551.87,Fruits & Vegetables,Completed
ORD005363,OI005363,457.53,Dairy,Completed
ORD005364,OI005364,1050.1,Personal Care,Completed
ORD005365,OI005365,496.58,Fruits & Vegetables,Rejected
ORD005366,OI005366,859.88,Dairy,Rejected
ORD005367,OI005367,1904.95,Frozen Foods,Completed
ORD005368,OI005368,2077.45,Household,Completed
ORD005369,OI005369,146.99,Frozen Foods,Cancelled
ORD005370,OI005370,783.88,Baby Care,Completed
ORD005371,OI005371,1264.05,Fruits & Vegetables,Completed
ORD005372,OI005372,1842.13,Beverages,Completed
ORD005373,OI005373,1296.57,Groceries,Completed
ORD005374,OI005374,2210.05,Bakery,Cancelled
ORD005375,OI005375,1979.04,Dairy,Completed
ORD005376,OI005376,2108.64,Dairy,Completed
ORD005377,OI005377,2034.87,Personal Care,Rejected
ORD005378,OI005378,1024.39,Fruits & Vegetables,Rejected
ORD005379,OI005379,886.2,Personal Care,Completed
ORD005380,OI005380,443.08,Personal Care,Completed
ORD005381,OI005381,1115.18,Beverages,Completed
ORD005382,OI005382,931.04,Fruits & Vegetables,Completed
ORD005383,OI005383,313.62,Household,Completed
ORD005384,OI005384,238.04,Fruits & Vegetables,Cancelled
ORD005385,OI005385,1247.38,Personal Care,Completed
ORD005386,OI005386,1698.06,Frozen Foods,Completed
ORD005387,OI005387,1074.22,Frozen Foods,Completed
ORD005388,OI005388,1602.4,Frozen Foods,Completed
ORD005389,OI005389,2335.67,Snacks,Completed
ORD005390,OI005390,1574.39,Baby Care,Rejected
ORD005391,OI005391,659.43,Groceries,Rejected
ORD005392,OI005392,608.63,Snacks,Completed
ORD005393,OI005393,830.26,Snacks,Completed
ORD005394,OI005394,1716.22,Fruits & Vegetables,Completed
ORD005395,OI005395,1194.62,Baby Care,Cancelled
ORD005396,OI005396,2342.17,Dairy,Completed
ORD005397,OI005397,1639.31,Personal Care,Completed
ORD005398,OI005398,1381.12,Snacks,Completed
ORD005399,OI005399,1560.19,Snacks,Completed
ORD005400,OI005400,605.0,Groceries,Completed
ORD005401,OI005401,2207.24,Frozen Foods,Completed
ORD005402,OI005402,1322.57,Bakery,Completed
ORD005403,OI005403,2349.07,Personal Care,Completed
ORD005404,OI005404,657.64,Bakery,Completed
ORD005405,OI005405,1881.51,Household,Completed
ORD005406,OI005406,196.12,Household,Completed
ORD005407,OI005407,267.91,Bakery,Completed
ORD005408,OI005408,1674.37,Household,Cancelled
ORD005409,OI005409,2086.33,Baby Care,Cancelled
ORD005410,OI005410,727.52,Beverages,Completed
ORD005411,OI005411,1799.97,Personal Care,Completed
ORD005412,OI005412,2096.19,Household,Completed
ORD005413,OI005413,1923.15,Frozen Foods,Completed
ORD005414,OI005414,2028.53,Snacks,Completed
ORD005415,OI005415,1551.48,Beverages,Completed
ORD005416,OI005416,822.46,Personal Care,Completed
ORD005417,OI005417,515.84,Fruits & Vegetables,Rejected
ORD005418,OI005418,1360.48,Fruits & Vegetables,Completed
ORD005419,OI005419,1303.13,Personal Care,Completed
ORD005420,OI005420,1329.07,Frozen Foods,Completed
ORD005421,OI005421,1841.72,Household,Completed
ORD005422,OI005422,950.58,Personal Care,Completed
ORD005423,OI005423,2065.42,Frozen Foods,Rejected
ORD005424,OI005424,253.85,Personal Care,Rejected
ORD005425,OI005425,1917.01,Personal Care,Completed
ORD005426,OI005426,152.44,Dairy,Completed
ORD005427,OI005427,1952.55,Groceries,Completed
ORD005428,OI005428,1420.99,Personal Care,Completed
ORD005429,OI005429,677.76,Fruits & Vegetables,Cancelled
ORD005430,OI005430,498.59,Frozen Foods,Completed
ORD005431,OI005431,1730.46,Beverages,Completed
ORD005432,OI005432,1145.93,Personal Care,Rejected
ORD005433,OI005433,195.78,Frozen Foods,Completed
ORD005434,OI005434,129.03,Household,Completed
ORD005435,OI005435,139.44,Snacks,Cancelled
ORD005436,OI005436,1067.64,Frozen Foods,Completed
ORD005437,OI005437,951.87,Beverages,Cancelled
ORD005438,OI005438,533.04,Groceries,Completed
ORD005439,OI005439,2292.42,Household,Completed
ORD005440,OI005440,2465.9,Baby Care,Completed
ORD005441,OI005441,1178.05,Beverages,Completed
ORD005442,OI005442,135.73,Dairy,Cancelled
ORD005443,OI005443,639.04,Personal Care,Completed
ORD005444,OI005444,180.88,Bakery,Completed
ORD005445,OI005445,2092.01,Baby Care,Completed
ORD005446,OI005446,407.87,Frozen Foods,Completed
ORD005447,OI005447,414.84,Beverages,Completed
ORD005448,OI005448,2233.32,Snacks,Completed
ORD005449,OI005449,384.36,Groceries,Completed
ORD005450,OI005450,2010.55,Household,Rejected
ORD005451,OI005451,2420.85,Dairy,Completed
ORD005452,OI005452,934.04,Groceries,Rejected
ORD005453,OI005453,1459.2,Frozen Foods,Completed
ORD005454,OI005454,989.88, Groceries ,Cancelled
ORD005455,OI005455,2018.89,Frozen Foods,Cancelled
ORD005456,OI005456,679.15,Personal Care,Completed
ORD005457,OI005457,757.75,Household,Cancelled
ORD005458,OI005458,1748.9,Dairy,Completed
ORD005459,OI005459,973.04,Snacks,Rejected
ORD005460,OI005460,486.21,Snacks,Rejected
ORD005461,OI005461,1853.64,Groceries,Rejected
ORD005462,OI005462,399.12,Fruits & Vegetables,Cancelled
ORD005463,OI005463,2098.91,Dairy,Completed
ORD005464,OI005464,476.97,Groceries,Cancelled
ORD005465,OI005465,1132.68,Dairy,Completed
ORD005466,OI005466,1791.32,Household,Completed
ORD005467,OI005467,2296.01,Groceries,Completed
ORD005468,OI005468,2086.74,Fruits & Vegetables,Completed
ORD005469,OI005469,201.65,Fruits & Vegetables,Cancelled
ORD005470,OI005470,1618.72,Frozen Foods,Completed
ORD005471,OI005471,1882.8,Dairy,Completed
ORD005472,OI005472,1451.03,Fruits & Vegetables,Completed
ORD005473,OI005473,1584.16,Groceries,Completed
ORD005474,OI005474,216.01,Fruits & Vegetables,Cancelled
ORD005475,OI005475,1328.61,Snacks,Completed
ORD005476,OI005476,1323.28,Baby Care,Rejected
ORD005477,OI005477,1209.22,Baby Care,Completed
ORD005478,OI005478,1281.68,Personal Care,Completed
ORD005479,OI005479,903.7,Beverages,Completed
ORD005480,OI005480,2117.85,Beverages,Completed
ORD005481,OI005481,816.23,Beverages,Completed
ORD005482,OI005482,1324.54,Household,Rejected
ORD005483,OI005483,2145.01,Dairy,Completed
ORD005484,OI005484,689.66,Snacks,Completed
ORD005485,OI005485,2270.12,Personal Care,Rejected
ORD005486,OI005486,652.24,Fruits & Vegetables,Cancelled
ORD005487,OI005487,1641.78,Beverages,Completed
ORD005488,OI005488,1144.06,Dairy,Cancelled
ORD005489,OI005489,370.45,Beverages,Completed
ORD005490,OI005490,2354.42,Groceries,Cancelled
ORD005491,OI005491,1869.1,Personal Care,Completed
ORD005492,OI005492,1448.42,Dairy,Completed
ORD005493,OI005493,2391.25,Household,Completed
ORD005494,OI005494,269.0,Snacks,Completed
ORD005495,OI005495,1118.9,Frozen Foods,Rejected
ORD005496,OI005496,490.46,Beverages,Cancelled
ORD005497,OI005497,1937.7,Snacks,Cancelled
ORD005498,OI005498,2482.95,Groceries,Completed
ORD005499,OI005499,417.73,Fruits & Vegetables,Cancelled
ORD005500,OI005500,2245.78,Bakery,Completed
ORD005501,OI005501,1289.1,Frozen Foods,Rejected
ORD005502,OI005502,2212.16,Beverages,Completed
ORD005503,OI005503,842.75,Bakery,Completed
ORD005504,OI005504,1115.43,Dairy,Completed
ORD005505,OI005505,1185.07,Groceries,Rejected
ORD005506,OI005506,1919.66,Frozen Foods,Cancelled
ORD005507,OI005507,271.82,Bakery,Cancelled
ORD005508,OI005508,1406.67,Dairy,Completed
ORD005509,OI005509,2112.41,Groceries,Rejected
ORD005510,OI005510,1510.79,Baby Care,Completed
ORD005511,OI005511,2051.36,Dairy,Completed
ORD005512,OI005512,2136.58,Frozen Foods,Rejected
ORD005513,OI005513,2016.71,Fruits & Vegetables,Completed
ORD005514,OI005514,284.69,Personal Care,Completed
ORD005515,OI005515,486.4,Fruits & Vegetables,Completed
ORD005516,OI005516,1855.39,Baby Care,Completed
ORD005517,OI005517,918.09,Bakery,Completed
ORD005518,OI005518,1284.36,Fruits & Vegetables,Completed
ORD005519,OI005519,2115.62,Frozen Foods,Cancelled
ORD005520,OI005520,1289.89,Baby Care,Completed
ORD005521,OI005521,736.35,Fruits & Vegetables,Completed
ORD005522,OI005522,1274.94,Personal Care,Cancelled
ORD005523,OI005523,1061.93,Beverages,Completed
ORD005524,OI005524,479.1,Baby Care,Completed
ORD005525,OI005525,802.79,Baby Care,Completed
ORD005526,OI005526,1908.88,Fruits & Vegetables,Rejected
ORD005527,OI005527,126.8,Personal Care,Cancelled
ORD005528,OI005528,1449.12,Groceries,Rejected
ORD005529,OI005529,334.66,Frozen Foods,Cancelled
ORD005530,OI005530,1843.65,Personal Care,Rejected
ORD005531,OI005531,2350.34,Household,Rejected
ORD005532,OI005532,1482.5,Baby Care,Completed
ORD005533,OI005533,1728.57,Household,Cancelled
ORD005534,OI005534,882.11,Snacks,Completed
ORD005535,OI005535,1706.0,Groceries,Rejected
ORD005536,OI005536,559.0,Beverages,Completed
ORD005537,OI005537,581.83,Snacks,Completed
ORD005538,OI005538,922.48,Fruits & Vegetables,Completed
ORD005539,OI005539,1073.26,Personal Care,Rejected
ORD005540,OI005540,1448.02,Frozen Foods,Completed
ORD005541,OI005541,866.98,Baby Care,Completed
ORD005542,OI005542,1070.29,Groceries,Completed
ORD005543,OI005543,678.02,Snacks,Completed
ORD005544,OI005544,2274.01,Beverages,Completed
ORD005545,OI005545,1458.93,Fruits & Vegetables,Rejected
ORD005546,OI005546,1109.56,Baby Care,Completed
ORD005547,OI005547,936.64,Dairy,Cancelled
ORD005548,OI005548,1898.9,Frozen Foods,Completed
ORD005549,OI005549,2298.77,Frozen Foods,Completed
ORD005550,OI005550,2472.67,Household,Completed
ORD005551,OI005551,760.38,Dairy,Completed
ORD005552,OI005552,1673.91,Groceries,Completed
ORD005553,OI005553,2001.4,Snacks,Rejected
ORD005554,OI005554,208.87,Frozen Foods,Rejected
ORD005555,OI005555,151.89,Beverages,Completed
ORD005556,OI005556,1017.82,Baby Care,Completed
ORD005557,OI005557,1824.22,Personal Care,Cancelled
ORD005558,OI005558,604.2,Dairy,Completed
ORD005559,OI005559,1593.93,Dairy,Rejected
ORD005560,OI005560,927.13,Bakery,Cancelled
ORD005561,OI005561,1580.21,Beverages,Completed
ORD005562,OI005562,1425.16,Household,Completed
ORD005563,OI005563,718.82,Snacks,Completed
ORD005564,OI005564,2359.23,Beverages,Completed
ORD005565,OI005565,264.85,Personal Care,Cancelled
ORD005566,OI005566,132.19,Beverages,Completed
ORD005567,OI005567,462.48,Beverages,Rejected
ORD005568,OI005568,2351.77,Snacks,Completed
ORD005569,OI005569,931.33,Baby Care,Completed
ORD005570,OI005570,1079.65,Groceries,Completed
ORD005571,OI005571,392.76,Beverages,Cancelled
ORD005572,OI005572,1330.77,Baby Care,Completed
ORD005573,OI005573,1684.42,Bakery,Completed
ORD005574,OI005574,835.52,Household,Completed
ORD005575,OI005575,2001.93,Frozen Foods,Rejected
ORD005576,OI005576,428.2,Groceries,Completed
ORD005577,OI005577,1166.2,Baby Care,Completed
ORD005578,OI005578,2425.52,Fruits & Vegetables,Completed
ORD005579,OI005579,971.09,Groceries,Cancelled
ORD005580,OI005580,1383.34,Bakery,Rejected
ORD005581,OI005581,1452.45,Personal Care,Completed
ORD005582,OI005582,1952.68,Frozen Foods,Cancelled
ORD005583,OI005583,1388.58,Fruits & Vegetables,Completed
ORD005584,OI005584,691.46,Beverages,Completed
ORD005585,OI005585,1283.89,Personal Care,Completed
ORD005586,OI005586,1904.95,Bakery,Completed
ORD005587,OI005587,1421.91,Household,Completed
ORD005588,OI005588,282.66,Groceries,Completed
ORD005589,OI005589,1595.7,Beverages,Completed
ORD005590,OI005590,1139.55,Household,Completed
ORD005591,OI005591,200.29,Beverages,Rejected
ORD005592,OI005592,2471.08,Dairy,Completed
ORD005593,OI005593,2480.27,Baby Care,Completed
ORD005594,OI005594,1395.88,Dairy,Rejected
ORD005595,OI005595,132.45,Personal Care,Completed
ORD005596,OI005596,184.33,Frozen Foods,Cancelled
ORD005597,OI005597,1561.44,Dairy,Completed
ORD005598,OI005598,1681.47,Dairy,Completed
ORD005599,OI005599,404.6,Beverages,Cancelled
ORD005600,OI005600,2186.57,Snacks,Completed
ORD005601,OI005601,1043.89,Bakery,Rejected
ORD005602,OI005602,2081.35,Household,Cancelled
ORD005603,OI005603,2039.81,Baby Care,Completed
ORD005604,OI005604,1426.06,Frozen Foods,Rejected
ORD005605,OI005605,737.19,Groceries,Completed
ORD005606,OI005606,223.29,Groceries,Completed
ORD005607,OI005607,1973.23,Baby Care,Completed
ORD005608,OI005608,1317.58,Personal Care,Rejected
ORD005609,OI005609,1604.43,Dairy,Completed
ORD005610,OI005610,1848.65,Dairy,Completed
ORD005611,OI005611,2043.52,Baby Care,Completed
ORD005612,OI005612,130.08,Fruits & Vegetables,Rejected
ORD005613,OI005613,654.62,Baby Care,Rejected
ORD005614,OI005614,1607.64,Frozen Foods,Completed
ORD005615,OI005615,2192.06,Beverages,Completed
ORD005616,OI005616,308.17,Dairy,Cancelled
ORD005617,OI005617,2360.02,Personal Care,Completed
ORD005618,OI005618,851.95,Dairy,Completed
ORD005619,OI005619,293.46,Frozen Foods,Completed
ORD005620,OI005620,1678.7,Groceries,Completed
ORD005621,OI005621,601.93,Frozen Foods,Completed
ORD005622,OI005622,2478.52,Beverages,Rejected
ORD005623,OI005623,2033.14,Groceries,Completed
ORD005624,OI005624,1307.99,Baby Care,Completed
ORD005625,OI005625,616.64,Personal Care,Rejected
ORD005626,OI005626,645.88,Groceries,Completed
ORD005627,OI005627,2315.92,Baby Care,Completed
ORD005628,OI005628,1117.1,Frozen Foods,Cancelled
ORD005629,OI005629,1501.24,Frozen Foods,Cancelled
ORD005630,OI005630,1701.24,Frozen Foods,Completed
ORD005631,OI005631,2097.53,Snacks,Cancelled
ORD005632,OI005632,378.89,Fruits & Vegetables,Completed
ORD005633,OI005633,1319.91,Dairy,Cancelled
ORD005634,OI005634,1541.98,Bakery,Rejected
ORD005635,OI005635,2321.71,Groceries,Completed
ORD005636,OI005636,288.56,Beverages,Completed
ORD005637,OI005637,366.75,Frozen Foods,Rejected
ORD005638,OI005638,1274.03,Beverages,Cancelled
ORD005639,OI005639,1546.14,Beverages,Completed
ORD005640,OI005640,501.42,Beverages,Completed
ORD005641,OI005641,1765.51,Frozen Foods,Completed
ORD005642,OI005642,621.56,Fruits & Vegetables,Completed
ORD005643,OI005643,1366.97,Fruits & Vegetables,Cancelled
ORD005644,OI005644,451.63,Baby Care,Cancelled
ORD005645,OI005645,2455.89,Groceries,Completed
ORD005646,OI005646,197.47,Groceries,Completed
ORD005647,OI005647,426.98,Frozen Foods,Completed
ORD005648,OI005648,1280.08,Household,Completed
ORD005649,OI005649,853.59,Household,Completed
ORD005650,OI005650,1031.16,Personal Care,Completed
ORD005651,OI005651,1781.25,Snacks,Rejected
ORD005652,OI005652,136.65,Beverages,Cancelled
ORD005653,OI005653,1054.9,Baby Care,Completed
ORD005654,OI005654,1892.33,Frozen Foods,Completed
ORD005655,OI005655,1530.77,Baby Care,Cancelled
ORD005656,OI005656,908.51,Beverages,Cancelled
ORD005657,OI005657,1381.71,Snacks,Rejected
ORD005658,OI005658,408.34,Fruits & Vegetables,Rejected
ORD005659,OI005659,1801.88,Household,Completed
ORD005660,OI005660,1542.73,Snacks,Completed
ORD005661,OI005661,1262.08,Beverages,Completed
ORD005662,OI005662,1912.98,Bakery,Rejected
ORD005663,OI005663,1844.47,Snacks,Cancelled
ORD005664,OI005664,1571.38,Personal Care,Cancelled
ORD005665,OI005665,1506.16,Beverages,Completed
ORD005666,OI005666,916.88,Fruits & Vegetables,Completed
ORD005667,OI005667,1423.15,Groceries,Completed
ORD005668,OI005668,1908.02,Household,Completed
ORD005669,OI005669,2369.78,Dairy,Completed
ORD005670,OI005670,569.81,Baby Care,Completed
ORD005671,OI005671,466.23,Groceries,Completed
ORD005672,OI005672,774.52,Household,Rejected
ORD005673,OI005673,586.77,Snacks,Completed
ORD005674,OI005674,2342.13,Personal Care,Cancelled
ORD005675,OI005675,200.4,Bakery,Completed
ORD005676,OI005676,2352.85,Snacks,Completed
ORD005677,OI005677,1120.75,Bakery,Completed
ORD005678,OI005678,1821.4,Snacks,Completed
ORD005679,OI005679,1987.61,Personal Care,Completed
ORD005680,OI005680,1386.18,Personal Care,Completed
ORD005681,OI005681,1373.24,Fruits & Vegetables,Completed
ORD005682,OI005682,398.16,Bakery,Rejected
ORD005683,OI005683,1024.33,Personal Care,Completed
ORD005684,OI005684,2203.48,Baby Care,Completed
ORD005685,OI005685,170.82,Bakery,Completed
ORD005686,OI005686,369.64,Snacks,Completed
ORD005687,OI005687,291.07,Snacks,Rejected
ORD005688,OI005688,1886.65,Household,Rejected
ORD005689,OI005689,1679.43,Household,Completed
ORD005690,OI005690,1414.77,Household,Completed
ORD005691,OI005691,1115.65,Frozen Foods,Rejected
ORD005692,OI005692,438.12,Fruits & Vegetables,Completed
ORD005693,OI005693,874.06,Frozen Foods,Completed
ORD005694,OI005694,2405.6,Household,Cancelled
ORD005695,OI005695,1832.79,Dairy,Completed
ORD005696,OI005696,1394.8,Household,Completed
ORD005697,OI005697,315.73,Groceries,Completed
ORD005698,OI005698,2039.86,Frozen Foods,Completed
ORD005699,OI005699,2025.81,Bakery,Completed
ORD005700,OI005700,665.25,Snacks,Cancelled
ORD005701,OI005701,1782.96,Baby Care,Completed
ORD005702,OI005702,2002.52,Frozen Foods,Completed
ORD005703,OI005703,1504.47,Groceries,Completed
ORD005704,OI005704,520.97,Beverages,Cancelled
ORD005705,OI005705,1255.23,Frozen Foods,Completed
ORD005706,OI005706,632.58,Dairy,Completed
ORD005707,OI005707,236.58,Snacks,Completed
ORD005708,OI005708,1150.24,Baby Care,Rejected
ORD005709,OI005709,1672.7,Groceries,Completed
ORD005710,OI005710,1131.54,Bakery,Completed
ORD005711,OI005711,1042.67,Groceries,Completed
ORD005712,OI005712,140.93,Personal Care,Cancelled
ORD005713,OI005713,1536.81,Baby Care,Rejected
ORD005714,OI005714,1787.33,Baby Care,Completed
ORD005715,OI005715,600.43,Baby Care,Completed
ORD005716,OI005716,718.62,Fruits & Vegetables,Completed
ORD005717,OI005717,1398.54,Personal Care,Rejected
ORD005718,OI005718,2339.88,Bakery,Completed
ORD005719,OI005719,1362.19,Snacks,Cancelled
ORD005720,OI005720,913.5,Frozen Foods,Rejected
ORD005721,OI005721,1841.21,Baby Care,Completed
ORD005722,OI005722,1348.73,Snacks,Completed
ORD005723,OI005723,1678.92,Groceries,Completed
ORD005724,OI005724,482.88,Household,Rejected
ORD005725,OI005725,686.99,Household,Completed
ORD005726,OI005726,1306.93,Frozen Foods,Cancelled
ORD005727,OI005727,760.83,Household,Completed
ORD005728,OI005728,470.86,Frozen Foods,Completed
ORD005729,OI005729,2068.86,Bakery,Completed
ORD005730,OI005730,2275.47,Fruits & Vegetables,Completed
ORD005731,OI005731,1514.53,Household,Completed
ORD005685,OI005685,170.82,Bakery,Completed
ORD005733,OI005733,1399.28,Household,Completed
ORD005734,OI005734,314.77,Bakery,Completed
ORD005735,OI005735,1144.09,Frozen Foods,Completed
ORD005736,OI005736,1977.58,Snacks,Completed
ORD005737,OI005737,662.19,Snacks,Completed
ORD005738,OI005738,2116.72,Bakery,Completed
ORD005739,OI005739,872.1,Beverages,Completed
ORD005740,OI005740,776.53,Dairy,Cancelled
ORD005741,OI005741,427.74,Bakery,Completed
ORD005742,OI005742,2072.74,Dairy,Rejected
ORD005743,OI005743,254.05,Bakery,Completed
ORD005744,OI005744,2266.34,Household,Rejected
ORD005745,OI005745,2397.69,Household,Completed
ORD005746,OI005746,2157.07,Bakery,Completed
ORD005747,OI005747,931.88,Household,Completed
ORD005748,OI005748,1611.87,Frozen Foods,Completed
ORD005749,OI005749,1601.95,Frozen Foods,Completed
ORD005750,OI005750,2382.14,Bakery,Rejected
ORD005751,OI005751,2328.23,Fruits & Vegetables,Completed
ORD005752,OI005752,1810.93,Frozen Foods,Completed
ORD005753,OI005753,875.76,Beverages,Rejected
ORD005754,OI005754,508.21,Groceries,Cancelled
ORD005755,OI005755,2172.13,Personal Care,Cancelled
ORD005756,OI005756,221.97,Fruits & Vegetables,Completed
ORD005757,OI005757,1990.28,Fruits & Vegetables,Completed
ORD005758,OI005758,2131.83,Frozen Foods,Completed
ORD005759,OI005759,2116.15,Bakery,Cancelled
ORD005760,OI005760,2434.19,Frozen Foods,Cancelled
ORD005761,OI005761,981.48,Household,Cancelled
ORD005762,OI005762,1564.76,Beverages,Completed
ORD005763,OI005763,1427.25,Dairy,Completed
ORD005764,OI005764,1461.86,Groceries,Completed
ORD005765,OI005765,297.69,Dairy,Completed
ORD005766,OI005766,144.62,Fruits & Vegetables,Rejected
ORD005767,OI005767,831.97,Household,Completed
ORD005768,OI005768,2200.36,Baby Care,Completed
ORD005769,OI005769,2140.67,Bakery,Completed
ORD005770,OI005770,239.75,Groceries,Rejected
ORD005771,OI005771,1865.53,Beverages,Completed
ORD005772,OI005772,1211.38,Dairy,Completed
ORD005773,OI005773,1424.65,Snacks,Rejected
ORD005774,OI005774,1525.1,Groceries,Completed
ORD005775,OI005775,298.53,Groceries,Completed
ORD005776,OI005776,921.49,Bakery,Completed
ORD005777,OI005777,929.92,Baby Care,Completed
ORD005778,OI005778,2081.38,Groceries,Rejected
ORD005779,OI005779,198.48,Personal Care,Rejected
ORD005780,OI005780,1722.51,Snacks,Completed
ORD005781,OI005781,1844.27,Beverages,Completed
ORD005782,OI005782,1701.0,Bakery,Rejected
ORD005783,OI005783,2215.04,Baby Care,Cancelled
ORD005784,OI005784,267.23,Fruits & Vegetables,Completed
ORD005785,OI005785,354.29,Groceries,Completed
ORD005786,OI005786,1466.85,Personal Care,Rejected
ORD005787,OI005787,1976.24,Fruits & Vegetables,Completed
ORD005788,OI005788,2019.5,Snacks,Cancelled
ORD005789,OI005789,210.15,Fruits & Vegetables,Completed
ORD005790,OI005790,233.27,Household,Rejected
ORD005791,OI005791,740.38,Beverages,Cancelled
ORD005792,OI005792,1810.49,Dairy,Completed
ORD005793,OI005793,871.36,Personal Care,Completed
ORD005794,OI005794,2456.55,Household,Completed
ORD005795,OI005795,514.62,Personal Care,Completed
ORD005796,OI005796,2207.98,Dairy,Completed
ORD005797,OI005797,1018.6,Dairy,Cancelled
ORD005798,OI005798,820.39,Baby Care,Rejected
ORD005799,OI005799,2092.33,Groceries,Completed
ORD005800,OI005800,1109.99,Snacks,Completed
ORD005801,OI005801,671.77,Bakery,Completed
ORD005802,OI005802,461.51,Bakery,Cancelled
ORD005803,OI005803,415.64,Dairy,Completed
ORD005804,OI005804,1048.62,Beverages,Cancelled
ORD005805,OI005805,2372.84,Dairy,Completed
ORD005806,OI005806,296.7,Snacks,Completed
ORD005807,OI005807,2492.03,Baby Care,Rejected
ORD005808,OI005808,1159.27,Beverages,Cancelled
ORD005809,OI005809,2259.93,Household,Rejected
ORD005810,OI005810,1019.59,Personal Care,Completed
ORD005811,OI005811,2166.87,Bakery,Completed
ORD005812,OI005812,115.7,Dairy,Completed
ORD005813,OI005813,1602.95,Snacks,Cancelled
ORD005814,OI005814,742.23,Bakery,Completed
ORD005815,OI005815,809.23,Fruits & Vegetables,Completed
ORD005816,OI005816,1193.86,Beverages,Completed
ORD005817,OI005817,2466.27,Household,Completed
ORD005818,OI005818,702.61,Bakery,Rejected
ORD005819,OI005819,757.64,Bakery,Completed
ORD005820,OI005820,1831.3,Frozen Foods,Completed
ORD005821,OI005821,838.85,Baby Care,Completed
ORD005822,OI005822,1438.67,Groceries,Rejected
ORD005823,OI005823,407.36,Snacks,Cancelled
ORD005824,OI005824,1905.1,Fruits & Vegetables,Cancelled
ORD005825,OI005825,877.17,Baby Care,Completed
ORD005826,OI005826,1223.54,Dairy,Rejected
ORD005827,OI005827,1597.15,Beverages,Rejected
ORD005828,OI005828,302.78,Snacks,Completed
ORD005829,OI005829,134.58,Baby Care,Cancelled
ORD005830,OI005830,1781.76,Baby Care,Completed
ORD005831,OI005831,2435.39,Groceries,Rejected
ORD005832,OI005832,964.03,Household,Completed
ORD005833,OI005833,1810.83,Bakery,Rejected
ORD005834,OI005834,1948.59,Bakery,Cancelled
ORD005835,OI005835,1675.17,Groceries,Completed
ORD005836,OI005836,789.61,Bakery,Completed
ORD005837,OI005837,2175.06,Snacks,Completed
ORD005838,OI005838,430.45,Beverages,Cancelled
ORD005839,OI005839,2198.56,Baby Care,Cancelled
ORD005840,OI005840,1306.7,Bakery,Completed
ORD005841,OI005841,487.78,Dairy,Cancelled
ORD005842,OI005842,981.01,Frozen Foods,Cancelled
ORD005843,OI005843,1418.53,Snacks,Rejected
ORD005844,OI005844,1318.03,Bakery,Rejected
ORD005845,OI005845,1185.14,Personal Care,Completed
ORD005846,OI005846,2390.14,Frozen Foods,Rejected
ORD005847,OI005847,1793.45,Personal Care,Completed
ORD005848,OI005848,812.84,Personal Care,Completed
ORD005849,OI005849,391.83,Snacks,Rejected
ORD005850,OI005850,849.08,Fruits & Vegetables,Completed
ORD005851,OI005851,1781.65,Baby Care,Completed
ORD005852,OI005852,2487.42,Snacks,Cancelled
ORD005853,OI005853,1428.85,Groceries,Completed
ORD005854,OI005854,1258.82,Groceries,Completed
ORD005855,OI005855,378.76,Beverages,Completed
ORD005856,OI005856,684.84,Snacks,Completed
ORD005857,OI005857,746.87,Groceries,Completed
ORD005858,OI005858,1872.59,Baby Care,Completed
ORD005859,OI005859,2100.77,Groceries,Completed
ORD005860,OI005860,1446.76,Fruits & Vegetables,Completed
ORD005861,OI005861,1378.84,Fruits & Vegetables,Cancelled
ORD005862,OI005862,1758.54,Frozen Foods,Completed
ORD005863,OI005863,723.37,Household,Completed
ORD005864,OI005864,1687.94,Groceries,Rejected
ORD005865,OI005865,2255.17,Beverages,Completed
ORD005866,OI005866,1719.76,Snacks,Completed
ORD005867,OI005867,841.17,Bakery,Rejected
ORD005868,OI005868,432.4,Fruits & Vegetables,Completed
ORD005869,OI005869,540.86,Snacks,Completed
ORD005870,OI005870,1639.4,Beverages,Completed
ORD005871,OI005871,973.62,Household,Rejected
ORD005872,OI005872,2371.31,Personal Care,completed
ORD005873,OI005873,1863.96,Household,Completed
ORD005874,OI005874,2152.04,Snacks,Completed
ORD005875,OI005875,179.85,Household,Completed
ORD005876,OI005876,2009.22,Snacks,Completed
ORD005877,OI005877,789.44,Dairy,Completed
ORD005878,OI005878,1510.77,Fruits & Vegetables,Rejected
ORD005879,OI005879,1819.22,Snacks,Completed
ORD005880,OI005880,1515.15,Fruits & Vegetables,Completed
ORD005881,OI005881,337.39,Dairy,Completed
ORD005882,OI005882,1431.14,Beverages,Completed
ORD005883,OI005883,1020.89,Household,Completed
ORD005884,OI005884,1820.5,Household,Rejected
ORD005885,OI005885,147.25,Groceries,Completed
ORD005886,OI005886,1347.11,Beverages,Rejected
ORD005887,OI005887,1258.23,Personal Care,Cancelled
ORD005888,OI005888,601.65,Fruits & Vegetables,Completed
ORD005889,OI005889,158.08,Bakery,Rejected
ORD005890,OI005890,253.92,Personal Care,Completed
ORD005891,OI005891,1982.37,Baby Care,Completed
ORD005892,OI005892,844.66,Personal Care,Completed
ORD005893,OI005893,1419.26,Beverages,Completed
ORD005894,OI005894,2161.06,Personal Care,Completed
ORD005895,OI005895,142.41,Groceries,Rejected
ORD005896,OI005896,1503.57,Frozen Foods,Cancelled
ORD005897,OI005897,432.21,Groceries,Completed
ORD005898,OI005898,2014.46,Bakery,Cancelled
ORD005899,OI005899,1335.0,Bakery,Completed
ORD005900,OI005900,1255.1,Beverages,Rejected
ORD005901,OI005901,1527.9,Baby Care,Completed
ORD005902,OI005902,1954.6,Fruits & Vegetables,Rejected
ORD005903,OI005903,1445.15,Baby Care,Cancelled
ORD005904,OI005904,1852.67,Groceries,Completed
ORD005905,OI005905,1239.72,Snacks,Completed
ORD005906,OI005906,1525.81,Beverages,Cancelled
ORD005907,OI005907,245.11,Fruits & Vegetables,Completed
ORD005908,OI005908,2390.73,Beverages,Completed
ORD005909,OI005909,2223.73,Groceries,Completed
ORD005910,OI005910,753.06,Bakery,Rejected
ORD005911,OI005911,1674.14,Beverages,Completed
ORD005912,OI005912,241.14,Groceries,Completed
ORD005913,OI005913,2189.1,Household,Rejected
ORD005914,OI005914,697.19,Groceries,Completed
ORD005915,OI005915,2247.22,Snacks,Rejected
ORD005916,OI005916,795.85,Household,Rejected
ORD005917,OI005917,823.31,Frozen Foods,Completed
ORD005918,OI005918,330.11,Baby Care,Completed
ORD005919,OI005919,1570.27,Dairy,Completed
ORD005920,OI005920,1990.79,Beverages,Completed
ORD005921,OI005921,153.38,Baby Care,Completed
ORD005922,OI005922,2433.86,Bakery,Rejected
ORD005923,OI005923,1033.49,Frozen Foods,Cancelled
ORD005924,OI005924,159.25,Frozen Foods,Completed
ORD005925,OI005925,2061.81,Groceries,Completed
ORD005926,OI005926,735.74,Beverages,Completed
ORD005927,OI005927,2097.08,Household,Cancelled
ORD005928,OI005928,1786.0,Frozen Foods,Rejected
ORD005929,OI005929,1478.45,Dairy,Rejected
ORD005930,OI005930,1695.93,Beverages,Completed
ORD005931,OI005931,285.55,Fruits & Vegetables,Completed
ORD005932,OI005932,2349.79,Household,Completed
ORD005933,OI005933,1957.3,Snacks,Completed
ORD005934,OI005934,197.71,Personal Care,Completed
ORD005935,OI005935,2285.74,Household,Completed
ORD005936,OI005936,1076.46,Dairy,Completed
ORD005937,OI005937,2178.21,Personal Care,Completed
ORD005938,OI005938,1610.15,Baby Care,Rejected
ORD005939,OI005939,1564.48,Fruits & Vegetables,Completed
ORD005940,OI005940,334.54,Beverages,Completed
ORD005941,OI005941,2369.59,Bakery,Rejected
ORD005942,OI005942,1524.03,Fruits & Vegetables,Completed
ORD005943,OI005943,1383.84,Beverages,Rejected
ORD005944,OI005944,343.93,Dairy,Completed
ORD005945,OI005945,1094.71,Snacks,Completed
ORD005946,OI005946,1810.01,Personal Care,Rejected
ORD005947,OI005947,584.37,Snacks,Completed
ORD005948,OI005948,1355.48,Dairy,Rejected
ORD005949,OI005949,704.56,Fruits & Vegetables,Completed
ORD005950,OI005950,2358.65,Dairy,Rejected
ORD005951,OI005951,292.66,Bakery,Completed
ORD005952,OI005952,2006.67,Bakery,Rejected
ORD005953,OI005953,1465.44,Bakery,Completed
ORD005954,OI005954,1060.85,Personal Care,Cancelled
ORD005955,OI005955,771.56,Dairy,Completed
ORD005956,OI005956,889.01,Groceries,Rejected
ORD005957,OI005957,1117.83,Bakery,Completed
ORD005958,OI005958,1438.82,Frozen Foods,Completed
ORD005959,OI005959,2015.64,Bakery,Rejected
ORD005960,OI005960,1650.65,Baby Care,Completed
ORD005961,OI005961,332.99,Groceries,Completed
ORD005962,OI005962,1708.9,Baby Care,Rejected
ORD005963,OI005963,220.51,Bakery,Completed
ORD005964,OI005964,1071.16,Household,Completed
ORD005965,OI005965,894.22,Beverages,Cancelled
ORD005966,OI005966,1817.83,Bakery,Completed
ORD005967,OI005967,2273.35,Personal Care,Completed
ORD005968,OI005968,949.3,Snacks,Cancelled
ORD005969,OI005969,2200.74,Snacks,Cancelled
ORD005970,OI005970,427.33,Bakery,Rejected
ORD005971,OI005971,1223.54,Groceries,Completed
ORD005972,OI005972,1212.52,Beverages,Completed
ORD005973,OI005973,1513.93,Personal Care,Completed
ORD005974,OI005974,1086.21,Personal Care,Completed
ORD005975,OI005975,1570.04,Beverages,Completed
ORD005976,OI005976,1601.43,Snacks,Completed
ORD005977,OI005977,2165.85,Beverages,Completed
ORD005978,OI005978,515.52,Baby Care,Rejected
ORD005979,OI005979,2350.95,Household,Completed
ORD005980,OI005980,815.29,Bakery,Completed
ORD005981,OI005981,1001.03,Household,Completed
ORD005982,OI005982,496.92,Fruits & Vegetables,Completed
ORD005983,OI005983,2159.76,Bakery,Completed
ORD005984,OI005984,1065.62,Household,Completed
ORD005985,OI005985,2112.79,Household,Rejected
ORD005986,OI005986,1085.87,Groceries,Completed
ORD005987,OI005987,1362.94,Personal Care,Completed
ORD005988,OI005988,1166.8,Fruits & Vegetables,Rejected
ORD005989,OI005989,427.0,Frozen Foods,Completed
ORD005990,OI005990,1388.89,Snacks,Completed
ORD005991,OI005991,797.02,Baby Care,Cancelled
ORD005992,OI005992,150.08,Household,Cancelled
ORD005993,OI005993,846.02,Personal Care,Completed
ORD005994,OI005994,152.25,Snacks,Completed
ORD005995,OI005995,1323.37,Personal Care,Rejected
ORD005996,OI005996,1416.63,Groceries,Rejected
ORD005997,OI005997,480.76,Bakery,Rejected
ORD005998,OI005998,1179.64,Snacks,Rejected
ORD005999,OI005999,198.26,Bakery,Cancelled
ORD006000,OI006000,1290.71,Beverages,Completed
ORD006001,OI006001,2155.32,Bakery,Completed
ORD006002,OI006002,401.65,Frozen Foods,Completed
ORD006003,OI006003,2181.57,Household,Completed
ORD006004,OI006004,235.42,Dairy,Cancelled
ORD006005,OI006005,1319.77,Fruits & Vegetables,Cancelled
ORD006006,OI006006,2280.99,Household,Completed
ORD006007,OI006007,441.11,Groceries,Completed
ORD006008,OI006008,2231.98,Baby Care,Cancelled
ORD006009,OI006009,2235.16,Personal Care,Rejected
ORD006010,OI006010,656.33,Groceries,Completed
ORD006011,OI006011,708.51,Personal Care,Completed
ORD006012,OI006012,788.32,Baby Care,Completed
ORD006013,OI006013,1363.45,Household,Completed
ORD006014,OI006014,1355.63,Groceries,Completed
ORD006015,OI006015,1144.6,Groceries,Completed
ORD006016,OI006016,366.77,Groceries,Completed
ORD006017,OI006017,1268.62,Household,Rejected
ORD006018,OI006018,1854.48,Bakery,Completed
ORD006019,OI006019,333.98,Dairy,Rejected
ORD006020,OI006020,1175.6,Personal Care,Rejected
ORD006021,OI006021,243.79,Dairy,Completed
ORD006022,OI006022,480.81,Frozen Foods,Rejected
ORD006023,OI006023,253.73,Fruits & Vegetables,Completed
ORD006024,OI006024,2408.61,Baby Care,Rejected
ORD006025,OI006025,478.2,Personal Care,Completed
ORD006026,OI006026,2167.69,Personal Care,Rejected
ORD006027,OI006027,572.19,Baby Care,Rejected
ORD006028,OI006028,2354.64,Baby Care,Completed
ORD006029,OI006029,905.46,Dairy,Rejected
ORD006030,OI006030,865.37,Personal Care,Completed
ORD006031,OI006031,2382.79,Dairy,Cancelled
ORD006032,OI006032,1039.91,Fruits & Vegetables,Completed
ORD006033,OI006033,2055.3,Groceries,Rejected
ORD006034,OI006034,729.44,Beverages,Rejected
ORD006035,OI006035,2038.67,Baby Care,Completed
ORD006036,OI006036,2446.89,Snacks,Completed
ORD006037,OI006037,953.36,Personal Care,Completed
ORD006038,OI006038,2364.43,Beverages,Rejected
ORD006039,OI006039,2146.9,Frozen Foods,Rejected
ORD006040,OI006040,1058.77,Household,Rejected
ORD006041,OI006041,2497.44,Bakery,Rejected
ORD006042,OI006042,2297.47,Baby Care,Completed
ORD006043,OI006043,1387.72,Dairy,Completed
ORD006044,OI006044,2313.55,Baby Care,Completed
ORD006045,OI006045,1079.56,Frozen Foods,Completed
ORD006046,OI006046,2107.57,Household,Completed
ORD006047,OI006047,1785.9,Bakery,Completed
ORD006048,OI006048,1018.2,Bakery,Completed
ORD006049,OI006049,323.83,Frozen Foods,Rejected
ORD006050,OI006050,1079.11,Bakery,Cancelled
ORD006051,OI006051,1689.71,Bakery,Completed
ORD006052,OI006052,500.03,Groceries,Rejected
ORD006053,OI006053,1964.69,Fruits & Vegetables,Cancelled
ORD006054,OI006054,2212.49,Fruits & Vegetables,Completed
ORD006055,OI006055,1718.8,Baby Care,Completed
ORD006056,OI006056,738.66,Personal Care,Completed
ORD006057,OI006057,939.96,Dairy,Completed
ORD006058,OI006058,392.81,Personal Care,Completed
ORD006059,OI006059,1495.97,Personal Care,Completed
ORD006060,OI006060,948.8,Frozen Foods,Rejected
ORD006061,OI006061,231.48,,Completed
ORD006062,OI006062,2307.43,Baby Care,Rejected
ORD006063,OI006063,1646.02,Fruits & Vegetables,Cancelled
ORD006064,OI006064,2457.16,Frozen Foods,Completed
ORD006065,OI006065,1057.31,Dairy,Completed
ORD006066,OI006066,2053.14,Fruits & Vegetables,Completed
ORD006067,OI006067,388.45,Beverages,Completed
ORD006068,OI006068,2030.93,Household,Completed
ORD006069,OI006069,277.74,Dairy,Completed
ORD006070,OI006070,1518.22,Frozen Foods,Completed
ORD006071,OI006071,1131.72,Dairy,Cancelled
ORD006072,OI006072,1599.27,Personal Care,Completed
ORD006073,OI006073,2230.69,Groceries,Rejected
ORD006074,OI006074,1769.42,Frozen Foods,Completed
ORD006075,OI006075,696.55,Baby Care,Cancelled
ORD006076,OI006076,2177.91,Groceries,Completed
ORD006077,OI006077,1595.37,Bakery,Completed
ORD006078,OI006078,1549.36,Snacks,Completed
ORD006079,OI006079,2360.79,Household,Completed
ORD006080,OI006080,1867.06,Beverages,Rejected
ORD006081,OI006081,1433.74,Baby Care,Cancelled
ORD006082,OI006082,208.89,Groceries,Completed
ORD006083,OI006083,1598.45,Bakery,Completed
ORD006084,OI006084,1695.65,Fruits & Vegetables,Rejected
ORD006085,OI006085,171.49,Snacks,Completed
ORD006086,OI006086,892.66,Snacks,Cancelled
ORD006087,OI006087,1525.86,Baby Care,Completed
ORD006088,OI006088,2012.38,Frozen Foods,Rejected
ORD006089,OI006089,282.69,Groceries,Completed
ORD006090,OI006090,2125.67,Snacks,Cancelled
ORD006091,OI006091,484.72,Fruits & Vegetables,Rejected
ORD006092,OI006092,258.76,Household,Completed
ORD006093,OI006093,651.5,Frozen Foods,Completed
ORD006094,OI006094,2485.45,Household,Rejected
ORD006095,OI006095,1770.68,Dairy,Rejected
ORD006096,OI006096,1438.42,Fruits & Vegetables,Cancelled
ORD006097,OI006097,1369.96,Snacks,Rejected
ORD006098,OI006098,2077.66,Groceries,Completed
ORD006099,OI006099,531.97,Groceries,Completed
ORD006100,OI006100,1160.67,Baby Care,Rejected
ORD006101,OI006101,408.77,Groceries,Rejected
ORD006102,OI006102,1497.94,Bakery,Completed
ORD006103,OI006103,1442.06,Groceries,Completed
ORD006104,OI006104,2424.95,Snacks,Completed
ORD006105,OI006105,1086.81,Household,Cancelled
ORD006106,OI006106,270.34,Baby Care,Completed
ORD006107,OI006107,1152.63,Personal Care,Cancelled
ORD006108,OI006108,1472.92,Fruits & Vegetables,Completed
ORD006109,OI006109,1242.74,Household,Rejected
ORD006110,OI006110,1279.99,Snacks,Completed
ORD006111,OI006111,1729.34,Frozen Foods,Completed
ORD006112,OI006112,2050.08,Snacks,Completed
ORD006113,OI006113,2486.2,Fruits & Vegetables,Completed
ORD006114,OI006114,382.28,Baby Care,Rejected
ORD006115,OI006115,2384.41,Dairy,Rejected
ORD006116,OI006116,2484.67,Fruits & Vegetables,Completed
ORD006117,OI006117,1936.86,Frozen Foods,Rejected
ORD006118,OI006118,1147.51,Beverages,Completed
ORD006119,OI006119,279.43,Bakery,Rejected
ORD006120,OI006120,1263.18,Snacks,Completed
ORD006121,OI006121,2142.6,Groceries,Completed
ORD006122,OI006122,131.29,Dairy,Completed
ORD006123,OI006123,428.17,Snacks,Completed
ORD006124,OI006124,185.85,Groceries,Completed
ORD006125,OI006125,369.94,Snacks,Completed
ORD006126,OI006126,412.87,Dairy,Completed
ORD006127,OI006127,1511.95,Groceries,Cancelled
ORD006128,OI006128,412.9,Groceries,Completed
ORD006129,OI006129,198.49,Personal Care,Completed
ORD006130,OI006130,1705.42,Frozen Foods,Rejected
ORD006131,OI006131,1138.93,Baby Care,Completed
ORD006132,OI006132,1785.44,Frozen Foods,Completed
ORD006133,OI006133,2214.64,Beverages,Rejected
ORD006134,OI006134,2454.96,Household,Completed
ORD006135,OI006135,1435.21,Fruits & Vegetables,Completed
ORD006136,OI006136,1465.26,Frozen Foods,Completed
ORD006137,OI006137,666.65,Beverages,Completed
ORD006138,OI006138,1698.64,Bakery,Completed
ORD006139,OI006139,745.94,Dairy,Completed
ORD006140,OI006140,592.39,Baby Care,Completed
ORD006141,OI006141,1816.29,Groceries,Completed
ORD006142,OI006142,462.49,Dairy,Rejected
ORD006143,OI006143,1466.35,Household,Completed
ORD006144,OI006144,923.42,Baby Care,Completed
ORD006145,OI006145,575.11,Frozen Foods,Completed
ORD006146,OI006146,796.62,Personal Care,Completed
ORD006147,OI006147,201.67,Beverages,Completed
ORD006148,OI006148,674.48,Snacks,Completed
ORD006149,OI006149,534.26,Baby Care,Cancelled
ORD006150,OI006150,1872.37,Snacks,Completed
ORD006151,OI006151,137.35,Frozen Foods,Completed
ORD006152,OI006152,1688.86,Dairy,Completed
ORD006153,OI006153,2131.62,Baby Care,Completed
ORD006154,OI006154,2041.15,Bakery,Completed
ORD006155,OI006155,2377.76,Frozen Foods,Cancelled
ORD006156,OI006156,1569.98,Baby Care,Cancelled
ORD006157,OI006157,1999.22,Groceries,Cancelled
ORD006158,OI006158,1163.79,Beverages,Completed
ORD006159,OI006159,882.77,Dairy,Rejected
ORD006160,OI006160,171.56,Frozen Foods,Completed
ORD006161,OI006161,1991.58,Dairy,Completed
ORD006162,OI006162,1209.85,Frozen Foods,Cancelled
ORD006163,OI006163,2239.43,Snacks,Completed
ORD006164,OI006164,486.1,Snacks,Rejected
ORD006165,OI006165,2496.32,Baby Care,Cancelled
ORD006166,OI006166,1123.31,Personal Care,Completed
ORD006167,OI006167,2340.55,Groceries,Rejected
ORD006168,OI006168,1724.69,Personal Care,Completed
ORD006169,OI006169,2089.32,Beverages,Completed
ORD006170,OI006170,2116.14,Beverages,Completed
ORD006171,OI006171,2369.0,Household,Completed
ORD006172,OI006172,1847.28,Baby Care,Completed
ORD006173,OI006173,149.91,Snacks,Completed
ORD006174,OI006174,2410.26,Frozen Foods,Completed
ORD006175,OI006175,503.56,Beverages,Completed
ORD006176,OI006176,2096.68,Frozen Foods,Completed
ORD006177,OI006177,2145.58,Bakery,Cancelled
ORD006178,OI006178,1031.0,Frozen Foods,Completed
ORD006179,OI006179,2348.39,Beverages,Completed
ORD006180,OI006180,423.08,Fruits & Vegetables,Completed
ORD006181,OI006181,2117.37,Household,Cancelled
ORD006182,OI006182,1290.3,Household,Cancelled
ORD006183,OI006183,115.54,Frozen Foods,Completed
ORD006184,OI006184,194.71,Baby Care,Completed
ORD006185,OI006185,368.59,Household,Completed
ORD006186,OI006186,1813.52,Bakery,Completed
ORD006187,OI006187,1261.53,Personal Care,Completed
ORD006188,OI006188,1681.65,Groceries,Completed
ORD006189,OI006189,1880.05,Snacks,Completed
ORD006190,OI006190,1056.05,Fruits & Vegetables,Completed
ORD006191,OI006191,2491.42,Frozen Foods,Completed
ORD006192,OI006192,562.41,Baby Care,Completed
ORD006193,OI006193,910.04,Fruits & Vegetables,Rejected
ORD006194,OI006194,410.4,Frozen Foods,Completed
ORD006195,OI006195,1721.44,Personal Care,Rejected
ORD006196,OI006196,252.41,Household,Completed
ORD006197,OI006197,1277.53,Groceries,Completed
ORD006198,OI006198,1783.97,Fruits & Vegetables,Cancelled
ORD006199,OI006199,1433.75,Beverages,Rejected
ORD006200,OI006200,249.99,Beverages,Rejected
ORD006201,OI006201,1941.87,Groceries,Cancelled
ORD006202,OI006202,1931.53,Bakery,Completed
ORD006203,OI006203,1918.83,Dairy,Rejected
ORD006204,OI006204,1276.5,Snacks,Completed
ORD006205,OI006205,1662.3,Dairy,Completed
ORD006206,OI006206,1851.03,Groceries,Completed
ORD006207,OI006207,144.97,Snacks,Rejected
ORD006208,OI006208,516.64,Personal Care,Completed
ORD006209,OI006209,1993.36,Bakery,Completed
ORD006210,OI006210,1881.0,Dairy,Completed
ORD006211,OI006211,1954.8,Snacks,Completed
ORD006212,OI006212,242.24,Household,Completed
ORD006213,OI006213,1132.02,Household,Cancelled
ORD006214,OI006214,503.67,Bakery,Completed
ORD006215,OI006215,381.51,Household,Completed
ORD006216,OI006216,1211.85,Frozen Foods,Completed
ORD006217,OI006217,1054.24,Beverages,Rejected
ORD006218,OI006218,1486.78,Frozen Foods,Completed
ORD006219,OI006219,2159.1,Beverages,Completed
ORD006220,OI006220,2030.01,Frozen Foods,Rejected
ORD006221,OI006221,329.23,Personal Care,Cancelled
ORD006222,OI006222,2359.51,Dairy,Rejected
ORD006223,OI006223,1748.72,Frozen Foods,Rejected
ORD006224,OI006224,2404.78,Household,Rejected
ORD006225,OI006225,1226.79,Frozen Foods,Cancelled
ORD006226,OI006226,548.68,Household,Completed
ORD006227,OI006227,2239.73,Beverages,Completed
ORD006228,OI006228,106.05,Baby Care,Completed
ORD006229,OI006229,2343.93,Snacks,Rejected
ORD006230,OI006230,374.77,Snacks,Rejected
ORD006231,OI006231,1851.43,Dairy,Cancelled
ORD006232,OI006232,212.2,Beverages,Completed
ORD006233,OI006233,1023.5,Baby Care,Rejected
ORD006234,OI006234,295.94,Frozen Foods,Rejected
ORD006235,OI006235,1272.55,Household,Completed
ORD006236,OI006236,404.57,Fruits & Vegetables,Completed
ORD006237,OI006237,961.43,Frozen Foods,Rejected
ORD006238,OI006238,1687.61,Snacks,Cancelled
ORD006239,OI006239,2460.45,Baby Care,Completed
ORD006240,OI006240,741.61,Fruits & Vegetables,Rejected
ORD006241,OI006241,357.27,Dairy,Completed
ORD006242,OI006242,573.37,Dairy,Completed
ORD006243,OI006243,1026.55,Bakery,Completed
ORD006244,OI006244,423.89,Frozen Foods,Completed
ORD006245,OI006245,546.13,Household,Completed
ORD006246,OI006246,732.15,Baby Care,Completed
ORD006247,OI006247,1135.14,Fruits & Vegetables,Cancelled
ORD006248,OI006248,339.2,Fruits & Vegetables,Completed
ORD006249,OI006249,538.56,Snacks,Completed
ORD006250,OI006250,192.72,Frozen Foods,Cancelled
ORD006251,OI006251,2377.85,Beverages,Completed
ORD006252,OI006252,2077.28,Frozen Foods,Completed
ORD006253,OI006253,2255.58,Baby Care,Completed
ORD006254,OI006254,1423.54,Beverages,Completed
ORD006255,OI006255,1080.92,Household,Completed
ORD006256,OI006256,1130.69,Snacks,Completed
ORD006257,OI006257,924.05,Baby Care,Completed
ORD006258,OI006258,541.42,Baby Care,Completed
ORD006259,OI006259,562.97,Beverages,Completed
ORD006260,OI006260,2049.22,Baby Care,Completed
ORD006261,OI006261,1190.5,Beverages,Rejected
ORD006262,OI006262,1248.77,Household,Completed
ORD006263,OI006263,1139.56,Fruits & Vegetables,Rejected
ORD006264,OI006264,1297.18,Bakery,Rejected
ORD006265,OI006265,1661.92,Baby Care,Completed
ORD006266,OI006266,2097.07,Groceries,Completed
ORD006267,OI006267,2156.97,Household,Cancelled
ORD006268,OI006268,1917.49,Personal Care,Rejected
ORD006269,OI006269,257.65,Groceries,Completed
ORD006270,OI006270,2177.98,Personal Care,Completed
ORD006271,OI006271,785.67,Beverages,Completed
ORD006272,OI006272,1671.92,Frozen Foods,Completed
ORD006273,OI006273,360.4,Bakery,Completed
ORD006274,OI006274,197.87,Baby Care,Completed
ORD006275,OI006275,1856.68,Groceries,Completed
ORD006276,OI006276,2364.13,Dairy,Completed
ORD006277,OI006277,1678.56,Beverages,Cancelled
ORD006278,OI006278,388.0,Snacks,Rejected
ORD006279,OI006279,387.43,Personal Care,Cancelled
ORD006280,OI006280,1839.67,Dairy,Rejected
ORD006281,OI006281,1795.72,Fruits & Vegetables,Completed
ORD006282,OI006282,2474.15,Frozen Foods,Completed
ORD006283,OI006283,1490.44,Personal Care,Completed
ORD006284,OI006284,1990.63,Fruits & Vegetables,Rejected
ORD006285,OI006285,740.08,Fruits & Vegetables,Cancelled
ORD006286,OI006286,590.59,Snacks,Completed
ORD006287,OI006287,1331.18,Snacks,Rejected
ORD006288,OI006288,1460.03,Baby Care,Completed
ORD006289,OI006289,702.79,Bakery,Completed
ORD006290,OI006290,2476.37,Bakery,Completed
ORD006291,OI006291,640.77,Personal Care,Completed
ORD006292,OI006292,1251.87,Beverages,Completed
ORD006293,OI006293,1371.49,Snacks,Rejected
ORD006294,OI006294,299.61,Household,Cancelled
ORD006295,OI006295,1387.5,Household,Completed
ORD006296,OI006296,790.11,Frozen Foods,Cancelled
ORD006297,OI006297,489.39,Personal Care,Completed
ORD006298,OI006298,2493.42,Baby Care,Completed
ORD006299,OI006299,1436.55,Household,Completed
ORD006300,OI006300,477.41,Dairy,Completed
ORD006301,OI006301,1254.19,Snacks,Rejected
ORD006302,OI006302,2330.12,Snacks,Cancelled
ORD006303,OI006303,943.11,Dairy,Completed
ORD006304,OI006304,577.85,Frozen Foods,Completed
ORD006305,OI006305,2430.75,Snacks,Completed
ORD006306,OI006306,941.69,Dairy,Completed
ORD006307,OI006307,327.61,Snacks,Completed
ORD006308,OI006308,1424.23,Baby Care,Completed
ORD006309,OI006309,1645.91,Household,Rejected
ORD006310,OI006310,1026.0,Groceries,Completed
ORD006311,OI006311,581.36,Beverages,Completed
ORD006312,OI006312,1223.7,Baby Care,Completed
ORD006313,OI006313,790.84,Beverages,Completed
ORD006314,OI006314,828.14,Frozen Foods,Completed
ORD006315,OI006315,193.95,Snacks,Completed
ORD006316,OI006316,1606.61,Baby Care,Completed
ORD006317,OI006317,1991.71,Groceries,Completed
ORD006318,OI006318,1657.6,Dairy,Completed
ORD006319,OI006319,1038.0,Household,Cancelled
ORD006320,OI006320,427.41,Bakery,Rejected
ORD006321,OI006321,1328.16,Household,Cancelled
ORD006322,OI006322,613.23,Household,Completed
ORD006323,OI006323,2019.06,Dairy,Cancelled
ORD006324,OI006324,1395.71,Household,Rejected
ORD006325,OI006325,451.16,Snacks,Completed
ORD006326,OI006326,352.67,Household,Cancelled
ORD006327,OI006327,1466.26,Groceries,Completed
ORD006328,OI006328,740.72,Beverages,Completed
ORD006329,OI006329,1956.29,Bakery,Rejected
ORD006330,OI006330,637.9,Baby Care,Rejected
ORD006331,OI006331,1178.13,Snacks,Completed
ORD006332,OI006332,2402.88,Personal Care,Cancelled
ORD006333,OI006333,2494.18,Dairy,Completed
ORD006334,OI006334,1685.74,Bakery,Rejected
ORD006335,OI006335,2028.01,Beverages,Rejected
ORD006336,OI006336,532.88,Frozen Foods,Rejected
ORD006337,OI006337,2261.63,Personal Care,Completed
ORD006338,OI006338,1838.78,Baby Care,Rejected
ORD006339,OI006339,357.39,Snacks,Rejected
ORD006340,OI006340,1468.44,Beverages,Completed
ORD006341,OI006341,1070.28,Fruits & Vegetables,Completed
ORD006342,OI006342,1801.79,Personal Care,Rejected
ORD006343,OI006343,2483.22,Dairy,Completed
ORD006344,OI006344,2012.8,Bakery,Rejected
ORD006345,OI006345,2161.16,Fruits & Vegetables,Completed
ORD006346,OI006346,1894.68,Dairy,Completed
ORD006347,OI006347,504.3,Fruits & Vegetables,Completed
ORD006348,OI006348,1629.62,Groceries,Rejected
ORD006349,OI006349,1904.27,Fruits & Vegetables,Completed
ORD006350,OI006350,1772.82,Snacks,Cancelled
ORD006351,OI006351,2352.39,Dairy,Completed
ORD006352,OI006352,1993.87,Beverages,Completed
ORD006353,OI006353,1347.36,Snacks,Completed
ORD006354,OI006354,1307.0,Fruits & Vegetables,Completed
ORD006355,OI006355,717.46,Snacks,Completed
ORD006356,OI006356,1942.0,Beverages,Cancelled
ORD006357,OI006357,1297.57,Baby Care,Rejected
ORD006358,OI006358,491.77,Household,Completed
ORD006359,OI006359,2054.02,Personal Care,Completed
ORD006360,OI006360,395.73,Household,Completed
ORD006361,OI006361,2403.25,Beverages,Completed
ORD006362,OI006362,2193.37,Snacks,Completed
ORD006363,OI006363,312.47,Fruits & Vegetables,Completed
ORD006364,OI006364,1930.35,Beverages,Completed
ORD006365,OI006365,2372.22,Fruits & Vegetables,Completed
ORD006366,OI006366,923.86,Frozen Foods,Completed
ORD006367,OI006367,447.49,Dairy,Cancelled
ORD006368,OI006368,221.36,Fruits & Vegetables,Cancelled
ORD006369,OI006369,498.22,Household,Completed
ORD006370,OI006370,2266.35,Bakery,Completed
ORD006371,OI006371,141.38,Fruits & Vegetables,Cancelled
ORD006372,OI006372,337.24,Beverages,Completed
ORD006373,OI006373,1064.82,Baby Care,Completed
ORD006374,OI006374,1222.22,Bakery,Completed
ORD006375,OI006375,2426.92,Groceries,Rejected
ORD006376,OI006376,181.65,Beverages,Rejected
ORD006377,OI006377,760.02,Groceries,Completed
ORD006378,OI006378,2138.22,Frozen Foods,Completed
ORD006379,OI006379,1843.54,Frozen Foods,Completed
ORD006380,OI006380,437.64,Personal Care,Completed
ORD006381,OI006381,138.26,Beverages,Rejected
ORD006382,OI006382,905.67,Snacks,Completed
ORD006383,OI006383,1322.74,Household,Completed
ORD006384,OI006384,163.63,Frozen Foods,Cancelled
ORD006385,OI006385,718.18,Bakery,Rejected
ORD006386,OI006386,1625.27,Fruits & Vegetables,Completed
ORD006387,OI006387,849.94,Snacks,Rejected
ORD006388,OI006388,2090.46,Baby Care,Completed
ORD006389,OI006389,2409.81,Household,Completed
ORD006390,OI006390,539.96,Beverages,Cancelled
ORD006391,OI006391,648.41,Snacks,Completed
ORD006392,OI006392,910.26,Household,Cancelled
ORD006393,OI006393,1681.37,Baby Care,Completed
ORD006394,OI006394,1765.88,Baby Care,Completed
ORD006395,OI006395,2001.71,Fruits & Vegetables,Cancelled
ORD006396,OI006396,482.11,Baby Care,Completed
ORD006397,OI006397,822.9,Personal Care,Completed
ORD006398,OI006398,1501.82,Frozen Foods,Completed
ORD006399,OI006399,1769.9,Beverages,Completed
ORD006400,OI006400,1666.59,Bakery,Rejected
ORD006401,OI006401,2239.22,Snacks,Rejected
ORD006402,OI006402,2362.71,Groceries,Completed
ORD006403,OI006403,2270.4,Groceries,Completed
ORD006404,OI006404,1903.27,Snacks,Cancelled
ORD006405,OI006405,299.18,Baby Care,Cancelled
ORD006406,OI006406,902.37,Beverages,Cancelled
ORD006407,OI006407,415.97,Personal Care,Completed
ORD006408,OI006408,2024.84,Bakery,Completed
ORD006409,OI006409,1516.18,Groceries,Completed
ORD006410,OI006410,1963.49,Snacks,Completed
ORD006411,OI006411,1316.44,Snacks,Completed
ORD006412,OI006412,1490.99,Household,Completed
ORD006413,OI006413,349.19,Baby Care,Completed
ORD006414,OI006414,1889.97,Personal Care,Completed
ORD006415,OI006415,1553.7,Dairy,Completed
ORD006416,OI006416,1539.75,Dairy,Completed
ORD006417,OI006417,2254.06,Beverages,Rejected
ORD006418,OI006418,1032.46,Frozen Foods,Rejected
ORD006419,OI006419,669.16,Personal Care,Completed
ORD006420,OI006420,282.51,Frozen Foods,Completed
ORD006421,OI006421,2248.91,Fruits & Vegetables,Completed
ORD006422,OI006422,896.23,Beverages,Cancelled
ORD006423,OI006423,2022.11,Fruits & Vegetables,Completed
ORD006424,OI006424,1654.77,Frozen Foods,Completed
ORD006425,OI006425,779.38,Baby Care,Completed
ORD006426,OI006426,825.07,Dairy,Cancelled
ORD006427,OI006427,1992.94,Groceries,Completed
ORD006428,OI006428,1467.81,Dairy,Completed
ORD006429,OI006429,1567.34,Fruits & Vegetables,Rejected
ORD006430,OI006430,898.89,Frozen Foods,Completed
ORD006431,OI006431,950.08,Fruits & Vegetables,Completed
ORD006432,OI006432,421.75,Household,Completed
ORD006433,OI006433,846.4,Frozen Foods,Rejected
ORD006434,OI006434,2198.36,Dairy,Completed
ORD006435,OI006435,1157.49,Fruits & Vegetables,Completed
ORD006436,OI006436,569.59,Fruits & Vegetables,Cancelled
ORD006437,OI006437,1943.93,Baby Care,Completed
ORD006438,OI006438,596.67,Baby Care,Completed
ORD006439,OI006439,1146.38,Baby Care,Cancelled
ORD006440,OI006440,2089.57,Household,Completed
ORD006441,OI006441,1745.67,Snacks,Cancelled
ORD006442,OI006442,1413.91,Snacks,Completed
ORD006443,OI006443,1686.6,Household,Completed
ORD006444,OI006444,1221.66,Bakery,Completed
ORD006445,OI006445,1104.93,Personal Care,Completed
ORD006446,OI006446,1074.3,Personal Care,Completed
ORD006447,OI006447,1144.89,Snacks,Rejected
ORD006448,OI006448,369.01,Snacks,Cancelled
ORD006449,OI006449,375.54,Fruits & Vegetables,Rejected
ORD006450,OI006450,1934.39,Personal Care,Completed
ORD006451,OI006451,703.08,Snacks,Cancelled
ORD006452,OI006452,145.05,Dairy,Rejected
ORD006453,OI006453,1770.79,Fruits & Vegetables,Completed
ORD006454,OI006454,1668.47,Groceries,Completed
ORD006455,OI006455,1849.43,Snacks,Rejected
ORD006456,OI006456,166.63,Fruits & Vegetables,Rejected
ORD006457,OI006457,1767.46,Dairy,Completed
ORD006458,OI006458,460.8,Household,Cancelled
ORD006459,OI006459,1417.17,Snacks,Completed
ORD006460,OI006460,1473.48,Household,Rejected
ORD006461,OI006461,2388.42,Baby Care,Cancelled
ORD006462,OI006462,777.19,Snacks,Rejected
ORD006463,OI006463,1521.2,Groceries,Cancelled
ORD006464,OI006464,845.92,Dairy,Cancelled
ORD006465,OI006465,106.09,Frozen Foods,Completed
ORD006466,OI006466,1691.47,Groceries,Completed
ORD006467,OI006467,1579.27,Dairy,Cancelled
ORD006468,OI006468,798.82,Frozen Foods,Completed
ORD006469,OI006469,1622.72,Beverages,Completed
ORD006470,OI006470,2453.97,Baby Care,Completed
ORD006471,OI006471,1784.27,Beverages,Completed
ORD006472,OI006472,238.0,Snacks,Completed
ORD006473,OI006473,1405.07,Personal Care,Rejected
ORD006474,OI006474,915.75,Snacks,Rejected
ORD006475,OI006475,1457.45,Baby Care,Completed
ORD006476,OI006476,865.13,Groceries,Completed
ORD006477,OI006477,2414.86,Groceries,Cancelled
ORD006478,OI006478,802.31,Bakery,Completed
ORD006479,OI006479,1321.79,Household,Completed
ORD006480,OI006480,2261.23,Bakery,Rejected
ORD006481,OI006481,915.65,Baby Care,Rejected
ORD006482,OI006482,1888.74,Fruits & Vegetables,Completed
ORD006483,OI006483,1494.79,Groceries,Cancelled
ORD006484,OI006484,295.94,Baby Care,Cancelled
ORD006485,OI006485,1853.7,Snacks,Cancelled
ORD006486,OI006486,2430.4,Fruits & Vegetables,Cancelled
ORD006487,OI006487,1351.99,Fruits & Vegetables,Completed
ORD006488,OI006488,393.77,Frozen Foods,Rejected
ORD006489,OI006489,1862.13,Bakery,Rejected
ORD006490,OI006490,1580.34,Groceries,Completed
ORD006491,OI006491,379.15,Household,Rejected
ORD006492,OI006492,1922.78,Beverages,Rejected
ORD006493,OI006493,436.29,Dairy,Cancelled
ORD006494,OI006494,2258.59,Frozen Foods,Completed
ORD006495,OI006495,713.34,Personal Care,Completed
ORD006496,OI006496,1132.28,Dairy,Completed
ORD006497,OI006497,1191.96,Personal Care,Rejected
ORD006498,OI006498,1256.96,Groceries,Completed
ORD006499,OI006499,1523.22,Bakery,Completed
ORD006500,OI006500,1075.43,Baby Care,Completed
ORD006501,OI006501,1658.7,Personal Care,Rejected
ORD006502,OI006502,941.3,Household,Completed
ORD006503,OI006503,1027.22,Bakery,Completed
ORD006504,OI006504,2115.34,Fruits & Vegetables,Completed
ORD006505,OI006505,1210.07,Snacks,Rejected
ORD006506,OI006506,2261.01,Fruits & Vegetables,Cancelled
ORD006507,OI006507,509.16,Beverages,Completed
ORD006508,OI006508,1738.95,Fruits & Vegetables,Rejected
ORD006509,OI006509,2102.83,Personal Care,Completed
ORD006510,OI006510,1296.23,Frozen Foods,Cancelled
ORD006511,OI006511,1797.33,Personal Care,Completed
ORD006512,OI006512,1798.27,Beverages,Completed
ORD006513,OI006513,2427.6,Frozen Foods,Completed
ORD006514,OI006514,589.68,Beverages,Completed
ORD006515,OI006515,1504.65,Dairy,Completed
ORD006516,OI006516,1427.39,Frozen Foods,Cancelled
ORD006517,OI006517,1550.76,Snacks,Completed
ORD006518,OI006518,199.81,Snacks,Rejected
ORD006519,OI006519,439.89,Household,Completed
ORD006520,OI006520,2454.73,Personal Care,Completed
ORD006521,OI006521,1956.65,Beverages,Completed
ORD006522,OI006522,1174.63,Beverages,Cancelled
ORD006523,OI006523,899.2,Baby Care,Rejected
ORD006524,OI006524,995.42,Frozen Foods,Completed
ORD006525,OI006525,1855.58,Baby Care,Cancelled
ORD006526,OI006526,337.43,Fruits & Vegetables,Completed
ORD006527,OI006527,770.38,Dairy,Completed
ORD006528,OI006528,1352.26,Frozen Foods,Cancelled
ORD006529,OI006529,786.84,Personal Care,Completed
ORD006530,OI006530,522.46,Frozen Foods,Completed
ORD006531,OI006531,1417.08,Dairy,Completed
ORD006532,OI006532,1097.73,Frozen Foods,Completed
ORD006533,OI006533,624.47,Baby Care,Cancelled
ORD006534,OI006534,475.89,Dairy,Completed
ORD006535,OI006535,744.13,Bakery,Completed
ORD006536,OI006536,1747.1,Frozen Foods,Completed
ORD006537,OI006537,1427.05,Dairy,Completed
ORD006538,OI006538,1486.53,Household,Completed
ORD006539,OI006539,182.25,Dairy,Completed
ORD006540,OI006540,1112.31,Household,Cancelled
ORD006541,OI006541,2374.46,Groceries,Completed
ORD006542,OI006542,572.23,Household,Rejected
ORD006543,OI006543,591.8,Household,Completed
ORD006544,OI006544,1738.39,Bakery,Completed
ORD006545,OI006545,390.97,Beverages,Rejected
ORD006546,OI006546,2105.78,Personal Care,Rejected
ORD006547,OI006547,743.94,Personal Care,Completed
ORD006548,OI006548,718.94,Personal Care,Completed
ORD006549,OI006549,897.95,Frozen Foods,Cancelled
ORD006550,OI006550,1583.49,Frozen Foods,Completed
ORD006551,OI006551,1407.14,Baby Care,Completed
ORD006552,OI006552,2313.03,Groceries,Completed
ORD006553,OI006553,1546.57,Personal Care,Completed
ORD006554,OI006554,1807.41,Fruits & Vegetables,Cancelled
ORD006555,OI006555,1186.75,Snacks,Completed
ORD006556,OI006556,1510.32,Fruits & Vegetables,Completed
ORD006557,OI006557,2031.75,Frozen Foods,Completed
ORD006558,OI006558,835.04,Beverages,Cancelled
ORD006559,OI006559,1029.23,Fruits & Vegetables,Completed
ORD006560,OI006560,855.72,Beverages,Completed
ORD006561,OI006561,570.32,Fruits & Vegetables,Completed
ORD006562,OI006562,106.45,Dairy,Completed
ORD006563,OI006563,783.22,Bakery,Completed
ORD006564,OI006564,1154.04,Personal Care,Completed
ORD006565,OI006565,722.64,Frozen Foods,Rejected
ORD006566,OI006566,2011.96,Dairy,Completed
ORD006567,OI006567,275.57,Groceries,Rejected
ORD006568,OI006568,267.9,Personal Care,Rejected
ORD006569,OI006569,141.81,Dairy,Cancelled
ORD006570,OI006570,732.81,Groceries,Cancelled
ORD006571,OI006571,1330.19,Frozen Foods,Completed
ORD006572,OI006572,221.77,Personal Care,Cancelled
ORD006573,OI006573,1550.49,Bakery,Completed
ORD006574,OI006574,988.57,Bakery,Completed
ORD006575,OI006575,2396.28,Baby Care,Completed
ORD006576,OI006576,1445.65,Baby Care,Completed
ORD006577,OI006577,1553.25,Frozen Foods,Completed
ORD006578,OI006578,342.35,Beverages,Completed
ORD006579,OI006579,1367.58,Personal Care,Cancelled
ORD006580,OI006580,1185.11,Personal Care,Completed
ORD006581,OI006581,270.88,Baby Care,Cancelled
ORD006582,OI006582,572.16,Beverages,Cancelled
ORD006583,OI006583,1284.39,Bakery,Completed
ORD006584,OI006584,1301.5,Snacks,Completed
ORD006585,OI006585,1940.37,Frozen Foods,Completed
ORD006586,OI006586,1902.81,Household,Cancelled
ORD006587,OI006587,547.53,Dairy,Rejected
ORD006588,OI006588,2454.94,Dairy,Completed
ORD006589,OI006589,2008.91,Fruits & Vegetables,Completed
ORD006590,OI006590,1781.33,Fruits & Vegetables,Completed
ORD006591,OI006591,1539.55,Groceries,Completed
ORD006592,OI006592,564.44,Beverages,Cancelled
ORD006593,OI006593,1589.59,Dairy,Rejected
ORD006594,OI006594,414.35,Bakery,Completed
ORD006595,OI006595,1533.62,Snacks,Cancelled
ORD006596,OI006596,827.53,Bakery,Rejected
ORD006597,OI006597,1771.11,Dairy,Completed
ORD006598,OI006598,1624.74,Dairy,Completed
ORD006599,OI006599,2126.97,Beverages,Rejected
ORD006600,OI006600,2070.12,Dairy,Cancelled
ORD006601,OI006601,935.49,Snacks,Completed
ORD006602,OI006602,166.67,Fruits & Vegetables,Completed
ORD006603,OI006603,963.17,Beverages,Completed
ORD006604,OI006604,2420.96,Fruits & Vegetables,Completed
ORD006605,OI006605,858.73,Frozen Foods,Completed
ORD006606,OI006606,257.57,Dairy,Cancelled
ORD006607,OI006607,2023.5,Fruits & Vegetables,Cancelled
ORD006608,OI006608,1187.32,Baby Care,Completed
ORD006609,OI006609,485.43,Fruits & Vegetables,Rejected
ORD006610,OI006610,2079.66,Bakery,Completed
ORD006611,OI006611,823.47,Baby Care,Completed
ORD006612,OI006612,2296.96,Fruits & Vegetables,Completed
ORD006613,OI006613,731.2,Dairy,Completed
ORD006614,OI006614,2216.58,Fruits & Vegetables,Completed
ORD006615,OI006615,865.03,Fruits & Vegetables,Completed
ORD006616,OI006616,1675.64,Bakery,Cancelled
ORD006617,OI006617,785.71,Beverages,Rejected
ORD006618,OI006618,1798.48,Fruits & Vegetables,Completed
ORD006619,OI006619,268.96,Dairy,Completed
ORD006620,OI006620,849.59,Dairy,Rejected
ORD006621,OI006621,2156.57,Beverages,Completed
ORD006622,OI006622,746.14,Frozen Foods,Rejected
ORD006623,OI006623,216.8,Snacks,Rejected
ORD006624,OI006624,1681.67,Groceries,Completed
ORD006625,OI006625,775.1,Groceries,Completed
ORD006626,OI006626,1932.24,Bakery,Rejected
ORD006627,OI006627,682.46,Frozen Foods,Rejected
ORD006628,OI006628,555.1,Dairy,Completed
ORD006629,OI006629,1880.77,Beverages,Completed
ORD006630,OI006630,1744.6,Frozen Foods,Completed
ORD006631,OI006631,302.04,Personal Care,Completed
ORD006632,OI006632,424.01,Dairy,Completed
ORD006633,OI006633,629.62,Personal Care,Completed
ORD006634,OI006634,1620.53,Fruits & Vegetables,Completed
ORD006635,OI006635,1895.04,Dairy,Completed
ORD006636,OI006636,1172.81,Groceries,Completed
ORD006637,OI006637,1731.86,Snacks,Completed
ORD006638,OI006638,2206.91,Beverages,Completed
ORD006639,OI006639,1428.95,Frozen Foods,Rejected
ORD006640,OI006640,415.01,Groceries,Completed
ORD006641,OI006641,1930.8,Household,Rejected
ORD006642,OI006642,806.75,Beverages,Cancelled
ORD006643,OI006643,2132.06,Household,Completed
ORD006644,OI006644,190.21,Household,Completed
ORD006645,OI006645,2128.46,Household,Completed
ORD006646,OI006646,1868.09,Personal Care,Rejected
ORD006647,OI006647,1609.58,Snacks,Rejected
ORD006648,OI006648,912.41,Dairy,Cancelled
ORD006649,OI006649,940.14,Fruits & Vegetables,Completed
ORD006650,OI006650,1485.32,Bakery,Completed
ORD006651,OI006651,1221.89,Dairy,Cancelled
ORD006652,OI006652,528.41,Fruits & Vegetables,Completed
ORD006653,OI006653,442.42,Personal Care,Completed
ORD006654,OI006654,886.85,Beverages,Cancelled
ORD006655,OI006655,1475.46,Snacks,Completed
ORD006656,OI006656,1177.68,Frozen Foods,Cancelled
ORD006657,OI006657,1437.39,Baby Care,Completed
ORD006658,OI006658,1460.02,Household,Completed
ORD006659,OI006659,1971.56,Household,Cancelled
ORD006660,OI006660,1056.8,Personal Care,Completed
ORD006661,OI006661,2293.98,Dairy,Cancelled
ORD006662,OI006662,1424.0,Snacks,Completed
ORD006663,OI006663,2077.07,Dairy,Cancelled
ORD006664,OI006664,464.06,Personal Care,Completed
ORD006665,OI006665,1408.97,Dairy,Completed
ORD006666,OI006666,1907.17,Beverages,Completed
ORD006667,OI006667,1813.38,Personal Care,Cancelled
ORD006668,OI006668,731.76,Household,Rejected
ORD006669,OI006669,1401.36,Bakery,Cancelled
ORD006670,OI006670,347.62,Frozen Foods,Completed
ORD006671,OI006671,832.82,Beverages,Completed
ORD006672,OI006672,866.64,Personal Care,Completed
ORD006673,OI006673,1368.88,Dairy,Cancelled
ORD006674,OI006674,1485.89,Frozen Foods,Completed
ORD006675,OI006675,621.37,Personal Care,Rejected
ORD006676,OI006676,1215.43,Household,Cancelled
ORD006677,OI006677,1798.0,Groceries,Completed
ORD006678,OI006678,1899.53,Baby Care,Rejected
ORD006679,OI006679,2119.22,Beverages,Cancelled
ORD006680,OI006680,1275.54,,Completed
ORD006681,OI006681,643.24,Dairy,Rejected
ORD006682,OI006682,1909.66,Frozen Foods,Completed
ORD006683,OI006683,2416.71,Fruits & Vegetables,Completed
ORD006684,OI006684,1142.11,Frozen Foods,Rejected
ORD006685,OI006685,2400.96,Beverages,Completed
ORD006686,OI006686,2329.46,Groceries,Completed
ORD006687,OI006687,1965.44,Snacks,Cancelled
ORD006688,OI006688,123.45,Personal Care,Completed
ORD006689,OI006689,1392.02,Snacks,Cancelled
ORD006690,OI006690,2242.07,Dairy,Completed
ORD006691,OI006691,2003.11,Snacks,Rejected
ORD006692,OI006692,1399.33,Snacks,Completed
ORD006693,OI006693,1007.81,Fruits & Vegetables,Completed
ORD006694,OI006694,478.09,Frozen Foods,Completed
ORD006695,OI006695,1144.44,Baby Care,Completed
ORD006696,OI006696,644.16,Beverages,Completed
ORD006697,OI006697,337.0,Fruits & Vegetables,Completed
ORD006698,OI006698,1892.16,Snacks,Cancelled
ORD006699,OI006699,2280.34,Dairy,Completed
ORD006700,OI006700,680.75,Snacks,Completed
ORD006701,OI006701,2463.63,Groceries,Completed
ORD006702,OI006702,2266.44,Beverages,Completed
ORD006703,OI006703,2455.2,Frozen Foods,Completed
ORD006704,OI006704,957.5,Bakery,Completed
ORD006705,OI006705,947.38,Groceries,Cancelled
ORD006706,OI006706,1963.93,Snacks,Completed
ORD006707,OI006707,2043.41,Frozen Foods,Completed
ORD006708,OI006708,1839.86,Household,Completed
ORD006709,OI006709,1210.48,Household,Rejected
ORD006710,OI006710,969.06,Baby Care,Completed
ORD006711,OI006711,992.73,Baby Care,Completed
ORD006712,OI006712,2001.96,Household,Completed
ORD006713,OI006713,936.32,Groceries,Completed
ORD006714,OI006714,929.85,Dairy,Completed
ORD006715,OI006715,2462.16,Household,Completed
ORD006716,OI006716,1350.22,Fruits & Vegetables,Completed
ORD006717,OI006717,2135.54,Dairy,Completed
ORD006718,OI006718,115.56,Snacks,Completed
ORD006719,OI006719,1420.23,Frozen Foods,Rejected
ORD006720,OI006720,1676.34,Snacks,Rejected
ORD006721,OI006721,2075.54,Household,Completed
ORD006722,OI006722,1937.13,Frozen Foods,Rejected
ORD006723,OI006723,2456.79,Snacks,Cancelled
ORD006724,OI006724,2178.77,Baby Care,Cancelled
ORD006725,OI006725,482.41,Groceries,Completed
ORD006726,OI006726,1185.59,Bakery,Completed
ORD006727,OI006727,2274.03,Bakery,Rejected
ORD006728,OI006728,1760.02,Groceries,Cancelled
ORD006729,OI006729,1052.82,Baby Care,Cancelled
ORD006730,OI006730,2031.71,Snacks,Rejected
ORD006731,OI006731,1497.56,Snacks,Cancelled
ORD006732,OI006732,676.98,Dairy,Rejected
ORD006733,OI006733,2242.89,Snacks,Completed
ORD006734,OI006734,812.03,Dairy,Completed
ORD006735,OI006735,330.39,Dairy,Rejected
ORD006736,OI006736,2498.07,Household,Completed
ORD006737,OI006737,576.37,Baby Care,Completed
ORD006738,OI006738,175.39,Groceries,Rejected
ORD006739,OI006739,1272.37,Snacks,Completed
ORD006740,OI006740,202.11,Bakery,Completed
ORD006741,OI006741,1210.04,Fruits & Vegetables,Completed
ORD006742,OI006742,848.94,Baby Care,Completed
ORD006743,OI006743,805.78,Household,Rejected
ORD006744,OI006744,692.61,Beverages,Completed
ORD006745,OI006745,1000.69,Personal Care,Completed
ORD006746,OI006746,2366.26,Fruits & Vegetables,Completed
ORD006747,OI006747,795.14,Bakery,Cancelled
ORD006748,OI006748,2122.97,Fruits & Vegetables,Cancelled
ORD006749,OI006749,774.85,Frozen Foods,Completed
ORD006750,OI006750,420.74,Bakery,Cancelled
ORD006751,OI006751,1259.84,Frozen Foods,Cancelled
ORD006752,OI006752,2004.68,Personal Care,Completed
ORD006753,OI006753,1918.6,Frozen Foods,Rejected
ORD006754,OI006754,1119.81,Groceries,Completed
ORD006755,OI006755,2044.84,Baby Care,Completed
ORD006756,OI006756,1287.1,Snacks,Completed
ORD006757,OI006757,2269.14,Snacks,Completed
ORD006758,OI006758,1704.1,Frozen Foods,Cancelled
ORD006759,OI006759,1166.39,Baby Care,Rejected
ORD006760,OI006760,2319.19,Groceries,Completed
ORD006761,OI006761,1530.95,Bakery,Completed
ORD006762,OI006762,484.52,Beverages,Completed
ORD006763,OI006763,416.38,Fruits & Vegetables,Completed
ORD006764,OI006764,1861.16,Bakery,Completed
ORD006765,OI006765,1175.72,Snacks,Cancelled
ORD006766,OI006766,1294.64,Baby Care,Rejected
ORD006767,OI006767,729.57,Snacks,Completed
ORD006768,OI006768,816.78,Baby Care,Completed
ORD006769,OI006769,2355.81,Dairy,Completed
ORD006770,OI006770,1440.69,Dairy,Rejected
ORD006771,OI006771,1114.61,Beverages,Cancelled
ORD006772,OI006772,254.87,Baby Care,Completed
ORD006773,OI006773,2402.14,Beverages,Completed
ORD006774,OI006774,781.7,Snacks,Rejected
ORD006775,OI006775,2238.39,Household,Completed
ORD006776,OI006776,1497.77,Snacks,Rejected
ORD006777,OI006777,528.61,Groceries,Completed
ORD006778,OI006778,954.07,Bakery,Completed
ORD006779,OI006779,1544.93,Groceries,Rejected
ORD006780,OI006780,962.56,Frozen Foods,Completed
ORD006781,OI006781,282.95,Snacks,Rejected
ORD006782,OI006782,482.81,Beverages,Completed
ORD006783,OI006783,2035.41,Snacks,Completed
ORD006784,OI006784,164.31,Groceries,Completed
ORD006785,OI006785,2220.04,Fruits & Vegetables,Rejected
ORD006786,OI006786,2210.63,Beverages,Completed
ORD006787,OI006787,213.5,Household,Cancelled
ORD006788,OI006788,1507.1,Beverages,Completed
ORD006789,OI006789,2210.67,Dairy,Completed
ORD006790,OI006790,359.78,Frozen Foods,Completed
ORD006791,OI006791,1731.37,Beverages,Completed
ORD006792,OI006792,1928.28,Bakery,Completed
ORD006793,OI006793,2271.65,Household,Cancelled
ORD006794,OI006794,728.36,Fruits & Vegetables,Cancelled
ORD006795,OI006795,2495.5,Personal Care,Completed
ORD006796,OI006796,244.7,Beverages,Completed
ORD006797,OI006797,1965.93,Fruits & Vegetables,Cancelled
ORD006798,OI006798,630.48,Frozen Foods,Completed
ORD006799,OI006799,522.57,Beverages,Cancelled
ORD006800,OI006800,213.4,Beverages,Cancelled
ORD006801,OI006801,2263.62,Dairy,Rejected
ORD006802,OI006802,1046.49,Bakery,Completed
ORD006803,OI006803,1592.73,Baby Care,Cancelled
ORD006804,OI006804,1192.86,Frozen Foods,Completed
ORD006805,OI006805,2258.47,Beverages,Rejected
ORD006806,OI006806,1001.85,Frozen Foods,Completed
ORD006807,OI006807,960.2,Dairy,Completed
ORD006808,OI006808,474.68,Household,Cancelled
ORD006809,OI006809,2319.07,Dairy,Rejected
ORD006810,OI006810,1282.51,Personal Care,Cancelled
ORD006811,OI006811,714.98,Snacks,Completed
ORD006812,OI006812,1339.31,Baby Care,Rejected
ORD006813,OI006813,799.79,Snacks,Completed
ORD006814,OI006814,1818.87,Baby Care,Completed
ORD006815,OI006815,911.69,Bakery,Cancelled
ORD006816,OI006816,1405.34,Bakery,Cancelled
ORD006817,OI006817,2280.64,Frozen Foods,Completed
ORD006818,OI006818,1455.91,Baby Care,Completed
ORD006819,OI006819,329.38,Dairy,Cancelled
ORD006820,OI006820,619.59,Household,Completed
ORD006821,OI006821,1789.36,Snacks,Cancelled
ORD006822,OI006822,2189.68,Frozen Foods,Completed
ORD006823,OI006823,1974.25,Snacks,Completed
ORD006824,OI006824,1370.78,Baby Care,Cancelled
ORD006825,OI006825,1115.95,Household,Completed
ORD006826,OI006826,299.3,Personal Care,Rejected
ORD006827,OI006827,1025.48,Dairy,Cancelled
ORD006828,OI006828,1810.66,Dairy,Cancelled
ORD006829,OI006829,1849.21,Fruits & Vegetables,Completed
ORD006830,OI006830,1453.72,Baby Care,Rejected
ORD006831,OI006831,1692.27,Snacks,Completed
ORD006832,OI006832,1316.43,Frozen Foods,Rejected
ORD006833,OI006833,2487.38,Baby Care,Rejected
ORD006834,OI006834,2145.03,Snacks,Cancelled
ORD006835,OI006835,1197.65,Fruits & Vegetables,Completed
ORD006836,OI006836,1293.11,Household,Completed
ORD006837,OI006837,2344.26,Baby Care,Completed
ORD006838,OI006838,2385.12,Fruits & Vegetables,Cancelled
ORD006839,OI006839,905.77,Household,Completed
ORD006840,OI006840,205.32,Snacks,Completed
ORD006841,OI006841,1250.28,Frozen Foods,Completed
ORD006842,OI006842,608.22,Baby Care,Completed
ORD006843,OI006843,1208.71,Snacks,Completed
ORD006844,OI006844,1563.73,Fruits & Vegetables,Completed
ORD006845,OI006845,525.89,Groceries,Completed
ORD006846,OI006846,1871.11,Fruits & Vegetables,Completed
ORD006847,OI006847,184.74,Beverages,Cancelled
ORD006848,OI006848,158.1,Bakery,Completed
ORD006849,OI006849,1996.64,Snacks,Rejected
ORD006850,OI006850,237.29,Fruits & Vegetables,Completed
ORD006851,OI006851,2259.82,Fruits & Vegetables,Completed
ORD006852,OI006852,2228.42,Beverages,Completed
ORD006853,OI006853,2045.75,Household,Completed
ORD006854,OI006854,1049.77,Snacks,Completed
ORD006855,OI006855,1631.05,Household,Completed
ORD006856,OI006856,2158.23,Dairy,Completed
ORD006857,OI006857,1609.1,Household,Rejected
ORD006858,OI006858,2134.7,Personal Care,Rejected
ORD006859,OI006859,202.2,Baby Care,Completed
ORD006860,OI006860,1322.66,Fruits & Vegetables,Rejected
ORD006861,OI006861,1496.91,Household,Completed
ORD006862,OI006862,1067.83,Personal Care,Completed
ORD006863,OI006863,459.77,Bakery,Completed
ORD006864,OI006864,2460.99,Beverages,Cancelled
ORD006865,OI006865,125.01,Fruits & Vegetables,Completed
ORD006866,OI006866,1950.46,Groceries,Rejected
ORD006867,OI006867,136.87,Household,Cancelled
ORD006868,OI006868,1683.32,Bakery,Completed
ORD006869,OI006869,1108.29,Beverages,Completed
ORD006870,OI006870,773.04,Personal Care,Completed
ORD006871,OI006871,337.55,Baby Care,Completed
ORD006872,OI006872,1070.91,Baby Care,Completed
ORD006873,OI006873,1838.85,Personal Care,Completed
ORD006874,OI006874,1034.68,Beverages,Rejected
ORD006875,OI006875,1498.33,Groceries,Rejected
ORD006876,OI006876,2341.96,Snacks,Completed
ORD006877,OI006877,1414.77,Fruits & Vegetables,Cancelled
ORD006878,OI006878,907.34,Baby Care,Completed
ORD006879,OI006879,665.42,Beverages,Cancelled
ORD006880,OI006880,2333.06,Household,Completed
ORD006881,OI006881,2085.81,Personal Care,Rejected
ORD006882,OI006882,1101.56,Personal Care,Completed
ORD006883,OI006883,1155.78,Personal Care,Completed
ORD006884,OI006884,1313.45,Household,Completed
ORD006885,OI006885,1789.99,Baby Care,Completed
ORD006886,OI006886,1749.08,Household,Completed
ORD006887,OI006887,466.33,Baby Care,Cancelled
ORD006888,OI006888,471.52,Baby Care,Completed
ORD006889,OI006889,509.95,Personal Care,Completed
ORD006890,OI006890,2334.66,Personal Care,Completed
ORD006891,OI006891,152.34,Groceries,Rejected
ORD006892,OI006892,823.88,Snacks,Completed
ORD006893,OI006893,389.25,Fruits & Vegetables,Completed
ORD006894,OI006894,1691.32,Snacks,Completed
ORD006895,OI006895,1620.76,Bakery,Completed
ORD006896,OI006896,2344.31,Beverages,Rejected
ORD006897,OI006897,2010.48,Household,Rejected
ORD006898,OI006898,129.66,Dairy,Completed
ORD006899,OI006899,1975.2,Fruits & Vegetables,Rejected
ORD006900,OI006900,1669.66,Dairy,Completed
ORD006901,OI006901,2363.86,Baby Care,Completed
ORD006902,OI006902,163.22,Beverages,Completed
ORD006903,OI006903,1660.17,Bakery,Completed
ORD006904,OI006904,1770.48,Dairy,Cancelled
ORD006905,OI006905,668.64,Household,Completed
ORD006906,OI006906,2379.45,Fruits & Vegetables,Cancelled
ORD006907,OI006907,2094.11,Beverages,Cancelled
ORD006908,OI006908,2139.81,Baby Care,Completed
ORD006909,OI006909,1666.68,Beverages,Cancelled
ORD006910,OI006910,1740.83,Household,Completed
ORD006911,OI006911,763.07,Frozen Foods,Rejected
ORD006912,OI006912,733.36,Frozen Foods,Completed
ORD006913,OI006913,1019.29,Beverages,Completed
ORD006914,OI006914,926.82,Fruits & Vegetables,Completed
ORD006915,OI006915,945.48,Household,Completed
ORD006916,OI006916,1767.85,Bakery,Completed
ORD006917,OI006917,2185.98,Snacks,Cancelled
ORD006918,OI006918,2444.72,Dairy,Completed
ORD006919,OI006919,2192.82,Groceries,Completed
ORD006920,OI006920,1278.67,Beverages,Cancelled
ORD006921,OI006921,2118.72,Groceries,Cancelled
ORD006922,OI006922,623.25,Household,Cancelled
ORD006923,OI006923,1057.77,Frozen Foods,Completed
ORD006924,OI006924,483.03,Personal Care,Completed
ORD006925,OI006925,1054.37,Beverages,Cancelled
ORD006926,OI006926,2294.52,Dairy,Completed
ORD006927,OI006927,1098.87,Dairy,Completed
ORD006928,OI006928,2038.79,Groceries,Rejected
ORD006929,OI006929,627.8,Fruits & Vegetables,Completed
ORD006930,OI006930,923.13,Beverages,Completed
ORD006931,OI006931,2025.3,Baby Care,Completed
ORD006932,OI006932,722.72,Snacks,Completed
ORD006933,OI006933,2048.38,Frozen Foods,Completed
ORD006934,OI006934,649.5,Baby Care,Cancelled
ORD006935,OI006935,1669.82,Fruits & Vegetables,Completed
ORD006936,OI006936,1605.6,Bakery,Completed
ORD006937,OI006937,2226.24,Bakery,Completed
ORD006938,OI006938,1070.38,Beverages,Cancelled
ORD006939,OI006939,1038.95,Household,Completed
ORD006940,OI006940,1100.52,Baby Care,Rejected
ORD006941,OI006941,275.89,Personal Care,Cancelled
ORD006942,OI006942,2258.49,Frozen Foods,Rejected
ORD006943,OI006943,2073.92,Groceries,Completed
ORD006944,OI006944,2352.89,Household,Completed
ORD006945,OI006945,385.21,Bakery,Completed
ORD006946,OI006946,2202.35,Frozen Foods,Completed
ORD006947,OI006947,1866.06,Baby Care,Completed
ORD006948,OI006948,779.33,Snacks,Completed
ORD006949,OI006949,423.06,Fruits & Vegetables,Completed
ORD006950,OI006950,2286.77,Frozen Foods,Completed
ORD006951,OI006951,2251.58,Bakery,Completed
ORD006952,OI006952,2173.59,Bakery,Completed
ORD006953,OI006953,2209.34,Fruits & Vegetables,Completed
ORD006954,OI006954,629.09,Groceries,Completed
ORD006955,OI006955,1964.75,Snacks,Cancelled
ORD006956,OI006956,1412.7,Fruits & Vegetables,Cancelled
ORD006957,OI006957,109.46,Snacks,Completed
ORD006958,OI006958,405.6,Fruits & Vegetables,Completed
ORD006959,OI006959,127.27,Bakery,Rejected
ORD006960,OI006960,399.62,Beverages,Completed
ORD006961,OI006961,317.57,Groceries,Completed
ORD006962,OI006962,1290.4,Groceries,Completed
ORD006963,OI006963,738.21,Personal Care,Completed
ORD006964,OI006964,527.81,Fruits & Vegetables,Completed
ORD006965,OI006965,1235.48,Personal Care,Rejected
ORD006966,OI006966,611.08,Frozen Foods,Completed
ORD006967,OI006967,1939.28,Groceries,Completed
ORD006968,OI006968,834.65,Baby Care,Completed
ORD006969,OI006969,2142.05,Beverages,Completed
ORD006970,OI006970,669.51,Dairy,Completed
ORD006971,OI006971,2342.23,Snacks,Completed
ORD006972,OI006972,1787.32,Frozen Foods,Cancelled
ORD006973,OI006973,2287.69,Dairy,Cancelled
ORD006974,OI006974,1261.04,Personal Care,Completed
ORD006975,OI006975,195.65,Snacks,Completed
ORD006976,OI006976,1823.8,Fruits & Vegetables,Completed
ORD006977,OI006977,172.36,Personal Care,Completed
ORD006978,OI006978,2386.68,Dairy,Cancelled
ORD006979,OI006979,1652.63,Groceries,Completed
ORD006980,OI006980,610.98,Dairy,Cancelled
ORD006981,OI006981,2334.55,Bakery,Completed
ORD006982,OI006982,2393.78,Frozen Foods,Completed
ORD006983,OI006983,1491.23,Snacks,Completed
ORD006984,OI006984,2444.24,Household,Completed
ORD006985,OI006985,2426.11,Personal Care,Completed
ORD006986,OI006986,1520.14,Baby Care,Completed
ORD006987,OI006987,2386.65,Bakery,Rejected
ORD006988,OI006988,2175.13,Personal Care,Rejected
ORD006989,OI006989,2175.52,Snacks,Cancelled
ORD006990,OI006990,1822.99,Household,Completed
ORD006991,OI006991,1130.77,Frozen Foods,Completed
ORD006992,OI006992,186.24,Snacks,Completed
ORD006993,OI006993,2016.69,Groceries,Rejected
ORD006994,OI006994,1363.78,Household,Cancelled
ORD006995,OI006995,2333.18,Snacks,Completed
ORD006996,OI006996,1470.11,Fruits & Vegetables,Completed
ORD006997,OI006997,2087.79,Groceries,Completed
ORD006998,OI006998,1071.34,Bakery,Completed
ORD006999,OI006999,1414.81,Frozen Foods,Completed
ORD007000,OI007000,464.93,Dairy,Completed
ORD007001,OI007001,1961.09,Groceries,Completed
ORD007002,OI007002,379.9,Snacks,Rejected
ORD007003,OI007003,1139.07,Groceries,Rejected
ORD007004,OI007004,341.37,Frozen Foods,Completed
ORD007005,OI007005,250.08,Fruits & Vegetables,Completed
ORD007006,OI007006,551.79,Baby Care,Completed
ORD007007,OI007007,983.81,Snacks,Completed
ORD007008,OI007008,909.09,Bakery,Rejected
ORD007009,OI007009,196.54,Fruits & Vegetables,Completed
ORD007010,OI007010,1184.56,Bakery,Completed
ORD007011,OI007011,583.69,Baby Care,Completed
ORD007012,OI007012,2165.41,Beverages,Completed
ORD007013,OI007013,963.73,Groceries,Completed
ORD007014,OI007014,1310.04,Snacks,Completed
ORD007015,OI007015,1033.41,Baby Care,Rejected
ORD007016,OI007016,1234.55,Household,Completed
ORD007017,OI007017,1371.4,Snacks,Rejected
ORD007018,OI007018,2477.97,Baby Care,Cancelled
ORD007019,OI007019,1251.97,Frozen Foods,Completed
ORD008369,OI008369,1207.77,Personal Care,Rejected
ORD007021,OI007021,377.63,Bakery,Rejected
ORD007022,OI007022,1679.3,Household,Completed
ORD007023,OI007023,208.57,Baby Care,Cancelled
ORD007024,OI007024,1991.53,Beverages,Completed
ORD007025,OI007025,2120.3,Dairy,Rejected
ORD007026,OI007026,1519.06,Baby Care,Completed
ORD007027,OI007027,2254.11,Beverages,Cancelled
ORD007028,OI007028,1514.93,Baby Care,Completed
ORD007029,OI007029,835.24,Household,Rejected
ORD007030,OI007030,1684.74,Groceries,Cancelled
ORD007031,OI007031,565.84,Beverages,Completed
ORD007032,OI007032,1829.87,Beverages,Completed
ORD007033,OI007033,1919.88,Groceries,Cancelled
ORD007034,OI007034,595.46,Dairy,Rejected
ORD007035,OI007035,2210.02,Baby Care,Completed
ORD007036,OI007036,1727.49,Household,Completed
ORD007037,OI007037,443.37,Personal Care,Rejected
ORD007038,OI007038,1742.15,Beverages,Completed
ORD007039,OI007039,608.01,Snacks,Completed
ORD007040,OI007040,365.65,Groceries,Completed
ORD007041,OI007041,587.71,Dairy,Completed
ORD007042,OI007042,2316.96,Fruits & Vegetables,Completed
ORD007043,OI007043,1812.23,Household,Rejected
ORD007044,OI007044,288.65,Household,Completed
ORD007045,OI007045,1483.1,Frozen Foods,Completed
ORD007046,OI007046,781.64,Frozen Foods,Completed
ORD007047,OI007047,724.38,Baby Care,Completed
ORD007048,OI007048,1637.49,Frozen Foods,Completed
ORD007049,OI007049,912.92,Fruits & Vegetables,Completed
ORD007050,OI007050,2000.75,Dairy,Cancelled
ORD007051,OI007051,2410.94,Household,Rejected
ORD007052,OI007052,1939.16,Personal Care,Completed
ORD007053,OI007053,2320.27,Bakery,Completed
ORD007054,OI007054,1756.48,Groceries,Completed
ORD007055,OI007055,809.79,Baby Care,Completed
ORD007056,OI007056,2231.99,Dairy,Completed
ORD007057,OI007057,1600.13,Dairy,Rejected
ORD007058,OI007058,1903.29,Frozen Foods,Completed
ORD007059,OI007059,1795.46,Dairy,Completed
ORD007060,OI007060,1235.75,Dairy,Cancelled
ORD007061,OI007061,1266.65,Beverages,Rejected
ORD007062,OI007062,1406.09,Personal Care,Cancelled
ORD007063,OI007063,1258.2,Baby Care,Rejected
ORD007064,OI007064,2015.85,Dairy,Rejected
ORD007065,OI007065,269.5,Personal Care,Completed
ORD007066,OI007066,1748.46,Baby Care,Completed
ORD007067,OI007067,2365.15,Dairy,Completed
ORD007068,OI007068,1721.03,Dairy,Completed
ORD007069,OI007069,2401.77,Bakery,Cancelled
ORD007070,OI007070,1072.62,Groceries,Completed
ORD007071,OI007071,1296.82,Beverages,Completed
ORD007072,OI007072,1253.66,Groceries,Completed
ORD007073,OI007073,411.36,Groceries,Completed
ORD007074,OI007074,1887.61,Personal Care,Completed
ORD007075,OI007075,1910.2,Frozen Foods,Completed
ORD007076,OI007076,1028.16,Fruits & Vegetables,Rejected
ORD007077,OI007077,2298.36,Household,Completed
ORD007078,OI007078,2027.74,Personal Care,Completed
ORD007079,OI007079,669.03,Groceries,Completed
ORD007080,OI007080,1812.18,Frozen Foods,Cancelled
ORD007081,OI007081,895.43,Groceries,Completed
ORD007082,OI007082,1684.16,Fruits & Vegetables,Rejected
ORD007083,OI007083,1240.39,Fruits & Vegetables,Rejected
ORD007084,OI007084,2001.52,Bakery,Rejected
ORD007085,OI007085,1756.91,Dairy,Completed
ORD007086,OI007086,759.68,Dairy,Cancelled
ORD007087,OI007087,268.08,Household,Completed
ORD007088,OI007088,734.43,Fruits & Vegetables,Cancelled
ORD007089,OI007089,1408.49,Bakery,Completed
ORD007090,OI007090,2358.26,Fruits & Vegetables,Completed
ORD007091,OI007091,163.55,Bakery,Cancelled
ORD007092,OI007092,220.78,Personal Care,Completed
ORD007093,OI007093,300.07,Personal Care,Completed
ORD007094,OI007094,805.66,Bakery,Completed
ORD007095,OI007095,2322.37,Bakery,Completed
ORD007096,OI007096,1304.17,Fruits & Vegetables,Completed
ORD007097,OI007097,1468.86,Frozen Foods,Rejected
ORD007098,OI007098,653.02,Fruits & Vegetables,Completed
ORD007099,OI007099,1072.07,Snacks,Completed
ORD007100,OI007100,1359.54,Bakery,Completed
ORD007101,OI007101,1759.28,Personal Care,Completed
ORD007102,OI007102,1336.75,Beverages,Cancelled
ORD007103,OI007103,2068.8,Personal Care,Rejected
ORD007104,OI007104,2264.92,Personal Care,Cancelled
ORD007105,OI007105,874.61,Frozen Foods,Rejected
ORD007106,OI007106,404.41,Bakery,Completed
ORD007107,OI007107,1636.75,Dairy,Completed
ORD007108,OI007108,2010.09,Household,Completed
ORD007109,OI007109,328.72,Household,Completed
ORD007110,OI007110,1948.86,Household,Completed
ORD007111,OI007111,876.05,Bakery,Completed
ORD007112,OI007112,1414.06,Bakery,Completed
ORD007113,OI007113,1025.77,Household,Completed
ORD007114,OI007114,1632.58,Beverages,Rejected
ORD007115,OI007115,1123.94,Dairy,Completed
ORD007116,OI007116,1114.25,Household,Completed
ORD007117,OI007117,1225.4,Dairy,Rejected
ORD007118,OI007118,483.65,Household,Rejected
ORD007119,OI007119,2266.77,Beverages,Cancelled
ORD007120,OI007120,2149.98,Dairy,Rejected
ORD007121,OI007121,691.16,Dairy,Completed
ORD007122,OI007122,2110.76,Beverages,Completed
ORD007123,OI007123,1486.33,Groceries,Completed
ORD007124,OI007124,683.31,Snacks,Completed
ORD007125,OI007125,1435.48,Frozen Foods,Rejected
ORD007126,OI007126,667.81,Snacks,Completed
ORD007127,OI007127,1330.9,Beverages,Completed
ORD007128,OI007128,254.03,Household,Completed
ORD007129,OI007129,331.73,Dairy,Rejected
ORD007130,OI007130,873.41,Fruits & Vegetables,Completed
ORD007131,OI007131,1455.3,Groceries,Completed
ORD007132,OI007132,1810.5,Dairy,Completed
ORD007133,OI007133,967.42,Bakery,Completed
ORD007134,OI007134,2300.26,Snacks,Completed
ORD007135,OI007135,1670.16,Fruits & Vegetables,Completed
ORD007136,OI007136,2219.32,Personal Care,Rejected
ORD007137,OI007137,1445.26,Fruits & Vegetables,Completed
ORD007138,OI007138,515.07,Beverages,Completed
ORD007139,OI007139,732.84,Fruits & Vegetables,Completed
ORD007140,OI007140,1924.75,Household,Completed
ORD007141,OI007141,2219.29,Snacks,Cancelled
ORD007142,OI007142,1282.4,Fruits & Vegetables,Cancelled
ORD007143,OI007143,1879.46,Frozen Foods,Completed
ORD007144,OI007144,1120.79,Baby Care,Completed
ORD007145,OI007145,975.53,Baby Care,Cancelled
ORD007146,OI007146,254.77,Baby Care,Completed
ORD007147,OI007147,1423.81,Household,Cancelled
ORD007148,OI007148,1271.6,Groceries,Completed
ORD007149,OI007149,2340.92,Frozen Foods,Completed
ORD007150,OI007150,2474.13,Fruits & Vegetables,Completed
ORD007151,OI007151,1402.75,Beverages,Completed
ORD007152,OI007152,417.71,Frozen Foods,Completed
ORD007153,OI007153,2180.17,Frozen Foods,Rejected
ORD007154,OI007154,1951.2,Groceries,Cancelled
ORD007155,OI007155,1950.41,Groceries,Completed
ORD007156,OI007156,899.77,Beverages,Completed
ORD007157,OI007157,872.0,Groceries,Completed
ORD007158,OI007158,1936.35,Groceries,Completed
ORD007159,OI007159,307.24,Household,Completed
ORD007160,OI007160,2246.97,Frozen Foods,Completed
ORD007161,OI007161,425.98,Dairy,Completed
ORD007162,OI007162,261.55,Snacks,Rejected
ORD007163,OI007163,2300.55,Baby Care,Completed
ORD007164,OI007164,1768.17,Snacks,Completed
ORD007165,OI007165,1532.09,Beverages,Cancelled
ORD007166,OI007166,342.72,Groceries,Completed
ORD007167,OI007167,2143.8,Household,Completed
ORD007168,OI007168,2253.96,Household,Rejected
ORD007169,OI007169,628.92,Groceries,Cancelled
ORD007170,OI007170,705.24,Groceries,Cancelled
ORD007171,OI007171,1942.37,Personal Care,Rejected
ORD007172,OI007172,672.33,Beverages,Cancelled
ORD007173,OI007173,1827.22,Frozen Foods,Cancelled
ORD007174,OI007174,1576.82,Dairy,Rejected
ORD007175,OI007175,1626.7,Household,Completed
ORD007176,OI007176,2431.06,Dairy,Completed
ORD007177,OI007177,2182.35,Groceries,Completed
ORD007178,OI007178,916.56,Dairy,Rejected
ORD007179,OI007179,395.47,Baby Care,Completed
ORD007180,OI007180,331.08,Bakery,Completed
ORD007181,OI007181,1754.67,Household,Completed
ORD007182,OI007182,503.44,Frozen Foods,Cancelled
ORD007183,OI007183,928.89,Baby Care,Completed
ORD007184,OI007184,1229.09,Frozen Foods,Completed
ORD007185,OI007185,1703.37,Beverages,Completed
ORD007186,OI007186,1662.13,Dairy,Completed
ORD007187,OI007187,1279.35,Dairy,Completed
ORD007188,OI007188,1980.12,Bakery,Completed
ORD007189,OI007189,1801.75,Baby Care,Completed
ORD007190,OI007190,1266.42,Baby Care,Completed
ORD007191,OI007191,451.41,Bakery,Completed
ORD007192,OI007192,786.56,Personal Care,Completed
ORD007193,OI007193,219.18,Dairy,Rejected
ORD007194,OI007194,1398.78,Snacks,Cancelled
ORD007195,OI007195,2448.05,Beverages,Completed
ORD007196,OI007196,1951.64,Dairy,Rejected
ORD007197,OI007197,568.16,Groceries,Completed
ORD007198,OI007198,1375.79,Snacks,Completed
ORD007199,OI007199,1998.9,Personal Care,Completed
ORD007200,OI007200,632.69,Baby Care,Cancelled
ORD007201,OI007201,345.52,Fruits & Vegetables,Rejected
ORD007202,OI007202,1650.79,Fruits & Vegetables,Rejected
ORD007203,OI007203,223.74,Baby Care,Completed
ORD007204,OI007204,2447.29,Bakery,Cancelled
ORD007205,OI007205,106.74,Household,Completed
ORD007206,OI007206,1188.79,Fruits & Vegetables,Completed
ORD007207,OI007207,129.78,Groceries,Completed
ORD007208,OI007208,462.62,Household,Cancelled
ORD007209,OI007209,212.16,Baby Care,Cancelled
ORD007210,OI007210,1248.81,Dairy,Completed
ORD007211,OI007211,1465.69,Baby Care,Completed
ORD007212,OI007212,2343.69,Dairy,Completed
ORD007213,OI007213,1645.84,Frozen Foods,Completed
ORD007214,OI007214,2162.26,Beverages,Cancelled
ORD007215,OI007215,1986.02,Fruits & Vegetables,Completed
ORD007216,OI007216,1856.66,Household,Completed
ORD007217,OI007217,1953.67,Household,Completed
ORD007218,OI007218,1558.85,Groceries,Completed
ORD007219,OI007219,2383.13,Personal Care,Rejected
ORD007220,OI007220,381.59,Bakery,Completed
ORD007221,OI007221,1566.57,Bakery,Completed
ORD007222,OI007222,2139.01,Groceries,Completed
ORD007223,OI007223,584.4,Baby Care,Completed
ORD007224,OI007224,1159.47,Snacks,Cancelled
ORD007225,OI007225,1749.18,Bakery,Completed
ORD007226,OI007226,2241.59,Beverages,Rejected
ORD007227,OI007227,1301.13,Bakery,Rejected
ORD007228,OI007228,1437.77,Dairy,Completed
ORD007229,OI007229,575.99,Beverages,Completed
ORD007230,OI007230,870.07,Dairy,Completed
ORD007231,OI007231,965.13,Household,Rejected
ORD007232,OI007232,1033.93,Groceries,Completed
ORD007233,OI007233,594.0,Household,Completed
ORD007234,OI007234,1893.08,Dairy,Completed
ORD007235,OI007235,2104.66,Personal Care,Completed
ORD007236,OI007236,2236.99,Snacks,Cancelled
ORD007237,OI007237,1713.73,Groceries,Completed
ORD007238,OI007238,2075.46,Bakery,Completed
ORD007239,OI007239,406.25,Household,Completed
ORD007240,OI007240,1285.17,Frozen Foods,Cancelled
ORD007241,OI007241,1011.92,Snacks,Rejected
ORD007242,OI007242,2437.97,Snacks,Completed
ORD007243,OI007243,947.31,Beverages,Completed
ORD007244,OI007244,1177.61,Frozen Foods,Completed
ORD007245,OI007245,774.84,Beverages,Rejected
ORD007246,OI007246,1822.61,Fruits & Vegetables,Completed
ORD007247,OI007247,208.18,Groceries,Completed
ORD007248,OI007248,1103.83,Fruits & Vegetables,Rejected
ORD007249,OI007249,2005.1,Baby Care,Completed
ORD007250,OI007250,661.65,Frozen Foods,Cancelled
ORD007251,OI007251,771.76,Personal Care,Completed
ORD007252,OI007252,1732.2,Dairy,Completed
ORD007253,OI007253,1454.89,Fruits & Vegetables,Rejected
ORD007254,OI007254,1219.31,Groceries,Rejected
ORD007255,OI007255,594.25,Fruits & Vegetables,Completed
ORD007256,OI007256,1273.78,Frozen Foods,Cancelled
ORD007257,OI007257,1062.63,Personal Care,Rejected
ORD007258,OI007258,1438.87,Household,Rejected
ORD007259,OI007259,120.19,Beverages,Completed
ORD007260,OI007260,391.27,Frozen Foods,Cancelled
ORD007261,OI007261,598.23,Household,Completed
ORD007262,OI007262,1512.89,Bakery,Cancelled
ORD007263,OI007263,1198.87,Frozen Foods,Completed
ORD007264,OI007264,2096.0,Baby Care,Completed
ORD007265,OI007265,1182.34,Personal Care,Cancelled
ORD007266,OI007266,738.43,Bakery,Completed
ORD007267,OI007267,1410.08,Beverages,Completed
ORD007268,OI007268,287.78,Beverages,Rejected
ORD007269,OI007269,1391.47,Household,Cancelled
ORD007270,OI007270,271.73,Groceries,Completed
ORD007271,OI007271,1104.32,Snacks,Completed
ORD007272,OI007272,1496.04,Baby Care,Completed
ORD007273,OI007273,563.22,Dairy,Completed
ORD007274,OI007274,1185.18,Beverages,Rejected
ORD007275,OI007275,2134.34,Dairy,Completed
ORD007276,OI007276,834.58,Personal Care,Completed
ORD007277,OI007277,354.95,Groceries,Cancelled
ORD007278,OI007278,479.61,Groceries,Completed
ORD007279,OI007279,2108.28,Fruits & Vegetables,Completed
ORD007280,OI007280,573.86,Baby Care,Completed
ORD007281,OI007281,970.75,Snacks,Completed
ORD007282,OI007282,2429.12,Household,Completed
ORD007283,OI007283,1868.47,Baby Care,Cancelled
ORD007284,OI007284,2262.03,Groceries,Completed
ORD007285,OI007285,1540.74,Personal Care,Completed
ORD007286,OI007286,2067.29,Personal Care,Cancelled
ORD007287,OI007287,1751.39,Baby Care,Rejected
ORD007288,OI007288,455.11,Snacks,Cancelled
ORD007289,OI007289,2335.75,Groceries,Cancelled
ORD007290,OI007290,2314.42,Fruits & Vegetables,Completed
ORD007291,OI007291,2025.18,Snacks,Completed
ORD007292,OI007292,518.63,Bakery,Rejected
ORD007293,OI007293,1348.23,Dairy,Completed
ORD007294,OI007294,1494.17,Household,Completed
ORD007295,OI007295,501.22,Beverages,Completed
ORD007296,OI007296,820.43,Dairy,Completed
ORD007297,OI007297,573.31,Frozen Foods,Completed
ORD007298,OI007298,473.05,Personal Care,Completed
ORD007299,OI007299,649.25,Groceries,Completed
ORD007300,OI007300,1487.62,Dairy,Rejected
ORD007301,OI007301,1069.64,Snacks,Cancelled
ORD007302,OI007302,1290.92,Fruits & Vegetables,Completed
ORD007303,OI007303,1446.55,Personal Care,Rejected
ORD007304,OI007304,1872.06,Fruits & Vegetables,Rejected
ORD007305,OI007305,924.85,Personal Care,Cancelled
ORD007306,OI007306,637.23,Dairy,Completed
ORD007307,OI007307,1487.14,Household,Completed
ORD007308,OI007308,2035.37,Groceries,Cancelled
ORD007309,OI007309,1792.92,Fruits & Vegetables,Completed
ORD007310,OI007310,766.55,Fruits & Vegetables,Rejected
ORD007311,OI007311,1537.38,Beverages,Completed
ORD007312,OI007312,1604.65,Fruits & Vegetables,Completed
ORD007313,OI007313,664.49,Dairy,Cancelled
ORD007314,OI007314,986.84,Groceries,Completed
ORD007315,OI007315,1626.32,Groceries,Completed
ORD007316,OI007316,757.04,Dairy,Completed
ORD007317,OI007317,1846.17,Groceries,Completed
ORD007318,OI007318,306.91,Household,Cancelled
ORD007319,OI007319,2177.62,Bakery,Completed
ORD007320,OI007320,909.46,Bakery,Completed
ORD007321,OI007321,1232.76,Household,Completed
ORD007322,OI007322,599.6,Personal Care,Completed
ORD007323,OI007323,413.09,Beverages,Completed
ORD007324,OI007324,1804.62,Groceries,Completed
ORD007325,OI007325,2272.47,Dairy,Completed
ORD007326,OI007326,2455.01,Household,Completed
ORD007327,OI007327,1026.37,Frozen Foods,Cancelled
ORD007328,OI007328,738.54,Baby Care,Cancelled
ORD007329,OI007329,915.89,Groceries,Completed
ORD007330,OI007330,679.94,Fruits & Vegetables,Completed
ORD007331,OI007331,2325.85,Bakery,Completed
ORD007332,OI007332,2126.58,Personal Care,Completed
ORD007333,OI007333,2406.1,Household,Cancelled
ORD007334,OI007334,2478.55,Dairy,Completed
ORD007335,OI007335,2079.65,Baby Care,Completed
ORD007336,OI007336,2375.68,Frozen Foods,Completed
ORD007337,OI007337,1401.99,Beverages,Rejected
ORD007338,OI007338,901.42,Household,Cancelled
ORD007339,OI007339,354.38,Household,Completed
ORD007340,OI007340,1144.5,Groceries,Completed
ORD007341,OI007341,387.35,Frozen Foods,Completed
ORD007342,OI007342,119.22,Groceries,Completed
ORD007343,OI007343,378.55,Dairy,Completed
ORD007344,OI007344,142.0,Fruits & Vegetables,Rejected
ORD007345,OI007345,405.71,Dairy,Completed
ORD007346,OI007346,2106.33,Baby Care,Completed
ORD007347,OI007347,131.42,Household,Completed
ORD007348,OI007348,2216.94,Snacks,Cancelled
ORD007349,OI007349,2267.2,Personal Care,Completed
ORD007350,OI007350,1710.33,Snacks,Cancelled
ORD007351,OI007351,1903.2,Frozen Foods,Completed
ORD007352,OI007352,188.22,Bakery,Cancelled
ORD007353,OI007353,1101.58,Personal Care,Completed
ORD007354,OI007354,289.97,Frozen Foods,Completed
ORD007355,OI007355,1912.41,Personal Care,Rejected
ORD007356,OI007356,1324.08,Groceries,Rejected
ORD007357,OI007357,462.08,Dairy,Completed
ORD007358,OI007358,974.31,Baby Care,Completed
ORD007359,OI007359,602.79,Fruits & Vegetables,Rejected
ORD007360,OI007360,1403.99,Baby Care,Completed
ORD007361,OI007361,854.78,Snacks,Completed
ORD007362,OI007362,1647.19,Beverages,Completed
ORD007363,OI007363,949.38,Bakery,Completed
ORD007364,OI007364,606.01,Dairy,Completed
ORD007365,OI007365,1554.63,Snacks,Completed
ORD007366,OI007366,1654.38,Personal Care,Completed
ORD007367,OI007367,1984.7,Fruits & Vegetables,Cancelled
ORD007368,OI007368,1651.46,Snacks,Cancelled
ORD007369,OI007369,775.51,Snacks,Completed
ORD007370,OI007370,820.92,Frozen Foods,Completed
ORD007371,OI007371,694.7,Fruits & Vegetables,Completed
ORD007372,OI007372,1590.87,Groceries,Completed
ORD007373,OI007373,431.3,Fruits & Vegetables,Completed
ORD007374,OI007374,2182.45,Household,Rejected
ORD007375,OI007375,786.49,Groceries,Rejected
ORD007376,OI007376,1356.08,Snacks,Completed
ORD007377,OI007377,987.46,Beverages,Completed
ORD007378,OI007378,1623.84,Groceries,Completed
ORD007379,OI007379,938.4,Groceries,Completed
ORD007380,OI007380,581.86,Bakery,Completed
ORD007381,OI007381,1234.09,Baby Care,Completed
ORD007382,OI007382,1665.41,Baby Care,Completed
ORD007383,OI007383,382.88,Baby Care,Completed
ORD007384,OI007384,2373.2,Fruits & Vegetables,Completed
ORD007385,OI007385,1870.97,Snacks,Rejected
ORD007386,OI007386,1000.2,Personal Care,Rejected
ORD007387,OI007387,2286.79,Fruits & Vegetables,Completed
ORD007388,OI007388,1678.97,Fruits & Vegetables,Cancelled
ORD007389,OI007389,2101.87,Snacks,Completed
ORD007390,OI007390,571.57,Fruits & Vegetables,Completed
ORD007391,OI007391,1408.27,Fruits & Vegetables,Completed
ORD007392,OI007392,1157.18,Groceries,Completed
ORD007393,OI007393,170.28,Fruits & Vegetables,Completed
ORD007394,OI007394,1480.86,Dairy,Cancelled
ORD007395,OI007395,703.56,Household,Completed
ORD007396,OI007396,1164.08,Beverages,Completed
ORD007397,OI007397,1580.67,Groceries,Completed
ORD007398,OI007398,552.04,Frozen Foods,Completed
ORD007399,OI007399,2198.99,Dairy,Rejected
ORD007400,OI007400,2258.32,Snacks,Completed
ORD007401,OI007401,2385.11,Snacks,Completed
ORD007402,OI007402,1129.42,Bakery,Completed
ORD007403,OI007403,844.57,Personal Care,Completed
ORD007404,OI007404,196.81,Dairy,Rejected
ORD007405,OI007405,808.76,Baby Care,Completed
ORD007406,OI007406,1240.73,Bakery,Rejected
ORD007407,OI007407,745.59,Bakery,Completed
ORD007408,OI007408,805.41,Frozen Foods,Completed
ORD007409,OI007409,1855.4,Household,Completed
ORD007410,OI007410,1599.41,Groceries,Completed
ORD007411,OI007411,594.08,Frozen Foods,Completed
ORD007412,OI007412,2277.0,Baby Care,Rejected
ORD007413,OI007413,1196.9,Frozen Foods,Completed
ORD007414,OI007414,2453.05,Beverages,Completed
ORD007415,OI007415,1180.31,Baby Care,Rejected
ORD007416,OI007416,1334.99,Fruits & Vegetables,Completed
ORD007417,OI007417,1895.89,Frozen Foods,Cancelled
ORD007418,OI007418,596.92,Household,Rejected
ORD007419,OI007419,577.35,Personal Care,Rejected
ORD007420,OI007420,220.31,Dairy,Completed
ORD007421,OI007421,1710.91,Frozen Foods,Completed
ORD007422,OI007422,472.61,Snacks,Completed
ORD007423,OI007423,814.3,Personal Care,Completed
ORD007424,OI007424,424.38,Groceries,Completed
ORD007425,OI007425,1705.49,Beverages,Completed
ORD007426,OI007426,189.39,Dairy,Completed
ORD007427,OI007427,1646.59,Dairy,Rejected
ORD007428,OI007428,1102.14,Baby Care,Completed
ORD007429,OI007429,1985.89,Fruits & Vegetables,Completed
ORD007430,OI007430,1278.77,Snacks,Completed
ORD007431,OI007431,2073.63,Groceries,Completed
ORD007432,OI007432,277.17,Personal Care,Completed
ORD007433,OI007433,2295.43,Snacks,Completed
ORD007434,OI007434,1811.28,Household,Rejected
ORD007435,OI007435,197.91,Frozen Foods,Completed
ORD008020,OI008020,1185.82,Fruits & Vegetables,Rejected
ORD007437,OI007437,1660.3,Household,Cancelled
ORD007438,OI007438,2165.51,Groceries,Completed
ORD007439,OI007439,405.25,Beverages,Completed
ORD007440,OI007440,1411.7,Household,Rejected
ORD007441,OI007441,1258.93,Bakery,Completed
ORD007442,OI007442,542.03,Beverages,Completed
ORD007443,OI007443,256.01,Dairy,Rejected
ORD007444,OI007444,1718.96,Dairy,Completed
ORD007445,OI007445,1205.18,Dairy,Completed
ORD007446,OI007446,810.02,Bakery,Completed
ORD007447,OI007447,2406.14,Household,Rejected
ORD007448,OI007448,1781.71,Personal Care,Completed
ORD007449,OI007449,247.41,Bakery,Completed
ORD007450,OI007450,2125.48,Groceries,Completed
ORD007451,OI007451,2392.0,Personal Care,Completed
ORD007452,OI007452,668.21,Dairy,Completed
ORD007453,OI007453,265.49,Beverages,Completed
ORD007454,OI007454,292.21,Bakery,Completed
ORD007455,OI007455,1499.54,Snacks,Completed
ORD007456,OI007456,1629.06,Bakery,Completed
ORD007457,OI007457,2408.92,Household,Cancelled
ORD007458,OI007458,1405.35,Baby Care,Completed
ORD007459,OI007459,1286.98,Fruits & Vegetables,Completed
ORD007460,OI007460,1415.6,Household,Completed
ORD007461,OI007461,1555.07,Beverages,Cancelled
ORD007462,OI007462,1733.93,Groceries,Completed
ORD007463,OI007463,1772.15,Groceries,Rejected
ORD007464,OI007464,2304.08,Baby Care,Rejected
ORD007465,OI007465,1148.72,Snacks,Completed
ORD007466,OI007466,742.8,Personal Care,Completed
ORD007467,OI007467,2473.6,Baby Care,Completed
ORD007468,OI007468,216.25,Fruits & Vegetables,Completed
ORD007469,OI007469,1230.64,Dairy,Rejected
ORD007470,OI007470,976.58,Household,Completed
ORD007471,OI007471,1438.66,Household,Completed
ORD007472,OI007472,1591.85,Snacks,Completed
ORD007473,OI007473,2053.2,Snacks,Completed
ORD007474,OI007474,1550.48,Frozen Foods,Completed
ORD007475,OI007475,731.18,Groceries,Completed
ORD007476,OI007476,2259.12,Personal Care,Completed
ORD007477,OI007477,162.43,Household,Completed
ORD007478,OI007478,2030.65,Bakery,Completed
ORD007479,OI007479,853.69,Frozen Foods,Cancelled
ORD007480,OI007480,592.04,Dairy,Cancelled
ORD007481,OI007481,985.53,Bakery,Cancelled
ORD007482,OI007482,926.35,Frozen Foods,Completed
ORD007483,OI007483,542.94,Household,Completed
ORD007484,OI007484,2312.47,Groceries,Completed
ORD007485,OI007485,1390.61,Beverages,Completed
ORD007486,OI007486,819.55,Fruits & Vegetables,Completed
ORD007487,OI007487,1522.42,Fruits & Vegetables,Completed
ORD007488,OI007488,540.38,Baby Care,Completed
ORD007489,OI007489,2472.09,Snacks,Completed
ORD007490,OI007490,2183.67,Bakery,Completed
ORD007491,OI007491,1262.73,Personal Care,Rejected
ORD007492,OI007492,666.63,Beverages,Completed
ORD007493,OI007493,1224.62,Baby Care,Completed
ORD007494,OI007494,1269.13,Baby Care,Completed
ORD007495,OI007495,886.1,Snacks,Cancelled
ORD007496,OI007496,130.87,Household,Completed
ORD007497,OI007497,1424.01,Beverages,Cancelled
ORD007498,OI007498,477.73,Frozen Foods,Cancelled
ORD007499,OI007499,2393.02,Personal Care,Cancelled
ORD007500,OI007500,1455.2,Snacks,Completed
ORD007501,OI007501,2389.94,Snacks,Rejected
ORD007502,OI007502,1992.59,Dairy,Completed
ORD007503,OI007503,444.41,Personal Care,Completed
ORD007504,OI007504,1440.42,Household,Completed
ORD007505,OI007505,1050.09,Household,Rejected
ORD007506,OI007506,2240.16,Beverages,Completed
ORD007507,OI007507,763.65,Frozen Foods,Completed
ORD007508,OI007508,2389.18,Baby Care,Cancelled
ORD007509,OI007509,1857.84,Snacks,Rejected
ORD007510,OI007510,290.26,Fruits & Vegetables,Completed
ORD007511,OI007511,1158.58,Personal Care,Completed
ORD007512,OI007512,2432.98,Snacks,Completed
ORD007513,OI007513,2413.45,Fruits & Vegetables,Cancelled
ORD007514,OI007514,1814.56,Household,Completed
ORD007515,OI007515,432.98,Fruits & Vegetables,Completed
ORD007516,OI007516,2295.51,Baby Care,Cancelled
ORD007517,OI007517,2374.44,Dairy,Completed
ORD007518,OI007518,2346.8,Baby Care,Completed
ORD007519,OI007519,2197.6,Beverages,Rejected
ORD007520,OI007520,893.73,Frozen Foods,Cancelled
ORD007521,OI007521,1833.68,Groceries,Cancelled
ORD007522,OI007522,2391.63,Groceries,Completed
ORD007523,OI007523,2387.03,Frozen Foods,Cancelled
ORD007524,OI007524,269.27,Baby Care,Completed
ORD007525,OI007525,1666.87,Groceries,Completed
ORD007526,OI007526,2095.28,Snacks,Cancelled
ORD007527,OI007527,308.15,Groceries,Completed
ORD007528,OI007528,694.33,Bakery,Cancelled
ORD007529,OI007529,1482.2,Groceries,Completed
ORD007530,OI007530,1121.23,Fruits & Vegetables,Completed
ORD007531,OI007531,1796.55,Personal Care,Rejected
ORD007532,OI007532,649.4,Bakery,Completed
ORD007533,OI007533,1234.06,Personal Care,Completed
ORD007534,OI007534,2374.17,Baby Care,Completed
ORD007535,OI007535,1088.72,Personal Care,Completed
ORD007536,OI007536,1798.18,Fruits & Vegetables,Completed
ORD007537,OI007537,342.93,Groceries,Completed
ORD007538,OI007538,1350.52,Beverages,Cancelled
ORD007539,OI007539,882.82,Fruits & Vegetables,Completed
ORD007540,OI007540,754.32,Fruits & Vegetables,Completed
ORD007541,OI007541,1416.19,Personal Care,Rejected
ORD007542,OI007542,1461.06,Snacks,Cancelled
ORD007543,OI007543,2091.06,Dairy,Completed
ORD007544,OI007544,145.52,Groceries,Cancelled
ORD007545,OI007545,1514.93,Personal Care,Cancelled
ORD007546,OI007546,853.41,Dairy,Cancelled
ORD007547,OI007547,400.5,Groceries,Rejected
ORD007548,OI007548,856.66,Dairy,Completed
ORD007549,OI007549,2245.27,Personal Care,Completed
ORD007550,OI007550,521.89,Snacks,Completed
ORD007551,OI007551,1760.25,Fruits & Vegetables,Completed
ORD007552,OI007552,1182.04,Snacks,Cancelled
ORD007553,OI007553,833.38,Frozen Foods,Completed
ORD007554,OI007554,157.28,Bakery,Cancelled
ORD007555,OI007555,1627.95,Household,Rejected
ORD007556,OI007556,2455.46,Snacks,Completed
ORD007557,OI007557,542.13,Beverages,Completed
ORD007558,OI007558,1932.99,Groceries,Cancelled
ORD007559,OI007559,616.92,Baby Care,Rejected
ORD007560,OI007560,683.3,Dairy,Completed
ORD007561,OI007561,2056.84,Household,Cancelled
ORD007562,OI007562,866.13,Beverages,Completed
ORD007563,OI007563,1763.2,Fruits & Vegetables,Completed
ORD007564,OI007564,1727.87,Beverages,Cancelled
ORD007565,OI007565,1683.86,Groceries,Completed
ORD007566,OI007566,422.04,Snacks,Completed
ORD007567,OI007567,706.32,Dairy,Completed
ORD007568,OI007568,2053.31,Frozen Foods,Completed
ORD007569,OI007569,2446.47,Bakery,Completed
ORD007570,OI007570,1485.95,Dairy,Completed
ORD007571,OI007571,406.85,Groceries,Rejected
ORD007572,OI007572,187.37,Personal Care,Rejected
ORD007573,OI007573,248.93,Baby Care,Completed
ORD007574,OI007574,2299.22,Baby Care,Completed
ORD007575,OI007575,1001.61,Personal Care,Completed
ORD007576,OI007576,1498.96,Frozen Foods,Completed
ORD007577,OI007577,799.2,Baby Care,Completed
ORD007578,OI007578,1762.53,Personal Care,Completed
ORD007579,OI007579,587.24,Fruits & Vegetables,Completed
ORD007580,OI007580,956.51,Baby Care,Completed
ORD007581,OI007581,2025.61,Household,Completed
ORD007582,OI007582,1983.67,Dairy,Completed
ORD007583,OI007583,896.62,Household,Completed
ORD007584,OI007584,457.07,Personal Care,Completed
ORD007585,OI007585,158.94,Fruits & Vegetables,Completed
ORD007586,OI007586,1089.75,Dairy,Completed
ORD007587,OI007587,2292.78,Dairy,Completed
ORD007588,OI007588,2148.47,Bakery,Completed
ORD007589,OI007589,348.67,Bakery,Rejected
ORD007590,OI007590,1347.45,Personal Care,Completed
ORD007591,OI007591,347.37,Dairy,Completed
ORD007592,OI007592,493.82,Dairy,Completed
ORD007593,OI007593,396.58,Snacks,Completed
ORD007594,OI007594,1557.81,Dairy,Cancelled
ORD007595,OI007595,2388.81,Frozen Foods,Cancelled
ORD007596,OI007596,422.69,Dairy,Completed
ORD007597,OI007597,1826.01,Dairy,Completed
ORD007598,OI007598,1508.36,Groceries,Completed
ORD007599,OI007599,857.34,Baby Care,Completed
ORD007600,OI007600,1353.75,Bakery,Cancelled
ORD007601,OI007601,1002.43,Dairy,Completed
ORD007602,OI007602,208.31,Bakery,Completed
ORD007603,OI007603,958.45,Beverages,Completed
ORD007604,OI007604,2354.95,Dairy,Completed
ORD007605,OI007605,842.12,Dairy,Rejected
ORD007606,OI007606,1255.77,Personal Care,Completed
ORD007607,OI007607,877.56,Personal Care,Completed
ORD007608,OI007608,761.98,Frozen Foods,Completed
ORD007609,OI007609,1894.41,Frozen Foods,Completed
ORD007610,OI007610,1907.2,Household,Rejected
ORD007611,OI007611,2012.6,Fruits & Vegetables,Completed
ORD007612,OI007612,2054.18,Snacks,Completed
ORD007613,OI007613,103.35,Personal Care,Completed
ORD007614,OI007614,2339.45,Fruits & Vegetables,Completed
ORD007615,OI007615,1287.21,Bakery,Completed
ORD007616,OI007616,1561.3,Household,Completed
ORD007617,OI007617,242.61,Personal Care,Completed
ORD007618,OI007618,1222.9,Groceries,Completed
ORD007619,OI007619,163.74,Bakery,Completed
ORD007620,OI007620,1438.62,Household,Completed
ORD007621,OI007621,2297.55,Groceries,Completed
ORD007622,OI007622,1878.65,Dairy,Completed
ORD007623,OI007623,235.03,Bakery,Rejected
ORD007624,OI007624,1574.18,Bakery,Cancelled
ORD007625,OI007625,1878.93,Baby Care,Completed
ORD007626,OI007626,1639.95,Baby Care,Completed
ORD007627,OI007627,1589.8,Personal Care,Rejected
ORD007628,OI007628,2214.02,Dairy,Cancelled
ORD007629,OI007629,983.58,Baby Care,Rejected
ORD007630,OI007630,993.02,Beverages,Completed
ORD007631,OI007631,271.37,Snacks,Completed
ORD007632,OI007632,1820.66,Dairy,Completed
ORD007633,OI007633,172.03,Beverages,Cancelled
ORD007634,OI007634,2471.81,Frozen Foods,Rejected
ORD007635,OI007635,2468.3,Frozen Foods,Completed
ORD007636,OI007636,1679.46,Bakery,Rejected
ORD007637,OI007637,2480.6,Baby Care,Completed
ORD007638,OI007638,1287.89,Fruits & Vegetables,Completed
ORD007639,OI007639,2306.74,Personal Care,Cancelled
ORD007640,OI007640,2233.12,Dairy,Cancelled
ORD007641,OI007641,850.77,Beverages,Completed
ORD007642,OI007642,1602.54,Bakery,Completed
ORD007643,OI007643,1803.79,Groceries,Completed
ORD007644,OI007644,1033.77,Snacks,Cancelled
ORD007645,OI007645,1091.88,Household,Completed
ORD007646,OI007646,1815.94,Dairy,Completed
ORD007647,OI007647,535.93,Beverages,Cancelled
ORD007648,OI007648,1169.09,Dairy,Completed
ORD007649,OI007649,512.58,Beverages,Completed
ORD007650,OI007650,522.09,Bakery,Cancelled
ORD007651,OI007651,461.74,Snacks,Completed
ORD007652,OI007652,1583.78,Frozen Foods,Completed
ORD007653,OI007653,2143.65,Baby Care,Completed
ORD007654,OI007654,1188.92,Household,Completed
ORD007655,OI007655,575.95,Dairy,Completed
ORD007656,OI007656,1388.03,Baby Care,Completed
ORD007657,OI007657,295.27,Fruits & Vegetables,Rejected
ORD007658,OI007658,2258.16,Beverages,Completed
ORD007659,OI007659,2311.43,Dairy,Rejected
ORD007660,OI007660,1000.57,Groceries,Completed
ORD007661,OI007661,2330.38,Dairy,Rejected
ORD007662,OI007662,1940.6,Snacks,Completed
ORD007663,OI007663,1443.63,Groceries,Cancelled
ORD007664,OI007664,2283.69,Household,Completed
ORD007665,OI007665,1213.19,Personal Care,Completed
ORD007666,OI007666,335.59,Snacks,Rejected
ORD007667,OI007667,2231.56,Groceries,Completed
ORD007668,OI007668,1280.87,Frozen Foods,Completed
ORD007669,OI007669,1337.08,Baby Care,Rejected
ORD007670,OI007670,1185.37,Household,Rejected
ORD007671,OI007671,373.38,Snacks,Completed
ORD007672,OI007672,1297.15,Groceries,Completed
ORD007673,OI007673,1454.0,Dairy,Rejected
ORD007674,OI007674,1095.9,Frozen Foods,Completed
ORD007675,OI007675,385.77,Household,Completed
ORD007676,OI007676,2374.3,Personal Care,Completed
ORD007677,OI007677,2086.79,Dairy,Completed
ORD007678,OI007678,2235.95,Snacks,Completed
ORD007679,OI007679,874.42,Personal Care,Completed
ORD007680,OI007680,995.49,Beverages,Completed
ORD007681,OI007681,1970.77,Groceries,Completed
ORD007682,OI007682,1514.23,Dairy,Cancelled
ORD007683,OI007683,522.91,Bakery,Completed
ORD007684,OI007684,1165.85,Frozen Foods,Cancelled
ORD007685,OI007685,1715.54,Baby Care,Completed
ORD007686,OI007686,481.26,Beverages,Completed
ORD007687,OI007687,224.12,Dairy,Completed
ORD007688,OI007688,1839.76,Frozen Foods,Completed
ORD007689,OI007689,1742.95,Dairy,Cancelled
ORD007690,OI007690,956.26,Beverages,Completed
ORD007691,OI007691,1311.65,Fruits & Vegetables,Completed
ORD007692,OI007692,1298.92,Fruits & Vegetables,completed
ORD007693,OI007693,2359.84,Frozen Foods,Completed
ORD007694,OI007694,1785.57,Bakery,Rejected
ORD007695,OI007695,820.49,Baby Care,Rejected
ORD007696,OI007696,1983.67,Personal Care,Completed
ORD007697,OI007697,1799.34,Household,Completed
ORD007698,OI007698,745.7,Household,Completed
ORD007699,OI007699,1592.77,Bakery,Completed
ORD007700,OI007700,875.81,Frozen Foods,Completed
ORD007701,OI007701,112.08,Bakery,Completed
ORD007702,OI007702,1060.1,Groceries,Completed
ORD007703,OI007703,1465.05,Fruits & Vegetables,Completed
ORD007704,OI007704,1129.9,Frozen Foods,Completed
ORD007705,OI007705,532.27,Frozen Foods,Completed
ORD007706,OI007706,1392.83,Fruits & Vegetables,Completed
ORD007707,OI007707,1909.04,Fruits & Vegetables,Rejected
ORD007708,OI007708,1454.12,Household,Completed
ORD007709,OI007709,1388.32,Bakery,Rejected
ORD007710,OI007710,701.48,Baby Care,Completed
ORD007711,OI007711,776.13,Groceries,Completed
ORD007712,OI007712,2249.93,Fruits & Vegetables,Completed
ORD007713,OI007713,480.73,Dairy,Completed
ORD007714,OI007714,485.82,Household,Rejected
ORD007715,OI007715,2205.97,Fruits & Vegetables,Completed
ORD007716,OI007716,649.89,Groceries,Completed
ORD007717,OI007717,312.81,Baby Care,Completed
ORD007718,OI007718,300.42,Fruits & Vegetables,Completed
ORD007719,OI007719,1134.25,Baby Care,Completed
ORD007720,OI007720,1918.54,Dairy,Cancelled
ORD007721,OI007721,1066.29,Personal Care,Completed
ORD007722,OI007722,804.13,Frozen Foods,Completed
ORD007723,OI007723,1858.98,Personal Care,Rejected
ORD007724,OI007724,1703.16,Frozen Foods,Completed
ORD007725,OI007725,1242.8,Beverages,Cancelled
ORD007726,OI007726,595.19,Frozen Foods,Completed
ORD007727,OI007727,1829.85,Snacks,Completed
ORD007728,OI007728,1168.01,Baby Care,Rejected
ORD007729,OI007729,1252.85,Groceries,Rejected
ORD007730,OI007730,1050.82,Snacks,Completed
ORD007731,OI007731,128.28,Snacks,Rejected
ORD007732,OI007732,1818.84,Beverages,Cancelled
ORD007733,OI007733,1387.88,Beverages,Rejected
ORD007734,OI007734,785.39,Personal Care,Cancelled
ORD007735,OI007735,1205.11,Groceries,Rejected
ORD007736,OI007736,1972.75,Personal Care,Completed
ORD007737,OI007737,813.77,Dairy,Completed
ORD007738,OI007738,1575.57,Frozen Foods,Completed
ORD007739,OI007739,2218.58,Baby Care,Completed
ORD007740,OI007740,845.55,Personal Care,Completed
ORD007741,OI007741,2454.41,Frozen Foods,Completed
ORD007742,OI007742,1909.23,Dairy,Completed
ORD007743,OI007743,797.23,Baby Care,Completed
ORD007744,OI007744,960.81,Fruits & Vegetables,Completed
ORD007745,OI007745,2029.28,Frozen Foods,Rejected
ORD007746,OI007746,1046.27,Household,Completed
ORD007747,OI007747,349.7,Personal Care,Rejected
ORD007748,OI007748,284.57,Frozen Foods,Cancelled
ORD007749,OI007749,1417.06,Beverages,Cancelled
ORD007750,OI007750,1226.52,Bakery,Cancelled
ORD007751,OI007751,1132.13,Frozen Foods,Completed
ORD007752,OI007752,1295.03,Personal Care,Rejected
ORD007753,OI007753,583.76,Personal Care,Completed
ORD007754,OI007754,1473.0,Dairy,Cancelled
ORD007755,OI007755,445.01,Dairy,Completed
ORD007756,OI007756,416.88,Dairy,Cancelled
ORD007757,OI007757,2429.29,Dairy,Completed
ORD007758,OI007758,2092.59,Frozen Foods,Completed
ORD007759,OI007759,828.16,Fruits & Vegetables,Completed
ORD007760,OI007760,1443.69,Personal Care,Completed
ORD007761,OI007761,758.74,Household,Completed
ORD007762,OI007762,2143.47,Beverages,Completed
ORD007763,OI007763,218.2,Bakery,Cancelled
ORD007764,OI007764,1028.28,Baby Care,Rejected
ORD007765,OI007765,2304.75,Fruits & Vegetables,Completed
ORD007766,OI007766,106.51,Bakery,Completed
ORD007767,OI007767,850.77,Baby Care,Completed
ORD007768,OI007768,1604.5,Snacks,Rejected
ORD007769,OI007769,1482.91,Baby Care,Cancelled
ORD007770,OI007770,1071.72,Fruits & Vegetables,Completed
ORD007771,OI007771,1261.01,Groceries,Completed
ORD007772,OI007772,748.69,Fruits & Vegetables,Completed
ORD007773,OI007773,1401.67,Personal Care,Cancelled
ORD007774,OI007774,1488.92,Baby Care,Completed
ORD007775,OI007775,1070.81,Groceries,Cancelled
ORD007776,OI007776,1705.98,Frozen Foods,Rejected
ORD007777,OI007777,473.58,Frozen Foods,Rejected
ORD007778,OI007778,265.9,Dairy,Completed
ORD007779,OI007779,2467.81,Personal Care,Cancelled
ORD007780,OI007780,2403.26,Groceries,Completed
ORD007781,OI007781,131.1,Fruits & Vegetables,Completed
ORD007782,OI007782,580.32,Fruits & Vegetables,Completed
ORD007783,OI007783,1584.97,Fruits & Vegetables,Completed
ORD007784,OI007784,1152.39,Bakery,Completed
ORD007785,OI007785,544.07,Fruits & Vegetables,Rejected
ORD007786,OI007786,717.03,Beverages,Rejected
ORD007787,OI007787,1496.84,Snacks,Completed
ORD007788,OI007788,1534.82,Baby Care,Completed
ORD007789,OI007789,894.13,Beverages,Completed
ORD007790,OI007790,981.17,Frozen Foods,Completed
ORD007791,OI007791,424.78,Groceries,Completed
ORD007792,OI007792,2022.12,Frozen Foods,Completed
ORD007793,OI007793,1197.56,Personal Care,Cancelled
ORD007794,OI007794,1668.21,Household,Completed
ORD007795,OI007795,603.95,Bakery,Completed
ORD007796,OI007796,2149.43,Beverages,Cancelled
ORD007797,OI007797,338.4,Household,Completed
ORD007798,OI007798,1744.87,Bakery,Cancelled
ORD007799,OI007799,2221.93,Beverages,Completed
ORD007800,OI007800,177.78,Beverages,Cancelled
ORD007801,OI007801,927.29,Bakery,Completed
ORD007802,OI007802,798.18,Personal Care,Completed
ORD007803,OI007803,950.99,Dairy,Completed
ORD007804,OI007804,1189.77,Groceries,Cancelled
ORD007805,OI007805,1169.2,Personal Care,Completed
ORD007806,OI007806,950.8,Fruits & Vegetables,Completed
ORD007807,OI007807,948.45,Household,Completed
ORD007808,OI007808,1115.56,Dairy,Completed
ORD007809,OI007809,1643.44,Groceries,Cancelled
ORD007810,OI007810,1691.33,Groceries,Completed
ORD007811,OI007811,1995.17,Baby Care,Completed
ORD007812,OI007812,932.27,Household,Completed
ORD007813,OI007813,1615.02,Bakery,Completed
ORD007814,OI007814,768.01,Bakery,Completed
ORD007815,OI007815,1984.81,Snacks,Completed
ORD007816,OI007816,1881.56,Bakery,Completed
ORD007817,OI007817,855.0,Baby Care,Completed
ORD007818,OI007818,2408.62,Baby Care,Completed
ORD007819,OI007819,2099.92,Household,Cancelled
ORD007820,OI007820,1188.92,Fruits & Vegetables,Rejected
ORD007821,OI007821,2150.53,Baby Care,Completed
ORD007822,OI007822,983.22,Fruits & Vegetables,Completed
ORD007823,OI007823,1098.75,Beverages,Completed
ORD007824,OI007824,156.74,Dairy,Rejected
ORD007825,OI007825,965.45,Bakery,Rejected
ORD007826,OI007826,2467.09,Snacks,Completed
ORD007827,OI007827,1086.26,Baby Care,Cancelled
ORD007828,OI007828,308.83,Snacks,Completed
ORD007829,OI007829,1813.6,Household,Cancelled
ORD007830,OI007830,2464.74,Dairy,Rejected
ORD007831,OI007831,903.85, Frozen Foods ,Completed
ORD007832,OI007832,2334.94,Snacks,Cancelled
ORD007833,OI007833,2396.2,Bakery,Rejected
ORD007834,OI007834,1459.03,Personal Care,Completed
ORD007835,OI007835,325.84,Beverages,Completed
ORD007836,OI007836,1759.68,Groceries,Completed
ORD007837,OI007837,729.38,Groceries,Completed
ORD007838,OI007838,2459.18,Fruits & Vegetables,Cancelled
ORD007839,OI007839,1561.24,Baby Care,Completed
ORD007840,OI007840,2401.29,Groceries,Completed
ORD007841,OI007841,1642.68,Frozen Foods,Cancelled
ORD007842,OI007842,655.08,Dairy,Completed
ORD007843,OI007843,2003.01,Personal Care,Cancelled
ORD007844,OI007844,530.77,Bakery,Completed
ORD007845,OI007845,941.09,Frozen Foods,Completed
ORD007846,OI007846,864.93,Dairy,Completed
ORD007847,OI007847,1707.29,Baby Care,Completed
ORD007848,OI007848,1423.88,Household,Completed
ORD007849,OI007849,1859.28,Frozen Foods,Completed
ORD007850,OI007850,894.23,Fruits & Vegetables,Completed
ORD007851,OI007851,1283.23,Bakery,Cancelled
ORD007852,OI007852,230.77,Household,Completed
ORD007853,OI007853,1374.06,Bakery,Rejected
ORD007854,OI007854,2370.8,Baby Care,Completed
ORD007855,OI007855,1056.64,Fruits & Vegetables,Rejected
ORD007856,OI007856,323.57,Personal Care,Rejected
ORD007857,OI007857,1230.4,Household,Completed
ORD007858,OI007858,1392.57,Groceries,Cancelled
ORD007859,OI007859,1463.48,Groceries,Completed
ORD007860,OI007860,1615.86,Beverages,Cancelled
ORD007861,OI007861,1434.67,Baby Care,Completed
ORD007862,OI007862,2066.0,Snacks,Completed
ORD007863,OI007863,1223.72,Household,Rejected
ORD007864,OI007864,854.99,Dairy,Completed
ORD007865,OI007865,1468.22,Fruits & Vegetables,Completed
ORD007866,OI007866,1005.53,Groceries,Completed
ORD007867,OI007867,2053.36,Fruits & Vegetables,Completed
ORD007868,OI007868,947.82,Groceries,Completed
ORD007869,OI007869,1583.77,Household,Rejected
ORD007870,OI007870,2415.21,Groceries,Rejected
ORD007871,OI007871,2039.32,Beverages,Completed
ORD007872,OI007872,941.74,Beverages,Completed
ORD007873,OI007873,1733.97,Snacks,Cancelled
ORD007874,OI007874,2120.67,Fruits & Vegetables,Completed
ORD007875,OI007875,882.3,Beverages,Completed
ORD007876,OI007876,820.99,Baby Care,Completed
ORD007877,OI007877,2050.29,Dairy,Completed
ORD007878,OI007878,156.41,Groceries,Rejected
ORD007879,OI007879,1307.52,Dairy,Completed
ORD007880,OI007880,1730.37,Beverages,Completed
ORD007881,OI007881,1547.0,Snacks,Completed
ORD007882,OI007882,2421.93,Fruits & Vegetables,Completed
ORD007883,OI007883,610.61,Frozen Foods,Completed
ORD007884,OI007884,1163.31,Dairy,Completed
ORD007885,OI007885,308.32,Frozen Foods,Completed
ORD007886,OI007886,2414.92,Snacks,Rejected
ORD007887,OI007887,1394.57,Dairy,Rejected
ORD007888,OI007888,1660.01,Frozen Foods,Cancelled
ORD007889,OI007889,1916.11,Personal Care,Cancelled
ORD007890,OI007890,1846.71,Frozen Foods,Completed
ORD007891,OI007891,537.34,Beverages,Completed
ORD007892,OI007892,1915.85,Baby Care,Rejected
ORD007893,OI007893,2004.59,Frozen Foods,Completed
ORD007894,OI007894,1781.96,Baby Care,Rejected
ORD007895,OI007895,1421.47,Fruits & Vegetables,Completed
ORD007896,OI007896,2291.38,Fruits & Vegetables,Cancelled
ORD007897,OI007897,1350.3,Personal Care,Completed
ORD007898,OI007898,2477.08,Baby Care,Cancelled
ORD007899,OI007899,833.21,Personal Care,Completed
ORD007900,OI007900,1074.35,Household,Completed
ORD007901,OI007901,1127.12,Dairy,Completed
ORD007902,OI007902,2158.8,Bakery,Cancelled
ORD007903,OI007903,2391.02,Dairy,Cancelled
ORD007904,OI007904,1947.42,Baby Care,Completed
ORD007905,OI007905,686.97,Bakery,Completed
ORD007906,OI007906,459.13,Dairy,Cancelled
ORD007907,OI007907,491.28,Frozen Foods,Cancelled
ORD007908,OI007908,2035.86,Beverages,completed
ORD007909,OI007909,532.68,Fruits & Vegetables,Cancelled
ORD007910,OI007910,1016.3,Bakery,Completed
ORD007911,OI007911,2047.38,Fruits & Vegetables,Completed
ORD007912,OI007912,1967.54,Baby Care,Completed
ORD007913,OI007913,2043.9,Household,Completed
ORD007914,OI007914,214.54,Fruits & Vegetables,Completed
ORD007915,OI007915,886.29,Personal Care,Completed
ORD007916,OI007916,161.32,Snacks,Completed
ORD007917,OI007917,1761.74,Baby Care,Completed
ORD007918,OI007918,940.04,Beverages,Completed
ORD007919,OI007919,208.08,Beverages,Completed
ORD007920,OI007920,853.18,Bakery,Completed
ORD007921,OI007921,1962.92,Personal Care,Cancelled
ORD007922,OI007922,2486.31,Beverages,Completed
ORD007923,OI007923,256.97,Frozen Foods,Completed
ORD007924,OI007924,1515.49,Dairy,Completed
ORD007925,OI007925,1388.69,Baby Care,Completed
ORD007926,OI007926,1758.24,Frozen Foods,Completed
ORD007927,OI007927,628.52,Personal Care,Completed
ORD007928,OI007928,1273.64,Beverages,Completed
ORD007929,OI007929,942.68,Bakery,Completed
ORD007930,OI007930,1301.91,Household,Completed
ORD007931,OI007931,2342.65,Personal Care,Cancelled
ORD007932,OI007932,1958.38,Personal Care,Completed
ORD007933,OI007933,1118.44,Personal Care,Rejected
ORD007934,OI007934,689.87,Frozen Foods,Cancelled
ORD007935,OI007935,2481.01,Fruits & Vegetables,Completed
ORD007936,OI007936,714.08,Baby Care,Completed
ORD007937,OI007937,1279.59,Fruits & Vegetables,Completed
ORD007938,OI007938,603.56,Fruits & Vegetables,Completed
ORD007939,OI007939,1130.39,Groceries,Completed
ORD007940,OI007940,2169.78,Dairy,Rejected
ORD007941,OI007941,2422.42,Snacks,Completed
ORD007942,OI007942,2486.81,Dairy,Completed
ORD007943,OI007943,1850.17,Dairy,Completed
ORD007944,OI007944,380.79,Personal Care,Completed
ORD007945,OI007945,114.75,Snacks,Rejected
ORD007946,OI007946,1722.22,Bakery,Completed
ORD007947,OI007947,1847.26,Groceries,Completed
ORD007948,OI007948,1947.01,Personal Care,Rejected
ORD007949,OI007949,1365.44,Dairy,Completed
ORD007950,OI007950,2254.98,Personal Care,Completed
ORD007951,OI007951,280.46,Baby Care,Completed
ORD007952,OI007952,2364.93,Frozen Foods,Completed
ORD007953,OI007953,685.51,Beverages,Rejected
ORD007954,OI007954,400.0,Personal Care,Completed
ORD007955,OI007955,1058.69,Bakery,Completed
ORD007956,OI007956,2394.02,Personal Care,Completed
ORD007957,OI007957,2006.82,Snacks,Cancelled
ORD007958,OI007958,1303.58,Bakery,Completed
ORD007959,OI007959,1768.04,Household,Completed
ORD007960,OI007960,506.16,Frozen Foods,Completed
ORD007961,OI007961,287.96,Snacks,Rejected
ORD007962,OI007962,857.61,Personal Care,Completed
ORD007963,OI007963,2098.04,Beverages,Completed
ORD007964,OI007964,1151.8,Dairy,Completed
ORD007965,OI007965,567.2, Beverages ,Completed
ORD007966,OI007966,1343.33,Fruits & Vegetables,Rejected
ORD007967,OI007967,1252.54,Snacks,Rejected
ORD007968,OI007968,976.3,Household,Cancelled
ORD007969,OI007969,1997.4,Fruits & Vegetables,Cancelled
ORD007970,OI007970,315.97,Personal Care,Rejected
ORD007971,OI007971,797.68,Groceries,Cancelled
ORD007972,OI007972,1829.28,Beverages,Rejected
ORD007973,OI007973,548.02,Beverages,Completed
ORD007974,OI007974,2432.3,Personal Care,Completed
ORD007975,OI007975,2244.27,Groceries,Completed
ORD007976,OI007976,1782.38,Personal Care,Completed
ORD007977,OI007977,1647.64,Groceries,Completed
ORD007978,OI007978,752.8,Fruits & Vegetables,Rejected
ORD007979,OI007979,2363.24,Groceries,Cancelled
ORD007980,OI007980,384.6,Bakery,Cancelled
ORD007981,OI007981,168.72,Snacks,Completed
ORD007982,OI007982,733.61,Personal Care,Completed
ORD007983,OI007983,2251.79,Baby Care,Completed
ORD007984,OI007984,206.33,Frozen Foods,Rejected
ORD007985,OI007985,145.15,Beverages,Completed
ORD007986,OI007986,522.13,Snacks,Completed
ORD007987,OI007987,606.89,Dairy,Rejected
ORD007988,OI007988,2350.45,Household,Completed
ORD007989,OI007989,1576.69,Household,Completed
ORD007990,OI007990,2196.46,Groceries,Rejected
ORD007991,OI007991,505.83,Dairy,Cancelled
ORD007992,OI007992,2414.16,Snacks,Completed
ORD007993,OI007993,1971.04,Fruits & Vegetables,Rejected
ORD007994,OI007994,1269.39,Beverages,Completed
ORD007995,OI007995,161.91,Household,Completed
ORD007996,OI007996,767.7,Baby Care,Completed
ORD007997,OI007997,436.62,Beverages,Rejected
ORD007998,OI007998,2270.76,Groceries,Completed
ORD007999,OI007999,592.89,Household,Completed
ORD008000,OI008000,1013.34,Household,Cancelled
ORD008001,OI008001,1623.13,Dairy,Completed
ORD008002,OI008002,171.8,Baby Care,Cancelled
ORD008003,OI008003,1080.47,Groceries,Cancelled
ORD008004,OI008004,2161.26,Frozen Foods,Completed
ORD008005,OI008005,909.1,Snacks,Cancelled
ORD008006,OI008006,1729.64,Groceries,Completed
ORD008007,OI008007,2210.28,Groceries,Completed
ORD008008,OI008008,441.32,Household,Completed
ORD008009,OI008009,2036.53,Fruits & Vegetables,Completed
ORD008010,OI008010,2068.83,Fruits & Vegetables,Completed
ORD008011,OI008011,1457.95,Bakery,Completed
ORD008012,OI008012,2377.45,Frozen Foods,Completed
ORD008013,OI008013,579.63,Snacks,Completed
ORD008014,OI008014,2275.57,Fruits & Vegetables,Completed
ORD008015,OI008015,2006.14,Frozen Foods,Completed
ORD008016,OI008016,332.47,Bakery,Rejected
ORD008017,OI008017,1877.17,Beverages,Completed
ORD008018,OI008018,782.9,Personal Care,Completed
ORD008019,OI008019,1001.54,Household,Completed
ORD008020,OI008020,1185.82,Fruits & Vegetables,Rejected
ORD008021,OI008021,2464.08,Fruits & Vegetables,Completed
ORD008022,OI008022,1013.04,Snacks,Rejected
ORD008023,OI008023,180.23,Bakery,Completed
ORD008024,OI008024,1375.9,Dairy,Rejected
ORD008025,OI008025,1595.76,Fruits & Vegetables,Completed
ORD008026,OI008026,2352.95,Fruits & Vegetables,Cancelled
ORD008027,OI008027,549.03,Bakery,Rejected
ORD008028,OI008028,375.09,Snacks,Rejected
ORD008029,OI008029,1475.25,Snacks,Completed
ORD008030,OI008030,978.03,Dairy,Completed
ORD008031,OI008031,1034.72,Household,Completed
ORD008032,OI008032,732.49,Groceries,Cancelled
ORD008033,OI008033,2001.23,Baby Care,Cancelled
ORD008034,OI008034,1444.91,Snacks,Completed
ORD008035,OI008035,1766.23,Baby Care,Completed
ORD008036,OI008036,103.16,Snacks,Cancelled
ORD008037,OI008037,473.31,Snacks,Completed
ORD008038,OI008038,939.77,Snacks,Completed
ORD008039,OI008039,682.71,Dairy,Completed
ORD008040,OI008040,2333.59,Beverages,Completed
ORD008041,OI008041,2078.79,Snacks,Completed
ORD008042,OI008042,908.87,Baby Care,Cancelled
ORD008043,OI008043,1982.12,Baby Care,Completed
ORD008044,OI008044,417.26,Household,Cancelled
ORD008045,OI008045,2405.71,Bakery,Cancelled
ORD008046,OI008046,1189.55,Frozen Foods,Rejected
ORD008047,OI008047,2158.05,Fruits & Vegetables,Completed
ORD008048,OI008048,1042.98,Snacks,Completed
ORD008049,OI008049,898.61,Fruits & Vegetables,Completed
ORD008050,OI008050,2483.42,Personal Care,Rejected
ORD008051,OI008051,737.47,Groceries,Rejected
ORD008052,OI008052,959.91,Personal Care,Rejected
ORD008053,OI008053,1833.23,Snacks,Completed
ORD008054,OI008054,1665.73,Snacks,Completed
ORD008055,OI008055,152.01,Household,Completed
ORD008056,OI008056,2338.55,Fruits & Vegetables,Completed
ORD008057,OI008057,2048.14,Personal Care,Completed
ORD008058,OI008058,944.18,Snacks,Completed
ORD008059,OI008059,1204.32,Household,Cancelled
ORD008060,OI008060,1624.58,Frozen Foods,Completed
ORD008061,OI008061,871.84,Frozen Foods,Completed
ORD008062,OI008062,633.63,Dairy,Cancelled
ORD008063,OI008063,138.72,Groceries,Completed
ORD008064,OI008064,1921.77,Beverages,Cancelled
ORD008065,OI008065,1627.28,Bakery,Cancelled
ORD008066,OI008066,2305.05,Frozen Foods,Completed
ORD008067,OI008067,1130.7,Baby Care,Cancelled
ORD008068,OI008068,1248.92,Snacks,Completed
ORD008069,OI008069,2354.05,Beverages,Completed
ORD008070,OI008070,781.07,Household,Cancelled
ORD008071,OI008071,977.91,Baby Care,Completed
ORD008072,OI008072,1057.8,Household,Completed
ORD008073,OI008073,2117.41,Baby Care,Completed
ORD008074,OI008074,1477.77,Baby Care,Completed
ORD008075,OI008075,776.71,Groceries,Completed
ORD008076,OI008076,2168.92,Groceries,Completed
ORD008077,OI008077,538.75,Beverages,Rejected
ORD008078,OI008078,1380.72,Snacks,Completed
ORD008079,OI008079,1221.26,Bakery,Completed
ORD008080,OI008080,2229.0,Snacks,Rejected
ORD008081,OI008081,1744.31,Beverages,Completed
ORD008082,OI008082,482.18,Baby Care,Completed
ORD008083,OI008083,166.26,Household,Completed
ORD008084,OI008084,2492.9,Snacks,Completed
ORD008085,OI008085,1496.45,Baby Care,Completed
ORD008086,OI008086,2192.45,Snacks,Completed
ORD008087,OI008087,1606.34,Dairy,Completed
ORD008088,OI008088,1207.09,Beverages,Cancelled
ORD008089,OI008089,329.79,Personal Care,Completed
ORD008090,OI008090,1776.1,Baby Care,Cancelled
ORD008091,OI008091,361.98,Beverages,Completed
ORD008092,OI008092,1868.16,Household,Completed
ORD008093,OI008093,1026.45,Baby Care,Cancelled
ORD008094,OI008094,948.59,Bakery,Cancelled
ORD008095,OI008095,2201.88,Baby Care,Cancelled
ORD008096,OI008096,376.86,Household,Rejected
ORD008097,OI008097,754.62,Bakery,Rejected
ORD008098,OI008098,1575.21,Snacks,Completed
ORD008099,OI008099,2346.35,Frozen Foods,Completed
ORD008100,OI008100,1837.19,Dairy,Completed
ORD008101,OI008101,1648.1,Snacks,Cancelled
ORD008102,OI008102,1321.82,Baby Care,Rejected
ORD008103,OI008103,435.32,Bakery,Completed
ORD008104,OI008104,1968.12,Personal Care,Completed
ORD008105,OI008105,1197.07,Household,Completed
ORD008106,OI008106,2081.47,Dairy,Completed
ORD008107,OI008107,2468.3,Frozen Foods,Completed
ORD008108,OI008108,1223.02,Snacks,Completed
ORD008109,OI008109,387.1,Dairy,Completed
ORD008110,OI008110,1063.18,Groceries,Completed
ORD008111,OI008111,1807.42,Personal Care,Completed
ORD008112,OI008112,409.38,Baby Care,Cancelled
ORD008113,OI008113,1008.7,Dairy,Completed
ORD008114,OI008114,356.73,Bakery,Cancelled
ORD008115,OI008115,1703.32,Baby Care,Completed
ORD008116,OI008116,1061.17,Bakery,Completed
ORD008117,OI008117,1457.73,Fruits & Vegetables,Completed
ORD008118,OI008118,869.82,Dairy,Completed
ORD008119,OI008119,410.04,Bakery,Completed
ORD008120,OI008120,901.33,Snacks,Completed
ORD008121,OI008121,414.84,Beverages,Cancelled
ORD008122,OI008122,1387.2,Dairy,Completed
ORD008123,OI008123,1246.98,Baby Care,Completed
ORD008124,OI008124,2243.7,Fruits & Vegetables,Cancelled
ORD008125,OI008125,826.64,Bakery,Completed
ORD008126,OI008126,2482.71,Household,Completed
ORD008127,OI008127,636.44,Baby Care,Completed
ORD008128,OI008128,782.64,Groceries,Rejected
ORD008129,OI008129,718.75,Beverages,Completed
ORD008130,OI008130,893.94,Bakery,Completed
ORD008131,OI008131,2392.0,Dairy,Completed
ORD008132,OI008132,828.96,Fruits & Vegetables,Completed
ORD008133,OI008133,826.36,Beverages,Completed
ORD008134,OI008134,823.59,Groceries,Completed
ORD008135,OI008135,166.52,Beverages,Rejected
ORD008136,OI008136,734.54,Household,Completed
ORD008137,OI008137,320.52,Beverages,Cancelled
ORD008138,OI008138,927.5,Personal Care,Rejected
ORD008139,OI008139,1634.17,Personal Care,Completed
ORD008140,OI008140,1004.64,Groceries,Cancelled
ORD008141,OI008141,843.1,Groceries,Cancelled
ORD008142,OI008142,1507.3,Fruits & Vegetables,Cancelled
ORD008143,OI008143,1445.04,Household,Completed
ORD008144,OI008144,2260.53,Snacks,Completed
ORD008145,OI008145,2440.61,Bakery,Completed
ORD008146,OI008146,2149.11,Dairy,Completed
ORD008147,OI008147,1574.66,Fruits & Vegetables,Completed
ORD008148,OI008148,637.65,Baby Care,Cancelled
ORD008149,OI008149,1115.05,Frozen Foods,Completed
ORD008150,OI008150,1092.91,Dairy,Cancelled
ORD008151,OI008151,590.21,Personal Care,Rejected
ORD008152,OI008152,1868.27,Baby Care,Cancelled
ORD008153,OI008153,316.27,Frozen Foods,Rejected
ORD008154,OI008154,1693.29,Household,Cancelled
ORD008155,OI008155,1705.85,Fruits & Vegetables,Completed
ORD008156,OI008156,416.58,Beverages,Completed
ORD008157,OI008157,179.3,Baby Care,Completed
ORD008158,OI008158,1013.68,Household,Rejected
ORD008159,OI008159,1827.96,Dairy,Completed
ORD008160,OI008160,1266.26,Dairy,Completed
ORD008161,OI008161,1973.51,Beverages,Rejected
ORD008162,OI008162,1638.76,Fruits & Vegetables,Completed
ORD008163,OI008163,2070.07,Fruits & Vegetables,Completed
ORD008164,OI008164,1174.73,Personal Care,Completed
ORD008165,OI008165,2190.88,Personal Care,Completed
ORD008166,OI008166,2440.79,Fruits & Vegetables,Completed
ORD008167,OI008167,1158.04,Bakery,Completed
ORD008168,OI008168,2468.67,Beverages,Completed
ORD008169,OI008169,930.55,Household,Cancelled
ORD008170,OI008170,1713.14,Household,Completed
ORD008171,OI008171,718.01,Groceries,Cancelled
ORD008172,OI008172,2235.24,Beverages,Completed
ORD008173,OI008173,708.52,Personal Care,Rejected
ORD008174,OI008174,2020.09,Groceries,Completed
ORD008175,OI008175,926.21,Household,Rejected
ORD008176,OI008176,842.09,Fruits & Vegetables,Cancelled
ORD008177,OI008177,957.96,Groceries,Completed
ORD008178,OI008178,1057.62,Fruits & Vegetables,Completed
ORD008179,OI008179,829.99,Dairy,Completed
ORD008180,OI008180,804.73,Frozen Foods,Rejected
ORD008181,OI008181,2029.59,Beverages,Completed
ORD008182,OI008182,1057.31,Snacks,Rejected
ORD008183,OI008183,700.55,Personal Care,Cancelled
ORD008184,OI008184,1933.72,Frozen Foods,Completed
ORD008185,OI008185,2493.97,Bakery,Completed
ORD008186,OI008186,801.21,Groceries,Rejected
ORD008187,OI008187,486.83,Groceries,Completed
ORD008188,OI008188,1040.58,Frozen Foods,Cancelled
ORD008189,OI008189,1432.9,Frozen Foods,Completed
ORD008190,OI008190,1503.71,Beverages,Cancelled
ORD008191,OI008191,547.83,Dairy,Completed
ORD008192,OI008192,1280.81,Fruits & Vegetables,Rejected
ORD008193,OI008193,219.81,Snacks,Completed
ORD008194,OI008194,2168.26,Frozen Foods,Completed
ORD008195,OI008195,1276.18,Bakery,Completed
ORD008196,OI008196,1223.75,Beverages,Completed
ORD008197,OI008197,550.64,Personal Care,Completed
ORD008198,OI008198,530.91,Baby Care,Rejected
ORD008199,OI008199,2411.22,Groceries,Cancelled
ORD008200,OI008200,1762.53,Beverages,Cancelled
ORD008201,OI008201,1908.32,Personal Care,Rejected
ORD008202,OI008202,1422.93,Snacks,Cancelled
ORD008203,OI008203,566.4,Fruits & Vegetables,Completed
ORD008204,OI008204,583.48,Baby Care,Completed
ORD008205,OI008205,1629.58,Snacks,Completed
ORD008206,OI008206,122.61,Bakery,Completed
ORD008207,OI008207,846.69,Frozen Foods,Completed
ORD008208,OI008208,221.0,Snacks,Rejected
ORD008209,OI008209,2131.68,Snacks,Completed
ORD008210,OI008210,1845.43,Personal Care,Cancelled
ORD008211,OI008211,384.63,Household,Cancelled
ORD008212,OI008212,1802.39,Dairy,Completed
ORD008213,OI008213,2047.74,Beverages,Completed
ORD008214,OI008214,1142.18,Fruits & Vegetables,Completed
ORD008215,OI008215,1082.34,Beverages,Cancelled
ORD008216,OI008216,1540.65,Personal Care,Rejected
ORD008217,OI008217,1631.95,Bakery,Completed
ORD008218,OI008218,253.96,Groceries,Completed
ORD008219,OI008219,1233.02,Beverages,Completed
ORD008220,OI008220,2458.65,Frozen Foods,Rejected
ORD008221,OI008221,470.61,Personal Care,Completed
ORD008222,OI008222,556.65,Household,Completed
ORD008223,OI008223,363.79,Frozen Foods,Completed
ORD008224,OI008224,908.23,Fruits & Vegetables,Completed
ORD008225,OI008225,846.38,Frozen Foods,Completed
ORD008226,OI008226,367.7,Frozen Foods,Completed
ORD008227,OI008227,2448.97,Beverages,Cancelled
ORD008228,OI008228,143.1,Snacks,Completed
ORD008229,OI008229,562.8,Snacks,Rejected
ORD008230,OI008230,1494.61,Frozen Foods,Rejected
ORD008231,OI008231,2359.59,Household,Cancelled
ORD008232,OI008232,941.7,Dairy,Rejected
ORD008233,OI008233,1716.87,Fruits & Vegetables,Completed
ORD008234,OI008234,516.15,Groceries,Cancelled
ORD008235,OI008235,1740.09,Snacks,Cancelled
ORD008236,OI008236,1835.42,Baby Care,Completed
ORD008237,OI008237,1597.93,Bakery,Cancelled
ORD008238,OI008238,748.58,Personal Care,Completed
ORD008239,OI008239,1278.55,Dairy,Completed
ORD008240,OI008240,2094.73,Beverages,Completed
ORD008241,OI008241,2416.18,Frozen Foods,Completed
ORD008242,OI008242,1561.23,Fruits & Vegetables,Cancelled
ORD008243,OI008243,756.01,Household,Completed
ORD008244,OI008244,1357.33,Groceries,Completed
ORD008245,OI008245,1848.99,Dairy,Completed
ORD008246,OI008246,2059.88,Frozen Foods,Cancelled
ORD008247,OI008247,788.37,Snacks,Completed
ORD008248,OI008248,497.9,Beverages,Rejected
ORD008249,OI008249,712.46,Snacks,Cancelled
ORD008250,OI008250,499.78,Dairy,Cancelled
ORD008251,OI008251,1475.49,Beverages,Rejected
ORD008252,OI008252,1737.34,Baby Care,Completed
ORD008253,OI008253,2088.59,Personal Care,Rejected
ORD008254,OI008254,2495.4,Dairy,Completed
ORD008255,OI008255,175.1,Personal Care,Completed
ORD008256,OI008256,967.36,Fruits & Vegetables,Completed
ORD008257,OI008257,1433.29,Baby Care,Rejected
ORD008258,OI008258,1830.39,Beverages,Rejected
ORD008259,OI008259,1544.73,,Completed
ORD008260,OI008260,902.99,Baby Care,Completed
ORD008261,OI008261,664.19,Fruits & Vegetables,Cancelled
ORD008262,OI008262,2419.52,Dairy,Cancelled
ORD008263,OI008263,492.45,Snacks,Rejected
ORD008264,OI008264,1085.73,Dairy,Completed
ORD008265,OI008265,2458.17,Baby Care,Rejected
ORD008266,OI008266,1368.2,Dairy,Completed
ORD008267,OI008267,825.86,Dairy,Completed
ORD008268,OI008268,2280.63,Frozen Foods,Completed
ORD008269,OI008269,1033.47,Dairy,Rejected
ORD008270,OI008270,1046.16,Frozen Foods,Completed
ORD008271,OI008271,1774.7,Bakery,Rejected
ORD008272,OI008272,799.34,Snacks,Completed
ORD008273,OI008273,615.71,Snacks,Completed
ORD008274,OI008274,1260.87,Bakery,Completed
ORD008275,OI008275,2394.44,Baby Care,Completed
ORD008276,OI008276,1436.86,Snacks,Rejected
ORD008277,OI008277,925.37,Frozen Foods,Completed
ORD008278,OI008278,1512.51,Frozen Foods,Completed
ORD008279,OI008279,1047.46,Household,Completed
ORD008280,OI008280,495.48,Baby Care,Completed
ORD008281,OI008281,934.59,Beverages,Completed
ORD008282,OI008282,494.17,Snacks,Completed
ORD008283,OI008283,428.22,Groceries,Completed
ORD008284,OI008284,2009.97,Household,Completed
ORD008285,OI008285,2267.64,Personal Care,Completed
ORD008286,OI008286,1872.65,Bakery,Completed
ORD008287,OI008287,943.33,Household,Rejected
ORD008288,OI008288,1669.58,Groceries,Rejected
ORD008289,OI008289,812.73,Beverages,Completed
ORD008290,OI008290,2161.73,Dairy,Completed
ORD008291,OI008291,752.91,Beverages,Completed
ORD008292,OI008292,1877.29,Household,Completed
ORD008293,OI008293,2234.97,Bakery,Completed
ORD008294,OI008294,1207.93,Dairy,Completed
ORD008295,OI008295,2099.77,Beverages,Completed
ORD008296,OI008296,693.63,Bakery,Cancelled
ORD008297,OI008297,1269.48,Household,Cancelled
ORD008298,OI008298,1590.93,Frozen Foods,Completed
ORD008299,OI008299,1975.31,Personal Care,Cancelled
ORD008300,OI008300,277.79,Beverages,Completed
ORD008301,OI008301,1200.46,Dairy,Completed
ORD008302,OI008302,1203.45,Personal Care,Rejected
ORD008303,OI008303,289.26,Dairy,Completed
ORD008304,OI008304,786.1,,Rejected
ORD008305,OI008305,869.01,Fruits & Vegetables,Rejected
ORD008306,OI008306,1656.73,Bakery,Rejected
ORD008307,OI008307,1753.72,Frozen Foods,Completed
ORD008308,OI008308,2185.78,Fruits & Vegetables,Completed
ORD008309,OI008309,2002.75,Fruits & Vegetables,Completed
ORD008310,OI008310,2037.62,Beverages,Completed
ORD008311,OI008311,532.82,Fruits & Vegetables,Completed
ORD008312,OI008312,1727.71,Personal Care,Completed
ORD008313,OI008313,1131.03,Household,Completed
ORD008314,OI008314,1447.58,Snacks,Cancelled
ORD008315,OI008315,477.26,Dairy,Rejected
ORD008316,OI008316,2154.22,Dairy,Rejected
ORD008317,OI008317,1762.81,Frozen Foods,Completed
ORD008318,OI008318,1268.09,Household,Rejected
ORD008319,OI008319,1300.3,Bakery,Completed
ORD008320,OI008320,145.01,Dairy,Rejected
ORD008321,OI008321,549.39,Baby Care,Completed
ORD008322,OI008322,1372.19,Personal Care,Completed
ORD008323,OI008323,1476.71,Frozen Foods,Cancelled
ORD008324,OI008324,152.7,Personal Care,Completed
ORD008325,OI008325,-1616.39,Household,Completed
ORD008326,OI008326,990.17,Dairy,Rejected
ORD008327,OI008327,783.13,Household,Completed
ORD008328,OI008328,686.37,Beverages,Completed
ORD008329,OI008329,1003.35,Bakery,Completed
ORD008330,OI008330,455.47,Personal Care,Completed
ORD008331,OI008331,837.02,Household,Completed
ORD008332,OI008332,1970.52,Fruits & Vegetables,Cancelled
ORD008333,OI008333,1662.95,Dairy,Completed
ORD008334,OI008334,1596.36,Dairy,Completed
ORD008335,OI008335,317.72,Groceries,Completed
ORD008336,OI008336,341.87,Beverages,Cancelled
ORD008337,OI008337,2450.31,Bakery,Completed
ORD008338,OI008338,2140.97,Household,Completed
ORD008339,OI008339,2196.49,Baby Care,Completed
ORD008340,OI008340,1516.96,Snacks,Completed
ORD008341,OI008341,358.26,Personal Care,Completed
ORD008342,OI008342,1221.9,Bakery,Completed
ORD008343,OI008343,1337.93,Personal Care,Completed
ORD008344,OI008344,2499.52,Snacks,Rejected
ORD008345,OI008345,530.44,Snacks,Completed
ORD008346,OI008346,1986.34,Bakery,Completed
ORD008347,OI008347,411.79,Dairy,Completed
ORD008348,OI008348,2390.24,Groceries,Completed
ORD008349,OI008349,114.58,Dairy,Completed
ORD008350,OI008350,1704.31,Baby Care,Completed
ORD008351,OI008351,467.88,Baby Care,Completed
ORD008352,OI008352,527.2,Frozen Foods,Completed
ORD008353,OI008353,370.57,Frozen Foods,Completed
ORD008354,OI008354,385.55,Frozen Foods,Rejected
ORD008355,OI008355,2007.02,Household,Cancelled
ORD008356,OI008356,2420.9,Bakery,Completed
ORD008357,OI008357,100.35,Groceries,Rejected
ORD008358,OI008358,1248.13,Frozen Foods,Rejected
ORD008359,OI008359,1718.88,Household,Completed
ORD008360,OI008360,1645.99,Snacks,Cancelled
ORD008361,OI008361,1147.95,Bakery,Completed
ORD008362,OI008362,1606.25,Dairy,Completed
ORD008363,OI008363,737.63,Personal Care,Cancelled
ORD008364,OI008364,1760.2,Frozen Foods,Completed
ORD004885,OI004885,1222.87,Baby Care,Completed
ORD008366,OI008366,1395.67,Beverages,Rejected
ORD008367,OI008367,499.91,Baby Care,Cancelled
ORD008368,OI008368,636.98,Groceries,Completed
ORD008369,OI008369,1207.77,Personal Care,Rejected
ORD008370,OI008370,321.68,Frozen Foods,Rejected
ORD008371,OI008371,118.51,Baby Care,Rejected
ORD008372,OI008372,1093.16,Snacks,Completed
ORD008373,OI008373,244.37,Fruits & Vegetables,Completed
ORD008374,OI008374,1465.31,Fruits & Vegetables,Completed
ORD008375,OI008375,2086.07,Household,Completed
ORD008376,OI008376,2070.14,Groceries,Rejected
ORD008377,OI008377,1989.32,Bakery,Cancelled
ORD008378,OI008378,1447.74,Frozen Foods,Completed
ORD008379,OI008379,2478.08,Personal Care,Completed
ORD008380,OI008380,826.05,Snacks,Completed
ORD008381,OI008381,1874.98,Snacks,Completed
ORD008382,OI008382,1625.7,Fruits & Vegetables,Completed
ORD008383,OI008383,799.29,Groceries,Completed
ORD008384,OI008384,1731.98,Snacks,Rejected
ORD008385,OI008385,995.51,Snacks,Cancelled
ORD008386,OI008386,506.62,Fruits & Vegetables,Completed
ORD008387,OI008387,158.91,Frozen Foods,Completed
ORD008388,OI008388,671.67,Household,Completed
ORD008389,OI008389,517.95,Snacks,Rejected
ORD008390,OI008390,1213.29,Baby Care,Completed
ORD008391,OI008391,2013.06,Beverages,Completed
ORD008392,OI008392,983.77,Beverages,Completed
ORD008393,OI008393,937.38,Frozen Foods,Completed
ORD008394,OI008394,267.91,Personal Care,Completed
ORD008395,OI008395,1553.19,Groceries,Completed
ORD008396,OI008396,631.81,Household,Rejected
ORD008397,OI008397,2266.04,Groceries,Completed
ORD008398,OI008398,755.78,Groceries,Completed
ORD008399,OI008399,1413.06,Household,Completed
ORD008400,OI008400,256.9,Fruits & Vegetables,Cancelled
ORD008401,OI008401,812.97,Bakery,Completed
ORD008402,OI008402,2409.92,Fruits & Vegetables,Cancelled
ORD008403,OI008403,1834.13,Groceries,Completed
ORD008404,OI008404,298.86,Groceries,Completed
ORD008405,OI008405,495.04,Frozen Foods,Completed
ORD008406,OI008406,2105.41,Baby Care,Completed
ORD008407,OI008407,1257.45,Frozen Foods,Completed
ORD008408,OI008408,1870.72,Frozen Foods,Completed
ORD008409,OI008409,2059.96,Beverages,Completed
ORD008410,OI008410,2464.61,Bakery,Rejected
ORD008411,OI008411,1847.71,Snacks,Completed
ORD008412,OI008412,461.43,Beverages,Completed
ORD008413,OI008413,1915.2,Baby Care,Rejected
ORD008414,OI008414,737.86,Dairy,Cancelled
ORD008415,OI008415,350.1,Baby Care,Completed
ORD008416,OI008416,954.97,Dairy,Cancelled
ORD008417,OI008417,2316.89,Baby Care,Completed
ORD008418,OI008418,1420.26,Household,Rejected
ORD008419,OI008419,1710.1,Frozen Foods,Cancelled
ORD008420,OI008420,2252.67,Fruits & Vegetables,Rejected
ORD008421,OI008421,2289.43,Snacks,Cancelled
ORD008422,OI008422,2417.77,Groceries,Cancelled
ORD008423,OI008423,1226.25,Baby Care,Completed
ORD008424,OI008424,1878.18,Dairy,Completed
ORD008425,OI008425,1948.35,Baby Care,Completed
ORD008426,OI008426,1196.94,Fruits & Vegetables,Rejected
ORD008427,OI008427,2056.13,Dairy,Rejected
ORD008428,OI008428,756.87,Baby Care,Rejected
ORD008429,OI008429,723.49,Personal Care,Completed
ORD008430,OI008430,1682.57,Fruits & Vegetables,Completed
ORD008431,OI008431,552.38,Baby Care,Completed
ORD008432,OI008432,1841.8,Bakery,Completed
ORD008433,OI008433,1923.02,Personal Care,Completed
ORD008434,OI008434,2459.02,Household,Completed
ORD008435,OI008435,171.08,Snacks,Completed
ORD008436,OI008436,1196.67,Bakery,Completed
ORD008437,OI008437,660.65,Household,Rejected
ORD008438,OI008438,653.89,Bakery,Cancelled
ORD008439,OI008439,2483.51,Household,Completed
ORD008440,OI008440,2374.52,Baby Care,Completed
ORD008441,OI008441,1740.44,Baby Care,Completed
ORD008442,OI008442,312.75,Snacks,Completed
ORD008443,OI008443,402.73,Personal Care,Completed
ORD008444,OI008444,536.88,Frozen Foods,Completed
ORD008445,OI008445,1207.84,Household,Rejected
ORD008446,OI008446,2041.91,Groceries,Rejected
ORD008447,OI008447,1597.5,Household,Rejected
ORD008448,OI008448,945.51,Dairy,Cancelled
ORD008449,OI008449,417.79,Dairy,Completed
ORD008450,OI008450,1174.72,Groceries,Cancelled
ORD008451,OI008451,689.63,Frozen Foods,Completed
ORD008452,OI008452,634.76,Beverages,Completed
ORD008453,OI008453,1535.03,Household,Completed
ORD008454,OI008454,1903.16,Household,Completed
ORD008455,OI008455,2113.36,Baby Care,Completed
ORD008456,OI008456,1836.46,Groceries,Completed
ORD008457,OI008457,1025.04,Personal Care,Rejected
ORD008458,OI008458,265.82,Bakery,Completed
ORD008459,OI008459,1233.89,Beverages,Rejected
ORD008460,OI008460,868.11,Fruits & Vegetables,Completed
ORD008461,OI008461,1475.19,Dairy,Completed
ORD008462,OI008462,295.7,Baby Care,Completed
ORD008463,OI008463,545.67,Baby Care,Completed
ORD008464,OI008464,519.24,Fruits & Vegetables,Rejected
ORD008465,OI008465,286.02,Household,Completed
ORD008466,OI008466,1633.39,Groceries,Completed
ORD008467,OI008467,450.33,Groceries,Rejected
ORD008468,OI008468,2333.4,Household,Completed
ORD008469,OI008469,1455.13,Bakery,Rejected
ORD008470,OI008470,1148.43,Baby Care,Rejected
ORD008471,OI008471,592.83,Snacks,Completed
ORD008472,OI008472,403.52,Baby Care,Rejected
ORD008473,OI008473,1001.51,Beverages,Completed
ORD008474,OI008474,606.71,Baby Care,Cancelled
ORD008475,OI008475,2271.75,Baby Care,Completed
ORD008476,OI008476,549.03,Fruits & Vegetables,Completed
ORD008477,OI008477,2091.46,Personal Care,Completed
ORD008478,OI008478,1538.96,Household,Completed
ORD008479,OI008479,2244.02,Frozen Foods,Completed
ORD008480,OI008480,1315.29,Fruits & Vegetables,Completed
ORD008481,OI008481,2344.21,Beverages,Rejected
ORD008482,OI008482,752.17,Household,Completed
ORD008483,OI008483,851.53,Groceries,Completed
ORD008484,OI008484,1115.83,Groceries,Rejected
ORD008485,OI008485,329.39,Groceries,Cancelled
ORD008486,OI008486,1002.2,Beverages,Completed
ORD008487,OI008487,606.42,Household,Completed
ORD008488,OI008488,1196.53,Baby Care,Completed
ORD008489,OI008489,2230.44,Dairy,Completed
ORD008490,OI008490,1495.92,Baby Care,Completed
ORD008491,OI008491,352.27,Bakery,Completed
ORD008492,OI008492,1976.48,Snacks,Cancelled
ORD008493,OI008493,2083.62,Personal Care,Completed
ORD008494,OI008494,2440.39,Snacks,Rejected
ORD008495,OI008495,1973.08,Household,Completed
ORD008496,OI008496,1565.48,Fruits & Vegetables,Cancelled
ORD008497,OI008497,189.8,Fruits & Vegetables,Completed
ORD008498,OI008498,2419.67,Dairy,Cancelled
ORD008499,OI008499,1937.77,Baby Care,Completed
ORD008500,OI008500,2054.93,Frozen Foods,Cancelled
ORD008501,OI008501,2136.2,Fruits & Vegetables,Cancelled
ORD008502,OI008502,1614.8,Household,Cancelled
ORD008503,OI008503,232.65,Frozen Foods,Completed
ORD008504,OI008504,168.66,Dairy,Completed
ORD008505,OI008505,2228.83,Personal Care,Completed
ORD008506,OI008506,2006.98,Dairy,Rejected
ORD008507,OI008507,1333.31,Fruits & Vegetables,Completed
ORD008508,OI008508,981.57,Snacks,Rejected
ORD008509,OI008509,1361.08,Groceries,Completed
ORD008510,OI008510,642.23,Dairy,Rejected
ORD008511,OI008511,1664.03,Snacks,Completed
ORD008512,OI008512,2277.9,Beverages,Completed
ORD008513,OI008513,204.72,Snacks,Completed
ORD008514,OI008514,2414.23,Fruits & Vegetables,Completed
ORD008515,OI008515,427.21,Baby Care,Rejected
ORD008516,OI008516,1311.4,Fruits & Vegetables,Rejected
ORD008517,OI008517,566.86,Frozen Foods,Completed
ORD008518,OI008518,892.54,Household,Completed
ORD008519,OI008519,1827.81,Baby Care,Completed
ORD008520,OI008520,2470.08,Frozen Foods,Completed
ORD008521,OI008521,634.87,Household,Completed
ORD008522,OI008522,608.61,Beverages,Completed
ORD008523,OI008523,2189.92,Frozen Foods,Completed
ORD008524,OI008524,1794.12,Baby Care,Completed
ORD008525,OI008525,1933.86,Household,Rejected
ORD008526,OI008526,1205.47,Dairy,Completed
ORD008527,OI008527,1201.52,Household,Completed
ORD008528,OI008528,1137.4,Snacks,Completed
ORD008529,OI008529,2348.51,Snacks,Cancelled
ORD008530,OI008530,264.35,Bakery,Completed
ORD008531,OI008531,1840.8,Snacks,Completed
ORD008532,OI008532,1507.26,Personal Care,Completed
ORD008533,OI008533,739.29,Baby Care,Completed
ORD008534,OI008534,1245.91,Beverages,Completed
ORD008535,OI008535,2186.93,Dairy,Completed
ORD008536,OI008536,631.67,Beverages,Completed
ORD008537,OI008537,459.3,Beverages,Completed
ORD008538,OI008538,1206.9,Household,Cancelled
ORD008539,OI008539,1757.13,Snacks,Completed
ORD008540,OI008540,718.27,Groceries,Completed
ORD008541,OI008541,1937.79,Fruits & Vegetables,Completed
ORD008542,OI008542,664.81,Personal Care,Completed
ORD008543,OI008543,308.66,Beverages,Completed
ORD008544,OI008544,1086.76,Dairy,Completed
ORD008545,OI008545,1987.16,Beverages,Completed
ORD008546,OI008546,508.6,Baby Care,Completed
ORD008547,OI008547,1895.0,Personal Care,Completed
ORD008548,OI008548,1329.9,Snacks,Completed
ORD008549,OI008549,1342.29,Fruits & Vegetables,Completed
ORD008550,OI008550,859.51,Fruits & Vegetables,Completed
ORD008551,OI008551,187.49,Personal Care,Completed
ORD008552,OI008552,458.37,Bakery,Completed
ORD008553,OI008553,2139.06,Snacks,Completed
ORD008554,OI008554,1580.33,Baby Care,Cancelled
ORD008555,OI008555,2478.2,Beverages,Cancelled
ORD008556,OI008556,284.24,Snacks,Cancelled
ORD008557,OI008557,2334.02,Frozen Foods,Completed
ORD008558,OI008558,2061.28,Beverages,Completed
ORD008559,OI008559,410.97,Fruits & Vegetables,Cancelled
ORD008560,OI008560,2250.54,Baby Care,Completed
ORD008561,OI008561,706.57,Personal Care,Completed
ORD008562,OI008562,712.21,Fruits & Vegetables,Completed
ORD008563,OI008563,1698.71,Snacks,Rejected
ORD008564,OI008564,1939.36,Frozen Foods,Cancelled
ORD008565,OI008565,2379.21,Household,Completed
ORD008566,OI008566,286.35,Beverages,Rejected
ORD008567,OI008567,2117.29,Frozen Foods,Completed
ORD008568,OI008568,1681.06,Baby Care,Rejected
ORD008569,OI008569,1705.83,Baby Care,Completed
ORD008570,OI008570,196.64,Groceries,Cancelled
ORD008571,OI008571,590.23,Household,Cancelled
ORD008572,OI008572,152.21,Personal Care,Completed
ORD008573,OI008573,627.49,Snacks,Cancelled
ORD008574,OI008574,1350.72,Snacks,Completed
ORD008575,OI008575,1720.76,Bakery,Completed
ORD008576,OI008576,1726.57,Groceries,Rejected
ORD008577,OI008577,1451.08,Snacks,Completed
ORD008578,OI008578,1826.96,Baby Care,Completed
ORD008579,OI008579,997.97,Dairy,Cancelled
ORD008580,OI008580,115.58,Personal Care,Completed
ORD008581,OI008581,243.95,Baby Care,Completed
ORD008582,OI008582,2437.56,Personal Care,Completed
ORD008583,OI008583,2118.02,Household,Completed
ORD008584,OI008584,1765.57,Groceries,Cancelled
ORD008585,OI008585,535.68,Personal Care,Cancelled
ORD008586,OI008586,1387.98,Fruits & Vegetables,Completed
ORD008587,OI008587,994.2,Fruits & Vegetables,Cancelled
ORD008588,OI008588,506.56,Personal Care,Completed
ORD008589,OI008589,2324.2,Frozen Foods,Completed
ORD008590,OI008590,2137.19,Baby Care,Cancelled
ORD008591,OI008591,1189.83,Snacks,Completed
ORD008592,OI008592,1621.0,Beverages,Completed
ORD008593,OI008593,1948.6,Snacks,Cancelled
ORD008594,OI008594,1502.38,Groceries,Completed
ORD008595,OI008595,1064.85,Baby Care,Cancelled
ORD008596,OI008596,1487.47,Baby Care,Completed
ORD008597,OI008597,561.33,Bakery,Rejected
ORD008598,OI008598,1098.3,Fruits & Vegetables,Completed
ORD008599,OI008599,331.57,Bakery,Cancelled
ORD008600,OI008600,2277.06,Dairy,Cancelled
ORD008601,OI008601,1400.61,Household,Completed
ORD008602,OI008602,1012.01,Household,Cancelled
ORD008603,OI008603,964.81,Beverages,Completed
ORD008604,OI008604,1566.04,Household,Completed
ORD008605,OI008605,247.03,Dairy,Rejected
ORD008606,OI008606,2164.35,Snacks,Completed
ORD008607,OI008607,1593.91,Groceries,Rejected
ORD008608,OI008608,642.38,Personal Care,Completed
ORD008609,OI008609,1935.69,Bakery,Cancelled
ORD008610,OI008610,461.78,Frozen Foods,Completed
ORD008611,OI008611,2000.99,Frozen Foods,Completed
ORD008612,OI008612,-581.27,Groceries,Completed
ORD008613,OI008613,2415.82,Personal Care,Completed
ORD008614,OI008614,1687.96,Baby Care,Completed
ORD008615,OI008615,2403.57,Baby Care,Rejected
ORD008616,OI008616,1477.13,Personal Care,Completed
ORD008617,OI008617,1383.64,Beverages,Cancelled
ORD008618,OI008618,731.12,Household,Completed
ORD008619,OI008619,460.42,Household,Completed
ORD008620,OI008620,680.4,Beverages,Completed
ORD008621,OI008621,484.96,Beverages,Cancelled
ORD008622,OI008622,119.31,Snacks,Completed
ORD008623,OI008623,1808.04,Groceries,Cancelled
ORD008624,OI008624,1446.74,Household,Completed
ORD008625,OI008625,1552.04,Fruits & Vegetables,Completed
ORD008626,OI008626,363.49,Baby Care,Completed
ORD008627,OI008627,621.34,Snacks,Completed
ORD008628,OI008628,1193.36,Frozen Foods,Completed
ORD008629,OI008629,346.16,Household,Cancelled
ORD008630,OI008630,457.32,Personal Care,Completed
ORD008631,OI008631,792.46,Baby Care,Rejected
ORD008632,OI008632,1467.15,Groceries,Rejected
ORD008633,OI008633,1773.55,Bakery,Rejected
ORD008634,OI008634,910.19,Snacks,Completed
ORD008635,OI008635,745.81,Bakery,Completed
ORD008636,OI008636,1399.07,Groceries,Completed
ORD008637,OI008637,2282.61,Frozen Foods,Completed
ORD008638,OI008638,1299.29,Baby Care,Completed
ORD008639,OI008639,1081.6,Baby Care,Rejected
ORD008640,OI008640,1925.13,Dairy,Completed
ORD008641,OI008641,151.84,Dairy,Completed
ORD008642,OI008642,972.57,Frozen Foods,Completed
ORD008643,OI008643,773.72,Baby Care,Rejected
ORD008644,OI008644,1425.76,Household,Completed
ORD008645,OI008645,297.99,Groceries,Completed
ORD008646,OI008646,1089.87,Household,Rejected
ORD008647,OI008647,931.24,Frozen Foods,Completed
ORD008648,OI008648,1516.78,Snacks,Completed
ORD008649,OI008649,1285.82,Dairy,Completed
ORD008650,OI008650,1176.09,Frozen Foods,Completed
ORD008651,OI008651,1233.28,Personal Care,Completed
ORD008652,OI008652,2385.66,Household,Completed
ORD008653,OI008653,993.91,Baby Care,Cancelled
ORD008654,OI008654,1871.99,Beverages,Rejected
ORD008655,OI008655,411.71,Personal Care,Completed
ORD008656,OI008656,2405.53,Dairy,Cancelled
ORD008657,OI008657,517.4,Personal Care,Completed
ORD008658,OI008658,2219.57,Groceries,Completed
ORD008659,OI008659,1799.14,Fruits & Vegetables,Completed
ORD008660,OI008660,1046.23,Fruits & Vegetables,Completed
ORD008661,OI008661,905.98,Dairy,Completed
ORD008662,OI008662,509.7,Personal Care,Completed
ORD008663,OI008663,2395.75,Household,Completed
ORD008664,OI008664,1411.72,Baby Care,Cancelled
ORD008665,OI008665,1909.38,Fruits & Vegetables,Cancelled
ORD008666,OI008666,783.83,Groceries,Rejected
ORD008667,OI008667,1380.65,Beverages,Rejected
ORD008668,OI008668,2156.94,Household,Completed
ORD008669,OI008669,292.75,Personal Care,Completed
ORD008670,OI008670,2232.05,Personal Care,Completed
ORD008671,OI008671,1134.91,Fruits & Vegetables,Completed
ORD008672,OI008672,2364.07,Beverages,Rejected
ORD008673,OI008673,1981.7,Frozen Foods,Completed
ORD008674,OI008674,2112.7,Dairy,Completed
ORD008675,OI008675,430.52,Dairy,Completed
ORD008676,OI008676,922.41,Beverages,Completed
ORD008677,OI008677,1723.38,Groceries,Completed
ORD008678,OI008678,1799.93,Beverages,Completed
ORD008679,OI008679,606.62,Dairy,Completed
ORD008680,OI008680,1327.13,Household,Cancelled
ORD008681,OI008681,1787.26,Baby Care,Cancelled
ORD008682,OI008682,1460.13,Fruits & Vegetables,Completed
ORD008683,OI008683,2056.84,Personal Care,Cancelled
ORD008684,OI008684,2115.74,Groceries,Cancelled
ORD008685,OI008685,1808.08,Frozen Foods,Completed
ORD008686,OI008686,2085.34,Baby Care,Rejected
ORD008687,OI008687,1522.05,Beverages,Completed
ORD008688,OI008688,445.14,Frozen Foods,Rejected
ORD008689,OI008689,2065.83,Fruits & Vegetables,Completed
ORD008690,OI008690,321.78,Bakery,Completed
ORD008691,OI008691,415.17,Personal Care,Completed
ORD008692,OI008692,1512.18,Household,Rejected
ORD008693,OI008693,1771.38,Dairy,Completed
ORD008694,OI008694,2109.21,Frozen Foods,Completed
ORD008695,OI008695,2322.17,Beverages,Completed
ORD008696,OI008696,864.36,Bakery,Completed
ORD008697,OI008697,1369.53,Beverages,Cancelled
ORD008698,OI008698,1811.88,Baby Care,Cancelled
ORD008699,OI008699,402.51,Bakery,Completed
ORD008700,OI008700,1145.8,Groceries,Completed
ORD008701,OI008701,1098.39,Frozen Foods,Completed
ORD008702,OI008702,2396.36,Snacks,Rejected
ORD008703,OI008703,1950.61,Bakery,Cancelled
ORD008704,OI008704,268.6,Groceries,Completed
ORD008705,OI008705,950.9,Snacks,Completed
ORD008706,OI008706,2334.8,Frozen Foods,Completed
ORD008707,OI008707,201.0,Personal Care,Completed
ORD008708,OI008708,2368.72,Dairy,Completed
ORD008709,OI008709,2135.78,Personal Care,Completed
ORD008710,OI008710,2374.36,Frozen Foods,Rejected
ORD008711,OI008711,1474.4,Baby Care,Completed
ORD008712,OI008712,1620.22,Snacks,Completed
ORD008713,OI008713,2233.09,Beverages,Completed
ORD008714,OI008714,213.41,Snacks,Rejected
ORD008715,OI008715,1062.13,Groceries,Completed
ORD008716,OI008716,479.57,Baby Care,Completed
ORD008717,OI008717,502.59,Baby Care,Completed
ORD008718,OI008718,2026.41,Dairy,Completed
ORD008719,OI008719,174.56,Bakery,Completed
ORD008720,OI008720,1463.78,Frozen Foods,Completed
ORD008721,OI008721,988.67,Fruits & Vegetables,Completed
ORD008722,OI008722,2301.96,Frozen Foods,Completed
ORD008723,OI008723,155.93,Beverages,Cancelled
ORD008724,OI008724,1205.82,Groceries,Completed
ORD008725,OI008725,153.18,Snacks,Completed
ORD008726,OI008726,1482.46,Fruits & Vegetables,Cancelled
ORD008727,OI008727,812.22,Snacks,Cancelled
ORD008728,OI008728,966.25,Dairy,Completed
ORD008729,OI008729,1092.83,Frozen Foods,Rejected
ORD008730,OI008730,1842.18,Beverages,Completed
ORD008731,OI008731,2046.37,Frozen Foods,Completed
ORD008732,OI008732,405.52,Frozen Foods,Cancelled
ORD008733,OI008733,2193.95,Baby Care,Completed
ORD008734,OI008734,-1758.87,Groceries,Completed
ORD008735,OI008735,724.72,Snacks,Completed
ORD008736,OI008736,185.55,Bakery,Completed
ORD008737,OI008737,1850.52,Beverages,Cancelled
ORD008738,OI008738,1949.39,Household,Completed
ORD008739,OI008739,1368.41,Bakery,Completed
ORD008740,OI008740,2121.38,Bakery,Cancelled
ORD008741,OI008741,1853.41,Fruits & Vegetables,Completed
ORD008742,OI008742,546.87,Snacks,Rejected
ORD008743,OI008743,1555.84,Bakery,Completed
ORD008744,OI008744,733.62,Baby Care,Completed
ORD008745,OI008745,1176.18,Snacks,Completed
ORD008746,OI008746,2487.94,Snacks,Completed
ORD008747,OI008747,457.89,Dairy,Rejected
ORD008748,OI008748,2048.88,Bakery,Rejected
ORD008749,OI008749,1388.23,Beverages,Completed
ORD008750,OI008750,1050.61,Frozen Foods,Cancelled
ORD008751,OI008751,1928.08,Fruits & Vegetables,Completed
ORD008752,OI008752,259.22,Dairy,Completed
ORD008753,OI008753,1405.45,Beverages,Completed
ORD008754,OI008754,2284.31,Beverages,Completed
ORD008755,OI008755,1791.01,Personal Care,Completed
ORD008756,OI008756,1529.16,Snacks,Completed
ORD008757,OI008757,849.48,Groceries,Completed
ORD008758,OI008758,477.56,Beverages,Completed
ORD008759,OI008759,2084.83,Groceries,Rejected
ORD008760,OI008760,2363.55,Snacks,Completed
ORD008761,OI008761,2015.56,Fruits & Vegetables,Completed
ORD008762,OI008762,983.68,Groceries,Completed
ORD008763,OI008763,404.59,Frozen Foods,Completed
ORD008764,OI008764,766.39,Dairy,Completed
ORD008765,OI008765,909.31,Frozen Foods,Rejected
ORD008766,OI008766,1212.46,Snacks,Cancelled
ORD008767,OI008767,1995.71,Snacks,Completed
ORD008768,OI008768,480.9,Fruits & Vegetables,Completed
ORD008769,OI008769,2088.8,Baby Care,Completed
ORD008770,OI008770,679.79,Baby Care,Completed
ORD008771,OI008771,1510.3,Baby Care,Completed
ORD008772,OI008772,1732.24,Fruits & Vegetables,Completed
ORD008773,OI008773,1318.57,Fruits & Vegetables,Completed
ORD008774,OI008774,1506.09,Bakery,Completed
ORD008775,OI008775,907.99,Personal Care,Rejected
ORD008776,OI008776,355.3,Dairy,Completed
ORD008777,OI008777,2325.86,Beverages,Completed
ORD008778,OI008778,917.91,Snacks,Completed
ORD008779,OI008779,365.44,Groceries,Completed
ORD008780,OI008780,2474.98,,Completed
ORD008781,OI008781,2334.63,Fruits & Vegetables,Cancelled
ORD008782,OI008782,672.53,Beverages,Cancelled
ORD008783,OI008783,2199.04,Personal Care,Completed
ORD008784,OI008784,2068.39,Fruits & Vegetables,Completed
ORD008785,OI008785,1334.49,Snacks,Completed
ORD008786,OI008786,495.88,Household,Completed
ORD008787,OI008787,1517.38,Fruits & Vegetables,Completed
ORD008788,OI008788,2139.23,Household,Completed
ORD008789,OI008789,544.39,Household,Completed
ORD008790,OI008790,270.28,Household,Cancelled
ORD008791,OI008791,129.54,Frozen Foods,Completed
ORD008792,OI008792,589.71,Groceries,Rejected
ORD008793,OI008793,2141.58,Bakery,Completed
ORD008794,OI008794,1175.16,Bakery,Completed
ORD008795,OI008795,379.74,Snacks,Completed
ORD008796,OI008796,1199.82,Fruits & Vegetables,Rejected
ORD008797,OI008797,2293.95,Baby Care,Completed
ORD008798,OI008798,318.15,Frozen Foods,Completed
ORD008799,OI008799,1361.56,Groceries,Completed
ORD008800,OI008800,1996.12,Groceries,Cancelled
ORD008801,OI008801,1587.24,Household,Cancelled
ORD008802,OI008802,267.41,Frozen Foods,Completed
ORD008803,OI008803,973.09,Snacks,Cancelled
ORD008804,OI008804,348.82,Groceries,Cancelled
ORD008805,OI008805,959.57,Household,Rejected
ORD008806,OI008806,527.91,Personal Care,Completed
ORD008807,OI008807,1667.03,Frozen Foods,Completed
ORD008808,OI008808,623.47,Groceries,Completed
ORD008809,OI008809,1382.0,Household,Cancelled
ORD008810,OI008810,532.71,Groceries,Completed
ORD008811,OI008811,1324.52,Frozen Foods,Completed
ORD008812,OI008812,1206.83,Snacks,Completed
ORD008813,OI008813,555.53,Beverages,Completed
ORD008814,OI008814,418.8,Dairy,Completed
ORD008815,OI008815,647.57,Baby Care,Completed
ORD008816,OI008816,1393.31,Groceries,Completed
ORD008817,OI008817,1496.57,Snacks,Cancelled
ORD008818,OI008818,519.07,Personal Care,Rejected
ORD008819,OI008819,2270.4,Beverages,Rejected
ORD008820,OI008820,1968.83,Personal Care,Completed
ORD008821,OI008821,2220.18,Dairy,Completed
ORD008822,OI008822,1458.0,Fruits & Vegetables,Completed
ORD008823,OI008823,504.99,Beverages,Completed
ORD008824,OI008824,1021.69,Baby Care,Completed
ORD008825,OI008825,796.07,Groceries,Completed
ORD008826,OI008826,535.15,Groceries,Completed
ORD008827,OI008827,230.65,Frozen Foods,Completed
ORD008828,OI008828,1683.67,Snacks,Completed
ORD008829,OI008829,1987.88,Fruits & Vegetables,Cancelled
ORD008830,OI008830,1556.62,Fruits & Vegetables,Completed
ORD008831,OI008831,2079.24,Personal Care,Rejected
ORD008832,OI008832,518.71,Frozen Foods,Completed
ORD008833,OI008833,750.15,Snacks,Cancelled
ORD008834,OI008834,2282.99,Baby Care,Cancelled
ORD008835,OI008835,325.28,Snacks,Completed
ORD008836,OI008836,2315.6,Frozen Foods,Completed
ORD008837,OI008837,1619.3,Groceries,Rejected
ORD008838,OI008838,382.23,Baby Care,Completed
ORD008839,OI008839,1201.28,Frozen Foods,Rejected
ORD008840,OI008840,506.83,Dairy,Completed
ORD008841,OI008841,126.55,Bakery,Completed
ORD008842,OI008842,294.76,Beverages,Cancelled
ORD008843,OI008843,1378.58,Dairy,Rejected
ORD008844,OI008844,1256.13,Baby Care,Completed
ORD008845,OI008845,1043.48,Bakery,Rejected
ORD008846,OI008846,451.52,Frozen Foods,Completed
ORD008847,OI008847,2406.96,Bakery,Completed
ORD008848,OI008848,496.17,Household,Rejected
ORD008849,OI008849,1166.77,Bakery,Completed
ORD008850,OI008850,1372.8,Frozen Foods,Cancelled
ORD008851,OI008851,1458.07,Snacks,Rejected
ORD008852,OI008852,2327.52,Groceries,Completed
ORD008853,OI008853,1763.14,Dairy,Completed
ORD008854,OI008854,1269.06,Frozen Foods,Completed
ORD008855,OI008855,1000.99,Fruits & Vegetables,Completed
ORD008856,OI008856,348.44,Snacks,Completed
ORD008857,OI008857,1622.3,Beverages,Completed
ORD008858,OI008858,1336.99,Baby Care,Completed
ORD008859,OI008859,536.89,Bakery,Cancelled
ORD008860,OI008860,135.62,Snacks,Completed
ORD008861,OI008861,2255.14,Groceries,Completed
ORD008862,OI008862,1410.42,Personal Care,Cancelled
ORD008863,OI008863,2038.25,Household,Cancelled
ORD008864,OI008864,1357.83,Beverages,Completed
ORD008865,OI008865,2495.86,Household,Completed
ORD008866,OI008866,1322.41,Snacks,Cancelled
ORD008867,OI008867,1438.92,Fruits & Vegetables,Cancelled
ORD008868,OI008868,199.79,Bakery,Completed
ORD008869,OI008869,393.67,Groceries,Cancelled
ORD008870,OI008870,795.23,Dairy,Completed
ORD008871,OI008871,1249.33,Household,Completed
ORD008872,OI008872,1653.75,Frozen Foods,Completed
ORD008873,OI008873,1959.2,Frozen Foods,Completed
ORD008874,OI008874,2082.65,Groceries,Cancelled
ORD008875,OI008875,517.15,Household,Completed
ORD008876,OI008876,1409.71,Baby Care,Rejected
ORD008877,OI008877,1894.26,Snacks,Cancelled
ORD008878,OI008878,724.45,Dairy,Completed
ORD008879,OI008879,869.14,Snacks,Completed
ORD008880,OI008880,1119.08,Personal Care,Completed
ORD008881,OI008881,919.55,Household,Completed
ORD008882,OI008882,1718.78,Frozen Foods,Completed
ORD008883,OI008883,402.52,Beverages,Completed
ORD008884,OI008884,575.89,Snacks,Completed
ORD008885,OI008885,1654.34,Dairy,Completed
ORD008886,OI008886,584.3,Beverages,Completed
ORD008887,OI008887,1966.33,Baby Care,Completed
ORD008888,OI008888,1009.64,Baby Care,Cancelled
ORD008889,OI008889,782.75,Household,Rejected
ORD008890,OI008890,441.07,Snacks,Completed
ORD008891,OI008891,2041.7,Groceries,Completed
ORD008892,OI008892,2459.45,Baby Care,Completed
ORD008893,OI008893,152.5,Personal Care,Completed
ORD008894,OI008894,2061.63,Frozen Foods,Completed
ORD008895,OI008895,782.12,Dairy,Completed
ORD008896,OI008896,856.91,Snacks,Completed
ORD008897,OI008897,155.9,Beverages,Completed
ORD008898,OI008898,1323.69,Beverages,Completed
ORD008899,OI008899,2460.9,Snacks,Completed
ORD008900,OI008900,768.41,Household,Completed
ORD008901,OI008901,880.89,Dairy,Completed
ORD008902,OI008902,1596.75,Groceries,Cancelled
ORD008903,OI008903,463.73,Groceries,Completed
ORD008904,OI008904,763.06,Baby Care,Completed
ORD008905,OI008905,555.89,Groceries,Completed
ORD008906,OI008906,1784.58,Frozen Foods,Completed
ORD008907,OI008907,1993.3,Fruits & Vegetables,Completed
ORD008908,OI008908,1944.78,Groceries,Rejected
ORD008909,OI008909,2296.08,Dairy,Cancelled
ORD008910,OI008910,703.1,Fruits & Vegetables,Completed
ORD008911,OI008911,1511.84,Dairy,Completed
ORD008912,OI008912,1855.58,Bakery,Cancelled
ORD008913,OI008913,1210.14,Frozen Foods,Completed
ORD008914,OI008914,444.97,Household,Completed
ORD008915,OI008915,835.85,Dairy,Rejected
ORD008916,OI008916,2259.15,Household,Cancelled
ORD008917,OI008917,1344.48,Personal Care,Completed
ORD008918,OI008918,1884.98,Bakery,Completed
ORD008919,OI008919,1032.69,Household,Cancelled
ORD008920,OI008920,1301.12,Frozen Foods,Completed
ORD008921,OI008921,303.83,Snacks,Completed
ORD008922,OI008922,1452.23,Dairy,Rejected
ORD008923,OI008923,1982.85,Snacks,Completed
ORD008924,OI008924,423.37,Household,Completed
ORD008925,OI008925,858.74,Baby Care,Completed
ORD008926,OI008926,1228.34,Fruits & Vegetables,Completed
ORD008927,OI008927,1725.81,Beverages,Completed
ORD008928,OI008928,843.88,Frozen Foods,Completed
ORD008929,OI008929,256.07,Groceries,Completed
ORD008930,OI008930,1975.05,Personal Care,Completed
ORD008931,OI008931,2033.69,Snacks,Completed
ORD008932,OI008932,626.25,Fruits & Vegetables,Completed
ORD008933,OI008933,1890.83,Baby Care,Cancelled
ORD008934,OI008934,1819.16,Snacks,Completed
ORD008935,OI008935,1271.46,Household,Completed
ORD008936,OI008936,1720.39,Bakery,Completed
ORD008937,OI008937,1735.14,Snacks,Completed
ORD008938,OI008938,353.07,Dairy,completed
ORD008939,OI008939,1851.74,Beverages,Completed
ORD008940,OI008940,1575.79,Frozen Foods,Completed
ORD008941,OI008941,2306.77,Snacks,Completed
ORD008942,OI008942,1817.34,Personal Care,Rejected
ORD008943,OI008943,452.97,Frozen Foods,Cancelled
ORD008944,OI008944,1591.96,Dairy,Completed
ORD008945,OI008945,779.39,Frozen Foods,Completed
ORD008946,OI008946,773.47,Fruits & Vegetables,Rejected
ORD008947,OI008947,1606.48,Personal Care,Cancelled
ORD008948,OI008948,1004.05,Dairy,Completed
ORD008949,OI008949,1933.46,Bakery,Completed
ORD008950,OI008950,2282.52,Frozen Foods,Completed
ORD008951,OI008951,2479.89,Beverages,Completed
ORD008952,OI008952,1469.72,Personal Care,Completed
ORD008953,OI008953,1656.58,Beverages,Completed
ORD008954,OI008954,1249.26,Dairy,Completed
ORD008955,OI008955,214.06,Beverages,Completed
ORD008956,OI008956,2024.1,Snacks,Completed
ORD008957,OI008957,2095.95,Baby Care,Completed
ORD008958,OI008958,205.39,Beverages,Completed
ORD008959,OI008959,2246.33,Frozen Foods,Rejected
ORD008960,OI008960,2291.9,Personal Care,Completed
ORD008961,OI008961,1194.18,Frozen Foods,Completed
ORD008962,OI008962,2088.84,Household,Completed
ORD008963,OI008963,1019.38,Groceries,Rejected
ORD008964,OI008964,1641.6,Bakery,Completed
ORD008965,OI008965,2367.15,Snacks,Rejected
ORD008966,OI008966,434.25,Bakery,Completed
ORD008967,OI008967,967.19,Snacks,Rejected
ORD008968,OI008968,372.65,Frozen Foods,Completed
ORD008969,OI008969,649.01,Snacks,Rejected
ORD008970,OI008970,2335.68,Groceries,Completed
ORD008971,OI008971,2307.62,Personal Care,Completed
ORD008972,OI008972,654.96,Snacks,Rejected
ORD008973,OI008973,495.05,Dairy,Completed
ORD008974,OI008974,741.92,Snacks,Completed
ORD008975,OI008975,1136.57,Baby Care,Completed
ORD008976,OI008976,790.63,Fruits & Vegetables,Completed
ORD008977,OI008977,1553.93,Fruits & Vegetables,Rejected
ORD008978,OI008978,1753.05,Baby Care,Cancelled
ORD008979,OI008979,1210.18,Fruits & Vegetables,Cancelled
ORD008980,OI008980,873.51,Beverages,Cancelled
ORD008981,OI008981,1137.38,Bakery,Cancelled
ORD008982,OI008982,1443.83,Snacks,Completed
ORD008983,OI008983,816.07,Household,Cancelled
ORD008984,OI008984,1201.5,Beverages,Completed
ORD008985,OI008985,824.91,Baby Care,Rejected
ORD008986,OI008986,641.82,Personal Care,Completed
ORD008987,OI008987,650.7,Household,Completed
ORD008988,OI008988,2032.63,Dairy,Cancelled
ORD008989,OI008989,2293.78,Groceries,Completed
ORD008990,OI008990,1418.95,Fruits & Vegetables,Completed
ORD008991,OI008991,2184.49,Groceries,Cancelled
ORD008992,OI008992,1663.49,Baby Care,Cancelled
ORD008993,OI008993,2315.86,Dairy,Completed
ORD008994,OI008994,1200.73,Fruits & Vegetables,Completed
ORD008995,OI008995,2117.14,Snacks,Rejected
ORD008996,OI008996,505.29,Household,Completed
ORD008997,OI008997,330.51,Groceries,Cancelled
ORD008998,OI008998,415.76,Household,Completed
ORD008999,OI008999,200.45,Bakery,Cancelled
ORD009000,OI009000,510.25,Snacks,Completed
ORD009001,OI009001,1311.33, Bakery ,Completed
ORD009002,OI009002,513.95,Snacks,Completed
ORD009003,OI009003,1544.73,Bakery,Cancelled
ORD009004,OI009004,931.79,Dairy,Completed
ORD009005,OI009005,127.4,Bakery,Completed
ORD009006,OI009006,377.51,Bakery,Completed
ORD009007,OI009007,1394.11,Dairy,Completed
ORD009008,OI009008,979.63,Groceries,Completed
ORD009009,OI009009,2426.21,Bakery,Cancelled
ORD009010,OI009010,1116.58,Beverages,Completed
ORD009011,OI009011,342.03,Household,Completed
ORD009012,OI009012,509.45,Snacks,Completed
ORD009013,OI009013,1424.63,Dairy,Cancelled
ORD009014,OI009014,667.38,Dairy,Rejected
ORD009015,OI009015,1563.91,Frozen Foods,Completed
ORD009016,OI009016,1298.98,Fruits & Vegetables,Completed
ORD009017,OI009017,1325.98,Frozen Foods,Completed
ORD009018,OI009018,132.2,Household,Completed
ORD009019,OI009019,1388.94,Groceries,Completed
ORD009020,OI009020,637.39,Beverages,Completed
ORD009021,OI009021,1832.95,Bakery,Cancelled
ORD009022,OI009022,2169.52,Fruits & Vegetables,Completed
ORD009023,OI009023,579.25,Bakery,Completed
ORD009024,OI009024,1292.99,Groceries,Completed
ORD009025,OI009025,813.85,Dairy,Rejected
ORD009026,OI009026,1370.72,Beverages,Rejected
ORD009027,OI009027,1098.45,Fruits & Vegetables,Rejected
ORD009028,OI009028,961.03,Beverages,Rejected
ORD009029,OI009029,916.5,Beverages,Completed
ORD009030,OI009030,2143.47,Frozen Foods,Completed
ORD009031,OI009031,654.07,Bakery,Completed
ORD009032,OI009032,1276.68,Frozen Foods,Completed
ORD009033,OI009033,586.91,Baby Care,Completed
ORD009034,OI009034,260.26,Beverages,Completed
ORD009035,OI009035,2187.83,Household,Rejected
ORD009036,OI009036,476.11,Household,Completed
ORD009037,OI009037,346.64,Beverages,Cancelled
ORD009038,OI009038,1748.99,Baby Care,Cancelled
ORD009039,OI009039,785.17,Groceries,Completed
ORD009040,OI009040,1590.53,Household,Cancelled
ORD009041,OI009041,294.53,Snacks,Completed
ORD009042,OI009042,1362.15,Baby Care,Completed
ORD009043,OI009043,1622.22,Beverages,Rejected
ORD009044,OI009044,1289.05,Personal Care,Completed
ORD009045,OI009045,1226.18,Dairy,Rejected
ORD009046,OI009046,506.66,Fruits & Vegetables,Cancelled
ORD009047,OI009047,129.64,Baby Care,Completed
ORD009048,OI009048,2068.99,Bakery,Cancelled
ORD009049,OI009049,337.52,Frozen Foods,Completed
ORD009050,OI009050,1635.19,Beverages,Completed
ORD009051,OI009051,1642.05,Personal Care,Completed
ORD009052,OI009052,1636.77,Beverages,Completed
ORD009053,OI009053,2163.62,Fruits & Vegetables,Completed
ORD009054,OI009054,2171.43,Frozen Foods,Rejected
ORD009055,OI009055,1069.67,Groceries,Completed
ORD009056,OI009056,1547.14,Snacks,Completed
ORD009057,OI009057,1796.61,Personal Care,Completed
ORD009058,OI009058,1083.51,Personal Care,Rejected
ORD009059,OI009059,741.32,Beverages,Cancelled
ORD009060,OI009060,1736.63,Household,Rejected
ORD009061,OI009061,1675.16,Groceries,Completed
ORD009062,OI009062,1749.96,Snacks,Rejected
ORD009063,OI009063,564.97,Dairy,Completed
ORD009064,OI009064,1767.28,Groceries,Completed
ORD009065,OI009065,1302.71,Groceries,Completed
ORD009066,OI009066,1344.62,Fruits & Vegetables,Completed
ORD009067,OI009067,1308.59,Fruits & Vegetables,Completed
ORD009068,OI009068,2173.73,Fruits & Vegetables,Rejected
ORD009069,OI009069,1821.82,Beverages,Completed
ORD009070,OI009070,687.31,Dairy,Completed
ORD009071,OI009071,1608.76,Frozen Foods,Rejected
ORD009072,OI009072,1246.26,Baby Care,Completed
ORD009073,OI009073,2292.5,Personal Care,Completed
ORD009074,OI009074,346.05,Frozen Foods,Completed
ORD009075,OI009075,713.09,Groceries,Rejected
ORD009076,OI009076,1723.81,Snacks,Completed
ORD009077,OI009077,1971.92,Groceries,Completed
ORD009078,OI009078,1916.15,Beverages,Completed
ORD009079,OI009079,1882.76,Beverages,Completed
ORD009080,OI009080,1742.22,Baby Care,Completed
ORD009081,OI009081,2300.64,Frozen Foods,Completed
ORD009082,OI009082,1747.16,Household,Completed
ORD009083,OI009083,408.41,Baby Care,Rejected
ORD009084,OI009084,1003.98,Beverages,Completed
ORD009085,OI009085,2456.8,Dairy,Completed
ORD009086,OI009086,472.46,Personal Care,Completed
ORD009087,OI009087,853.09,Bakery,Rejected
ORD009088,OI009088,455.4,Personal Care,Completed
ORD009089,OI009089,1218.08,Bakery,Rejected
ORD009090,OI009090,137.35,Beverages,Completed
ORD009091,OI009091,1197.74,Fruits & Vegetables,Cancelled
ORD009092,OI009092,2183.76,Baby Care,Completed
ORD009093,OI009093,310.9,Baby Care,Completed
ORD009094,OI009094,672.31,Dairy,Rejected
ORD009095,OI009095,1884.36,Fruits & Vegetables,Completed
ORD009096,OI009096,1223.44,Household,Completed
ORD009097,OI009097,1258.73,Groceries,Completed
ORD009098,OI009098,2063.95,Frozen Foods,Completed
ORD009099,OI009099,1621.19,Bakery,Completed
ORD009100,OI009100,563.77,Groceries,Cancelled
ORD009101,OI009101,362.76,Dairy,Completed
ORD009102,OI009102,683.73,Groceries,Cancelled
ORD009103,OI009103,1837.38,Baby Care,Completed
ORD009104,OI009104,1691.19,Dairy,Rejected
ORD009105,OI009105,1567.53,Groceries,Completed
ORD009106,OI009106,891.19,Fruits & Vegetables,Completed
ORD009107,OI009107,253.08,Snacks,Completed
ORD009108,OI009108,2326.48,Frozen Foods,Completed
ORD009109,OI009109,788.8,Frozen Foods,Rejected
ORD009110,OI009110,260.37,Dairy,Cancelled
ORD009111,OI009111,532.73,Household,Completed
ORD009112,OI009112,186.02,Personal Care,Completed
ORD009113,OI009113,847.46,Fruits & Vegetables,Rejected
ORD009114,OI009114,1028.93,Bakery,Rejected
ORD009115,OI009115,901.85,Personal Care,Completed
ORD009116,OI009116,2138.72,Bakery,Completed
ORD009117,OI009117,2397.93,Frozen Foods,Completed
ORD009118,OI009118,539.05,Snacks,Rejected
ORD009119,OI009119,1125.82,Personal Care,Completed
ORD009120,OI009120,1320.93,Personal Care,Cancelled
ORD009121,OI009121,1113.44,Snacks,Completed
ORD009122,OI009122,1555.47,Snacks,Cancelled
ORD009123,OI009123,2167.5,Snacks,Completed
ORD009124,OI009124,1287.65,Fruits & Vegetables,Rejected
ORD009125,OI009125,351.26,Beverages,Completed
ORD009126,OI009126,1327.43,Frozen Foods,Cancelled
ORD009127,OI009127,109.49,Baby Care,Completed
ORD009128,OI009128,1261.64,Household,Completed
ORD009129,OI009129,1469.85,Household,Completed
ORD009130,OI009130,1865.94,Frozen Foods,Rejected
ORD009131,OI009131,1833.55,Snacks,Cancelled
ORD009132,OI009132,1073.06,Snacks,Completed
ORD009133,OI009133,920.52,Household,Cancelled
ORD009134,OI009134,1042.01,Fruits & Vegetables,Completed
ORD009135,OI009135,1732.5,Beverages,Completed
ORD009136,OI009136,1093.3,Dairy,Completed
ORD009137,OI009137,1998.07,Fruits & Vegetables,Completed
ORD009138,OI009138,823.82,Frozen Foods,Completed
ORD009139,OI009139,2092.81,Baby Care,Completed
ORD009140,OI009140,2459.39,Bakery,Cancelled
ORD009141,OI009141,1601.41,Beverages,Completed
ORD009142,OI009142,1318.34,Frozen Foods,Completed
ORD009143,OI009143,198.69,Beverages,Completed
ORD009144,OI009144,235.67,Beverages,Completed
ORD009145,OI009145,1929.49,Household,Completed
ORD009146,OI009146,1490.78,Baby Care,Cancelled
ORD009147,OI009147,2108.75,Bakery,Completed
ORD009148,OI009148,302.57,Dairy,Completed
ORD009149,OI009149,762.54,Bakery,Completed
ORD009150,OI009150,666.1,Fruits & Vegetables,Completed
ORD009151,OI009151,1967.24,Beverages,Completed
ORD009152,OI009152,890.48,Baby Care,Completed
ORD009153,OI009153,2050.56,Groceries,Completed
ORD009154,OI009154,1217.35,Personal Care,Completed
ORD009155,OI009155,2011.93,Bakery,Completed
ORD009156,OI009156,918.42,Fruits & Vegetables,Completed
ORD009157,OI009157,446.24,Dairy,Completed
ORD009158,OI009158,2039.59,Household,Completed
ORD009159,OI009159,838.02,Personal Care,Completed
ORD009160,OI009160,1659.87,Frozen Foods,Completed
ORD009161,OI009161,1164.88,Household,Rejected
ORD009162,OI009162,426.44,Baby Care,Rejected
ORD009163,OI009163,331.73,Beverages,Completed
ORD009164,OI009164,390.65,Dairy,Rejected
ORD009165,OI009165,109.2,Dairy,Completed
ORD009166,OI009166,313.84,Bakery,Completed
ORD009167,OI009167,299.66,Bakery,Completed
ORD009168,OI009168,172.27,Dairy,Completed
ORD009169,OI009169,1472.15,Fruits & Vegetables,Rejected
ORD009170,OI009170,2110.74,Household,Completed
ORD009171,OI009171,2239.56,Frozen Foods,Completed
ORD009172,OI009172,2261.15,Groceries,Rejected
ORD009173,OI009173,1882.88,Baby Care,Cancelled
ORD009174,OI009174,589.81,Frozen Foods,Completed
ORD009175,OI009175,1711.89,Personal Care,Cancelled
ORD009176,OI009176,2470.81,Household,Completed
ORD009177,OI009177,2387.38,Frozen Foods,Rejected
ORD009178,OI009178,797.79,Fruits & Vegetables,Completed
ORD009179,OI009179,307.3,Personal Care,Completed
ORD009180,OI009180,557.9,Household,Completed
ORD009181,OI009181,779.64,Beverages,Completed
ORD009182,OI009182,934.97,Bakery,Completed
ORD009183,OI009183,707.65,Frozen Foods,Rejected
ORD009184,OI009184,771.57,Dairy,Completed
ORD009185,OI009185,1373.04,Groceries,Completed
ORD009186,OI009186,527.53,Household,Rejected
ORD009187,OI009187,2019.88,Household,Completed
ORD009188,OI009188,967.82,Personal Care,Rejected
ORD009189,OI009189,2194.96,Dairy,Completed
ORD009190,OI009190,1329.03,Personal Care,Cancelled
ORD009191,OI009191,2149.87,Beverages,Completed
ORD009192,OI009192,189.79,Bakery,Rejected
ORD009193,OI009193,2344.04,Groceries,Completed
ORD009194,OI009194,146.34,Household,Rejected
ORD009195,OI009195,459.88,Fruits & Vegetables,Rejected
ORD009196,OI009196,1184.29,Snacks,Completed
ORD009197,OI009197,679.82,Baby Care,Completed
ORD009198,OI009198,754.62,Personal Care,Rejected
ORD009199,OI009199,1373.65,Personal Care,Rejected
ORD009200,OI009200,1085.95,Frozen Foods,Completed
ORD009201,OI009201,1936.89,Dairy,Completed
ORD009202,OI009202,1101.86,Baby Care,Completed
ORD009203,OI009203,1047.76,Fruits & Vegetables,Cancelled
ORD009204,OI009204,1410.05,Bakery,Rejected
ORD009205,OI009205,2071.51,Bakery,Completed
ORD009206,OI009206,2287.86,Personal Care,Completed
ORD009207,OI009207,1759.24,Household,Completed
ORD009208,OI009208,144.77,Dairy,Completed
ORD009209,OI009209,420.07,Beverages,Completed
ORD009210,OI009210,779.83,Bakery,Completed
ORD009211,OI009211,1157.28,Snacks,Cancelled
ORD009212,OI009212,2018.94,Frozen Foods,Completed
ORD009213,OI009213,1495.64,Dairy,Completed
ORD009214,OI009214,1893.21,Snacks,Completed
ORD009215,OI009215,349.4,Bakery,Completed
ORD009216,OI009216,651.06,Frozen Foods,Completed
ORD009217,OI009217,1170.17,Frozen Foods,Completed
ORD009218,OI009218,1735.96,Bakery,Completed
ORD009219,OI009219,1418.09,Personal Care,Cancelled
ORD009220,OI009220,1404.86,Bakery,Cancelled
ORD009221,OI009221,2205.7,Fruits & Vegetables,Completed
ORD009222,OI009222,1232.8,Groceries,Rejected
ORD009223,OI009223,504.53,Household,Rejected
ORD009224,OI009224,628.03,Bakery,Completed
ORD009225,OI009225,568.49,Fruits & Vegetables,Completed
ORD009226,OI009226,1314.31,Fruits & Vegetables,Completed
ORD009227,OI009227,1708.35,Fruits & Vegetables,Cancelled
ORD009228,OI009228,1130.65,Snacks,Completed
ORD009229,OI009229,381.44,Personal Care,Cancelled
ORD009230,OI009230,2313.22,Groceries,Completed
ORD009231,OI009231,929.05,Baby Care,Completed
ORD009232,OI009232,1704.09,Baby Care,Rejected
ORD009233,OI009233,539.68,Fruits & Vegetables,Completed
ORD009234,OI009234,1767.15,Personal Care,Cancelled
ORD009235,OI009235,1074.93,Frozen Foods,Cancelled
ORD009236,OI009236,2453.0,Groceries,Completed
ORD009237,OI009237,2184.65,Personal Care,Completed
ORD009238,OI009238,1678.93,Personal Care,Completed
ORD009239,OI009239,133.57,Baby Care,Cancelled
ORD009240,OI009240,1905.77,Personal Care,Cancelled
ORD009241,OI009241,1658.59,Beverages,Cancelled
ORD009242,OI009242,316.13,Household,Completed
ORD009243,OI009243,507.23,Baby Care,Completed
ORD009244,OI009244,835.27,Household,Completed
ORD009245,OI009245,1841.27,Beverages,Completed
ORD009246,OI009246,874.19,Groceries,Completed
ORD009247,OI009247,1511.39,Bakery,Cancelled
ORD009248,OI009248,1790.42,Personal Care,Completed
ORD009249,OI009249,360.77,Beverages,Completed
ORD009250,OI009250,2235.46,Snacks,Completed
ORD009251,OI009251,142.3,Snacks,Cancelled
ORD009252,OI009252,394.34,Groceries,Completed
ORD009253,OI009253,1942.18,Fruits & Vegetables,Completed
ORD009254,OI009254,1382.28,Household,Rejected
ORD009255,OI009255,2124.0,Beverages,Rejected
ORD009256,OI009256,942.2,Baby Care,Completed
ORD009257,OI009257,2106.41,Beverages,Completed
ORD009258,OI009258,2157.48,Bakery,Completed
ORD009259,OI009259,764.02,Fruits & Vegetables,Cancelled
ORD009260,OI009260,2102.52,Snacks,Completed
ORD009261,OI009261,1232.75,Frozen Foods,Completed
ORD009262,OI009262,2298.93,Fruits & Vegetables,Completed
ORD009263,OI009263,1248.15,Personal Care,Completed
ORD009264,OI009264,221.9,Bakery,Completed
ORD009265,OI009265,1757.77,Personal Care,Rejected
ORD009266,OI009266,1423.96,Beverages,Completed
ORD009267,OI009267,496.76,Dairy,Completed
ORD009268,OI009268,2188.17,Snacks,Completed
ORD009269,OI009269,2054.21,Frozen Foods,Cancelled
ORD009270,OI009270,1425.56,Groceries,Rejected
ORD009271,OI009271,1149.57,Beverages,Completed
ORD009272,OI009272,1102.85,Beverages,Completed
ORD009273,OI009273,2175.08,Household,Cancelled
ORD009274,OI009274,2015.05,Baby Care,Cancelled
ORD009275,OI009275,2295.44,Personal Care,Completed
ORD009276,OI009276,301.78,Baby Care,Rejected
ORD009277,OI009277,887.36,Household,Completed
ORD009278,OI009278,656.59,Dairy,Completed
ORD009279,OI009279,1732.46,Groceries,Cancelled
ORD009280,OI009280,941.9,Snacks,Completed
ORD009281,OI009281,1457.82,Bakery,Cancelled
ORD009282,OI009282,2214.84,Snacks,Completed
ORD009283,OI009283,646.27,Household,Cancelled
ORD009284,OI009284,2320.07,Fruits & Vegetables,Completed
ORD009285,OI009285,1644.71,Frozen Foods,Cancelled
ORD009286,OI009286,1470.85,Frozen Foods,Completed
ORD009287,OI009287,1292.55,Dairy,Completed
ORD009288,OI009288,1947.7,Snacks,Completed
ORD009289,OI009289,1537.72,Personal Care,Completed
ORD009290,OI009290,699.41,Personal Care,Completed
ORD009291,OI009291,713.57,Bakery,Completed
ORD009292,OI009292,1268.24,Fruits & Vegetables,Cancelled
ORD009293,OI009293,1647.8,Household,Cancelled
ORD009294,OI009294,474.48,Baby Care,Completed
ORD009295,OI009295,1197.8,Baby Care,Completed
ORD009296,OI009296,2136.24,Household,Completed
ORD009297,OI009297,1654.86,Baby Care,Completed
ORD009298,OI009298,555.66,Personal Care,Rejected
ORD009299,OI009299,2111.58,Fruits & Vegetables,Completed
ORD009300,OI009300,1895.79,Groceries,Rejected
ORD009301,OI009301,1488.09,Dairy,Rejected
ORD009302,OI009302,2190.87,Baby Care,Cancelled
ORD009303,OI009303,1133.53,Beverages,Rejected
ORD009304,OI009304,161.92,Beverages,Completed
ORD009305,OI009305,419.82,Dairy,Completed
ORD009306,OI009306,367.38,Frozen Foods,Completed
ORD009307,OI009307,472.26,Personal Care,Completed
ORD009308,OI009308,430.14,Beverages,Completed
ORD009309,OI009309,260.6,Groceries,Completed
ORD009310,OI009310,601.99,Baby Care,Completed
ORD009311,OI009311,2348.19,Frozen Foods,Rejected
ORD009312,OI009312,490.28,Frozen Foods,Completed
ORD009313,OI009313,371.94,Household,Cancelled
ORD009314,OI009314,1927.49,Fruits & Vegetables,Completed
ORD009315,OI009315,1487.83,Beverages,Completed
ORD009316,OI009316,315.61,Personal Care,Completed
ORD009317,OI009317,1604.63,Snacks,Cancelled
ORD009318,OI009318,1514.77,Personal Care,Cancelled
ORD009319,OI009319,114.71,Beverages,Completed
ORD009320,OI009320,2445.36,Snacks,Cancelled
ORD009321,OI009321,151.72,Personal Care,Completed
ORD009322,OI009322,1810.61,Groceries,Completed
ORD009323,OI009323,2492.93,Household,Cancelled
ORD009324,OI009324,129.26,Frozen Foods,Completed
ORD009325,OI009325,2019.08,Personal Care,Rejected
ORD009326,OI009326,2442.27,Personal Care,Completed
ORD009327,OI009327,2034.89,Beverages,Completed
ORD009328,OI009328,2143.03,Snacks,Rejected
ORD009329,OI009329,2018.12,Bakery,Cancelled
ORD009330,OI009330,2145.53,Dairy,Completed
ORD009331,OI009331,866.16,Household,Completed
ORD009332,OI009332,1462.67,Personal Care,Completed
ORD009333,OI009333,948.78,Personal Care,Rejected
ORD009334,OI009334,923.8,Groceries,Cancelled
ORD009335,OI009335,1441.12,Household,Cancelled
ORD009336,OI009336,930.01,Beverages,Completed
ORD009337,OI009337,437.47,Baby Care,Rejected
ORD009338,OI009338,1347.23,Bakery,Rejected
ORD009339,OI009339,2431.79,Frozen Foods,Completed
ORD009340,OI009340,461.92,Household,Rejected
ORD009341,OI009341,2137.94,Dairy,Completed
ORD009342,OI009342,1253.08,Household,Completed
ORD009343,OI009343,2038.26,Bakery,Completed
ORD009344,OI009344,1316.24,Bakery,Completed
ORD009345,OI009345,1556.77,Personal Care,Completed
ORD009346,OI009346,1982.24,Fruits & Vegetables,Completed
ORD009347,OI009347,2121.87,Dairy,Completed
ORD009348,OI009348,1888.01,Frozen Foods,Cancelled
ORD009349,OI009349,2471.06,Fruits & Vegetables,Cancelled
ORD009350,OI009350,213.79,Personal Care,Cancelled
ORD009351,OI009351,804.82,Beverages,Completed
ORD009352,OI009352,251.22,Household,Completed
ORD009353,OI009353,249.05,Bakery,Rejected
ORD009354,OI009354,2352.71,Personal Care,Rejected
ORD009355,OI009355,2314.29,Household,Cancelled
ORD009356,OI009356,812.51,Snacks,Cancelled
ORD009357,OI009357,432.34,Dairy,Completed
ORD009358,OI009358,603.74,Personal Care,Completed
ORD009359,OI009359,2246.97,Dairy,Completed
ORD009360,OI009360,632.27,Dairy,Completed
ORD009361,OI009361,1567.37,Groceries,Completed
ORD009362,OI009362,1866.59,Beverages,Completed
ORD009363,OI009363,871.66,Bakery,Cancelled
ORD009364,OI009364,531.25,Groceries,Completed
ORD009365,OI009365,1630.21,Beverages,Rejected
ORD009366,OI009366,1045.52,Frozen Foods,Completed
ORD009367,OI009367,2492.31,Dairy,Completed
ORD009368,OI009368,1698.76,Bakery,Cancelled
ORD009369,OI009369,457.93,Frozen Foods,Cancelled
ORD009370,OI009370,797.19,Frozen Foods,Completed
ORD009371,OI009371,756.4,Fruits & Vegetables,Completed
ORD009372,OI009372,258.29,Personal Care,Completed
ORD009373,OI009373,1022.84,Snacks,Completed
ORD009374,OI009374,806.16,Baby Care,Cancelled
ORD009375,OI009375,797.35,Household,Completed
ORD009376,OI009376,1623.44,Baby Care,Completed
ORD009377,OI009377,184.17,Household,Rejected
ORD009378,OI009378,2232.68,Fruits & Vegetables,Cancelled
ORD009379,OI009379,561.53,Fruits & Vegetables,Completed
ORD009380,OI009380,1349.78,Fruits & Vegetables,Rejected
ORD009381,OI009381,1212.98,Dairy,Cancelled
ORD009382,OI009382,1810.03,Beverages,Rejected
ORD009383,OI009383,1832.12,Dairy,Completed
ORD009384,OI009384,2492.49,Groceries,Completed
ORD009385,OI009385,2153.26,Bakery,Rejected
ORD009386,OI009386,334.96,Frozen Foods,Completed
ORD009387,OI009387,1627.21,Personal Care,Completed
ORD009388,OI009388,663.78,Bakery,Completed
ORD009389,OI009389,678.66,Dairy,Completed
ORD009390,OI009390,1803.99,Household,Completed
ORD009391,OI009391,2323.74,Baby Care,Rejected
ORD009392,OI009392,1183.78,Groceries,Completed
ORD009393,OI009393,2131.44,Snacks,Completed
ORD009394,OI009394,1665.91,Frozen Foods,Completed
ORD009395,OI009395,1952.88,Frozen Foods,Completed
ORD009396,OI009396,1802.18,Dairy,Rejected
ORD009397,OI009397,1675.44,Bakery,Completed
ORD009398,OI009398,1947.58,Snacks,Completed
ORD009399,OI009399,1932.81,Frozen Foods,Rejected
ORD009400,OI009400,2105.45,Baby Care,Completed
ORD009401,OI009401,511.44,Beverages,Completed
ORD009402,OI009402,845.62,Beverages,Completed
ORD009403,OI009403,1150.19,Personal Care,Completed
ORD009404,OI009404,1534.27,Personal Care,Completed
ORD009405,OI009405,912.59,Frozen Foods,Completed
ORD009406,OI009406,2344.41,Groceries,Completed
ORD009407,OI009407,2431.3,Personal Care,Completed
ORD009408,OI009408,2353.86,Personal Care,Rejected
ORD009409,OI009409,-2007.17,Bakery,Completed
ORD009410,OI009410,1551.22,Bakery,Completed
ORD009411,OI009411,163.46,Fruits & Vegetables,Completed
ORD009412,OI009412,1907.62,Beverages,Completed
ORD009413,OI009413,1221.59,Household,Rejected
ORD009414,OI009414,462.74,Bakery,Completed
ORD009415,OI009415,1444.61,Fruits & Vegetables,Cancelled
ORD009416,OI009416,147.44,Household,Rejected
ORD009417,OI009417,1356.49,Bakery,Completed
ORD009418,OI009418,2388.14,Bakery,Cancelled
ORD009419,OI009419,309.42,Household,Completed
ORD009420,OI009420,1157.99,Dairy,Completed
ORD009421,OI009421,2305.78,Beverages,Cancelled
ORD009422,OI009422,503.05,Personal Care,Cancelled
ORD009423,OI009423,1809.88,Frozen Foods,Completed
ORD009424,OI009424,1846.71,Personal Care,Completed
ORD009425,OI009425,1200.09,Beverages,Cancelled
ORD009426,OI009426,876.68,Bakery,Completed
ORD009427,OI009427,1327.92,Household,Completed
ORD009428,OI009428,281.93,Snacks,Rejected
ORD009429,OI009429,2474.7,Household,Rejected
ORD009430,OI009430,1937.86,Frozen Foods,Completed
ORD009431,OI009431,1711.57,Fruits & Vegetables,Completed
ORD009432,OI009432,1735.83,Frozen Foods,Completed
ORD009433,OI009433,1773.19,Frozen Foods,Completed
ORD009434,OI009434,138.49,Beverages,Completed
ORD009435,OI009435,681.37,Dairy,Completed
ORD009436,OI009436,706.89,Household,Completed
ORD009437,OI009437,1600.36,Personal Care,Completed
ORD009438,OI009438,2051.12,Frozen Foods,Completed
ORD009439,OI009439,440.9,Snacks,Completed
ORD009440,OI009440,1599.09,Dairy,Cancelled
ORD009441,OI009441,587.86,Groceries,Completed
ORD009442,OI009442,1654.74,Beverages,Completed
ORD009443,OI009443,1436.31,Beverages,Completed
ORD009444,OI009444,1370.28,Household,Completed
ORD009445,OI009445,223.3,Snacks,Cancelled
ORD009446,OI009446,346.55,Dairy,Completed
ORD009447,OI009447,2286.31,Bakery,Rejected
ORD009448,OI009448,643.76,Baby Care,Cancelled
ORD009449,OI009449,744.4,Groceries,Completed
ORD009450,OI009450,2419.03,Beverages,Completed
ORD009451,OI009451,288.62,Groceries,Completed
ORD009452,OI009452,1971.33,Baby Care,Completed
ORD009453,OI009453,969.03,Baby Care,Cancelled
ORD009454,OI009454,2312.92,Baby Care,Completed
ORD009455,OI009455,189.96,Fruits & Vegetables,Completed
ORD009456,OI009456,867.48,Snacks,Completed
ORD009457,OI009457,544.47,Household,Completed
ORD009458,OI009458,2078.71,Snacks,Completed
ORD009459,OI009459,1264.11,Snacks,Cancelled
ORD009460,OI009460,1233.81,Dairy,Completed
ORD009461,OI009461,1607.82,Groceries,Completed
ORD009462,OI009462,2064.25,Household,Completed
ORD009463,OI009463,1394.97,Household,Completed
ORD009464,OI009464,644.36,Groceries,Cancelled
ORD009465,OI009465,157.28,Baby Care,Cancelled
ORD009466,OI009466,2231.19,Bakery,Completed
ORD009467,OI009467,1509.02,Bakery,Completed
ORD009468,OI009468,1663.62,Baby Care,Completed
ORD009469,OI009469,1123.27,Baby Care,Completed
ORD009470,OI009470,885.85,Beverages,Cancelled
ORD009471,OI009471,225.02,Bakery,Completed
ORD009472,OI009472,2112.71,Household,Cancelled
ORD009473,OI009473,1686.96,Bakery,Completed
ORD009474,OI009474,1618.84,Fruits & Vegetables,Completed
ORD009475,OI009475,2463.92,Personal Care,Completed
ORD009476,OI009476,187.14,Groceries,Rejected
ORD009477,OI009477,1237.11,Baby Care,Completed
ORD009478,OI009478,2238.29,Dairy,Completed
ORD009479,OI009479,1651.05,Beverages,Completed
ORD009480,OI009480,215.86,Household,Completed
ORD009481,OI009481,1089.43,Fruits & Vegetables,Rejected
ORD009482,OI009482,2032.95,Personal Care,Completed
ORD009483,OI009483,1574.13,Groceries,Completed
ORD009484,OI009484,622.6,Dairy,Completed
ORD009485,OI009485,1140.31,Fruits & Vegetables,Completed
ORD009486,OI009486,920.17,Baby Care,Completed
ORD009487,OI009487,1881.4,Groceries,Completed
ORD009488,OI009488,1936.27,Household,Rejected
ORD009489,OI009489,625.24,Fruits & Vegetables,Completed
ORD009490,OI009490,293.48,Bakery,Rejected
ORD009491,OI009491,903.65,Groceries,Completed
ORD009492,OI009492,2273.65,Snacks,Completed
ORD009493,OI009493,1098.11,Personal Care,Rejected
ORD009494,OI009494,1376.19,Baby Care,Rejected
ORD009495,OI009495,2425.43,Household,Completed
ORD009496,OI009496,466.26,Frozen Foods,Completed
ORD009497,OI009497,1904.24,Fruits & Vegetables,Completed
ORD009498,OI009498,1225.3,Groceries,Completed
ORD009499,OI009499,505.4,Baby Care,Completed
ORD009500,OI009500,1899.2,Baby Care,Completed
ORD009501,OI009501,130.12,Household,Completed
ORD009502,OI009502,1969.82,Baby Care,Completed
ORD009503,OI009503,146.55,Personal Care,Completed
ORD009504,OI009504,303.35,Fruits & Vegetables,Completed
ORD009505,OI009505,653.29,Fruits & Vegetables,Completed
ORD009506,OI009506,1134.2,Groceries,Completed
ORD009507,OI009507,1712.33,Beverages,Completed
ORD009508,OI009508,129.65,Frozen Foods,Completed
ORD009509,OI009509,1323.7,Fruits & Vegetables,Rejected
ORD009510,OI009510,429.13,Personal Care,Completed
ORD009511,OI009511,1153.53,Groceries,Cancelled
ORD009512,OI009512,754.37,Snacks,Rejected
ORD009513,OI009513,332.89,Dairy,Completed
ORD009514,OI009514,1358.96,Dairy,Completed
ORD009515,OI009515,2327.58,Groceries,Completed
ORD009516,OI009516,1872.49,Fruits & Vegetables,Completed
ORD009517,OI009517,2422.25,Groceries,Cancelled
ORD009518,OI009518,1972.47,Personal Care,Completed
ORD009519,OI009519,287.61,Baby Care,Completed
ORD009520,OI009520,641.73,Snacks,Completed
ORD009521,OI009521,442.99,Baby Care,Cancelled
ORD009522,OI009522,689.4,Frozen Foods,Completed
ORD009523,OI009523,1829.43,Groceries,Completed
ORD009524,OI009524,637.91,Baby Care,Completed
ORD009525,OI009525,662.63,Bakery,Cancelled
ORD009526,OI009526,1814.49,Dairy,Completed
ORD009527,OI009527,1825.28,Groceries,Completed
ORD009528,OI009528,1778.15,Fruits & Vegetables,Completed
ORD009529,OI009529,1459.71,Bakery,Completed
ORD009530,OI009530,1362.21,Personal Care,Completed
ORD009531,OI009531,1404.72,Groceries,Rejected
ORD009532,OI009532,2378.61,Bakery,Completed
ORD009533,OI009533,700.87,Snacks,Completed
ORD009534,OI009534,838.81,Household,Completed
ORD009535,OI009535,235.8,Personal Care,Completed
ORD009536,OI009536,159.59,Frozen Foods,Cancelled
ORD009537,OI009537,1921.81,Groceries,Completed
ORD009538,OI009538,1258.11,Fruits & Vegetables,Cancelled
ORD009539,OI009539,829.67,Personal Care,Cancelled
ORD009540,OI009540,1456.52,Beverages,Completed
ORD009541,OI009541,843.34,Snacks,Rejected
ORD009542,OI009542,1659.34,Household,Cancelled
ORD009543,OI009543,773.7,Beverages,Completed
ORD009544,OI009544,1996.29,Dairy,Completed
ORD009545,OI009545,2143.51,Personal Care,Completed
ORD009546,OI009546,817.69,Groceries,Completed
ORD009547,OI009547,433.03,Dairy,Completed
ORD009548,OI009548,1362.29,Household,Completed
ORD009549,OI009549,865.79, Household ,Completed
ORD009550,OI009550,1702.15,Personal Care,Cancelled
ORD009551,OI009551,1106.65,Household,Completed
ORD009552,OI009552,2314.68,Snacks,Completed
ORD009553,OI009553,522.83,Fruits & Vegetables,Completed
ORD009554,OI009554,1429.37,Fruits & Vegetables,Completed
ORD009555,OI009555,1292.73,Snacks,Completed
ORD009556,OI009556,1392.94,Dairy,Completed
ORD009557,OI009557,817.7,Groceries,Completed
ORD009558,OI009558,572.71,Personal Care,Completed
ORD009559,OI009559,2379.36,Snacks,Rejected
ORD009560,OI009560,1661.23,Frozen Foods,Rejected
ORD009561,OI009561,1865.12,Groceries,Completed
ORD009562,OI009562,2299.27,Groceries,Completed
ORD009563,OI009563,2354.52,Personal Care,Completed
ORD009564,OI009564,2242.68,Household,Completed
ORD009565,OI009565,1678.66,Bakery,Rejected
ORD009566,OI009566,1059.51,Frozen Foods,Rejected
ORD009567,OI009567,1031.2,Beverages,Rejected
ORD009568,OI009568,1536.09,Beverages,Completed
ORD009569,OI009569,2018.13,Beverages,Completed
ORD009570,OI009570,1077.9,Household,Cancelled
ORD009571,OI009571,148.09,Groceries,Completed
ORD009572,OI009572,2011.69,Fruits & Vegetables,Completed
ORD009573,OI009573,278.32,Household,Completed
ORD009574,OI009574,1934.65,Groceries,Cancelled
ORD009575,OI009575,141.24,Personal Care,Completed
ORD009576,OI009576,761.34,Beverages,Rejected
ORD009577,OI009577,2342.6,Dairy,Rejected
ORD009578,OI009578,1282.86,Personal Care,Cancelled
ORD009579,OI009579,1604.97,Bakery,Rejected
ORD009580,OI009580,2273.47,Fruits & Vegetables,Cancelled
ORD009581,OI009581,1484.06,Baby Care,Cancelled
ORD009582,OI009582,1446.69,Dairy,Completed
ORD009583,OI009583,1542.13,Fruits & Vegetables,Completed
ORD009584,OI009584,423.96,Household,Rejected
ORD009585,OI009585,1606.62,Fruits & Vegetables,Completed
ORD009586,OI009586,1376.21,Snacks,Rejected
ORD009587,OI009587,1684.18,Dairy,Completed
ORD009588,OI009588,1217.01,Fruits & Vegetables,Completed
ORD009589,OI009589,1710.06,Baby Care,Rejected
ORD009590,OI009590,838.12,Snacks,Completed
ORD009591,OI009591,1481.13,Beverages,Rejected
ORD009592,OI009592,1497.38,Groceries,Completed
ORD009593,OI009593,470.66,Groceries,Rejected
ORD009594,OI009594,2157.38,Groceries,Completed
ORD009595,OI009595,1295.19,Baby Care,Completed
ORD009596,OI009596,1385.68,Fruits & Vegetables,Completed
ORD009597,OI009597,1300.08,Fruits & Vegetables,Completed
ORD009598,OI009598,765.55,Bakery,Completed
ORD009599,OI009599,2498.67,Bakery,Completed
ORD009600,OI009600,185.37,Fruits & Vegetables,Completed
ORD009601,OI009601,595.52,Household,Completed
ORD009602,OI009602,1534.37,Beverages,Completed
ORD009603,OI009603,916.1,Snacks,Completed
ORD009604,OI009604,1411.44,Household,Cancelled
ORD009605,OI009605,2258.38,Bakery,Completed
ORD009606,OI009606,128.09,Fruits & Vegetables,Completed
ORD009607,OI009607,890.81,Dairy,Rejected
ORD009608,OI009608,2460.26,Snacks,Rejected
ORD009609,OI009609,302.33,Dairy,Completed
ORD009610,OI009610,345.97,Household,Cancelled
ORD009611,OI009611,912.2,Frozen Foods,Cancelled
ORD009612,OI009612,1036.57,Personal Care,Completed
ORD009613,OI009613,2037.18,Household,Completed
ORD009614,OI009614,1939.17,Bakery,Cancelled
ORD009615,OI009615,1218.51,Fruits & Vegetables,Cancelled
ORD009616,OI009616,645.06,Frozen Foods,Completed
ORD009617,OI009617,1341.88,Frozen Foods,Completed
ORD009618,OI009618,2169.14,Beverages,Completed
ORD009619,OI009619,1130.03,Dairy,Cancelled
ORD009620,OI009620,1568.53,Personal Care,Rejected
ORD009621,OI009621,1910.1,Snacks,Completed
ORD009622,OI009622,937.43,Personal Care,Cancelled
ORD009623,OI009623,422.34,Personal Care,Completed
ORD009624,OI009624,1222.33,Groceries,Completed
ORD009625,OI009625,1665.67,Personal Care,Completed
ORD009626,OI009626,349.55,Snacks,Cancelled
ORD009627,OI009627,155.38,Snacks,Rejected
ORD009628,OI009628,244.59,Groceries,Completed
ORD009629,OI009629,1136.02,Dairy,Completed
ORD009630,OI009630,2206.33,Baby Care,Completed
ORD009631,OI009631,2137.78,Groceries,Completed
ORD009632,OI009632,1367.58,Baby Care,Rejected
ORD009633,OI009633,1535.29,Beverages,Cancelled
ORD009634,OI009634,244.65,Bakery,Completed
ORD009635,OI009635,1411.51,Personal Care,Completed
ORD009636,OI009636,304.89,Fruits & Vegetables,Completed
ORD009637,OI009637,760.08,Fruits & Vegetables,Completed
ORD009638,OI009638,1684.97,Baby Care,Completed
ORD009639,OI009639,122.74,Personal Care,Completed
ORD009640,OI009640,970.4,Snacks,Completed
ORD009641,OI009641,1870.77,Fruits & Vegetables,Completed
ORD009642,OI009642,608.1,Baby Care,Completed
ORD009643,OI009643,2096.3,Frozen Foods,Rejected
ORD009644,OI009644,952.08,Beverages,Completed
ORD009645,OI009645,610.48,Fruits & Vegetables,Completed
ORD009646,OI009646,330.34,Dairy,Completed
ORD009647,OI009647,1725.98,Groceries,Completed
ORD009648,OI009648,508.31,Beverages,Rejected
ORD009649,OI009649,1428.47,Frozen Foods,Rejected
ORD009650,OI009650,2166.35,Snacks,Cancelled
ORD009651,OI009651,2348.28,Dairy,Completed
ORD009652,OI009652,135.79,Frozen Foods,Cancelled
ORD009653,OI009653,1524.58,Groceries,Completed
ORD009654,OI009654,1590.25,Snacks,Completed
ORD009655,OI009655,394.7,Fruits & Vegetables,Completed
ORD009656,OI009656,1629.44,Beverages,Completed
ORD009657,OI009657,1173.48,Frozen Foods,Completed
ORD009658,OI009658,1348.99,Household,Completed
ORD009659,OI009659,1958.4,Bakery,Completed
ORD009660,OI009660,1801.34,Dairy,Completed
ORD009661,OI009661,269.32,Bakery,Completed
ORD009662,OI009662,2218.22,Personal Care,Completed
ORD009663,OI009663,1069.8,Frozen Foods,Completed
ORD009664,OI009664,700.13,Groceries,Rejected
ORD009665,OI009665,2079.19,Frozen Foods,Cancelled
ORD009666,OI009666,804.24,Frozen Foods,Completed
ORD009667,OI009667,1924.66,Groceries,Completed
ORD009668,OI009668,1256.88,Frozen Foods,Completed
ORD009669,OI009669,574.97,Baby Care,Cancelled
ORD009670,OI009670,152.27,Household,Cancelled
ORD009671,OI009671,1211.89,Fruits & Vegetables,Completed
ORD009672,OI009672,188.1,Baby Care,Cancelled
ORD009673,OI009673,1787.74,Baby Care,Completed
ORD009674,OI009674,1790.52,Bakery,Completed
ORD009675,OI009675,805.35,Groceries,Cancelled
ORD009676,OI009676,318.75,Groceries,Rejected
ORD009677,OI009677,2362.86,Personal Care,Cancelled
ORD009678,OI009678,277.51,Household,Rejected
ORD009679,OI009679,1641.81,Frozen Foods,Completed
ORD009680,OI009680,668.83,Snacks,Completed
ORD009681,OI009681,1298.75,Frozen Foods,Completed
ORD009682,OI009682,1980.74,Groceries,Cancelled
ORD009683,OI009683,1713.56,Beverages,Rejected
ORD009684,OI009684,563.32,Dairy,Completed
ORD009685,OI009685,2056.42,Household,Completed
ORD009686,OI009686,1986.59,Dairy,Completed
ORD009687,OI009687,1800.34,Snacks,Completed
ORD009688,OI009688,2495.62,Bakery,Cancelled
ORD009689,OI009689,1595.21,Snacks,Cancelled
ORD009690,OI009690,2491.88,Household,Completed
ORD009691,OI009691,1081.63,Household,Completed
ORD009692,OI009692,1704.25,Frozen Foods,Rejected
ORD009693,OI009693,1319.03,Baby Care,Rejected
ORD009694,OI009694,2459.02,Household,Rejected
ORD009695,OI009695,1143.47,Household,Completed
ORD009696,OI009696,1357.83,Groceries,Completed
ORD009697,OI009697,319.95,Dairy,Completed
ORD009698,OI009698,2043.8,Dairy,Completed
ORD009699,OI009699,872.82,Baby Care,Rejected
ORD009700,OI009700,1542.84,Dairy,Completed
ORD009701,OI009701,1411.96,Bakery,Completed
ORD009702,OI009702,565.53,Beverages,Completed
ORD009703,OI009703,347.21,Snacks,Completed
ORD009704,OI009704,626.9,Beverages,Completed
ORD009705,OI009705,2413.41,Beverages,Completed
ORD009706,OI009706,2282.75,Frozen Foods,Completed
ORD009707,OI009707,145.26,Household,Rejected
ORD009708,OI009708,973.9,Bakery,Rejected
ORD009709,OI009709,2453.86,Groceries,Completed
ORD009710,OI009710,941.16,Fruits & Vegetables,Completed
ORD009711,OI009711,394.8,Groceries,Completed
ORD009712,OI009712,1844.05,Groceries,Cancelled
ORD009713,OI009713,2186.48,Baby Care,Completed
ORD009714,OI009714,864.29,Baby Care,Completed
ORD009715,OI009715,751.5,Snacks,Cancelled
ORD009716,OI009716,1464.75,Baby Care,Completed
ORD009717,OI009717,2320.84,Dairy,Cancelled
ORD009718,OI009718,250.15,Beverages,Rejected
ORD009719,OI009719,1418.95,Beverages,Rejected
ORD009720,OI009720,1458.0,Baby Care,Completed
ORD009721,OI009721,1607.01,Frozen Foods,Rejected
ORD009722,OI009722,217.84,Beverages,Cancelled
ORD009723,OI009723,539.16,Frozen Foods,Completed
ORD009724,OI009724,1000.76,Baby Care,Completed
ORD009725,OI009725,1080.41,Bakery,Completed
ORD009726,OI009726,2113.01,Bakery,Cancelled
ORD009727,OI009727,169.57,Fruits & Vegetables,Completed
ORD009728,OI009728,815.01,Bakery,Completed
ORD009729,OI009729,520.02,Baby Care,Completed
ORD009730,OI009730,1357.15,Frozen Foods,Completed
ORD009731,OI009731,1769.15,Beverages,Rejected
ORD009732,OI009732,2023.26,Dairy,Completed
ORD009733,OI009733,1774.85,Fruits & Vegetables,Completed
ORD009734,OI009734,640.67,Household,Rejected
ORD009735,OI009735,161.0,Snacks,Completed
ORD009736,OI009736,149.25,Household,Completed
ORD009737,OI009737,1932.22,Groceries,Completed
ORD009738,OI009738,471.69,Baby Care,Completed
ORD009739,OI009739,721.13,Dairy,Completed
ORD009740,OI009740,2217.4,Personal Care,Cancelled
ORD009741,OI009741,2429.05,Bakery,Completed
ORD009742,OI009742,1522.18,Frozen Foods,Completed
ORD009743,OI009743,2261.07,Personal Care,Completed
ORD009744,OI009744,1991.26,Dairy,Rejected
ORD009745,OI009745,1279.42,Groceries,Completed
ORD009746,OI009746,1639.25,Baby Care,Completed
ORD009747,OI009747,898.4,Bakery,Completed
ORD009748,OI009748,2380.28,Beverages,Completed
ORD009749,OI009749,2106.52,Personal Care,Completed
ORD009750,OI009750,1663.61,Frozen Foods,Rejected
ORD009751,OI009751,1705.2,Baby Care,Completed
ORD009752,OI009752,2448.8,Fruits & Vegetables,Completed
ORD009753,OI009753,285.12,Baby Care,Cancelled
ORD009754,OI009754,377.24,Beverages,Completed
ORD009755,OI009755,778.56,Dairy,Completed
ORD009756,OI009756,2214.45,Dairy,Completed
ORD009757,OI009757,1697.81,Frozen Foods,Completed
ORD009758,OI009758,904.1,Frozen Foods,Rejected
ORD009759,OI009759,2331.68,Bakery,Completed
ORD009760,OI009760,2394.53,Personal Care,Completed
ORD009761,OI009761,1584.83,Beverages,Completed
ORD009762,OI009762,1959.06,Beverages,Completed
ORD009763,OI009763,1317.97,Fruits & Vegetables,Completed
ORD009764,OI009764,1113.4,Personal Care,Completed
ORD009765,OI009765,2401.05,Frozen Foods,Completed
ORD009766,OI009766,1139.11,Snacks,Completed
ORD009767,OI009767,1745.49,Beverages,Completed
ORD009768,OI009768,371.04,Household,Completed
ORD009769,OI009769,283.6,Fruits & Vegetables,Rejected
ORD009770,OI009770,1606.53,Beverages,Cancelled
ORD009771,OI009771,584.79,Personal Care,Completed
ORD009772,OI009772,2076.3,Beverages,Completed
ORD009773,OI009773,264.1,Dairy,Completed
ORD009774,OI009774,1533.86,Bakery,Rejected
ORD009775,OI009775,2069.96,Baby Care,Completed
ORD009776,OI009776,378.32,Baby Care,Completed
ORD009777,OI009777,2176.06,Personal Care,Completed
ORD009778,OI009778,236.17,Frozen Foods,Cancelled
ORD009779,OI009779,1545.57,Bakery,Completed
ORD009780,OI009780,2446.41,Beverages,Cancelled
ORD009781,OI009781,1165.05,Bakery,Completed
ORD009782,OI009782,711.03,Dairy,Completed
ORD009783,OI009783,644.43,Baby Care,Cancelled
ORD009784,OI009784,779.18,Snacks,Rejected
ORD009785,OI009785,226.81,Baby Care,Completed
ORD009786,OI009786,2430.28,Fruits & Vegetables,Completed
ORD009787,OI009787,671.43,Groceries,Completed
ORD009788,OI009788,1411.76,Baby Care,Completed
ORD009789,OI009789,508.83,Groceries,Completed
ORD009790,OI009790,2130.17,Beverages,Completed
ORD009791,OI009791,1819.62,Household,Completed
ORD009792,OI009792,530.49,Bakery,Completed
ORD009793,OI009793,1794.18,Household,Rejected
ORD009794,OI009794,1175.17,Baby Care,Cancelled
ORD009795,OI009795,960.02,Fruits & Vegetables,Completed
ORD009796,OI009796,1678.99,Bakery,Rejected
ORD009797,OI009797,1332.12,Dairy,Completed
ORD009798,OI009798,305.72,Beverages,Rejected
ORD009799,OI009799,911.08,Beverages,Completed
ORD009800,OI009800,1178.79,Frozen Foods,Completed
ORD009801,OI009801,1347.47,Groceries,Rejected
ORD009802,OI009802,2227.51,Dairy,Completed
ORD009803,OI009803,2219.57,Beverages,Completed
ORD009804,OI009804,284.13,Frozen Foods,Cancelled
ORD009805,OI009805,335.82,Beverages,Completed
ORD009806,OI009806,994.92,Beverages,Completed
ORD009807,OI009807,1369.13,Frozen Foods,Rejected
ORD009808,OI009808,641.06,Beverages,Cancelled
ORD009809,OI009809,955.08,Frozen Foods,Completed
ORD009810,OI009810,2230.97,Frozen Foods,Completed
ORD009811,OI009811,822.82,Dairy,Completed
ORD009812,OI009812,583.94,Baby Care,Completed
ORD009813,OI009813,516.4,Household,Completed
ORD009814,OI009814,1074.25,Household,Completed
ORD009815,OI009815,681.92,Baby Care,Rejected
ORD009816,OI009816,608.29,Groceries,Rejected
ORD009817,OI009817,194.57,Dairy,Completed
ORD009818,OI009818,2261.29,Frozen Foods,Completed
ORD009819,OI009819,1103.71,Bakery,Rejected
ORD009820,OI009820,982.77,Bakery,Cancelled
ORD009821,OI009821,1105.24,Dairy,Completed
ORD009822,OI009822,1331.78,Fruits & Vegetables,Completed
ORD009823,OI009823,475.95,Baby Care,Rejected
ORD009824,OI009824,2226.21,Bakery,Completed
ORD009825,OI009825,930.7,Bakery,Completed
ORD009826,OI009826,194.13,Dairy,Rejected
ORD009827,OI009827,983.42,Fruits & Vegetables,Completed
ORD009828,OI009828,2452.26,Personal Care,Completed
ORD009829,OI009829,2152.23,Dairy,Rejected
ORD009830,OI009830,2402.41,Snacks,Completed
ORD009831,OI009831,1805.03,Groceries,Completed
ORD009832,OI009832,569.05,Frozen Foods,Completed
ORD009833,OI009833,1522.37,Groceries,Rejected
ORD009834,OI009834,707.44,Baby Care,Completed
ORD009835,OI009835,178.61,Personal Care,Cancelled
ORD009836,OI009836,208.08,Personal Care,Completed
ORD009837,OI009837,1289.75,Snacks,Cancelled
ORD009838,OI009838,404.0,Household,Completed
ORD009839,OI009839,100.82,Groceries,Rejected
ORD009840,OI009840,2015.81,Fruits & Vegetables,Rejected
ORD009841,OI009841,466.31,Household,Completed
ORD009842,OI009842,192.41,Bakery,Completed
ORD009843,OI009843,1709.52,Snacks,Completed
ORD009844,OI009844,1555.33,Fruits & Vegetables,Completed
ORD009845,OI009845,864.91,Dairy,Cancelled
ORD009846,OI009846,1482.49, Groceries ,Completed
ORD009847,OI009847,1230.67,Beverages,Completed
ORD009848,OI009848,1151.64,Household,Cancelled
ORD009849,OI009849,637.33,Fruits & Vegetables,Cancelled
ORD009850,OI009850,269.7,Groceries,Completed
ORD009851,OI009851,700.06,Groceries,Completed
ORD009852,OI009852,1373.87,Personal Care,Rejected
ORD009853,OI009853,1089.64,Snacks,Completed
ORD009854,OI009854,227.3,Groceries,Completed
ORD009855,OI009855,2491.26,Groceries,Completed
ORD009856,OI009856,2090.12,Beverages,Completed
ORD009857,OI009857,190.31,Household,Cancelled
ORD009858,OI009858,1511.88,Fruits & Vegetables,Completed
ORD009859,OI009859,1376.77,Household,Cancelled
ORD009860,OI009860,2216.78,Bakery,Completed
ORD009861,OI009861,2497.5,Dairy,Completed
ORD009862,OI009862,2075.24,Household,Completed
ORD009863,OI009863,1549.76,Groceries,Completed
ORD009864,OI009864,2029.05,Household,Completed
ORD009865,OI009865,395.09,Snacks,Cancelled
ORD009866,OI009866,1469.41,Frozen Foods,Rejected
ORD009867,OI009867,1539.01,Baby Care,Cancelled
ORD009868,OI009868,2457.44,Dairy,Completed
ORD009869,OI009869,745.13,Snacks,Cancelled
ORD009870,OI009870,1658.35,Personal Care,Rejected
ORD009871,OI009871,2118.05,Household,Completed
ORD009872,OI009872,1702.31,Beverages,Completed
ORD009873,OI009873,126.81,Fruits & Vegetables,Completed
ORD009874,OI009874,2449.4,Household,Rejected
ORD009875,OI009875,1423.39,Fruits & Vegetables,Rejected
ORD009876,OI009876,1429.98,Frozen Foods,Rejected
ORD009877,OI009877,1129.15,Fruits & Vegetables,Completed
ORD009878,OI009878,1184.35,Snacks,Cancelled
ORD009879,OI009879,1174.33,Frozen Foods,Cancelled
ORD009880,OI009880,2161.65,Groceries,Rejected
ORD009881,OI009881,1370.86,Snacks,Completed
ORD009882,OI009882,1055.7,Baby Care,Completed
ORD009883,OI009883,1794.81,Groceries,Completed
ORD009884,OI009884,1433.63,Groceries,Completed
ORD009885,OI009885,630.33,Beverages,Completed
ORD009886,OI009886,1361.47,Beverages,Completed
ORD009887,OI009887,1774.59,Dairy,Cancelled
ORD009888,OI009888,1501.13,Beverages,Cancelled
ORD009889,OI009889,255.44,Household,Cancelled
ORD009890,OI009890,624.34,Bakery,Cancelled
ORD009891,OI009891,1011.05,Bakery,Rejected
ORD009892,OI009892,2377.8,Fruits & Vegetables,Completed
ORD009893,OI009893,816.88,Household,Completed
ORD009894,OI009894,1958.24,Dairy,Completed
ORD009895,OI009895,2364.48,Snacks,Rejected
ORD009896,OI009896,391.29,Baby Care,Completed
ORD009897,OI009897,2173.32,Frozen Foods,Completed
ORD009898,OI009898,814.5,Beverages,Completed
ORD009899,OI009899,1373.26,Bakery,Cancelled
ORD009900,OI009900,992.75,Household,Completed
ORD009901,OI009901,857.26,Frozen Foods,Rejected
ORD009902,OI009902,2256.04,Snacks,Rejected
ORD009903,OI009903,2476.97,Baby Care,Completed
ORD009904,OI009904,815.1,Snacks,Completed
ORD009905,OI009905,1588.62,Household,Cancelled
ORD009906,OI009906,1593.69,Baby Care,Rejected
ORD009907,OI009907,530.07,Household,Completed
ORD009908,OI009908,1784.87,Household,Rejected
ORD009909,OI009909,347.93,Dairy,completed
ORD009910,OI009910,843.08,Beverages,Cancelled
ORD009911,OI009911,167.12,Household,Completed
ORD009912,OI009912,105.18,Frozen Foods,Cancelled
ORD009913,OI009913,1904.45,Fruits & Vegetables,Completed
ORD009914,OI009914,1969.85,Bakery,Rejected
ORD009915,OI009915,464.84,Frozen Foods,Cancelled
ORD009916,OI009916,877.58,Personal Care,Completed
ORD009917,OI009917,2221.27,Fruits & Vegetables,Completed
ORD009918,OI009918,2141.81,Frozen Foods,Completed
ORD009919,OI009919,2456.44,Baby Care,Completed
ORD009920,OI009920,781.09,Fruits & Vegetables,Completed
ORD009921,OI009921,668.08,Personal Care,Rejected
ORD009922,OI009922,450.06,Groceries,Cancelled
ORD009923,OI009923,1817.94,Frozen Foods,Completed
ORD009924,OI009924,144.25,Snacks,Completed
ORD009925,OI009925,1715.59,Snacks,Completed
ORD009926,OI009926,566.12,Groceries,Cancelled
ORD009927,OI009927,1036.3,Dairy,Completed
ORD009928,OI009928,401.02,Dairy,Completed
ORD009929,OI009929,586.46,Personal Care,Completed
ORD009930,OI009930,2205.68,Bakery,Completed
ORD009931,OI009931,524.29,Groceries,Completed
ORD009932,OI009932,2090.26,Dairy,Completed
ORD009933,OI009933,353.38,Personal Care,Rejected
ORD009934,OI009934,1814.9,Snacks,Completed
ORD009935,OI009935,1384.5,Dairy,Completed
ORD009936,OI009936,402.79,Baby Care,Completed
ORD009937,OI009937,1185.38,Personal Care,Completed
ORD009938,OI009938,903.06,Household,Cancelled
ORD009939,OI009939,1120.91,Fruits & Vegetables,Rejected
ORD009940,OI009940,1929.7,Household,Completed
ORD009941,OI009941,1484.49,Personal Care,Completed
ORD009942,OI009942,680.31,Personal Care,Completed
ORD009943,OI009943,2158.46,Dairy,Rejected
ORD009944,OI009944,1999.0,Fruits & Vegetables,Completed
ORD009945,OI009945,2474.45,Beverages,Completed
ORD009946,OI009946,1128.95,Groceries,Completed
ORD009947,OI009947,1664.14,Bakery,Cancelled
ORD009948,OI009948,1566.52,Groceries,Rejected
ORD009949,OI009949,1848.73,Baby Care,Rejected
ORD009950,OI009950,980.76,Beverages,Completed
ORD009951,OI009951,1308.06,Beverages,Cancelled
ORD009952,OI009952,1249.5,Personal Care,Completed
ORD009953,OI009953,2454.39,Bakery,Rejected
ORD009954,OI009954,2449.28,Fruits & Vegetables,Completed
ORD009955,OI009955,2240.45,Fruits & Vegetables,Completed
ORD009956,OI009956,1075.07,Dairy,Cancelled
ORD009957,OI009957,288.16,Groceries,Completed
ORD009958,OI009958,1833.11,Bakery,Completed
ORD009959,OI009959,1776.52,Dairy,Rejected
ORD009960,OI009960,127.76,Dairy,Completed
ORD009961,OI009961,2096.38,Dairy,Completed
ORD009962,OI009962,1895.63,Groceries,Rejected
ORD009963,OI009963,2060.39,Household,Completed
ORD009964,OI009964,2456.13,Snacks,Completed
ORD009965,OI009965,2358.88,Snacks,Completed
ORD009966,OI009966,2073.6,Bakery,Rejected
ORD009967,OI009967,443.97,Beverages,Completed
ORD009968,OI009968,450.22,Frozen Foods,Completed
ORD009969,OI009969,2378.75,Baby Care,Completed
ORD009970,OI009970,1602.69,Snacks,Rejected
ORD009971,OI009971,1482.54,Household,Rejected
ORD009972,OI009972,2471.79,Fruits & Vegetables,Completed
ORD009973,OI009973,474.32,Fruits & Vegetables,Completed
ORD009974,OI009974,1570.12,Baby Care,Completed
ORD009975,OI009975,1460.01,Household,Completed
ORD009976,OI009976,561.84,Bakery,Rejected
ORD009977,OI009977,2116.66,Fruits & Vegetables,Completed
ORD009978,OI009978,181.32,Snacks,Cancelled
ORD009979,OI009979,2025.67,Dairy,Rejected
ORD009980,OI009980,375.07,Dairy,Cancelled
ORD009981,OI009981,696.58,Baby Care,Completed
ORD009982,OI009982,278.34,Fruits & Vegetables,Rejected
ORD009983,OI009983,128.88,Personal Care,Completed
ORD009984,OI009984,2498.03,Groceries,Cancelled
ORD009985,OI009985,154.81,Snacks,Completed
ORD009986,OI009986,341.65,Dairy,Rejected
ORD009987,OI009987,2164.46,Frozen Foods,Completed
ORD009988,OI009988,2281.65,Personal Care,Completed
ORD009989,OI009989,773.25,Beverages,Cancelled
ORD009990,OI009990,811.37,Groceries,Completed
ORD009991,OI009991,1312.48,Bakery,Cancelled
ORD009992,OI009992,263.05,Bakery,Rejected
ORD009993,OI009993,1035.21,Groceries,Completed
ORD009994,OI009994,1057.26,Snacks,Completed
ORD009995,OI009995,983.66,Groceries,Completed
ORD009996,OI009996,2011.14,Bakery,Completed
ORD009997,OI009997,1038.15,Bakery,Rejected
ORD009998,OI009998,2281.0,Baby Care,Completed
ORD009999,OI009999,1049.97,Groceries,Completed
ORD010000,OI010000,456.38,Beverages,Completed
